attendance,clarityColor,easyColor,helpColor,helpCount,id,notHelpCount,onlineClass,quality,rClarity,rClass,rComments,rDate,rEasy,rEasyString,rErrorMsg,rHelpful,rInterest,rOverall,rOverallString,rStatus,rTextBookUse,rTimestamp,rWouldTakeAgain,sId,takenForCredit,teacher,teacherGrade,teacherRatingTags,unUsefulGrouping,usefulGrouping
N/A,good,average,good,0,19991325,0,,awesome,4,ENG91,"I took a seminar with him. It was fantastic material and really thought provoking discussion. If you do the reading well, you will be rewarded because he is genuinely interested in the views of the students. He can become a true mentor if you decide to get to know him. He is not a hard grader. We need more profs like him!",04/03/2012,2.0,2.0,,5,Sorta interested,4.5,4.5,1,Yes,1333470209000,N/A,1040,N/A,,N/A,[],people,people
N/A,good,average,good,0,18695912,0,,awesome,5,ENG23,I took his survey class and loved it. Professor Clytus makes the material interesting and encourages his students to engage in thoughtful discussions. I really recommend taking a class with him.,06/03/2011,3.0,3.0,,5,Really into it,5.0,5.0,1,Yes,1307117145000,N/A,1040,N/A,,N/A,[],people,people
N/A,good,good,good,0,18627147,0,,awesome,5,ENG206,"I took two Af-Am Lit classes with Radi. The literature he exposed his students to was different than imagined. He is an interesting person with great ideas. He is funky, cool, witty, and all around awesome!",05/18/2011,4.0,4.0,,5,It's my life,5.0,5.0,1,Yes,1305730394000,N/A,1040,N/A,,N/A,[],people,people
N/A,average,good,poor,0,18417801,2,,poor,2,ENG231,Radiclani Clytus is the worse professor I have ever had. His survey course leaves no room for creative thinking. avoid.,04/15/2011,4.0,4.0,,1,It's my life,1.5,1.5,1,Yes,1302889297000,N/A,1040,N/A,,N/A,[],people,people
N/A,good,average,good,0,17663122,0,,awesome,5,ENG37,The man is the man.  Great educator in the class and office hours.  Very articulate.  Loves alternative view points more than any he comes up with.  Loves the word &quot;modernity&quot;.  Take a course with Radi.,10/16/2010,3.0,3.0,,5,Sorta interested,5.0,5.0,1,Yes,1287268072000,N/A,1040,N/A,,N/A,[],people,people
N/A,good,average,good,0,17582225,0,,awesome,5,ENG37,Radi is an amazing professor. Unbelievably helpful outside of class and going to class everyday was just a blast.  He does a great lecture with engaging discussions.  Definitely one of the best professors at Tufts.  He's the man.,09/08/2010,3.0,3.0,,5,Sorta interested,5.0,5.0,1,Yes,1283984086000,N/A,1040,N/A,,N/A,[],people,people
N/A,good,average,good,0,15715671,0,,good,4,ENG37,"This class is a necessity if you want to learn about race in America or about identity politics. Radi is wildly intelligent and articulates himself really well. He challenges your preconceived notions about race and identity. If you like the words: ribald, conflation or racialization, then this class is for you. Challenging syllabus. Engaging topic",04/27/2009,3.0,3.0,,4,It's my life,4.0,4.0,1,Yes,1240846528000,N/A,1040,N/A,,N/A,[],people,people
N/A,good,average,good,0,15664080,0,,awesome,5,ENG0037,He's amazing.  One of the smartest professors I have ever had.  Not a ridiculously hard grader if you spend the time and produce quality work.  Take his class.  You will not regret it.,04/16/2009,3.0,3.0,,5,Low,5.0,5.0,1,No,1239918309000,N/A,1040,N/A,,N/A,[],people,people
N/A,good,average,good,0,15280808,0,,good,4,ENG191,"Great professor. He is incredibly smart but also really down to earth, so discussions are interesting but unpretentious. If you have any interest in how issues of race are articulated in literature, take a class with Radi.",12/26/2008,3.0,3.0,,4,Sorta interested,4.0,4.0,1,Yes,1230297024000,N/A,1040,N/A,,N/A,[],people,people
N/A,average,good,good,0,14845605,0,,good,3,ENG37,"Love him! He appreciates when students reach out to him after class and is really interesting to talk to- definitely brought a refreshing, new perspective to Tufts. I will surely take another class with him in the future.",10/01/2008,4.0,4.0,,5,Really into it,4.0,4.0,1,Yes,1222905499000,N/A,1040,N/A,,N/A,[],people,people
N/A,good,good,good,0,14786465,0,,awesome,5,ENG37,Probably the best professor I've had at Tufts so far. He's very intelligent but down-to-earth. The class itself was really interesting and didn't feel too much like a survey class. The readings are unconventional but mostly everyone enjoyed them. Tough but good. Participation in discussions is expected and necessary.,08/29/2008,4.0,4.0,,5,It's my life,5.0,5.0,1,Yes,1220021885000,N/A,1040,N/A,,N/A,[],people,people
