attendance,clarityColor,easyColor,helpColor,helpCount,id,notHelpCount,onlineClass,quality,rClarity,rClass,rComments,rDate,rEasy,rEasyString,rErrorMsg,rHelpful,rInterest,rOverall,rOverallString,rStatus,rTextBookUse,rTimestamp,rWouldTakeAgain,sId,takenForCredit,teacher,teacherGrade,teacherRatingTags,unUsefulGrouping,usefulGrouping
N/A,average,good,average,0,30097371,0,,average,3,ENG107,"Professor Fyler is very sweet, caring, and passionate, but he assigns way to much reading. Chaucer is already hard to understand, but having to read thousands of lines per day with the addition of other texts is just too much. And because no one did the reading, Fyler dominated class discussion. He does grade essays fairly easily, though.",05/14/2018,4.0,4.0,,3,N/A,3.0,3.0,1,Yes,1526285303000,No,1040,Yes,,A-,"['Lecture heavy', 'Lots of homework', 'Get ready to read']",people,people
N/A,good,average,good,0,24660693,0,,awesome,5,ENG101,"I've so far taken two classes and audited another with Professor Fyler.  He is an excellent teacher, good at explaining texts, providing context, and promoting further thought.  He gives very good feedback and will provide commentary for essay drafts and outlines.   He also is fairly flexible with deadlines.",04/24/2015,3.0,3.0,,5,Really into it,5.0,5.0,1,Yes,1429835717000,Yes,1040,Yes,,N/A,"['Gives good feedback', 'Participation matters']",people,people
N/A,average,average,average,0,19724155,0,,good,3,ENG0101,"I had Old English with Prof. Fyler, and I really loved having him. He makes [dry] material interesting, and he's always drawing rather odd but hilarious connections with random things. He's very lenient with due dates. You don't need to read everything, but he recaps the main parts during his lecture. I'm definitely taking Chaucer with him.",01/13/2012,2.0,2.0,,4,Low,3.5,3.5,1,Yes,1326486163000,N/A,1040,N/A,,N/A,[],people,people
N/A,good,poor,good,0,17672686,0,,awesome,4,ENG91,"He's not the best lecturer, but he's still a very good professor. He's very understanding of what it's like to be a college student (he reminisces sometimes about his experiences in undergrad/gradschool). I enjoy attending even though it doesn't seem required. Lenient on due dates and is willing to help you understand material better. Great guy!",10/19/2010,1.0,1.0,,5,Really into it,4.5,4.5,1,Yes,1287529329000,N/A,1040,N/A,,N/A,[],people,people
N/A,average,poor,average,0,12692726,0,,average,2,ENG169,"Not the worst lecturer at Tufts but not a good one either. If you take him, be prepared for some redundancy. You don't need to read all the books to do well. Expect to listen to his complicated presentations on outside material. Didn't learn much, didn't particularly enjoy the class but it was good enough to fulfill the requirement. He gets a C-.",12/28/2006,1.0,1.0,,4,It's my life,3.0,3.0,1,Yes,1167316778000,N/A,1040,N/A,,N/A,[],people,people
N/A,good,good,good,0,3325862,0,,awesome,5,GRAD,"Articulate in presenting material, well-chosen texts, and good comments on semester papers.  He led a fine, intense seminar.  I learned a lot.",02/05/2005,4.0,4.0,,4,It's my life,4.5,4.5,1,N/A,1107608003000,N/A,1040,N/A,,N/A,[],people,people
N/A,good,average,good,0,2587253,0,,good,4,ENG101,"Professor Fyler tries really hard to get us interested in the material, even though the class doesn't talk much.  The class is more interesting than I thought it would be, but Fyler requires a fair amount of tedious translating and kind of a lot of reading.  He's a very nice guy and willing to help.",10/24/2004,3.0,3.0,,4,Low,4.0,4.0,1,N/A,1098657450000,N/A,1040,N/A,,N/A,[],people,people
N/A,average,average,poor,0,2514730,0,,poor,2,CHAUCER,Prof. Fyler does his best to make interesting material boring. I think he's been teaching too long.,10/03/2004,3.0,3.0,,1,It's my life,1.5,1.5,1,N/A,1096815568000,N/A,1040,N/A,,N/A,[],people,people
N/A,good,average,good,0,1517629,0,,awesome,5,ENG,"Very nice guy and a good teacher.  Enjoys literature for very intellectual reasons which can be a little hard to emphasize with, but he always encourages class involvement and is incredibly respectful of his students and their opinions.",12/16/2003,2.0,2.0,,5,N/A,5.0,5.0,1,N/A,1071587883000,N/A,1040,N/A,,N/A,[],people,people
N/A,good,average,good,0,1232452,0,,awesome,5,191H,Awesome awesome prof... Smart and makes even seemingly boring stuff interesting,10/28/2003,3.0,3.0,,5,N/A,5.0,5.0,1,N/A,1067370836000,N/A,1040,N/A,,N/A,[],people,people
N/A,good,poor,average,0,1001271,0,,good,4,ENGL,No Comments,06/05/2003,1.0,1.0,,3,N/A,3.5,3.5,1,N/A,1054831966000,N/A,1040,N/A,,N/A,[],people,people
N/A,good,average,good,0,866992,0,,awesome,5,ENG51,No Comments,04/22/2003,3.0,3.0,,4,N/A,4.5,4.5,1,N/A,1051024821000,N/A,1040,N/A,,N/A,[],people,people
