attendance,clarityColor,easyColor,helpColor,helpCount,id,notHelpCount,onlineClass,quality,rClarity,rClass,rComments,rDate,rEasy,rEasyString,rErrorMsg,rHelpful,rInterest,rOverall,rOverallString,rStatus,rTextBookUse,rTimestamp,rWouldTakeAgain,sId,takenForCredit,teacher,teacherGrade,teacherRatingTags,unUsefulGrouping,usefulGrouping
Mandatory,good,poor,good,0,30935564,0,,good,4,FR31,"Gasarian has a great sense of french classical literature and is keen to guide his students in understanding it. His lectures can get off-course, but are always interesting. He's not communicative outside of class, but he is a fair grader and goes over common errors in papers. Would take another course with him.",12/09/2018,1.0,1.0,,4,N/A,4.0,4.0,1,Yes,1544389020000,Yes,1040,Yes,,B+,"['Graded by few things', 'Get ready to read', 'Lecture heavy']",people,people
N/A,good,average,good,0,30900334,0,,awesome,5,FR31,"Professor Gasarian is passionate about French literature and helps you discuss it in an interesting, engaging way. He is such a gem. He does talk a lot during class, so you have to assert yourself to get some more student discussion, but it is a great experience. Very easy grader and gives great essay prompts.",12/06/2018,2.0,2.0,,5,N/A,5.0,5.0,1,Yes,1544122534000,Yes,1040,Yes,,N/A,[],people,people
N/A,good,average,good,0,20185802,0,,awesome,5,FR032,"The reviews here are true - Gerard exceeded all my expectations.  A brilliant scholar, Gasarian is also a fantastic, funny professor.  This is nitpicking, but I would say that class discussion can be sparse - only because he integrates students into the class so well.  The flip side is that you get to hear his illuminating interpretations of texts.",05/03/2012,2.0,2.0,,4,Sorta interested,4.5,4.5,1,Yes,1336046454000,N/A,1040,N/A,,N/A,[],people,people
N/A,good,good,good,0,18065122,0,,awesome,5,FR32,"Excellent, engaging, encouraging, and kind professor. One of those rarities that doesn't force conversation or humiliate students- but rather seamlessly ties together multiple comments from students and encourages everyone to participate.",12/30/2010,4.0,4.0,,5,It's my life,5.0,5.0,1,Yes,1293728740000,N/A,1040,N/A,,N/A,[],people,people
N/A,good,average,good,0,17592195,0,,awesome,5,FR131,"Gasarian is theee best.  The only problem I've ever had with him is that he's so awesome that everyone wants to take his class, so the waitlist is huge and he lets everyone join and it gets WAY TOO BIG.  Other than that, he's INCREDIBLE.",09/14/2010,2.0,2.0,,5,It's my life,5.0,5.0,1,Yes,1284474826000,N/A,1040,N/A,,N/A,[],people,people
N/A,good,average,good,0,14821914,0,,awesome,5,FR191,"Extremely brilliant. He can take even the most confusing comments and make them into something really interesting, and he's really knowledgeable on the stuff he teaches. Also, he speaks so smoothly that I swear my fluency in French doubled just by listening to him twice a week.",09/18/2008,2.0,2.0,,5,Sorta interested,5.0,5.0,1,Yes,1221729994000,N/A,1040,N/A,,N/A,[],people,people
N/A,good,average,good,0,11851318,0,,awesome,5,FR169,great teacher...really helpful and knowledgeable...dapper dresser with his teal jackets...,05/09/2006,2.0,2.0,,5,Really into it,5.0,5.0,1,N/A,1147169592000,N/A,1040,N/A,,N/A,[],people,people
N/A,good,good,good,0,10921247,0,,good,4,FRENCH191,"extremely smart, very cool and well dressed..=)",11/16/2005,4.0,4.0,,4,It's my life,4.0,4.0,1,N/A,1132145132000,N/A,1040,N/A,,N/A,[],people,people
Mandatory,good,average,good,0,10650685,0,,awesome,5,FR31,"Very insightful teacher, likes to put class at ease but not in any way an &quot;easy&quot; class.  Always smiling, encourages class discussion, even for more shy students.  Actually made me feel smart.",10/27/2005,3.0,3.0,,4,Really into it,4.5,4.5,1,N/A,1130418165000,N/A,1040,N/A,,A,[],people,people
N/A,good,average,good,0,10640666,0,,awesome,5,FR3132,"Awesome professor. Sometimes hard to connect with French profs but Gasarian is different. Helps students, doesn't force participation, fair grader, very kind, very intelligent, wonderful sense of humor!",10/25/2005,3.0,3.0,,4,Really into it,4.5,4.5,1,N/A,1130283961000,N/A,1040,N/A,,N/A,[],people,people
N/A,good,average,good,0,3725666,0,,awesome,5,FR32,One of the most unique & best professors that I have had.  Extremely bright & adds a wealth of insight to the class discussion. Respects each individual's views and ties them in to the main themes of the readings. Good sense of humor and doesn't put too much weight on participation.,04/27/2005,3.0,3.0,,5,Sorta interested,5.0,5.0,1,N/A,1114619966000,N/A,1040,N/A,,N/A,[],people,people
N/A,good,average,good,0,1323904,0,,awesome,4,FRCINEMA,excellent course! excellent prof!,11/14/2003,3.0,3.0,,5,N/A,4.5,4.5,1,N/A,1068793950000,N/A,1040,N/A,,N/A,[],people,people
N/A,good,average,good,0,1310907,0,,awesome,5,FRENCH31,interesting and intelligent professor.  warm sense of humor.  expert on french literature and poetry.,11/12/2003,3.0,3.0,,5,N/A,5.0,5.0,1,N/A,1068657615000,N/A,1040,N/A,,N/A,[],people,people
N/A,good,average,good,0,866802,0,,good,4,FR92,No Comments,04/22/2003,2.0,2.0,,4,N/A,4.0,4.0,1,N/A,1051023098000,N/A,1040,N/A,,N/A,[],people,people
