attendance,clarityColor,easyColor,helpColor,helpCount,id,notHelpCount,onlineClass,quality,rClarity,rClass,rComments,rDate,rEasy,rEasyString,rErrorMsg,rHelpful,rInterest,rOverall,rOverallString,rStatus,rTextBookUse,rTimestamp,rWouldTakeAgain,sId,takenForCredit,teacher,teacherGrade,teacherRatingTags,unUsefulGrouping,usefulGrouping
N/A,average,average,average,0,16329647,0,,average,3,DRM001,"I enjoyed the class. Gives you an overview of some classic plays. It is all discussion based and he really pushes for students to get involved. However, his assignments are very vague and a lot of time the class has no real structure but just kind of flows.",11/07/2009,2.0,2.0,,3,Really into it,3.0,3.0,1,Yes,1257602228000,N/A,1040,N/A,,N/A,[],people,people
N/A,good,poor,good,0,12719853,0,,awesome,4,DR155,"The cutest man in the world. he rambles a bit when he is teaching, but is learning. he is the reason i am a major in this subject. both directing courses are superb. his knowledge and care for students surpasses anyone in the department.",01/04/2007,1.0,1.0,,5,It's my life,4.5,4.5,1,No,1167882784000,N/A,1040,N/A,,N/A,[],people,people
N/A,average,average,good,0,878160,0,,good,3,DRAMA11,No Comments,04/24/2003,2.0,2.0,,5,N/A,4.0,4.0,1,N/A,1051183759000,N/A,1040,N/A,,N/A,[],people,people
N/A,good,average,good,0,608820,0,,awesome,4,DRAMA,No Comments,02/21/2003,3.0,3.0,,5,N/A,4.5,4.5,1,N/A,1045792880000,N/A,1040,N/A,,N/A,[],people,people
N/A,good,average,good,0,551094,0,,good,4,DR101,must be interested in material to enjoy class,02/08/2003,2.0,2.0,,4,N/A,4.0,4.0,1,N/A,1044725234000,N/A,1040,N/A,,N/A,[],people,people
