attendance,clarityColor,easyColor,helpColor,helpCount,id,notHelpCount,onlineClass,quality,rClarity,rClass,rComments,rDate,rEasy,rEasyString,rErrorMsg,rHelpful,rInterest,rOverall,rOverallString,rStatus,rTextBookUse,rTimestamp,rWouldTakeAgain,sId,takenForCredit,teacher,teacherGrade,teacherRatingTags,unUsefulGrouping,usefulGrouping
N/A,good,poor,good,0,17350591,0,,awesome,4,DR10,class was a lot of fun. pretty easy A and a good time.,06/20/2010,1.0,1.0,,5,Really into it,4.5,4.5,1,No,1276994399000,N/A,1040,N/A,,N/A,[],people,people
N/A,average,poor,average,0,16664866,0,,poor,2,DR1,"Tom Fish is a true performer! He does his absolute best, but is easily distracted. He talks alot about himself and his craft, and interrupts himself!! Acting 1 was an enjoyable class, though abstract.",01/01/2010,1.0,1.0,,2,Meh,2.0,2.0,1,No,1262380602000,N/A,1040,N/A,,N/A,[],people,people
N/A,average,good,average,0,16501255,0,,good,3,DRAMA0010,"Thom was quite the charecter. He's a good guy and very entertaining, and I learned a lot about Meisner acting along the way. Not always very clear but that comes with the territory- people involved with the theatre are never clear. Just do your  work and be ready to have fun in class and you should get an &quot;A&quot; no problem. Take this class!",12/08/2009,4.0,4.0,,4,Sorta interested,3.5,3.5,1,No,1260314128000,N/A,1040,N/A,,N/A,[],people,people
N/A,good,average,good,0,16378234,0,,good,4,DR10,No Comments,11/16/2009,2.0,2.0,,4,Really into it,4.0,4.0,1,No,1258397461000,N/A,1040,N/A,,N/A,[],people,people
N/A,average,average,average,0,16309634,0,,average,2,DR0010,he will ask you to finagle. we don't know what he means by it but we just go with it. if you like celebrities and travel this is the guy for you. very entertaining.,11/03/2009,2.0,2.0,,3,Sorta interested,2.5,2.5,1,No,1257286713000,N/A,1040,N/A,,N/A,[],people,people
