attendance,clarityColor,easyColor,helpColor,helpCount,id,notHelpCount,onlineClass,quality,rClarity,rClass,rComments,rDate,rEasy,rEasyString,rErrorMsg,rHelpful,rInterest,rOverall,rOverallString,rStatus,rTextBookUse,rTimestamp,rWouldTakeAgain,sId,takenForCredit,teacher,teacherGrade,teacherRatingTags,unUsefulGrouping,usefulGrouping
Mandatory,good,average,good,0,31045119,0,,good,4,ELS103,"Professor Amaral is a very good professor. Although sometimes her lectures get boring and she doesn't do a very good job of explaining, the homeworks really teach you. She's caring and will try her best to help you. Suggested!",12/15/2018,3.0,3.0,,4,N/A,4.0,4.0,1,No,1544908453000,Yes,1040,Yes,,N/A,['Participation matters'],people,people
Mandatory,good,average,good,1,27840779,0,,awesome,5,ELS103,Super awesome teacher! Very educational. Super nice/ awesome!!!,02/19/2017,3.0,3.0,,5,N/A,5.0,5.0,1,Yes,1487533172000,Yes,1040,N/A,,B,"['Inspirational', 'Caring', 'Respected']",people,person
Mandatory,good,average,good,0,27840760,0,,awesome,5,FAR829,"She is an amazing teacher, sometimes a little strict, and sometimes her lectures boring, but she helped me really understand Accounting.",02/19/2017,2.0,2.0,,5,N/A,5.0,5.0,1,Yes,1487532706000,Yes,1040,Yes,,A,"['Respected', ""Skip class? You won't pass."", 'Inspirational']",people,people
Not Mandatory,average,good,average,1,26764998,0,,poor,2,ELS103,"There's an assumption from Amaral and everyone who guest lectures that the students have prior experience/knowledge of finance. Find people who know finance to rely on outside of class for help with the group project.  She's an easy grader, but a poor lecturer and everything is self-taught. Not sure she knew any of our names in class.",06/28/2016,4.0,4.0,,2,N/A,2.0,2.0,1,No,1467122533000,No,1040,Yes,,N/A,"['Group projects', 'Graded by few things', 'Lecture heavy']",people,person
Mandatory,average,average,average,0,23905580,0,,average,3,ELS103,"HW: Readings from text - short and informative, Case Studies - long and sometimes useful, Assignments based on class lectures - easy enough and helpful. Prof: Amaral is experienced, but can sometimes explain poorly. She does a great job overall and brings in good guest speakers.  Project: Semester group project is kind of tough. ",11/29/2014,3.0,3.0,,3,Really into it,3.0,3.0,1,Yes,1417266369000,N/A,1040,Yes,,N/A,"['Lecture heavy', 'Get ready to read']",people,people
N/A,average,average,average,0,20066173,0,,good,3,ELS103,I had no idea what finance was about when I entered this class. There can be a lot of reading but its nothing ridiculous. Alicia is very helpful and can meet outside of class to answer questions and give advice.,04/17/2012,2.0,2.0,,4,Low,3.5,3.5,1,Yes,1334682787000,N/A,1040,N/A,,N/A,[],people,people
