attendance,clarityColor,easyColor,helpColor,helpCount,id,notHelpCount,onlineClass,quality,rClarity,rClass,rComments,rDate,rEasy,rEasyString,rErrorMsg,rHelpful,rInterest,rOverall,rOverallString,rStatus,rTextBookUse,rTimestamp,rWouldTakeAgain,sId,takenForCredit,teacher,teacherGrade,teacherRatingTags,unUsefulGrouping,usefulGrouping
N/A,good,good,good,0,32105738,0,online,awesome,5,COMP160,His explanations are very clear so if you pay attention you'll do well.,07/18/2019,4.0,4.0,,5,N/A,5.0,5.0,1,No,1563475770000,Yes,1040,Yes,,A,"['Lots of homework', 'Gives good feedback', 'Amazing lectures']",people,people
Mandatory,good,good,good,1,30506353,1,,awesome,5,COMP160,Literally the best person alive. Living god.,09/17/2018,4.0,4.0,,5,N/A,5.0,5.0,1,No,1537225358000,Yes,1040,Yes,,N/A,"['Inspirational', 'Respected', 'Amazing lectures']",person,person
Not Mandatory,good,average,good,2,28811558,0,,awesome,5,COMP160,Greg is literally one of the best professors I have ever had. His lectures are fantastic and his slides are literally all you need to learn algorithms. He is literally such an incredible professor that it's difficult to put into words how great he is.,10/31/2017,3.0,3.0,,5,N/A,5.0,5.0,1,No,1509488898000,Yes,1040,Yes,,A,"['Accessible outside class', 'Respected', 'Inspirational']",people,people
Not Mandatory,good,good,good,1,28102067,0,,awesome,5,COMP160,"let me preface this with  that algorithms is a hard course. It requires more than just memorization, and a lot of people struggle with that. However, Greg does a great job explaining things, gives clear lectures, and is fairly approachable. The exams are tough but the class is curved a ton.  Overall he is a great guy.",04/22/2017,4.0,4.0,,5,N/A,5.0,5.0,1,Yes,1492862589000,Yes,1040,Yes,,N/A,"['Accessible outside class', 'Tough grader', 'Amazing lectures']",people,person
N/A,average,good,average,1,28011975,4,,poor,2,COMP160,"Teaching Assistants are super helpful on the homework assignments, which don't tend to be too outrageous, but still challenging. The tests always felt like a crazy leap from the homework assignments and in-class examples. Lectures were un-engaging and time was poorly distributed.",04/07/2017,4.0,4.0,,2,N/A,2.0,2.0,1,No,1491557805000,No,1040,Yes,,C+,"['Lots of homework', ""Skip class? You won't pass."", 'Tough grader']",people,person
N/A,good,good,good,3,26635854,1,,good,4,COMP160,"Very clear in his lectures and explanations. Provides plenty of practice material for the tests and seems to be very approachable. Nevertheless, the tests are pretty hard since some of the harder problems require some creativity. Very fair when it comes to grading.",05/23/2016,4.0,4.0,,4,N/A,4.0,4.0,1,No,1463966415000,N/A,1040,Yes,,B,"['Gives good feedback', ""Skip class? You won't pass."", 'Tough grader']",person,people
Not Mandatory,average,average,average,1,25858569,0,,good,3,COMP160,Algorithms with Aloupis was a pretty great class. He is always engaging and funny in a sort of awkward-quirky way. He is a really nice guy and gave extra review sessions most of the semester. He cares about what he is teaching and though the tests are very hard he wants you to succeed. I would definitely take another algorithms class with him.,01/01/2016,3.0,3.0,,4,It's my life,3.5,3.5,1,No,1451690789000,N/A,1040,Yes,,B,"['Tough grader', 'Respected', 'Lots of homework']",people,person
Not Mandatory,good,average,good,1,24832035,0,,awesome,5,COMP160,he's extremely patient and cares about the subject material.  and he's hot!,05/14/2015,3.0,3.0,,5,It's my life,5.0,5.0,1,No,1431620096000,N/A,1040,Yes,,N/A,"['Caring', 'Lots of homework', 'Tough grader']",people,person
Mandatory,good,average,good,4,24462248,1,,awesome,5,COMP160,"He looks really handsome and gentle. His lecture is kind of slow, but very clear and he makes sure that you understand the material. The grade will be high as there is a huge curve for the median 60 something exams. The only thing not so good is that the homework is somewhat challenging.",03/15/2015,2.0,2.0,,4,Really into it,4.5,4.5,1,No,1426382941000,Yes,1040,Yes,,A-,['Amazing lectures'],person,people
Not Mandatory,good,good,good,1,24416416,0,,awesome,4,COMP160,"Greg is a personable, approachable professor. Lectures are interesting, but the material is very challenging. The exam are purposefully hard, but the work is satisfying. ",02/26/2015,4.0,4.0,,5,Really into it,4.5,4.5,1,No,1424975573000,Yes,1040,Yes,,N/A,"[""Skip class? You won't pass."", 'Tough grader']",people,person
Not Mandatory,good,good,good,9,24366787,1,,awesome,5,WACOGEO14,It was my second time taking it and it was just as much fun! He always picks the best classroom and creates many opportunities for the class to socialize so they can work better together. And he is sooooooo hotttttttt!,02/07/2015,4.0,4.0,,5,It's my life,5.0,5.0,1,No,1423314637000,Yes,1040,Yes,,INC,"['Group projects', 'Hilarious']",person,people
