attendance,clarityColor,easyColor,helpColor,helpCount,id,notHelpCount,onlineClass,quality,rClarity,rClass,rComments,rDate,rEasy,rEasyString,rErrorMsg,rHelpful,rInterest,rOverall,rOverallString,rStatus,rTextBookUse,rTimestamp,rWouldTakeAgain,sId,takenForCredit,teacher,teacherGrade,teacherRatingTags,unUsefulGrouping,usefulGrouping
N/A,good,good,good,1,24074824,0,,good,4,PSY9,"Dr. Kuperberg is likely one of the smartest professors at Tufts and this comes across clearly, or for some, unclearly, in her lectures.  Psych 9 has a 2.5 hour lecture but if you can both sit still for that long and are able to match her intellect the course will be one of the most valuable offered to you if you want to go into cognitive science.",12/14/2014,4.0,4.0,,4,Really into it,4.0,4.0,1,No,1418575664000,Yes,1040,Yes,,N/A,"['Lecture heavy', 'Inspirational']",people,person
Not Mandatory,good,average,good,2,23103806,0,,awesome,5,PSY9,Dr. Kuperberg is by far the most inspiring professor I have had thus far at Tufts. She has such a passion for what she does and is able to lecture on the field of cognitive science in a way that is clear and concise. If you can't sit still or keep yourself from going on Facebook while taking notes on your laptop then long lectures aren't for you.,04/26/2014,3.0,3.0,,5,Sorta interested,5.0,5.0,1,No,1398476451000,N/A,1040,N/A,,N/A,[],people,people
N/A,good,average,good,0,23061641,0,,awesome,5,PSY9,Great Professor. Really knows her stuff.  Passionate about Cognitive Science. Managed to make it really clear and accessible even though the subject is hard.  I had no idea there was so much to know about the brain. Fair mid-term grade. Best class I have taken at Tufts.,04/18/2014,3.0,3.0,,5,Really into it,5.0,5.0,1,Yes,1397854975000,N/A,1040,N/A,,N/A,[],people,people
Mandatory,poor,average,poor,0,23055217,4,,poor,1,PSY9,"Dr. Kuperberg drones on for a long 2 and a half hours, and while the material of the class if very interesting and compelling it is impossible to sit through this class without developing a migraine headache. She is very fair with grades and is quite smart; however, that doesn't make up for the fact that her lectures are incredibly dull and boring.",04/17/2014,2.0,2.0,,2,Really into it,1.5,1.5,1,No,1397744820000,N/A,1040,N/A,,N/A,[],people,people
N/A,poor,average,poor,0,20061969,3,,poor,1,PSY0012,"Sure, this was a 2 and a half hour lecture class, but she makes it the most boring 2 and a half hours you will ever have. Prior to taking the class, I was both interested and excited. Now, I'm slightly disappointed that I really dreaded going. She's very intelligent, but she is not meant to be a teacher.",04/17/2012,3.0,3.0,,2,Really into it,1.5,1.5,1,No,1334622908000,N/A,1040,N/A,,N/A,[],people,people
N/A,good,average,good,0,17011516,0,,awesome,5,ABNPS1,Great Professor! Slides were well organized and tests weren't too difficult if you studied all the slides.Class was a bit dull at the beginning but got much more interesting towards the end!,04/17/2010,2.0,2.0,,4,Really into it,4.5,4.5,1,No,1271511556000,N/A,1040,N/A,,N/A,[],people,people
N/A,good,average,good,0,14196372,0,,awesome,5,PSY12,"What a fantastic professor. The lectures were organized, so interesting and informative.  She brings such deep knowledge to this class. I felt inspired after every class. (I just saw the comments of the student before me. What a fool he/she is and how ironic that a student used the degrading and insensitive word of 'spastic' to describe abn psych.)",03/24/2008,3.0,3.0,,5,Really into it,5.0,5.0,1,Yes,1206387541000,N/A,1040,N/A,,N/A,[],people,people
N/A,average,average,average,0,13125490,0,,poor,2,ABNORSECT,"The lectures were pretty interesting but she was very disorgainzed as a professor and kind of spastic. The tests were fairly hard, but the TA graded them so easily that everybody got high grades. Interesting class, but kind of a waste of time.",05/07/2007,2.0,2.0,,2,Low,2.0,2.0,1,No,1178578433000,N/A,1040,N/A,,N/A,[],people,people
