attendance,clarityColor,easyColor,helpColor,helpCount,id,notHelpCount,onlineClass,quality,rClarity,rClass,rComments,rDate,rEasy,rEasyString,rErrorMsg,rHelpful,rInterest,rOverall,rOverallString,rStatus,rTextBookUse,rTimestamp,rWouldTakeAgain,sId,takenForCredit,teacher,teacherGrade,teacherRatingTags,unUsefulGrouping,usefulGrouping
Not Mandatory,good,average,good,0,31497885,0,,good,4,EN01,"I think she's a good teacher but not personally my thing. She's very straightforward with grading and tends to explain concepts well, but I think her personality just rubbed me the wrong way &nbsp;too straightforward. She also had us do weekly blog posts on failed designs, which were like mini essays graded for participation. Generally, good.",03/29/2019,3.0,3.0,,4,N/A,4.0,4.0,1,No,1553832221000,No,1040,Yes,,A,"['Lecture heavy', 'Group projects']",people,people
Not Mandatory,average,average,average,1,29311364,0,,average,3,EN1,"Professor Hassoun is a nice person but she is not very organized and is unclear when explaining hw assignments and labs. She does not use her own lecture slides. For EN1, expect more work than other EN1 classes. With prior programming experience, the class was easy. She is more helpful answering one on one questions.",12/21/2017,3.0,3.0,,3,N/A,3.0,3.0,1,No,1513894994000,No,1040,Yes,,N/A,['Lots of homework'],people,person
Not Mandatory,poor,average,poor,6,26958093,1,,awful,1,COMP40,Horrible professor. I took two classes she was teaching and only because I needed the class and she was the only professor teaching them. In one class she never prepared her own lectures and downloaded slides from a website set up by MIT professor and just read the material without bothering to explain anything. I don't have anything positive to sa,09/06/2016,3.0,3.0,,1,N/A,1.0,1.0,3,No,1473196015000,No,1040,Yes,,A,[],person,people
Not Mandatory,poor,good,average,3,23976466,0,,poor,1,ES9304,Did not understand anything of what she said in class. Homework problems were atrociously difficult and not properly explained in class.   ,12/07/2014,5.0,5.0,,3,Meh,2.0,2.0,1,No,1417970734000,N/A,1040,Yes,,N/A,[],people,people
N/A,good,good,good,1,15408596,7,,awesome,5,COMP15,"A great lecturer, made the material crystal clear and the lectures interesting. The homework was intense, but she was always very helpful. I have to say that she was by far the best professor I have had in my life!",01/23/2009,4.0,4.0,,5,Sorta interested,5.0,5.0,1,No,1232740206000,N/A,1040,N/A,,N/A,[],people,person
N/A,good,good,good,1,15147453,3,,good,4,COMP15,"Professor Hassoun's class was a real challenge. The material is not easy, but coming from AP Computer Science AB, I was somewhat prepared. The book wasn't required for reading but I found it really helpful in preparing for exams and during homework assignments. The courseload was heavier than most but probably awesome preparation for future use of",12/09/2008,5.0,5.0,,4,Really into it,4.0,4.0,1,Yes,1228864890000,N/A,1040,N/A,,N/A,[],people,person
N/A,poor,good,poor,7,12819416,0,,awful,1,COMP40,"The most uncaring, apathetic, egotistical professor I've ever had the displeasure taking a course with. Stay away.",01/25/2007,5.0,5.0,,1,Really into it,1.0,1.0,1,Yes,1169756570000,N/A,1040,N/A,,N/A,[],people,people
N/A,poor,good,poor,1,12795880,0,,poor,1,COMP40,"Very hard tests, not a good lecturer (she had a grad student teach two classes and he presented the material more clearly than she did). You will get a C or lower on the first tests but she curves everything up at the end.  The labs are not difficult but extremely time-consuming.",01/19/2007,5.0,5.0,,2,Low,1.5,1.5,1,No,1169209527000,N/A,1040,N/A,,N/A,[],people,person
N/A,good,average,good,1,11961923,0,,good,5,EN47,Very clear.... class wasn't that hard though... she doesn't really seem to care if you are doing well.. but the classes are enough to do well in this class...,05/31/2006,2.0,2.0,,3,Really into it,4.0,4.0,1,N/A,1149102926000,N/A,1040,N/A,,N/A,[],people,person
N/A,average,good,average,3,2761737,0,,average,3,EN47,"She just emailed the clas at #%%$@$ 1 AM to tell us we have a quiz tomorrow, or today!",11/17/2004,4.0,4.0,,3,Really into it,3.0,3.0,1,N/A,1100657231000,N/A,1040,N/A,,N/A,[],people,people
N/A,good,average,good,0,2508401,1,,awesome,5,EE63,Very good at explaining.  Willing to spend time with students.  Got me a job!,09/30/2004,3.0,3.0,,5,Sorta interested,5.0,5.0,1,N/A,1096556655000,N/A,1040,N/A,,N/A,[],person,people
N/A,average,good,poor,0,955174,0,,poor,2,EE103,Professors like her and her appologists in the administration are the reason I plan on never giving a dime to this school.,05/13/2003,4.0,4.0,,1,N/A,1.5,1.5,1,N/A,1052823445000,N/A,1040,N/A,,N/A,[],people,people
N/A,average,average,poor,0,951520,0,,poor,2,ES3,"Plays favorites in the classroom, arbitrary with grading, doesn't seem to care whether her students learn something from her or not.",05/12/2003,3.0,3.0,,1,N/A,1.5,1.5,1,N/A,1052726751000,N/A,1040,N/A,,N/A,[],people,people
N/A,good,average,good,0,865804,0,,awesome,5,EE103,She teaches very well. She knows the stuff.,04/22/2003,2.0,2.0,,5,N/A,5.0,5.0,1,N/A,1051015460000,N/A,1040,N/A,,N/A,[],people,people
