attendance,clarityColor,easyColor,helpColor,helpCount,id,notHelpCount,onlineClass,quality,rClarity,rClass,rComments,rDate,rEasy,rEasyString,rErrorMsg,rHelpful,rInterest,rOverall,rOverallString,rStatus,rTextBookUse,rTimestamp,rWouldTakeAgain,sId,takenForCredit,teacher,teacherGrade,teacherRatingTags,unUsefulGrouping,usefulGrouping
Not Mandatory,good,good,good,0,31569091,0,,good,4,ES25,"I do not think a 3 does her justice. I agree that her class is lecture dense and boring for real from time to time, but it can be truly informative and inspiring if one is passionate about env issues. Homework is manageable, but tests def require much preparation. Accessible and willing to help outside class.",04/10/2019,4.0,4.0,,4,N/A,4.0,4.0,1,No,1554932971000,Yes,1040,Yes,,N/A,"['Accessible outside class', 'Clear grading criteria', 'Lecture heavy']",people,people
Not Mandatory,poor,average,poor,0,31542990,0,,awful,1,ES56,"I had her for Probability and Statistics and she showed a clear lack of mastery of the material. She makes many mistakes on the board and is often unable to answer any questions in class, even when they directly relate to what she's teaching. She is very nice, but does not know how to lecture. She sometimes says things that are just wrong in class.",04/06/2019,2.0,2.0,,1,N/A,1.0,1.0,1,Yes,1554582374000,No,1040,Yes,,N/A,['Caring'],people,people
Not Mandatory,poor,average,poor,0,31511897,0,,awful,1,ES56,"Not a good lecturer, can't keep her thoughts straight. You never know if what she's writing on the board is what she's intending to say, because both differ so often. Incredibly frustrating. Also told one class to change a question on the midterm then took points off for doing so.",04/01/2019,2.0,2.0,,1,N/A,1.0,1.0,1,Yes,1554157232000,No,1040,Yes,,N/A,[],people,people
Mandatory,good,average,good,1,29501750,0,,awesome,5,ES25,She really got me interested in Environmental Technology. Go to office hours!,01/25/2018,2.0,2.0,,5,N/A,5.0,5.0,1,Yes,1516877405000,Yes,1040,Yes,,A,"['Accessible outside class', 'Gives good feedback', 'Clear grading criteria']",people,person
Mandatory,good,average,good,0,29501743,0,,awesome,5,ES025,Wonderful Professor,01/25/2018,3.0,3.0,,5,N/A,5.0,5.0,1,Yes,1516877299000,Yes,1040,Yes,,A,"['Inspirational', 'Amazing lectures', 'Clear grading criteria']",people,people
Mandatory,good,average,good,0,28814876,0,,awesome,5,ES025,The Best!,11/01/2017,3.0,3.0,,5,N/A,5.0,5.0,1,No,1509545685000,Yes,1040,Yes,,N/A,[],people,people
Not Mandatory,average,good,average,0,25571932,1,,average,2,ES25,"This class had a lot of potential.  Unfortunately, the professors tendency to go off topic combined with useless lecture slides and highly specific test questions turned what could have been a great experience into one of the worst classes I've ever taken.  Class required for envtl studies major, no other teachers for class, good luck.",12/07/2015,4.0,4.0,,3,It's my life,2.5,2.5,1,No,1449491873000,N/A,1040,Yes,,B,"[""Skip class? You won't pass."", 'Tough grader', 'Lecture heavy']",person,people
N/A,good,poor,good,0,22340537,0,,awesome,5,ES025,"Really nice, pretty easy, take notes and do the work.",11/18/2013,1.0,1.0,,5,Sorta interested,5.0,5.0,1,No,1384804516000,N/A,1040,N/A,,N/A,[],people,people
N/A,average,average,average,0,16369408,0,,average,2,ES25,"The lectures are super boring. It's hard to stay focused since she goes on rants. The class is pretty disorganized. If you can pay attention, the homeworks and exams cover what she talks about in class so it's pretty straightforward.",11/14/2009,2.0,2.0,,3,Really into it,2.5,2.5,1,Yes,1258229988000,N/A,1040,N/A,,N/A,[],people,people
N/A,good,average,average,0,15324813,0,,good,4,ES25,"So, yeah, maybe she's a little wierd -- sort of the classic &quot;cat lady&quot; (and she talks about them all the time).  But her class isn't bad and she knows absolutely everything about the subject.  The work isn't all that difficult or demanding.  If you learn how to take effective notes from her lectures you'll be fine on the exams with little studying.",01/06/2009,3.0,3.0,,3,Really into it,3.5,3.5,1,No,1231238408000,N/A,1040,N/A,,N/A,[],people,people
N/A,average,average,average,0,15286970,0,,average,3,ES25,"She goes off on wild tangents during class and your notes end up being incredibly incoherent and scrambled.  Its a shame too because she doesn't use the book at all except for homework.  The grading looks for certain wording so if you write a lot and cover as much material as you can, youll do well.  Classes were boring but the work was easy enough",12/28/2008,3.0,3.0,,3,Sorta interested,3.0,3.0,1,No,1230455185000,N/A,1040,N/A,,N/A,[],people,people
N/A,good,good,average,0,15005525,0,,good,4,ES25,"She's alright. She has an engineer's sense of humor, which may or may not be a plus. Homework grading can be very nitpicky, but as long as you write a lot, you'll do fine.",11/16/2008,4.0,4.0,,3,Sorta interested,3.5,3.5,1,No,1226871979000,N/A,1040,N/A,,N/A,[],people,people
N/A,average,average,average,0,11213511,0,,good,3,CE,"she is a bit disorganized in her lectures, but her classes aren't that difficult.  the final project, however, can be a doozer.  Very time consuming.",12/19/2005,2.0,2.0,,4,Really into it,3.5,3.5,1,N/A,1135009007000,N/A,1040,N/A,,N/A,[],people,people
N/A,poor,average,poor,0,2763490,2,,awful,1,ES25,No Comments,11/17/2004,2.0,2.0,,1,Really into it,1.0,1.0,3,N/A,1100687504000,N/A,1040,N/A,,N/A,[],people,people
N/A,good,average,average,0,2698618,1,,average,4,ES25,lectures are incredibly boring and she's hard to listen to.  But if you take down some notes and study a bit u'll get a B without having worked hard at all(at least that's what i did).  If you seek her out for help during office hours u'll walk out more confused than when u walked in.  funny looking,11/10/2004,3.0,3.0,,1,Sorta interested,2.5,2.5,1,N/A,1100098976000,N/A,1040,N/A,,N/A,[],person,people
N/A,average,average,average,0,794152,0,,average,3,CE,extremely boring,04/06/2003,2.0,2.0,,3,N/A,3.0,3.0,1,N/A,1049631745000,N/A,1040,N/A,,N/A,[],people,people
