attendance,clarityColor,easyColor,helpColor,helpCount,id,notHelpCount,onlineClass,quality,rClarity,rClass,rComments,rDate,rEasy,rEasyString,rErrorMsg,rHelpful,rInterest,rOverall,rOverallString,rStatus,rTextBookUse,rTimestamp,rWouldTakeAgain,sId,takenForCredit,teacher,teacherGrade,teacherRatingTags,unUsefulGrouping,usefulGrouping
Not Mandatory,good,poor,good,0,30407461,0,,awesome,5,EE148,He is a nice professor. You wont learn a lot in his class related to the course but he will give you a good grade. So down to earth and you will learn how to work in groups. He considers the problems of students. Highly recommendable.,08/06/2018,1.0,1.0,,5,N/A,5.0,5.0,1,No,1533575505000,Yes,1040,Yes,,A,"['Caring', 'Gives good feedback', 'Respected']",people,people
Mandatory,average,poor,average,0,22708349,0,,average,2,EE100ANDUP,"Very easy going, great to talk to. He does wing his lectures a lot, and gives long evasive answers when not sure :).. typically drifts off topic, yet there is typically a lesson there too. his intro to uWave was good. to learn you'd need to study on your own. At the same time he's an easy grader. His style fosters teamwork in the classroom.",01/06/2014,1.0,1.0,,3,Really into it,2.5,2.5,1,Yes,1389046447000,N/A,1040,N/A,,A,[],people,people
N/A,poor,poor,poor,0,18629447,0,,awful,1,EE13,"Most incomprehensible professor I've ever encountered. Lecture notes and homeworks were indecipherable handscrawled mess. Lectures wandered and often wound up with off-topic discourses on completely random subjects like  the merits of flying to DC via BWI or DCA. If you just show up and do the work, you'll get an easy A, but learn nothing.",05/18/2011,1.0,1.0,,1,Sorta interested,1.0,1.0,1,No,1305749227000,N/A,1040,N/A,,N/A,[],people,people
N/A,poor,poor,average,0,12959266,1,,poor,1,EE13,"The only class everyone showed up for after the first-so they could give him lousy recommendations. He is a very nice, well meaning guy. But he was late alot, and he was terrible at lecturing.",04/01/2007,1.0,1.0,,3,Low,2.0,2.0,1,No,1175456775000,N/A,1040,N/A,,N/A,[],person,people
N/A,poor,average,average,0,12770879,0,,poor,1,ES3,"Afsar means well, but he's hopeless as an introductory EE prof. Very smart, but cannot communicate basic concepts. He's horribly disorganized and out-of-step, and completely impossible to reach outside of class. Also, the overall setup of the course is careless and the textbook is extremely unclear, unhelpful, and overpriced.",01/13/2007,2.0,2.0,,3,Meh,2.0,2.0,1,Yes,1168730199000,N/A,1040,N/A,,N/A,[],people,people
N/A,good,poor,good,0,12726635,0,,awesome,4,ES3,"Excellent professor. Really nice guy. Very helpful. I can't say enough about Afsar. Take him for ES 3!! While you can expect to be completely lost for the first few weeks, eventually, it'll all make sense. And if it doesn't, he'll give you an &quot;A,&quot; anyway. A nice change to have a professor that really cares about his students' understanding.",01/05/2007,1.0,1.0,,5,Really into it,4.5,4.5,1,Yes,1168004820000,N/A,1040,N/A,,N/A,[],people,people
N/A,poor,average,poor,0,12601878,0,,awful,1,EE13,Awful.,12/14/2006,3.0,3.0,,1,Sorta interested,1.0,1.0,1,Yes,1166093431000,N/A,1040,N/A,,N/A,[],people,people
N/A,average,average,average,0,3478876,0,,average,2,ES3EE13,"he's great in lower level classes, however once concepts get more difficult it's easy to get lost, and you have to do alot of work on your own in order to do well on the exams.",03/20/2005,3.0,3.0,,4,It's my life,3.0,3.0,1,N/A,1111331500000,N/A,1040,N/A,,N/A,[],people,people
N/A,average,poor,average,0,3402612,0,,good,3,ES2,Too nice.,02/28/2005,1.0,1.0,,4,Really into it,3.5,3.5,1,N/A,1109603251000,N/A,1040,N/A,,N/A,[],people,people
N/A,average,poor,average,0,3283329,0,,good,3,ES3EE13,"Well meaning professor, knows his field very well; communication skills not up to par - only part of that is that his accent is difficult to understand. Difficult not to do well in his class.",01/26/2005,1.0,1.0,,4,Sorta interested,3.5,3.5,1,N/A,1106764969000,N/A,1040,N/A,,N/A,[],people,people
N/A,average,average,average,0,1938212,0,,good,3,ES3,No Comments,04/12/2004,2.0,2.0,,4,N/A,3.5,3.5,1,N/A,1081728309000,N/A,1040,N/A,,N/A,[],people,people
N/A,average,average,good,0,1898949,0,,good,3,ES03,"Prof Afsar is sometimes difficult to understand, but is always available for extra help. His class usually does better in comparison to the others because the students are better prepared for the tests and know how to apply the material.",04/04/2004,3.0,3.0,,5,N/A,4.0,4.0,1,N/A,1081115984000,N/A,1040,N/A,,N/A,[],people,people
N/A,poor,poor,poor,0,1780288,0,,awful,1,EE101,No Comments,03/05/2004,1.0,1.0,,1,N/A,1.0,1.0,1,N/A,1078498760000,N/A,1040,N/A,,N/A,[],people,people
N/A,good,poor,good,0,1535819,0,,awesome,5,ES3,"One of the best professors @ Tufts.  Our class average was 88-90 on each exam, the rest of the grade averaged in the 70's.  The guy is a savage.",12/19/2003,1.0,1.0,,5,N/A,5.0,5.0,1,N/A,1071830539000,N/A,1040,N/A,,N/A,[],people,people
N/A,average,poor,good,0,1336109,0,,good,3,ES3,"At first, you will have no idea what he is talking about. But you will soon understand most of the concepts in the course and you will do really well on the tests.",11/16/2003,1.0,1.0,,5,N/A,4.0,4.0,1,N/A,1069025234000,N/A,1040,N/A,,N/A,[],people,people
