attendance,clarityColor,easyColor,helpColor,helpCount,id,notHelpCount,onlineClass,quality,rClarity,rClass,rComments,rDate,rEasy,rEasyString,rErrorMsg,rHelpful,rInterest,rOverall,rOverallString,rStatus,rTextBookUse,rTimestamp,rWouldTakeAgain,sId,takenForCredit,teacher,teacherGrade,teacherRatingTags,unUsefulGrouping,usefulGrouping
N/A,poor,good,poor,0,32222057,0,,awful,1,ILVS84,This professor is very bullheaded. He does not consider other people point of view and is very stubborn. He is extremely crass and has a foul mouth.,09/10/2019,5.0,5.0,,1,N/A,1.0,1.0,1,No,1568156734000,No,1040,Yes,,N/A,"['Tough grader', 'EXTRA CREDIT', ""Skip class? You won't pass.""]",people,people
Mandatory,good,average,good,0,30146607,0,,awesome,5,JPN61,"My favorite class at Tufts so far, and its not even in my major. Charles is a provocative, poignant lecturer who has a genuine interest in sharing a balanced and thoughtful perspective of Japanese culture. The weekly exercises are a nice break from my more intense coursework and the readings are all interesting. If he's teaching a class, take it!",05/18/2018,2.0,2.0,,5,N/A,5.0,5.0,1,No,1526658809000,Yes,1040,Yes,,A,"['Respected', 'Amazing lectures', 'Get ready to read']",people,people
Mandatory,good,average,good,2,28011164,0,,awesome,5,JPN61,This class makes you think differently.,04/07/2017,3.0,3.0,,5,N/A,5.0,5.0,1,Yes,1491525075000,Yes,1040,Yes,,N/A,"['Respected', 'Amazing lectures', 'Inspirational']",people,people
Mandatory,average,average,average,0,25408604,0,,good,3,ILVS0071,"He really appreciates when you go into office hours & introduces yourself. Intelligent, compassionate, and sweet. His lectures in class can get a little confusing, so prepare to spend an extra 30mins on essays fleshing our your ideas. He's a tough grader on the first essay, lenient on the second, and the following moderately. Take this class!",11/13/2015,3.0,3.0,,4,It's my life,3.5,3.5,1,Yes,1447420648000,N/A,1040,N/A,,Not sure yet,"['Get ready to read', 'Respected', 'Participation matters']",people,people
N/A,average,average,average,0,25381033,0,,good,3,ILVS0071,"Love & Sexuality in World Literature  the texts we learn from the Japanese side of the course are very interesting, often very nuanced, abstract, at times confusing, but ask questions and you will receive help. Writing the weekly short essays is a great way  to consolidate knowledge on the topic / discover something you didn't know you knew",11/10/2015,3.0,3.0,,4,Really into it,3.5,3.5,1,No,1447163200000,N/A,1040,Yes,,N/A,"['Caring', 'Participation matters']",people,people
N/A,average,average,average,0,25311751,0,,average,2,JPN61,"Are you ready for a wild ride? Take a Charles Shiro Inouye class (especially Intro to J-Cult if you're not gonna major). This man is an enigma. He'll confuse the hell out of you, let's get that straight, but he'll value your input. Deadlines are tricky for papers by the way. He won't dock you for being late, but he might just not read it. Beware.",10/29/2015,2.0,2.0,,4,Really into it,3.0,3.0,1,No,1446135263000,N/A,1040,Yes,,N/A,"['Inspirational', 'Get ready to read', 'So many papers']",people,people
Not Mandatory,good,average,good,0,22972112,0,,awesome,4,JPN61,"Inouye is my favorite professor at Tufts. His qualifications speak for themselves-invented the Tufts Japanese program, friends with Murakami and Keene, etc. In person, he is brilliant, hilarious, enigmatic and engaging. I disagree a lot with him but still love his classes. He makes a point of getting to know his students very well. Try a class.",03/31/2014,3.0,3.0,,5,It's my life,4.5,4.5,1,Yes,1396306127000,N/A,1040,N/A,,N/A,[],people,people
N/A,good,average,good,0,20191208,1,,awesome,4,JPN61,"Uncle Charles is great! He presents the subject matter in a fascinating and easy-to-follow way, but you get a lot of his opinions on things. Discussion is a big part of this class, and the reading is central, though I've heard of people getting by without it. You get more out of it if you read though. I recommend this class!",05/03/2012,2.0,2.0,,5,Really into it,4.5,4.5,1,Yes,1336076676000,N/A,1040,N/A,,N/A,[],person,people
N/A,good,good,good,0,16973951,0,,awesome,4,JPN61,"You will never meet a professor on par with prof. inouye. He's brilliant, patient, and most of all cares for his students.",04/09/2010,4.0,4.0,,5,Low,4.5,4.5,1,Yes,1270851168000,N/A,1040,N/A,,N/A,[],people,people
N/A,good,good,good,0,16919782,0,,good,4,JPN113,Prof. Inouye is awesome. He is really helpful with essays and will explain to you any problems you have. I always look forward to his classes and he is hilarious.,03/28/2010,4.0,4.0,,4,Really into it,4.0,4.0,1,No,1269741721000,N/A,1040,N/A,,N/A,[],people,people
N/A,average,average,average,0,15174557,0,,average,3,ILVS84,"Prof Inouye is a decent prof -- go to his office hours and he will help you out.  Sometimes a bit hard on grading, and not completely clear what he's getting at sometimes.  Sometimes feels like he's pushing his ideas to the class...",12/12/2008,3.0,3.0,,3,Sorta interested,3.0,3.0,1,Yes,1229084220000,N/A,1040,N/A,,N/A,[],people,people
N/A,good,good,good,0,12883638,0,,awesome,5,JPN000,"One of my favorite professors at Tufts. I always leave his class (Intro to Japanese Culture) with lots of thoughts and new ideas on my mind. Forces you to think critically and challenges students. He is thought provoking, a deep thinker and eccentric.",02/25/2007,4.0,4.0,,4,It's my life,4.5,4.5,1,No,1172422245000,N/A,1040,N/A,,N/A,[],people,people
N/A,good,good,good,0,10456249,0,,awesome,4,JPN61,No Comments,09/28/2005,4.0,4.0,,5,Really into it,4.5,4.5,1,N/A,1127924676000,N/A,1040,N/A,,N/A,[],people,people
N/A,good,good,good,0,10456235,0,,awesome,4,JPN61FASCISM,prof inouye has a passion for teaching and learning.  i found his lectures both fun and interesting.  he gives his students lots of opportunities to express their understanding of the material through creative projects as well as the standard papers.  i learned a great deal in his courses and thoroughly enjoyed them. highly recommended!!!,09/28/2005,4.0,4.0,,5,It's my life,4.5,4.5,1,N/A,1127924463000,N/A,1040,N/A,,N/A,[],people,people
N/A,good,good,good,0,10394263,0,,awesome,5,2002,No Comments,09/07/2005,4.0,4.0,,5,It's my life,5.0,5.0,1,N/A,1126082906000,N/A,1040,N/A,,N/A,[],people,people
N/A,poor,average,poor,0,2117221,0,,awful,1,WL17,"His lectures were completely nonsensical.  More importantly, he had an inability to seperate his personal beliefs on love (and religion) from class, which meant you had to agree with him to do well.",05/10/2004,3.0,3.0,,1,N/A,1.0,1.0,1,N/A,1084188268000,N/A,1040,N/A,,N/A,[],people,people
N/A,poor,good,poor,0,2055801,0,,poor,1,WL17,His lectures are all over the place and I often have no CLUE what he is talking about (rediculously hard to follow his train of thought),04/29/2004,4.0,4.0,,2,N/A,1.5,1.5,1,N/A,1083233831000,N/A,1040,N/A,,N/A,[],people,people
N/A,poor,average,poor,0,1782117,0,,awful,1,WL201,No Comments,03/06/2004,3.0,3.0,,1,N/A,1.0,1.0,1,N/A,1078566111000,N/A,1040,N/A,,N/A,[],people,people
N/A,average,average,average,0,1506987,0,,average,3,JPN61,No Comments,12/15/2003,3.0,3.0,,3,N/A,3.0,3.0,1,N/A,1071448924000,N/A,1040,N/A,,N/A,[],people,people
N/A,good,average,good,0,1138136,0,,awesome,5,JAPANESE,"if you're ok with abstract post-modern thinking, take him. he's great.",09/17/2003,2.0,2.0,,5,N/A,5.0,5.0,1,N/A,1063801387000,N/A,1040,N/A,,N/A,[],people,people
N/A,average,average,average,0,1019148,0,,good,3,JPN61,"Difficult to tell what direction his class is heading since he is so open minded and the class is very much based on discussion and abstract material, very interesting, makes you think",06/19/2003,3.0,3.0,,4,N/A,3.5,3.5,1,N/A,1056011497000,N/A,1040,N/A,,N/A,[],people,people
