attendance,clarityColor,easyColor,helpColor,helpCount,id,notHelpCount,onlineClass,quality,rClarity,rClass,rComments,rDate,rEasy,rEasyString,rErrorMsg,rHelpful,rInterest,rOverall,rOverallString,rStatus,rTextBookUse,rTimestamp,rWouldTakeAgain,sId,takenForCredit,teacher,teacherGrade,teacherRatingTags,unUsefulGrouping,usefulGrouping
N/A,average,average,average,0,29859360,0,,poor,2,PHIL38,"Helpful in his office hours regarding the essay writing; However, the lecture itself oftentimes is bland and confusing. Especially for a philosophy class, he is unable to deliver information bit by bit and clarify concepts effectively. For the first part of the class his Powerpoint comes directly from the book and thus was not informative.",04/21/2018,3.0,3.0,,2,N/A,2.0,2.0,1,Yes,1524351326000,No,1040,Yes,,N/A,['Accessible outside class'],people,people
Not Mandatory,average,good,average,0,27981147,0,,average,3,PHIL38,I took this class because I was interested in game theory from a non-econ perspective. The course material was really hard to digest and Prof. Forber's lectures are just directly from the chapters assigned for reading. No real effort is made to clarify for people without a game theory/math background and prof does not clarify well.,04/02/2017,4.0,4.0,,3,N/A,3.0,3.0,1,Yes,1491140970000,No,1040,Yes,,B+,"['Accessible outside class', 'Group projects', 'Lecture heavy']",people,people
N/A,good,average,good,0,27954743,0,,awesome,5,PHI38,"Forber isn't just one of the best professors I've had at Tufts, he's one of the best teachers I've ever had. He clearly explains complicated concepts, he has a passion for the material, and he makes students care about the material. He's a big reason I'm majoring in Philosophy, I can't recommend him highly enough.",03/27/2017,3.0,3.0,,5,N/A,5.0,5.0,1,Yes,1490648063000,Yes,1040,Yes,,N/A,"['Hilarious', 'Accessible outside class', 'Inspirational']",people,people
Not Mandatory,average,average,average,1,27242078,0,,poor,2,PHIL38,"Fails to explain hard concepts that are required to read. he thinks he explains well, however he simply confuses everybody.",11/22/2016,3.0,3.0,,2,N/A,2.0,2.0,1,Yes,1479823095000,No,1040,Yes,,A-,"['Graded by few things', 'Lecture heavy']",people,person
Not Mandatory,average,average,average,0,25932952,0,,good,3,PHIL118,Very passionate and refreshing.,01/13/2016,2.0,2.0,,4,It's my life,3.5,3.5,1,No,1452684344000,N/A,1040,Yes,,N/A,"['Get ready to read', 'Caring']",people,people
N/A,average,average,average,0,24167469,1,,good,3,PHIL38,"Took the class for the finance minor, ended up really enjoying it. Course has 2 papers, 2 problem sets and a final exam. It seems like a really easy course at first, but you do need to work hard for a good grade. Not necessarily an easy A. Professor Forber's a great lecturer and tries to engage his students in a lot of fun ways. ",12/22/2014,3.0,3.0,,4,Really into it,3.5,3.5,1,Yes,1419250547000,Yes,1040,Yes,,N/A,"['Amazing lectures', 'Respected']",person,people
N/A,good,average,good,0,19560590,0,,awesome,5,PHIL118,"Extremely intelligent and cares about the topic.  Very helpful, clear, approachable, and seems to know everything there is to know about the subject .  Probably one of the best professors I've had at Tufts--definitely the best I've had in the philosophy department.",12/18/2011,3.0,3.0,,5,It's my life,5.0,5.0,1,Yes,1324220869000,N/A,1040,N/A,,N/A,[],people,people
N/A,good,average,good,0,19205314,0,,awesome,5,PHILBIO,"Great Professor. Classes are very structured. Every time he goes over what the reading was about and outlines all the important information. Not a lot of discussion, but always answers any questions. Assignments are fair, but require effort to get an A. Overall a really approachable guy with one of the sharpest minds I've encountered at this school",11/10/2011,3.0,3.0,,5,Really into it,5.0,5.0,1,Yes,1320889092000,N/A,1040,N/A,,N/A,[],people,people
N/A,good,average,good,0,19098457,0,,awesome,5,PHI38,Extremely engaging; a lot of class discussion/debate. Presented both sides of every problem; a lot of fun!,10/23/2011,2.0,2.0,,5,It's my life,5.0,5.0,1,Yes,1319406066000,N/A,1040,N/A,,N/A,[],people,people
N/A,good,average,good,0,18386372,0,,awesome,5,PHIL12,"Great professor, during lecture he goes over what students were supposed to get from the reading and connects it to broader themes in the class. Assignments are fair, although not very engaging. Also very helpful and willing to explain things if you ask.",04/10/2011,2.0,2.0,,5,Really into it,5.0,5.0,1,Yes,1302476201000,N/A,1040,N/A,,N/A,[],people,people
