attendance,clarityColor,easyColor,helpColor,helpCount,id,notHelpCount,onlineClass,quality,rClarity,rClass,rComments,rDate,rEasy,rEasyString,rErrorMsg,rHelpful,rInterest,rOverall,rOverallString,rStatus,rTextBookUse,rTimestamp,rWouldTakeAgain,sId,takenForCredit,teacher,teacherGrade,teacherRatingTags,unUsefulGrouping,usefulGrouping
Mandatory,poor,good,average,5,24862931,0,,poor,1,LI421,"She's trying very hard to prove herself as a new teacher, but gets caught up in favoritism. If she doesn't like you, you won't get a good grade no matter how hard you work. She assigns a lot of reading and expects you to keep up with it. While her discussions can be great, she clearly doesn't want to hear from you if you're not her favorite.",05/18/2015,4.0,4.0,,3,Really into it,2.0,2.0,1,Yes,1431983267000,N/A,1040,Yes,,B,"[""Skip class? You won't pass."", 'Get ready to read', 'Tough grader']",people,people
N/A,average,good,average,5,24820070,0,,average,2,ENG0212,"New professor and trying very hard to prove herself. Get ready to do some work, classes can feel awkward at times, requirements are not always clear. Did not feel inspired. ",05/13/2015,4.0,4.0,,3,Sorta interested,2.5,2.5,1,Yes,1431529463000,N/A,1040,Yes,,N/A,"['Get ready to read', 'Tough grader', ""Skip class? You won't pass.""]",people,people
N/A,good,average,good,1,24732351,0,,good,4,ENG0212,Molly Hildebrand is a fantastic professor.  The amount of feedback she gives on papers is great because she really helped me improve as a writer.  I enjoyed meeting with her outside of class because she gave me even more personal feedback and became a mentor to me the rest of the year.,05/04/2015,3.0,3.0,,4,Really into it,4.0,4.0,1,Yes,1430742117000,Yes,1040,Yes,,N/A,"['Respected', 'Gives good feedback']",people,person
Mandatory,good,average,good,0,23795031,0,,awesome,5,ENG01,"She is a very nice teacher overall. She will make you work hard (a.k.a. writing intensive!) but as long as you follow directions and go see during office hours if necessary, you will do well in that class. She gives A LOT of feedback which makes it much easier to understand the grade you're given on your essays, and helps you improve.",11/12/2014,3.0,3.0,,4,Really into it,4.5,4.5,1,No,1415790416000,N/A,1040,Yes,,Not sure yet,"['Gives good feedback', 'Participation matters', 'Clear grading criteria']",people,people
