attendance,clarityColor,easyColor,helpColor,helpCount,id,notHelpCount,onlineClass,quality,rClarity,rClass,rComments,rDate,rEasy,rEasyString,rErrorMsg,rHelpful,rInterest,rOverall,rOverallString,rStatus,rTextBookUse,rTimestamp,rWouldTakeAgain,sId,takenForCredit,teacher,teacherGrade,teacherRatingTags,unUsefulGrouping,usefulGrouping
N/A,good,poor,good,0,20864166,0,,awesome,5,ENVI104,Probably the coolest teacher I've ever had.,11/19/2012,1.0,1.0,,5,It's my life,5.0,5.0,1,No,1353356186000,N/A,1040,N/A,,N/A,[],people,people
N/A,good,poor,good,0,13734864,0,,good,5,BIO1,"Overall a very good professor. Class was very easy with almost no work. Quizzes and tests are fair and comprehensive, easy if you study. Don't leave the paper till the very end, though.",12/02/2007,1.0,1.0,,3,Sorta interested,4.0,4.0,1,No,1196610062000,N/A,1040,N/A,,N/A,[],people,people
N/A,good,average,good,0,12385868,0,,awesome,5,ES11,Prof. Beckwitt does an extremely nice job explaining biological concepts by relating them to every day things and using diagrams. The class is held at 1:30 this year and he emphasizes taking it if you're an engineer. The quizes and tests are fair and easy if you study. Overall a very good class,11/09/2006,2.0,2.0,,4,Sorta interested,4.5,4.5,1,Yes,1163065027000,N/A,1040,N/A,,N/A,[],people,people
N/A,average,average,poor,0,3148424,0,,poor,2,BIO1ES11,Course structure was terrible. Jumped from molecular biology to genetics to the endocrine system (&#63;!). Class was held at 8am in SciTech so the majority of the class regularly skipped. Very boring professor and who ripped lectures from textbook (which was an excellent text). Not a Tufts professor.,01/03/2005,3.0,3.0,,1,Really into it,1.5,1.5,1,N/A,1104775136000,N/A,1040,N/A,,N/A,[],people,people
