attendance,clarityColor,easyColor,helpColor,helpCount,id,notHelpCount,onlineClass,quality,rClarity,rClass,rComments,rDate,rEasy,rEasyString,rErrorMsg,rHelpful,rInterest,rOverall,rOverallString,rStatus,rTextBookUse,rTimestamp,rWouldTakeAgain,sId,takenForCredit,teacher,teacherGrade,teacherRatingTags,unUsefulGrouping,usefulGrouping
N/A,good,average,good,0,31301565,0,,good,4,BME03,He's one of my favorite professors here!,01/24/2019,3.0,3.0,,4,N/A,4.0,4.0,1,No,1548360032000,Yes,1040,Yes,,A,"['Participation matters', 'Gives good feedback']",people,people
N/A,average,average,average,2,18938025,0,,average,3,BME62,"He tries to cover too much in too little time. To do well on his tests, memorize everything on his slides. They tended to be straight up regurgitation questions. That being said, it's easy to do well in his classes if you employ that strategy. I think he's a bit overworked so everything he does seems like its rushed.",08/21/2011,3.0,3.0,,3,Sorta interested,3.0,3.0,1,No,1313921304000,N/A,1040,N/A,,N/A,[],people,people
N/A,good,average,good,1,17642488,1,,awesome,4,CHBE162,Outstanding Professor! One of the best I have ever had.,10/09/2010,3.0,3.0,,5,It's my life,4.5,4.5,1,No,1286610738000,N/A,1040,N/A,,N/A,[],person,person
N/A,good,poor,good,0,11306152,1,,awesome,4,EN3BIOTECH,"awesome teacher, best professor yet; tries his best to teach as much about the subject as possible and get you interested; he is kinda hard to get a hold of, but your best bet is in his office before a class; i have him for an advisor too, and he's an awesome guy in person...a little disorganized; the one quiz we had was tedious, but easy",01/05/2006,1.0,1.0,,5,Really into it,4.5,4.5,1,N/A,1136436704000,N/A,1040,N/A,,N/A,[],person,people
N/A,good,average,good,1,3402705,0,,good,4,ES10BIOTECH162,"Very nice professor.  Sometimes he was really easy and sometimes very hard.  He's very knowledgeable, and yes, getting him outside of class is tough.",02/28/2005,3.0,3.0,,4,Really into it,4.0,4.0,1,N/A,1109604392000,N/A,1040,N/A,,N/A,[],people,person
N/A,average,average,good,1,2226150,0,,good,3,BME162,"The material started and ended well beyond my grasp, however som practically was acheived in the course through a project.  Kaplan is helpful 1 on 1, but class is relatively useless.",06/07/2004,3.0,3.0,,5,N/A,4.0,4.0,1,N/A,1086620391000,N/A,1040,N/A,,N/A,[],people,person
N/A,good,good,good,1,1519276,0,,awesome,5,CHE62,great professor... but you need to practically stalk him if you ever want to talk to him...,12/16/2003,4.0,4.0,,4,N/A,4.5,4.5,1,N/A,1071601877000,N/A,1040,N/A,,N/A,[],people,person
N/A,good,average,good,0,989662,0,,good,4,EN3,good professor,05/29/2003,3.0,3.0,,4,N/A,4.0,4.0,1,N/A,1054214762000,N/A,1040,N/A,,N/A,[],people,people
N/A,good,average,good,0,885021,1,,awesome,4,BIO1,No Comments,04/25/2003,2.0,2.0,,5,N/A,4.5,4.5,1,N/A,1051277519000,N/A,1040,N/A,,N/A,[],person,people
N/A,average,average,good,0,874362,0,,good,3,BIOTECH,"Good proffesor, no beef scaling hard tests.  Talks over students sometimes, but can easily be coaxed into relating material in much simpler terms.",04/23/2003,2.0,2.0,,5,N/A,4.0,4.0,1,N/A,1051118114000,N/A,1040,N/A,,N/A,[],people,people
N/A,good,good,good,0,866185,0,,awesome,5,CHE62,"Really nice and helpful, but when you need to talk to him, try 6 a.m.  No lines, no waiting!",04/22/2003,4.0,4.0,,5,N/A,5.0,5.0,1,N/A,1051018378000,N/A,1040,N/A,,N/A,[],people,people
N/A,average,good,average,0,865035,0,,average,3,CHE62,No Comments,04/22/2003,4.0,4.0,,3,N/A,3.0,3.0,1,N/A,1051009067000,N/A,1040,N/A,,N/A,[],people,people
