attendance,clarityColor,easyColor,helpColor,helpCount,id,notHelpCount,onlineClass,quality,rClarity,rClass,rComments,rDate,rEasy,rEasyString,rErrorMsg,rHelpful,rInterest,rOverall,rOverallString,rStatus,rTextBookUse,rTimestamp,rWouldTakeAgain,sId,takenForCredit,teacher,teacherGrade,teacherRatingTags,unUsefulGrouping,usefulGrouping
N/A,average,average,average,0,18653799,0,,average,3,PSY27,"Bushnell is into what she teaches. I took the class (Psy27: Perception) thinking it was so, as in how we view and consider others...it's literally 'perception', as in how we physiologically view the world (ganglion cells, motion parallax, etc!). The class feels easier than it is, tests are miserable affairs. activity sessions clear up a lot!!",05/23/2011,3.0,3.0,,2,Really into it,2.5,2.5,1,Yes,1306180996000,N/A,1040,N/A,,N/A,[],people,people
N/A,good,average,average,0,17118821,0,,good,4,PSYCH1,"Focused on one concept for a really long time, cover-clarifying it and not covering a lot of ground. Found it difficult to focus on her when she moved so slowly. Seemed nice though.",05/04/2010,2.0,2.0,,3,Really into it,3.5,3.5,1,Yes,1272987726000,N/A,1040,N/A,,N/A,[],people,people
N/A,good,average,good,1,17056421,0,,good,4,PSY1,"Extremely boring and slow lectures. Takes a very long time to go over a few concepts, then leaves out other topics that are on tests but are only mentioned in the textbook. She could definitely balance time and subjects better.",04/25/2010,3.0,3.0,,4,Sorta interested,4.0,4.0,1,Yes,1272216404000,N/A,1040,N/A,,N/A,[],people,person
N/A,average,average,average,2,4060570,0,,poor,2,PSY27,"took the lab course with her, she is competent, but arrogant.  wants to seem genuine, but isn't.  disliked working with her on such a close level.",07/05/2005,3.0,3.0,,2,It's my life,2.0,2.0,1,N/A,1120596155000,N/A,1040,N/A,,N/A,[],people,people
N/A,good,average,good,0,3776374,0,,good,5,PSYCH1,"Extremely boring-- goes over concepts too thoroughly, speaks too slowly-- she is perhaps &quot;over-clear.&quot; But the class is taught by 3 different teachers, one of whom is great, so the class is worth taking. Plus, even if Bushnell is boring, the subject matter is interesting.",05/03/2005,2.0,2.0,,3,Really into it,4.0,4.0,1,N/A,1115154672000,N/A,1040,N/A,,N/A,[],people,people
N/A,average,average,average,0,3460262,0,,poor,2,PSYCH1,No Comments,03/15/2005,3.0,3.0,,2,Sorta interested,2.0,2.0,1,N/A,1110911467000,N/A,1040,N/A,,N/A,[],people,people
N/A,average,average,average,0,3150457,0,,average,3,PSY1,"bushnell's lectures were unbelievably boring.  they were clear, but i fall asleep easily...the other profs were okay.  the class is good though...don't let bushnell stop you from taking it.  plus you dont need to go to lecture to do well...just do the reading and show up for tests (which arent bad)",01/03/2005,3.0,3.0,,3,Really into it,3.0,3.0,1,N/A,1104793547000,N/A,1040,N/A,,N/A,[],people,people
N/A,poor,average,poor,1,2933678,0,,poor,1,PSY27,"She is TERRIBLE!!! Never take a class with Bushnell. Her class is incredibly disorganized and she is such a loony. Her tests hardly reflect the material, and her lectures are just crazy.",12/07/2004,3.0,3.0,,2,Really into it,1.5,1.5,1,N/A,1102427239000,N/A,1040,N/A,,N/A,[],people,person
N/A,good,average,good,0,2765310,0,,awesome,5,PSYCH1,"although lectures are boring, she does a good job of explaining the topics without confusion.  plus, the the two other profs teach too so the class stays lively.",11/17/2004,2.0,2.0,,4,It's my life,4.5,4.5,1,N/A,1100695566000,N/A,1040,N/A,,N/A,[],people,people
N/A,average,average,average,0,2763371,0,,average,3,PSY001,SO boring. (however the class is taught by two other teachers that are REALLY good... so the class isnt a waste).,11/17/2004,3.0,3.0,,3,It's my life,3.0,3.0,1,N/A,1100686664000,N/A,1040,N/A,,N/A,[],people,people
N/A,poor,average,poor,0,1239267,0,,poor,1,PSYCH1,bushnell's lectures are so confusing and boring. hey emily- don't quit your night job,10/29/2003,3.0,3.0,,2,N/A,1.5,1.5,1,N/A,1067468282000,N/A,1040,N/A,,N/A,[],people,people
N/A,average,average,average,0,1179962,0,,average,2,PSYCH1,"she is crazy, really really crazy.",10/09/2003,3.0,3.0,,3,N/A,2.5,2.5,1,N/A,1065731683000,N/A,1040,N/A,,N/A,[],people,people
N/A,average,good,poor,0,733389,0,,poor,2,PSY148,No Comments,03/22/2003,4.0,4.0,,1,N/A,1.5,1.5,1,N/A,1048296540000,N/A,1040,N/A,,N/A,[],people,people
N/A,good,average,good,0,548979,0,,good,4,PS27,No Comments,02/07/2003,3.0,3.0,,4,N/A,4.0,4.0,1,N/A,1044624985000,N/A,1040,N/A,,N/A,[],people,people
