attendance,clarityColor,easyColor,helpColor,helpCount,id,notHelpCount,onlineClass,quality,rClarity,rClass,rComments,rDate,rEasy,rEasyString,rErrorMsg,rHelpful,rInterest,rOverall,rOverallString,rStatus,rTextBookUse,rTimestamp,rWouldTakeAgain,sId,takenForCredit,teacher,teacherGrade,teacherRatingTags,unUsefulGrouping,usefulGrouping
Mandatory,good,average,good,0,29532425,0,,awesome,5,HIS121,Amazing person. She is a real gem and I hope everyone has a chance to take a class with her. She makes Tufts seem less like a big university and more like a small liberal arts school.,02/03/2018,3.0,3.0,,5,N/A,5.0,5.0,1,No,1517616564000,Yes,1040,Yes,,N/A,"['Caring', 'Graded by few things', 'Amazing lectures']",people,people
Mandatory,good,average,good,0,29292958,0,,good,4,HIST0031,"She's a very nice lady who cares about her students a lot and doesn't try to make life difficult for them. She has no slides or textbook so you have to come to class and listen carefully, taking notes. Sometimes it's difficult to put things into context, but you're allowed a cheat sheet in the exam so that makes it so much better.",12/20/2017,3.0,3.0,,4,N/A,4.0,4.0,1,No,1513782607000,Yes,1040,Yes,,N/A,"['Caring', 'Participation matters']",people,people
Mandatory,good,average,good,0,27331327,0,,awesome,5,HIST0031,"Drachman is amazing! She's such a great lecturer and makes things clear and understanding. I've taken two classes with her already, and I'm planning on taking more!",12/05/2016,3.0,3.0,,5,N/A,5.0,5.0,1,No,1480903450000,Yes,1040,Yes,,B+,"['Amazing lectures', 'Accessible outside class', 'Get ready to read']",people,people
Mandatory,average,average,average,0,25298812,0,,poor,3,HIST 121,Seems to think that her class is the only one we're taking. Goes weeks with nothing assigned and then assigns two large assignments on the same day. Explains how to write a paper and micromanages group work like we are in high school. Class material is really interesting but the disorganization makes the class way less interesting than it should be,10/27/2015,3.0,3.0,,1,Really into it,2.0,2.0,1,Yes,1445950131000,N/A,1040,Yes,,N/A,['Get ready to read'],people,people
N/A,average,good,average,0,24839546,0,,good,3,HIST33,She's very passionate about the material but she is a tough grader!,05/15/2015,4.0,4.0,,4,Sorta interested,3.5,3.5,1,Yes,1431694711000,N/A,1040,Yes,,B+,"['Tough grader', 'Lecture heavy']",people,people
N/A,good,good,good,0,24816580,0,,good,4,HIST0031, She is a great women who is always willing to help but she is a really tough grader on in class essays so beware. ,05/13/2015,4.0,4.0,,4,Sorta interested,4.0,4.0,1,No,1431508697000,N/A,1040,Yes,,N/A,"['Caring', 'Tough grader']",people,people
N/A,good,average,good,0,24274511,0,,good,4,121,"Fantastic teacher, not an easy grader but definitely a fair one. She does a great job of facilitating discussion even though our class was rather large for a seminar. Really nice person and very helpful overall. ",01/12/2015,3.0,3.0,,4,It's my life,4.0,4.0,1,Yes,1421080461000,N/A,1040,Yes,,N/A,[],people,people
Mandatory,good,average,good,1,22233907,0,,awesome,5,HIST93,Girlhood in the 1950s was offered as a foundation seminar and it was one of the most engaging and interesting courses that I have taken at Tufts. She is one of the nicest professors and truly cares about her students. She loves the topic and really helps you see the nuances to the 1950s. HIGHLY recommend taking a course with Professor Drachman!,10/30/2013,2.0,2.0,,5,It's my life,5.0,5.0,1,Yes,1383142331000,N/A,1040,N/A,,A,[],people,person
N/A,good,average,good,0,20166647,0,,awesome,5,HIST0093,Professor Drachman is a good history professor. Courtship in America is a pretty easy seminarâ??we played board games for the entirety of one class periodâ??but you learn so much interesting stuff about womens' role in all aspects of American cultural history. Very understanding and sweet. Brings snacks to class!! :),05/01/2012,2.0,2.0,,4,Really into it,4.5,4.5,1,No,1335891488000,N/A,1040,N/A,,N/A,[],people,people
N/A,good,average,good,0,15716910,0,,good,4,HIS93,"Most people who take her class will find out all sorts of things about women's history that they never knew. A very interesting course, although my right hand nearly fell off from the mad scribbling of notes we had to do every lecture. Overall, I enjoyed learning about the topic very much, and I would be willing to take another class with her.",04/27/2009,2.0,2.0,,4,Low,4.0,4.0,1,Yes,1240856565000,N/A,1040,N/A,,N/A,[],people,people
N/A,good,average,good,0,10474917,0,,awesome,5,MANY,"Professor Drachman was my advisor from day 1 and I took 3 or 4 classes with her at Tufts.  Didn't do all that well, but I had never even realized how much women's history is ignored usually, so that was good.  Yes, she's self-interested, but also well-stud",09/09/2005,3.0,3.0,,5,It's my life,5.0,5.0,1,N/A,1126271011000,N/A,1040,N/A,,N/A,[],people,people
N/A,good,average,good,0,2044719,0,,good,5,HIS93,"Class was interesting but slow at times. Be prepared to take notes the whole time. She brought in a few fun ideas and activities, but the students' interest was not as high as hers. Tests were fair.",04/27/2004,2.0,2.0,,3,N/A,4.0,4.0,1,N/A,1083097380000,N/A,1040,N/A,,N/A,[],people,people
N/A,average,average,average,0,1543821,0,,average,3,HIST101,way in to her self. if it benefits her then she does it.  no altruistic qualities at all!,12/21/2003,3.0,3.0,,2,N/A,2.5,2.5,1,N/A,1072031579000,N/A,1040,N/A,,N/A,[],people,people
N/A,good,average,good,0,1337543,0,,awesome,5,HIST92,"very knowledgeable and enthusiastic, also friendly and approachable. excellent class, excellent professor.",11/17/2003,3.0,3.0,,5,N/A,5.0,5.0,1,N/A,1069066531000,N/A,1040,N/A,,N/A,[],people,people
N/A,average,poor,average,0,866838,0,,average,3,HIS93,"Very, very self-interested (makes you buy and read her own book). Class on 20th C women should have been called  white, upper class women in the 20th Century.  Very one-sided view of history. Boo.",04/22/2003,1.0,1.0,,3,N/A,3.0,3.0,1,N/A,1051023470000,N/A,1040,N/A,,N/A,[],people,people
N/A,average,poor,average,0,755357,0,,average,3,AMERSOC,"More self interested; interested in teaching a course. Needs to not be teaching, but rather running her exhibit",03/28/2003,1.0,1.0,,3,N/A,3.0,3.0,1,N/A,1048810626000,N/A,1040,N/A,,N/A,[],people,people
N/A,poor,good,poor,0,544192,2,,awful,1,HIST,awful,02/05/2003,5.0,5.0,,1,N/A,1.0,1.0,1,N/A,1044479868000,N/A,1040,N/A,,N/A,[],people,people
