attendance,clarityColor,easyColor,helpColor,helpCount,id,notHelpCount,onlineClass,quality,rClarity,rClass,rComments,rDate,rEasy,rEasyString,rErrorMsg,rHelpful,rInterest,rOverall,rOverallString,rStatus,rTextBookUse,rTimestamp,rWouldTakeAgain,sId,takenForCredit,teacher,teacherGrade,teacherRatingTags,unUsefulGrouping,usefulGrouping
N/A,poor,good,average,0,26622147,0,,poor,1,BIO14,She's very sweet but her lectures are unclear and she doesn't explain concepts very well. Test questions are confusing and have double and triple negatives which can be quite frustrating to deal with.,05/20/2016,5.0,5.0,,3,N/A,2.0,2.0,1,No,1463709861000,N/A,1040,Yes,,B,['Tough grader'],people,people
N/A,poor,good,poor,0,26513731,0,,poor,1,BIO14,"Ambiguous wording, asks you to draw conclusions on topics or terms she mentioned only in name, not in function in maybe one lecture. Only way to succeed, find tests from previous years and study them religiously.",05/09/2016,5.0,5.0,,2,N/A,1.5,1.5,1,Yes,1462805247000,N/A,1040,Yes,,N/A,['Tough grader'],people,people
N/A,poor,good,average,3,26066252,0,,poor,1,BIO14,"Her tests have the most ambiguous wording possible, allowing for at least 2 or 3 arguably possible answers and, at one point, a triple negative. Across the board low scores on her tests.",02/18/2016,5.0,5.0,,3,Really into it,2.0,2.0,1,No,1455792380000,N/A,1040,Yes,,N/A,['Tough grader'],people,people
N/A,average,good,average,2,26065006,0,,average,2,BIO14,"Quiet speaker, very confusing lectures. Goes on seemingly unimportant tangents or uses strange examples that are then made the focus of her examinations. She told us that calculations are the central part of her exams, but they barely made up 10%. Memorize everything in order to regurgitate it on tests, no matter how seemingly random and unrelated.",02/17/2016,5.0,5.0,,3,It's my life,2.5,2.5,1,No,1455745820000,N/A,1040,Yes,,B,['Tough grader'],people,people
N/A,average,average,average,1,24392690,0,,good,3,BIO14,"Professor Chew struck me as a nice lady. She clearly knows a lot about population biology and explained most of the concepts very well. She also held a lot of office hours and review sessions, so if you have a question make use of them. I will warn that her exam questions are difficult because she likes ""choose the false answer"", ",02/18/2015,3.0,3.0,,4,Really into it,3.5,3.5,1,Yes,1424251457000,N/A,1040,Yes,,N/A,[],people,person
