attendance,clarityColor,easyColor,helpColor,helpCount,id,notHelpCount,onlineClass,quality,rClarity,rClass,rComments,rDate,rEasy,rEasyString,rErrorMsg,rHelpful,rInterest,rOverall,rOverallString,rStatus,rTextBookUse,rTimestamp,rWouldTakeAgain,sId,takenForCredit,teacher,teacherGrade,teacherRatingTags,unUsefulGrouping,usefulGrouping
Mandatory,good,average,good,0,31005199,0,,awesome,5,ENG13,Best prof I've ever had. Really helpful outside of class and genuinely cares about the stories you submit. Wants you to succeed and will help you do so if you put in the time and effort. Can't recommend advanced fiction writing highly enough,12/13/2018,3.0,3.0,,5,N/A,5.0,5.0,1,No,1544717192000,Yes,1040,Yes,,N/A,"['Accessible outside class', 'Caring', 'Gives good feedback']",people,people
Not Mandatory,good,average,good,0,30100110,0,,awesome,5,ENG77,"Modern Mind will make you think about the world and yourself like you never have before, and I adored it. He's an easy grader on essays (there are 2), and the essays can be about anything at all that relates. There's one pretty unimportant quiz on the stuff he covers in class. No power points; he just talks at you the whole class, so pay attention!",05/14/2018,2.0,2.0,,5,N/A,5.0,5.0,1,Yes,1526304430000,Yes,1040,Yes,,A,"['Amazing lectures', 'Graded by few things', 'Hilarious']",people,people
N/A,good,good,good,0,23241891,0,,awesome,4,MODERNMIND,"Professor Cantor is the best teacher I've ever had. He fits my vision of what a professor should be. Places the emphasis on learning, lets the material speak for itself, and allows the class to engage. Doesn't focus on petty details, looks to see if students actually learned. lectures are like great stories. The material changed my outlook on life.",05/13/2014,4.0,4.0,,5,Really into it,4.5,4.5,1,Yes,1400024230000,N/A,1040,N/A,,N/A,[],people,people
N/A,good,average,good,0,23197385,0,,good,4,ENG77,"I can' tell if he's being ironic and trying to fight against the conventional system of schooling/grades, or just doesn't care at all. Example: He forgot to print out enough final exams so our class got automatic 100%. Either way though, his lectures always get to you think differently about the world. This class was different, but worth taking.",05/08/2014,2.0,2.0,,4,Sorta interested,4.0,4.0,1,No,1399551466000,N/A,1040,N/A,,N/A,[],people,people
N/A,good,average,good,0,15640657,0,,awesome,4,ENG33,"His Modern Mind class was fantastic for learning about Marx, Freud, and Nietszche. Only 1 paper as any kind of work all semester, but it's a bear. Turns out he doesn't even read/grade them unless you ask for feedback. Disappointing. Still, phenomenal class to take for a rambling genius to enlighten you on some of the great thinkers",04/12/2009,3.0,3.0,,5,Really into it,4.5,4.5,1,Yes,1239578448000,N/A,1040,N/A,,N/A,[],people,people
N/A,good,average,good,0,14432693,0,,awesome,5,MODRNMIND,"He's down to earth, has a sense of humor and shows the students he's a human being outside of academia.  This is what a professor should be.  The workload was manageable and provided some flexibility, allowing for creativity within the realm of the assignments.  Some people cannot handle independence. If you can't, don't take the class.",05/08/2008,2.0,2.0,,5,Really into it,5.0,5.0,1,Yes,1210277255000,N/A,1040,N/A,,N/A,[],people,people
N/A,average,average,average,0,11870240,0,,average,3,MODEURNOV,"I knew from the second I didn't laugh at one of his jokes, but the rest of the class was peeing themselves, that I would be alone in hating this class.  I never felt that he tried to include others in discussion.  I never felt he cared about getting to know the class.  But everyone else seems to worship the ground he walks on, so what do I know.",05/11/2006,3.0,3.0,,2,Low,2.5,2.5,1,N/A,1147363646000,N/A,1040,N/A,,N/A,[],people,people
N/A,average,average,average,0,11432132,0,,average,3,ENG77,"Prof Cantor offered many interesting ideas, but he is not very open to the ideas and opinions of others, especially if they differ from his.  He is funny and amusing at times, but his teaching style leaves much to be desired.",01/29/2006,2.0,2.0,,2,Really into it,2.5,2.5,1,N/A,1138567875000,N/A,1040,N/A,,N/A,[],people,people
N/A,average,average,good,0,2140147,0,,good,3,MODEURNOVL,Thoroughly wonderful.,05/13/2004,3.0,3.0,,5,N/A,4.0,4.0,1,N/A,1084487072000,N/A,1040,N/A,,N/A,[],people,people
N/A,good,average,good,0,1530466,0,,awesome,5,ENG77,"Cantor is eccentric, sporadic, and overly wonderful. He is very willing to engage students in an effort to develop their writing and thinking skills. He is clearly a master of his subjects, and is funny and kind to boot. Take his class; laugh at his jokes",12/18/2003,2.0,2.0,,5,N/A,5.0,5.0,1,N/A,1071750341000,N/A,1040,N/A,,N/A,[],people,people
N/A,good,average,good,0,1342670,0,,good,4,ENG048,"Not the most logical teacher, but very entertaining and incredibly smart. His class leaves you thinking for the rest of the day.",11/17/2003,3.0,3.0,,4,N/A,4.0,4.0,1,N/A,1069103672000,N/A,1040,N/A,,N/A,[],people,people
N/A,good,average,good,0,975865,0,,awesome,5,ENG90,One of the most passionate and inspirational teachers I've ever had.  Read his books- they're funny!,05/21/2003,2.0,2.0,,5,N/A,5.0,5.0,1,N/A,1053525264000,N/A,1040,N/A,,N/A,[],people,people
N/A,good,average,good,0,891885,0,,awesome,5,ENGLISH15,"He is intelligent and engaging, and his randomness will definitely keep you entertained!",04/27/2003,3.0,3.0,,5,N/A,5.0,5.0,1,N/A,1051446057000,N/A,1040,N/A,,N/A,[],people,people
N/A,poor,average,poor,0,866958,1,,awful,1,ENGLISH91,he is so irrational,04/22/2003,2.0,2.0,,1,N/A,1.0,1.0,1,N/A,1051024589000,N/A,1040,N/A,,N/A,[],person,people
N/A,good,average,good,0,864575,0,,awesome,5,ENG156,"Brilliant, hilarious, a great character.",04/22/2003,3.0,3.0,,5,N/A,5.0,5.0,1,N/A,1051002975000,N/A,1040,N/A,,N/A,[],people,people
N/A,good,average,good,0,541542,0,,good,5,71,a very witty man,02/04/2003,2.0,2.0,,3,N/A,4.0,4.0,1,N/A,1044402914000,N/A,1040,N/A,,N/A,[],people,people
N/A,good,average,good,0,268045,0,,awesome,5,ENG77,"He's like Woody Allen, but in a good way.  I'd take any class that he taught.",09/22/2002,2.0,2.0,,5,N/A,5.0,5.0,1,N/A,1032666290000,N/A,1040,N/A,,N/A,[],people,people
