attendance,clarityColor,easyColor,helpColor,helpCount,id,notHelpCount,onlineClass,quality,rClarity,rClass,rComments,rDate,rEasy,rEasyString,rErrorMsg,rHelpful,rInterest,rOverall,rOverallString,rStatus,rTextBookUse,rTimestamp,rWouldTakeAgain,sId,takenForCredit,teacher,teacherGrade,teacherRatingTags,unUsefulGrouping,usefulGrouping
Mandatory,good,average,good,4,27721719,0,,awesome,5,PSY53,"Overall, I think he's a great professor who really cares about whether students understand the course content and do well on the quizzes and exams. The material is great, and he gives a ton of examples and anecdotes to help drive home the points. You have to come to class and participate, it's a BIG part of your grade. I suggest taking his classes!",01/12/2017,3.0,3.0,,5,N/A,5.0,5.0,1,No,1484227846000,Yes,1040,Yes,,A,"['Respected', 'Participation matters', ""Skip class? You won't pass.""]",people,people
Mandatory,poor,average,poor,0,27144694,4,,awful,1,PSY53,I really don't like this guy. He wastes insane amounts of time giving an unnecessary number of examples for everything he says and wants everyone to participate even though it's a huge class. Boring and dry material when I thought it could be really interesting.,11/07/2016,2.0,2.0,,1,N/A,1.0,1.0,1,No,1478542328000,No,1040,Yes,,A-,"[""Skip class? You won't pass.""]",people,people
Mandatory,good,average,good,1,26676671,0,,awesome,5,PSY130,"He teaches PSY53 and PSY130. The first one is awesome and he lectures every class - clear, engaging, and knowledgeable. The second is all student-led and he only teaches like 3 of the class sessions. Wish he would teach the entire thing, he's a great professor to learn from.",05/31/2016,3.0,3.0,,5,N/A,5.0,5.0,1,No,1464727603000,Yes,1040,Yes,,A-,"['Inspirational', 'Participation matters', 'Tough grader']",people,person
Mandatory,good,poor,good,2,25620987,1,,awesome,5,PSY53,"Clear and engaging lecturer, very nice and knowledgable guy. Super interesting course material and the class is a breeze save for the fact that it's 9AM on Fridays most semesters.",12/10/2015,1.0,1.0,,5,Really into it,5.0,5.0,1,No,1449709615000,N/A,1040,Yes,,A-,"['Participation matters', 'Respected', 'Amazing lectures']",person,people
Mandatory,good,average,good,0,24260176,0,,awesome,4,PSY53,"Puts a lot of time and energy into the students, a great mentor for students in the eng psych major, though he's not usually on site at Tufts. Can help you find an internship, has a lot of connections. I wish we could have him as an advisor, but he's adjunct professor or something.",01/09/2015,2.0,2.0,,5,Really into it,4.5,4.5,1,Yes,1420816504000,N/A,1040,Yes,,A-,"['Tough grader', 'Caring', 'Participation matters']",people,people
Mandatory,good,average,good,0,23158879,0,,awesome,5,PSY130,"fun, engaging - keeps lectures interesting. better than most other ENP and HF profs who can be boring and dry and get stuck on certain topics like air traffic control over and over and over again. material not very exciting but at least you get to choose your own materials in advanced class. always on email. like always, really.",05/04/2014,2.0,2.0,,5,Really into it,5.0,5.0,1,Yes,1399191914000,N/A,1040,N/A,,A,[],people,people
N/A,good,average,good,1,23141536,0,,awesome,5,PSY130,"""Dr. B"" cares about his students, has tons of scientific knowledge, and does a nice job explaining things with examples. If you're an EngPsych major you'll have to take both of his classes. Good stuff, though second semester he makes everyone do weekly presentations so that sucks.",05/01/2014,2.0,2.0,,5,Really into it,5.0,5.0,1,Yes,1398954376000,N/A,1040,N/A,,N/A,[],people,person
N/A,good,poor,average,0,18057135,0,,average,5,PSY53,Great teacher.  Fairly easy class.  Quizzes everyday that are on the readings which are  minimal and interesting.  Tests are right off the slides.  Easy A.,12/28/2010,1.0,1.0,,1,Sorta interested,3.0,3.0,1,No,1293574536000,N/A,1040,N/A,,N/A,[],people,people
N/A,good,average,good,0,17848639,1,,good,4,PSY53,"Decent professor, but he goes over my head once in a while. Shows a lot of math, logarithmic functions, and other nonsensical things that a liberal arts student like myself finds confusing. I'll take his class next semester, but ask him to go slow through the numbers. j/k",12/02/2010,3.0,3.0,,4,Really into it,4.0,4.0,1,No,1291323177000,N/A,1040,N/A,,N/A,[],person,people
N/A,good,average,good,0,15939814,1,,awesome,4,PSY130,"Dr. Brunye is pretty neat, his lectures and projects put me on the edge of my seat. When I suggest classes for my friends to take, I say 'take his for heaven's sake!'",06/07/2009,3.0,3.0,,5,Really into it,4.5,4.5,1,No,1244386885000,N/A,1040,N/A,,N/A,[],person,people
N/A,good,average,good,0,15112145,0,,good,4,PSY53,"The professor is fair and kind, and seems like he knows the area very well. Also he is relatively young so he relates to us students. Cons: he can be a bit harsh in his grading.",12/05/2008,3.0,3.0,,4,Really into it,4.0,4.0,1,No,1228468936000,N/A,1040,N/A,,N/A,[],people,people
N/A,good,good,good,0,14092413,0,,awesome,4,PSYC53,"Tad's great, really enjoyed him as a professor. However, be warned that he is a HARD GRADER.",02/13/2008,5.0,5.0,,5,Sorta interested,4.5,4.5,1,Yes,1202916679000,N/A,1040,N/A,,N/A,[],people,people
N/A,good,average,good,0,12479348,0,,awesome,4,PSYC41,"Crazy helpful! Always around, and always knows how to help with research designs and analyses, I seriously don't know what I would have done without all of his help. Definitely recommend taking a class with him as a TA!",11/28/2006,3.0,3.0,,5,Really into it,4.5,4.5,1,Yes,1164711992000,N/A,1040,N/A,,N/A,[],people,people
N/A,good,good,good,0,2277607,0,,awesome,4,PSYCH1,Good class!,06/27/2004,4.0,4.0,,5,N/A,4.5,4.5,1,N/A,1088343342000,N/A,1040,N/A,,N/A,[],people,people
