attendance,clarityColor,easyColor,helpColor,helpCount,id,notHelpCount,onlineClass,quality,rClarity,rClass,rComments,rDate,rEasy,rEasyString,rErrorMsg,rHelpful,rInterest,rOverall,rOverallString,rStatus,rTextBookUse,rTimestamp,rWouldTakeAgain,sId,takenForCredit,teacher,teacherGrade,teacherRatingTags,unUsefulGrouping,usefulGrouping
Mandatory,good,average,good,0,23497857,0,,awesome,4,ENG01,"She is great for English. Chooses interesting reading, that are not overwhelming. The essays are also not hard and you have plenty of time to do them. She meets with each student individually and really cares about your progress.",08/04/2014,2.0,2.0,,5,Sorta interested,4.5,4.5,1,No,1407158483000,N/A,1040,N/A,,N/A,[],people,people
Mandatory,good,average,good,0,22271312,0,,awesome,4,ENG0002,Love the class!,11/06/2013,3.0,3.0,,5,Really into it,4.5,4.5,1,No,1383780410000,N/A,1040,N/A,,N/A,[],people,people
N/A,good,average,good,0,19148345,0,,good,4,ENG1,great,11/02/2011,3.0,3.0,,4,Really into it,4.0,4.0,1,Yes,1320259364000,N/A,1040,N/A,,N/A,[],people,people
N/A,average,average,good,0,19112752,0,,good,3,ENG0001,"Very mellow, but extremely funny and charismatic. Fun :). Knows her stuff and teaches it well. Really good step by step instruction. Made me a better writer :)",10/26/2011,3.0,3.0,,5,Sorta interested,4.0,4.0,1,Yes,1319658965000,N/A,1040,N/A,,N/A,[],people,people
N/A,average,average,average,0,18047822,0,,good,3,ENG1,,12/27/2010,3.0,3.0,,4,Low,3.5,3.5,1,Yes,1293418306000,N/A,1040,N/A,,N/A,[],people,people
