attendance,clarityColor,easyColor,helpColor,helpCount,id,notHelpCount,onlineClass,quality,rClarity,rClass,rComments,rDate,rEasy,rEasyString,rErrorMsg,rHelpful,rInterest,rOverall,rOverallString,rStatus,rTextBookUse,rTimestamp,rWouldTakeAgain,sId,takenForCredit,teacher,teacherGrade,teacherRatingTags,unUsefulGrouping,usefulGrouping
Mandatory,good,average,good,0,25975741,0,,awesome,5,FRENCH3,Prof Detwiller was the most clear french professor that I've had at Tufts. She creates these ingenious study sheets that help you so much with confusing french grammar rules,01/21/2016,2.0,2.0,,5,Really into it,5.0,5.0,1,Yes,1453382691000,N/A,1040,Yes,,A-,"['Participation matters', 'Lots of homework', 'Gives good feedback']",people,people
Mandatory,good,average,good,0,24181720,0,,awesome,5,FR3,"Professor Detwiller was by far my favorite french professor at Tufts. As a student that really struggles with languages, she was really helpful in making the material very graspable. She does stress in class participation though, but even the shyest students will find that manageable. ",12/24/2014,3.0,3.0,,5,Sorta interested,5.0,5.0,1,Yes,1419419117000,N/A,1040,Yes,,N/A,"[""Skip class? You won't pass."", 'Caring', 'Participation matters']",people,people
N/A,good,average,good,0,23856082,0,,awesome,5,FRENCH3,She is a very good teacher and an easy grader. ,11/19/2014,2.0,2.0,,5,Low,5.0,5.0,1,Yes,1416433552000,N/A,1040,Yes,,N/A,[],people,people
N/A,good,average,good,0,23787883,0,,good,4,FR04,"Detwiller is really awesome and helpful and nice. She's the best french teacher I've had (to be honest, that's not saying much). But she's very encouraging and will make sure you get things right.",11/11/2014,2.0,2.0,,4,Meh,4.0,4.0,1,Yes,1415717352000,N/A,1040,Yes,,N/A,"['Respected', 'Caring']",people,people
Mandatory,average,average,average,0,23730713,0,,good,3,FR3,"Madame Detwiller teaches this class with a lot of enthusiasm, and because of the range of ability, slows down or speeds up depending on what students need. Also not one of those French teachers who refuse to speak English, if you have a problem you can get a clear answer. Highly recommend!",11/03/2014,3.0,3.0,,4,Really into it,3.5,3.5,1,Yes,1415008944000,N/A,1040,Yes,,N/A,"[""Skip class? You won't pass.""]",people,people
Mandatory,good,average,good,0,23705707,0,,awesome,5,FR3AND4,"Madame was the sweetest professor ever - she, along with my small class, made my freshman year fantastic. She was helpful and forgiving in certain situations, and she totally changed my perspective on french. (I hated it in high school, but loved it in her class.) I wish she taught every level!!",10/28/2014,3.0,3.0,,5,Really into it,5.0,5.0,1,Yes,1414511414000,Yes,1040,Yes,,N/A,"['Respected', 'Participation matters']",people,people
N/A,good,average,good,0,23051986,0,,good,4,FR0003,Good teacher. Actually makes you do the work/reading.,04/16/2014,3.0,3.0,,4,Low,4.0,4.0,1,Yes,1397690668000,N/A,1040,N/A,,N/A,[],people,people
Mandatory,good,average,good,0,22592998,0,,good,4,FR3,"Detweller is a very good teacher in terms of explaining french grammar and vocab. However, I found the class to be incredibly boring.",12/17/2013,2.0,2.0,,4,Sorta interested,4.0,4.0,1,Yes,1387313413000,N/A,1040,N/A,,N/A,[],people,people
N/A,good,poor,good,0,19708779,0,,awesome,5,FR0003,Absolutely amazing.,01/11/2012,1.0,1.0,,5,Really into it,5.0,5.0,1,Yes,1326250053000,N/A,1040,N/A,,N/A,[],people,people
N/A,good,average,good,0,16388721,0,,awesome,5,FREN003,Great teacher. She's so helpful and really cares about her students. If you have a slip up or two in terms of handing in assignments she'll excuse you.,11/18/2009,3.0,3.0,,5,Really into it,5.0,5.0,1,Yes,1258509378000,N/A,1040,N/A,,N/A,[],people,people
