attendance,clarityColor,easyColor,helpColor,helpCount,id,notHelpCount,onlineClass,quality,rClarity,rClass,rComments,rDate,rEasy,rEasyString,rErrorMsg,rHelpful,rInterest,rOverall,rOverallString,rStatus,rTextBookUse,rTimestamp,rWouldTakeAgain,sId,takenForCredit,teacher,teacherGrade,teacherRatingTags,unUsefulGrouping,usefulGrouping
N/A,good,good,good,0,17818212,0,,awesome,5,CLS26,Simply the best prof i have ever had. If you are fortunate enough to have him in your college i advise you to TAKE HIS CLASS!!its hard but its very much worth it.even if you are not interested in the subject after his class you will be.,11/25/2010,5.0,5.0,,4,Low,4.5,4.5,1,Yes,1290682330000,N/A,1040,N/A,,N/A,[],people,people
N/A,good,good,good,0,16310380,0,,awesome,5,CLS26,"This class was extremely interesting. He is very knowledgeable on Egypt and it's wonderful to be in a class where the professor LOVES the topic. Fair tests! Go to class, it helps a lot.",11/03/2009,4.0,4.0,,4,Sorta interested,4.5,4.5,1,Yes,1257292761000,N/A,1040,N/A,,N/A,[],people,people
N/A,good,good,good,0,14943755,0,,awesome,5,CLS26,"A phenominal professor! I would definitely recommend the course; even though it is rigorous, he really does a great job of making you enjoy the material.",11/05/2008,4.0,4.0,,5,Really into it,5.0,5.0,1,No,1225905491000,N/A,1040,N/A,,N/A,[],people,people
N/A,good,average,average,0,14378268,0,,good,4,ARCH26,"Class was pretty boring - his PowerPoints are pretty to look at, but his lectures can get tiring quickly. But, it IS ancient Egypt so the class, naturally, is interesting. Midterm was fair but the final was far too hard for its own good. If you're looking for a relatively easy art class, with 2 field trips(!), this is a good one to take.",04/30/2008,2.0,2.0,,3,Really into it,3.5,3.5,1,No,1209590844000,N/A,1040,N/A,,N/A,[],people,people
N/A,good,good,good,0,13080406,0,,awesome,4,CLS120,"Prof. Der Manuelian is by far the best professor i have had at Tufts so far. He is really caring and wants his student to do well. And this class, Egyptian Hieroglyphs I, is really really interesting. I recommend it to anybody with even a slight interest.",04/29/2007,4.0,4.0,,5,Really into it,4.5,4.5,1,Yes,1177872563000,N/A,1040,N/A,,N/A,[],people,people
N/A,good,good,good,0,12970906,0,,awesome,5,CLS0083,"He's AWESOME. Take his classes. All of them. I would if I could. I took Egyptian Literature in Translation and it was AMAZING. Heavy focus on class discussion; classes are kind of unstructured but that leaves A LOT of room for expressing your opinion. Oh, and also, he gives you free stuff. Gummy crocodiles. And posters from the MFA. :)",04/04/2007,4.0,4.0,,5,It's my life,5.0,5.0,1,Yes,1175689910000,N/A,1040,N/A,,N/A,[],people,people
Not Mandatory,good,good,good,0,10913792,0,,awesome,5,EGYPTIANARCH,"I had Peter first as a teacher and then as a boss for the course of a summer. He is one of the most caring, smart, generous professors out there.",11/15/2005,4.0,4.0,,5,It's my life,5.0,5.0,1,N/A,1132079986000,N/A,1040,N/A,,N/A,[],people,people
N/A,good,average,good,0,10214250,0,,awesome,5,EGYPTIAN101,I would give him 10 chili peppers if I could!!,09/07/2005,3.0,3.0,,5,It's my life,5.0,5.0,1,N/A,1126103001000,N/A,1040,N/A,,N/A,[],people,people
N/A,good,good,good,0,3600682,0,,awesome,5,ARCH188,Peter is kindest teacher in the classics department and actually cares about the undergrads,04/11/2005,4.0,4.0,,5,It's my life,5.0,5.0,1,N/A,1113233711000,N/A,1040,N/A,,N/A,[],people,people
N/A,good,average,good,0,1772264,0,,awesome,4,ARCH,"Peter's classes can be a bit slow paced, but he is the most friendly guy ever. If you're stuck on a project, he helps you get going. The only bad thing is that he is TOO knowledgeable on Egypt so you have to really know your stuff for presentations/papers",03/03/2004,3.0,3.0,,5,N/A,4.5,4.5,1,N/A,1078329178000,N/A,1040,N/A,,A,[],people,people
N/A,good,average,good,0,864879,0,,awesome,5,ARCH,His classes are wonderful: they are always illustrated with slides and with his personal experience in archaeology. He's kind and caring and wants you to do well in his class. Try Egyptian Hieroglyphs if you get the chance!,04/22/2003,3.0,3.0,,5,N/A,5.0,5.0,1,N/A,1051007232000,N/A,1040,N/A,,N/A,[],people,people
