attendance,clarityColor,easyColor,helpColor,helpCount,id,notHelpCount,onlineClass,quality,rClarity,rClass,rComments,rDate,rEasy,rEasyString,rErrorMsg,rHelpful,rInterest,rOverall,rOverallString,rStatus,rTextBookUse,rTimestamp,rWouldTakeAgain,sId,takenForCredit,teacher,teacherGrade,teacherRatingTags,unUsefulGrouping,usefulGrouping
Mandatory,good,good,good,0,25179325,0,,good,4,MUS001,Four listening projects throughout the course. The projects made me work really hard to get satisfied grade. Professor Bernstein is very passionate and knowledgable about the stuffs she's teaching and the music pieces she introduced to us are also a joy. ,09/09/2015,4.0,4.0,,4,Really into it,4.0,4.0,1,No,1441785909000,N/A,1040,Yes,,A-,[],people,people
N/A,good,average,good,0,19714878,0,,awesome,5,MUS97,Professor Bernstein is fantastic! Her energy and excitement for the subject is contagious--especially great with Western composers and Beethoven.,01/12/2012,2.0,2.0,,5,It's my life,5.0,5.0,1,Yes,1326328562000,N/A,1040,N/A,,N/A,[],people,people
N/A,average,poor,average,0,16372643,0,,average,2,MUS97,"Interesting class, but she was all over the place, which got frustrating at times.",11/15/2009,1.0,1.0,,4,Sorta interested,3.0,3.0,1,No,1258318453000,N/A,1040,N/A,,N/A,[],people,people
N/A,good,good,good,0,14414937,0,,awesome,5,MUS42,she is really passionate about the class and a wonderful professor.  she really cares about her students.,05/06/2008,4.0,4.0,,5,Really into it,5.0,5.0,1,Yes,1210095015000,N/A,1040,N/A,,N/A,[],people,people
N/A,good,good,good,0,13605820,0,,awesome,4,MUSIC42,"She is an amazing professor with a real interest in what she does. Although she's pretty tough and intimidating at first, she relaxes as the class goes on. Be prepared to work, but it's really worth it to take a class with her!",11/06/2007,4.0,4.0,,5,Sorta interested,4.5,4.5,1,Yes,1194364038000,N/A,1040,N/A,,N/A,[],people,people
N/A,good,average,good,0,13361277,0,,awesome,4,MUS8,Very enthusiatic and kind. Mozart was a great class!,07/28/2007,3.0,3.0,,5,Really into it,4.5,4.5,1,No,1185632565000,N/A,1040,N/A,,N/A,[],people,people
N/A,good,good,good,0,12328496,0,,good,5,MUS42,really enthusiastic,10/29/2006,4.0,4.0,,3,It's my life,4.0,4.0,1,Yes,1162080703000,N/A,1040,N/A,,N/A,[],people,people
N/A,poor,good,poor,0,4014352,0,,awful,1,MUS08,don't,06/20/2005,5.0,5.0,,1,Meh,1.0,1.0,1,N/A,1119255366000,N/A,1040,N/A,,N/A,[],people,people
