attendance,clarityColor,easyColor,helpColor,helpCount,id,notHelpCount,onlineClass,quality,rClarity,rClass,rComments,rDate,rEasy,rEasyString,rErrorMsg,rHelpful,rInterest,rOverall,rOverallString,rStatus,rTextBookUse,rTimestamp,rWouldTakeAgain,sId,takenForCredit,teacher,teacherGrade,teacherRatingTags,unUsefulGrouping,usefulGrouping
Not Mandatory,average,good,average,0,31890381,0,,average,3,SPAN002,"I've taken two classes with Haltom - she is known to be an easy grader, fair, and will work with you to pass. She assigns a LOT of homework, plus comps etc, but that is more due to the department than anything else. I would've taken spanish 1-3 with her if I could. Be prepared to read, memorize and be called on in class but she allows make-ups.",05/16/2019,4.0,4.0,,3,N/A,3.0,3.0,1,Yes,1558014860000,Yes,1040,Yes,,B,"['So many papers', 'Lots of homework', 'Participation matters']",people,people
Mandatory,good,average,good,0,31516463,0,,awesome,5,SPAN002,I absolutely loved taking Spanis 002 with professor Haltom. She is so kind and very accessible and you can tell that she really cares about her students. She is passionate in what she is teaching and the work load for her class is very reasonable.,04/02/2019,3.0,3.0,,5,N/A,5.0,5.0,1,Yes,1554225274000,Yes,1040,Yes,,Not sure yet,"['Respected', 'Caring', 'Gives good feedback']",people,people
Mandatory,good,average,good,0,25956635,0,,awesome,5,SPN0002,"Professor Haltom was a great professor!Personally, I'm not crazy about the language requirement, but she made it as good as it could be. There was a lot of busy work,but there always will be in language classes. She did a great job of explaining everything and will sit down with you if you need help. Participation definitely matters and do the work",01/18/2016,2.0,2.0,,5,Sorta interested,5.0,5.0,1,Yes,1453116792000,N/A,1040,Yes,,A,"['Lots of homework', 'Gives good feedback', 'Participation matters']",people,people
Mandatory,good,average,good,0,25863979,1,,good,4,SPAN1,"Professor Haltom is great. The class isn't too difficult, but it requires a lot of busy work. Keep up with the textbook and the online exercises to do well.",01/03/2016,2.0,2.0,,4,Sorta interested,4.0,4.0,1,Yes,1451818873000,N/A,1040,Yes,,A-,"['Lots of homework', 'Clear grading criteria', 'Participation matters']",person,people
N/A,good,average,good,0,21487178,0,,awesome,5,SPA002,Took Spanish 2 with Pam.  All but 2 classes are mandatory and there are lots of assignments but no in class quizzes.  Good at teaching. Average Spanish speakers bot A- and B+ not A.,04/04/2013,2.0,2.0,,5,Sorta interested,5.0,5.0,1,Yes,1365090260000,N/A,1040,N/A,,N/A,[],people,people
N/A,average,average,average,0,19771600,0,,good,3,SPN1,Professor Haltom is a super nice professor and the class is not terribly difficult. She's not very strict with homework and the tests are very manageable. I'm taking her class again for Spanish 2 because I liked her so much!,01/25/2012,2.0,2.0,,4,Really into it,3.5,3.5,1,Yes,1327524670000,N/A,1040,N/A,,N/A,[],people,people
N/A,good,average,good,1,19527056,0,,awesome,5,SPNIIA,Honestly one of the friendliest and most helpful teachers I've had.  Super willing to help her students if they are struggling and gives plenty of extra credit.  Just make sure to get to class on time.,12/15/2011,2.0,2.0,,5,Sorta interested,5.0,5.0,1,Yes,1323969832000,N/A,1040,N/A,,N/A,[],people,person
N/A,good,poor,good,0,19373062,0,,awesome,5,SPN1,The BEST spanish teacher at Tufts.  She is  wonderful! She makes learning a language a delight. She's a great teacher and a wonderful person. She genuinely cares about her students and goes out of her way to make sure they succeed. I took spanish 1 with her and switched out of my spanish 2 class with another prof to take it with her. AMAZING.,12/03/2011,1.0,1.0,,5,Low,5.0,5.0,1,Yes,1322952778000,N/A,1040,N/A,,N/A,[],people,people
N/A,good,average,good,0,18078326,0,,awesome,5,SPN001,"Prof. Haltom was a sunny, chipper presence early in the morning. She deeply cares about her students' understanding. Her presentation is clear, and encourages speaking - you are not ridiculed for making mistakes in class. Substantial amount of busy work, but that is to be expected at this level. Her cultural and historical anecdotes were great!",01/03/2011,3.0,3.0,,5,Really into it,5.0,5.0,1,Yes,1294059116000,N/A,1040,N/A,,N/A,[],people,people
N/A,good,average,good,0,16678917,0,,awesome,5,SPN002,She's a fair teacher and it's an easy class if you try. She also provides plenty of extra credit.,01/05/2010,2.0,2.0,,5,Sorta interested,5.0,5.0,1,Yes,1262650709000,N/A,1040,N/A,,N/A,[],people,people
N/A,good,average,good,0,15657744,0,,awesome,5,SPAN002,Senora Haltom was great. She was extremely patient and very accessible outside of class. I would highly recommend her class!,04/15/2009,2.0,2.0,,5,Sorta interested,5.0,5.0,1,Yes,1239831090000,N/A,1040,N/A,,N/A,[],people,people
N/A,good,average,good,0,13686369,0,,awesome,5,SPN1,Profesora Haltom is awesome. She really works hard not only to get to know every student but also to make sure that everyone understands and comprehends the language as well as what is expected in every assignment. I had her for both Spanish 1 and 2 and would have chosen her for 3 if   she taught it.,11/20/2007,2.0,2.0,,5,Sorta interested,5.0,5.0,1,Yes,1195597376000,N/A,1040,N/A,,N/A,[],people,people
N/A,good,poor,good,0,11910546,0,,good,4,SPN22XBTEATRO,"enthusiastic, extremely nice, made the class very easy by going over everything on the tests. held our hands a little too much - classes got repetetive, she spends most of the time explaining. somewhat open to alternate views.",05/18/2006,1.0,1.0,,4,Really into it,4.0,4.0,1,N/A,1147974135000,N/A,1040,N/A,,N/A,[],people,people
N/A,good,average,average,0,11155367,0,,good,4,SPN1,"She is a sweet lady who presents the material fairly clearly.  She is very energized, and sometimes moves too quickly to really listen to students' questions.  Overall, however, very reasonable and very understanding.  The syllabus is straightforward, as are the tests.  I would recommend her to anyone.",12/14/2005,2.0,2.0,,3,Really into it,3.5,3.5,1,N/A,1134574229000,N/A,1040,N/A,,N/A,[],people,people
N/A,good,poor,good,0,10872038,0,,awesome,5,SPN001,"She is the most understanding person. If you have a probelm you can go talk to her and she'll be willing to help. Very enthusiastic - fun class. Just follow the syllabus, no extra work required. I'd definitely take her class again.",11/10/2005,1.0,1.0,,4,It's my life,4.5,4.5,1,N/A,1131617850000,N/A,1040,N/A,,N/A,[],people,people
N/A,good,average,good,0,2059122,0,,awesome,5,SPAN2,"great teacher, just follow the syllabus; no mickey mouse assignments that you'll find with other teachers",04/29/2004,2.0,2.0,,5,N/A,5.0,5.0,1,N/A,1083259200000,N/A,1040,N/A,,N/A,[],people,people
N/A,good,good,good,0,1952532,0,,awesome,5,SPAN1,I credit her with spanish being the first language I've ever enjoyed.,04/13/2004,4.0,4.0,,5,N/A,5.0,5.0,1,N/A,1081892577000,N/A,1040,N/A,,N/A,[],people,people
N/A,good,average,good,0,1316169,0,,awesome,5,SPAN2,great at explaining and using a simple and clear spanish. nice too.,11/13/2003,2.0,2.0,,5,N/A,5.0,5.0,1,N/A,1068718273000,N/A,1040,N/A,,N/A,[],people,people
N/A,good,average,good,0,1179959,0,,good,4,SPAN1,very peppy and energetic,10/09/2003,2.0,2.0,,4,N/A,4.0,4.0,1,N/A,1065731625000,N/A,1040,N/A,,N/A,[],people,people
N/A,average,average,average,0,926843,0,,average,2,SPN2,ugh...not the most vivid of teachers but real nice lady,05/05/2003,3.0,3.0,,4,N/A,3.0,3.0,1,N/A,1052149209000,N/A,1040,N/A,,N/A,[],people,people
N/A,good,average,good,0,878203,0,,awesome,5,SPANISH2,"She is seriously the nicest, most understanding teacher I've had at Tufts. She only makes you follow the syllabus, while other spanish teachers apply work on top of that. HIGHLY recommended",04/24/2003,2.0,2.0,,5,N/A,5.0,5.0,1,N/A,1051184279000,N/A,1040,N/A,,N/A,[],people,people
N/A,good,average,good,0,625484,0,,awesome,4,SPN1,No Comments,02/24/2003,3.0,3.0,,5,N/A,4.5,4.5,1,N/A,1046114149000,N/A,1040,N/A,,N/A,[],people,people
