attendance,clarityColor,easyColor,helpColor,helpCount,id,notHelpCount,onlineClass,quality,rClarity,rClass,rComments,rDate,rEasy,rEasyString,rErrorMsg,rHelpful,rInterest,rOverall,rOverallString,rStatus,rTextBookUse,rTimestamp,rWouldTakeAgain,sId,takenForCredit,teacher,teacherGrade,teacherRatingTags,unUsefulGrouping,usefulGrouping
Mandatory,good,good,good,3,25909312,5,,awesome,5,PHIL19102,"Dan Dennett is the best professor I've had at Tufts. He's absolutely amazing. His classes are not for people looking for an easy A. If you're intellectually honest and ready to work hard, a class with Dennett will be one of your best experiences at Tufts.",01/09/2016,4.0,4.0,,5,It's my life,5.0,5.0,1,Yes,1452366630000,N/A,1040,N/A,,A+,"['Amazing lectures', 'Inspirational', 'Get ready to read']",people,people
N/A,good,poor,good,2,21779869,1,,awesome,5,PHIL19102,"Brilliant researcher, great professor, kind person.",05/16/2013,1.0,1.0,,5,It's my life,5.0,5.0,1,Yes,1368748264000,N/A,1040,N/A,,N/A,[],person,people
N/A,good,average,good,2,20470170,1,,awesome,5,PHIL91,"Took a small freshman-only seminar class with him last semester. Incredibly passionate, loves debate, wants to see you learn, but isn't patronising. Class time was very casual, but I still learned more than in the rest of my classes put together.",07/06/2012,3.0,3.0,,5,It's my life,5.0,5.0,1,No,1341576573000,N/A,1040,N/A,,N/A,[],person,people
N/A,good,average,good,4,18181799,1,,awesome,4,PHIL195,"Great seminar on free will. He has a reputation of &quot;stroking his ego&quot; in class, but this isn't the case at all. He not only supported dissenting opinions, but incited them for productive discussions. Best experience at Tufts so far.",01/25/2011,3.0,3.0,,5,Really into it,4.5,4.5,1,Yes,1295997565000,N/A,1040,N/A,,N/A,[],person,people
N/A,good,good,good,0,18017788,0,,good,5,PHIL3,"Easily the most interesting class offered at Tufts, take it if you have any interest in the subject matter at all",12/21/2010,4.0,4.0,,3,Really into it,4.0,4.0,1,Yes,1292961814000,N/A,1040,N/A,,N/A,[],people,people
N/A,good,poor,good,3,14241332,1,,awesome,5,PHILO1211,very,04/03/2008,1.0,1.0,,5,Sorta interested,5.0,5.0,1,Yes,1207264650000,N/A,1040,N/A,,N/A,[],person,people
N/A,average,good,average,2,11047536,5,,poor,2,LANGMIND,"icon in his field, but as a prof he just strokes his ego for his own pleasure. basically the class is just to tell you about himself. blah.",12/04/2005,4.0,4.0,,2,Sorta interested,2.0,2.0,1,N/A,1133703418000,N/A,1040,N/A,,N/A,[],people,people
N/A,good,average,average,0,3100653,3,,average,4,PHILLANGMIND,"interesting lectures, I learned a great deal, but what I learned in this class didn't seem to fit together in a cohesive manner...He seemed very aloof...it was a small class & I'm sure he never knew who I was.",12/22/2004,3.0,3.0,,2,It's my life,3.0,3.0,1,N/A,1103750320000,N/A,1040,N/A,,N/A,[],people,people
N/A,average,average,poor,2,3072280,3,,poor,2,PHILOFMIND,"sure the guy is a genius, but prepare to endure endless name dropping and personal anecdotes about other philosophers.  don't expect too much in the way of explanation or actual teaching.  his attitude seems to be if you don't get it right away, you shouldn't be there.  smart people can be so dumb.",12/19/2004,3.0,3.0,,1,Low,1.5,1.5,1,N/A,1103458483000,N/A,1040,N/A,,N/A,[],people,people
N/A,average,good,average,1,2140166,0,,poor,2,DARWIN,Brilliant man.  Boring teacher.,05/13/2004,4.0,4.0,,2,N/A,2.0,2.0,1,N/A,1084487249000,N/A,1040,N/A,,N/A,[],people,person
N/A,good,average,good,0,1099442,0,,good,5,LANGMIND,No Comments,08/22/2003,3.0,3.0,,3,N/A,4.0,4.0,1,N/A,1061588135000,N/A,1040,N/A,,N/A,[],people,people
N/A,good,average,average,2,896861,2,,good,5,PHIL117,"The hotness is all in the beard...oh, man, that beard. The resemblance to Santa Claus is uncanny. He's extremely opinionated, but he's also a genius.",04/28/2003,3.0,3.0,,2,N/A,3.5,3.5,1,N/A,1051547992000,N/A,1040,N/A,,N/A,[],people,people
N/A,average,average,average,1,868342,1,,poor,3,LANGMIND,"awesome beard, he likes it too",04/22/2003,3.0,3.0,,1,N/A,2.0,2.0,1,N/A,1051036144000,N/A,1040,N/A,,N/A,[],person,person
