attendance,clarityColor,easyColor,helpColor,helpCount,id,notHelpCount,onlineClass,quality,rClarity,rClass,rComments,rDate,rEasy,rEasyString,rErrorMsg,rHelpful,rInterest,rOverall,rOverallString,rStatus,rTextBookUse,rTimestamp,rWouldTakeAgain,sId,takenForCredit,teacher,teacherGrade,teacherRatingTags,unUsefulGrouping,usefulGrouping
Not Mandatory,good,average,good,1,29382465,0,,awesome,5,MATH0021,Professor Garmirian was wonderful! The questions in class are similar to the homework and to the tests. The 2 midterms and final are a breeze and she provides old tests for practice if you ask her. She's super accessible outside of office hours and always wants her students to succeed. You won't regret taking stats with her so go ahead and sign up.,01/03/2018,2.0,2.0,,5,N/A,5.0,5.0,1,No,1515003939000,Yes,1040,Yes,,A,"['Accessible outside class', 'Graded by few things']",people,person
N/A,good,good,good,1,29293730,0,,awesome,5,MATH161,Professor Garmirian is a fantastic math professor. I've had her for two semesters. She's thorough and wants everyone to succeed.,12/20/2017,4.0,4.0,,5,N/A,5.0,5.0,1,Yes,1513785445000,Yes,1040,Yes,,N/A,['Test heavy'],people,person
Mandatory,good,poor,good,1,29085197,0,,good,4,MATH0021,Professor Garmirian is really kind and a great professor. She always takes the time to answer every students questions in class and even managed to respond to most of my emails wishing hours. She's also a pretty lenient grader which is nice. Lectures can be a little dry (it's math what do you expect) but I would take her class again.,12/07/2017,1.0,1.0,,4,N/A,4.0,4.0,1,No,1512665852000,Yes,1040,Yes,,A+,"['Accessible outside class', 'Lecture heavy', 'Caring']",people,person
Not Mandatory,good,good,good,2,28855378,0,,awesome,5,MATH161,"Garmirian is great! She is very clear in class and her hw and tests are generally easy. Even if the hw is hard, she would explain everything and work the problem out with you if you ask during her office hour. She's extremely helpful and very easygoing. Definitely take her class if you could!",11/08/2017,4.0,4.0,,5,N/A,5.0,5.0,1,Yes,1510099576000,Yes,1040,Yes,,A,"['Clear grading criteria', 'Respected', 'Caring']",people,people
Mandatory,poor,good,poor,3,27813634,8,,awful,1,MATH162,Garmirian is a really awful teacher. she has an attitude and doesn't seem to know what she is doing.. Don't take her classes !!!,02/08/2017,5.0,5.0,,1,N/A,1.0,1.0,3,Yes,1486556549000,No,1040,Yes,,N/A,"['Lecture heavy', 'Test heavy', 'Beware of pop quizzes']",people,people
N/A,good,average,good,2,27676945,2,,awesome,5,MATH34,"Prof Garmirian was the best math professor I've ever had. She's accessible, caring, smart, and does everything she can to help you succeed.",01/05/2017,3.0,3.0,,5,N/A,5.0,5.0,1,Yes,1483615084000,Yes,1040,Yes,,A-,"['Accessible outside class', 'Inspirational', 'Caring']",people,people
Mandatory,good,poor,good,3,25940006,1,,awesome,5,MATH0021,"I am NOT a math person, but introduction to stat was not only easy but also very interesting. Garmirian's lectures and tests are very straight forward and clear. I highly recommend this class to anyone who is attempting to fill the math requirement. I actually learned a lot and enjoyed this class.",01/14/2016,1.0,1.0,,5,Sorta interested,5.0,5.0,1,Yes,1452769681000,N/A,1040,Yes,,A,"[""Skip class? You won't pass."", 'Caring', 'Clear grading criteria']",person,people
Not Mandatory,good,poor,good,0,25782044,0,,awesome,5,MATH162,"She is literally the nicest human being I have ever met and she will do everything in her power to give you an A. Her lectures are more or less identical to the textbook, but she does present the material clearly, the homework isn't a lot and the tests are reasonable bordering on being made too easy.",12/20/2015,1.0,1.0,,5,Sorta interested,5.0,5.0,1,Yes,1450628770000,Yes,1040,Yes,,A+,[],people,people
N/A,good,poor,good,0,24578726,0,,awesome,5,MATH0021,"Weekly homework, 2 mid-terms, and a final.  Grades are weighted based on which tests you did best on.  Very clear lectures.  Goes at a slow pace.  Textbook is easy to read and tests are easy to study for.  From what I have heard she is the best teacher to take of all the intro to stats professors.  She is helpful if you need it.",04/11/2015,1.0,1.0,,4,Sorta interested,4.5,4.5,1,Yes,1428757696000,Yes,1040,Yes,,N/A,"['Lots of homework', 'Clear grading criteria']",people,people
Not Mandatory,good,average,good,0,23461533,0,,awesome,5,MATH162,Professor Garmirian is one of the nicest people you will ever meet. She's super helpful during office hours and clear during lecture too. Exams aren't hard if you attend lectures and go through the study guide.,07/21/2014,2.0,2.0,,5,Really into it,5.0,5.0,1,Yes,1405971614000,N/A,1040,N/A,,N/A,[],people,people
Not Mandatory,good,average,good,0,23216875,0,,awesome,4,MA21,"Professor Garmirian is an angel!!!!  Okay, she's a little awkward,  but she is so helpful.  Exams are easy as long as you do the work.  Going to class isn't mandatory, but it really helps if you want a good grade.",05/10/2014,2.0,2.0,,5,Low,4.5,4.5,1,Yes,1399751034000,N/A,1040,N/A,,A,[],people,people
