attendance,clarityColor,easyColor,helpColor,helpCount,id,notHelpCount,onlineClass,quality,rClarity,rClass,rComments,rDate,rEasy,rEasyString,rErrorMsg,rHelpful,rInterest,rOverall,rOverallString,rStatus,rTextBookUse,rTimestamp,rWouldTakeAgain,sId,takenForCredit,teacher,teacherGrade,teacherRatingTags,unUsefulGrouping,usefulGrouping
Mandatory,average,poor,average,0,30097419,0,,average,3,EC48,"She's fine, I guess, but the material is really superficial and she doesn't do much to make it interesting. Easy grading, though.",05/14/2018,1.0,1.0,,3,N/A,3.0,3.0,1,No,1526286565000,No,1040,Yes,,A,[],people,people
Mandatory,poor,average,poor,0,29480059,0,,awful,1,EC48,"Truly does not care for her students. She assigns lots of group projects, and is not forgiving of mistakes. While she does not even try to get to know students on a personal level, you better not miss a class as she will reflect this in your final grade.",01/20/2018,3.0,3.0,,1,N/A,1.0,1.0,1,Yes,1516409865000,No,1040,Yes,,N/A,"['Group projects', ""Skip class? You won't pass.""]",people,people
N/A,good,good,average,0,21720163,0,,good,4,ECON48,"Decent teacher. The material taught could be a little bit more focused, but otherwise fine. We didn't use the textbook at all, so I'd not encourage buying it. I thought this class was hard at times, because there is often little instruction surrounding presentations- you have to do a lot of the stuff yourself",05/09/2013,4.0,4.0,,3,Really into it,3.5,3.5,1,No,1368114817000,N/A,1040,N/A,,N/A,[],people,people
N/A,poor,poor,poor,2,20930316,0,,awful,1,EC48,"Ridic easy, at one point said ""you all have A's"" yeah shes a bad professor but if you want an easy A and some interesting projects not a bad class to take",12/02/2012,1.0,1.0,,1,Low,1.0,1.0,1,No,1354454373000,N/A,1040,N/A,,N/A,[],people,people
N/A,poor,average,poor,0,20813273,0,,awful,1,EC48,"Also the worst professor I have ever had at Tufts. Our final group project is worth 55% of our grade and she is just introducing us to material we must include on it only two weeks before it is due. She is unsympathetic to pretty much every problem I have had in her class. Also, she has no idea who anyone in the class is.",11/11/2012,3.0,3.0,,1,Meh,1.0,1.0,1,No,1352645751000,N/A,1040,N/A,,N/A,[],people,people
N/A,poor,average,poor,0,20786875,0,,awful,1,EC48,"The worst professor I have ever had at Tufts. She literally said ""I have no sympathy for you"" when someone had an issue with an assignment. She does not explain expectations. 2 months into the semester and we have not gotten a single grade. Participation is supposed to be 30% of our grade but she doesn't even know our names (there are 16 students).",11/06/2012,3.0,3.0,,1,Really into it,1.0,1.0,1,No,1352217561000,N/A,1040,N/A,,N/A,[],people,people
