attendance,clarityColor,easyColor,helpColor,helpCount,id,notHelpCount,onlineClass,quality,rClarity,rClass,rComments,rDate,rEasy,rEasyString,rErrorMsg,rHelpful,rInterest,rOverall,rOverallString,rStatus,rTextBookUse,rTimestamp,rWouldTakeAgain,sId,takenForCredit,teacher,teacherGrade,teacherRatingTags,unUsefulGrouping,usefulGrouping
N/A,good,average,good,0,23269957,0,,awesome,5,PSY149,"He's adorable and can make boring topics seem at least remotely interesting. He loves to talk about his son (who is about 3 at the time of this comment). He's very patient, too. Kind of quiet but still funny. Only negative side was that he was extremely slow with grades, but that could just be because he was very busy this year.",05/17/2014,2.0,2.0,,5,Low,5.0,5.0,1,Yes,1400343599000,N/A,1040,N/A,,N/A,[],people,people
N/A,good,average,good,0,22991381,0,,awesome,5,LING1,I love this man. Take classes with him if you are looking for joyful and educational times.,04/04/2014,3.0,3.0,,5,Sorta interested,5.0,5.0,1,Yes,1396630009000,N/A,1040,N/A,,N/A,[],people,people
N/A,good,average,good,0,22941743,0,,awesome,4,PSY0064,"Goldberg is an extremely nice teacher, who cares a lot about his students. He's also pretty funny, in a dorky linguistics/dad kind of way. Can sometimes be hard to understand, but if you make an effort to ask he's happy to clarify.",03/24/2014,3.0,3.0,,5,Really into it,4.5,4.5,1,Yes,1395686385000,N/A,1040,N/A,,N/A,[],people,people
N/A,poor,poor,average,1,22775195,0,,poor,1,PSY64,I felt like he wasn't that good of a lecturer and the material was kinda dry and boring but other people in my class really liked him so I don't know. Really sweet guy though.,01/20/2014,1.0,1.0,,3,Really into it,2.0,2.0,1,Yes,1390256025000,N/A,1040,N/A,,N/A,[],people,person
N/A,average,average,good,1,16828972,0,,good,3,PHIL15,He is super adorable and fun to listen to because he is so passionate about his subject.  Bring a computer to class so that you can pay attention / surf the web because he goes off on tangents a lot.  Easy to reach for office hours and really encourages class participation.  Generally an interesting class.,02/25/2010,2.0,2.0,,5,Meh,4.0,4.0,1,Yes,1267058418000,N/A,1040,N/A,,N/A,[],people,person
