attendance,clarityColor,easyColor,helpColor,helpCount,id,notHelpCount,onlineClass,quality,rClarity,rClass,rComments,rDate,rEasy,rEasyString,rErrorMsg,rHelpful,rInterest,rOverall,rOverallString,rStatus,rTextBookUse,rTimestamp,rWouldTakeAgain,sId,takenForCredit,teacher,teacherGrade,teacherRatingTags,unUsefulGrouping,usefulGrouping
Mandatory,average,average,average,0,30659582,0,,average,3,FR3,"Professor Kelly is nice but doesn't really teach the class. The class teaches grammar, but students don't have opportunities to hold conversations in French and most of the learning comes straight from the textbook. Also took her two months to learn my name in a fourteen person class. It's an easy A but you need to work on your own to learn much.",11/05/2018,2.0,2.0,,3,N/A,3.0,3.0,1,Yes,1541419727000,No,1040,Yes,,A,['Participation matters'],people,people
Mandatory,average,average,average,2,29827479,0,,average,3,FR3,Prof Kelly really wants her students to succeed. She tells you exactly what will be on the test and what to study which is really helpful because you need to study. A lot. Because while she wants her students to succeed she doesn't teach them. You will be teaching yourself a lot of the material!Spends half the class trying to turn on the projector,04/17/2018,2.0,2.0,,3,N/A,3.0,3.0,1,Yes,1524004898000,No,1040,Yes,,A,['Caring'],people,people
Mandatory,average,average,average,1,26045721,0,,average,2,FR3,"She's very sweet, but not particularly great at actual teaching. Generally doesn't notice whether or not the students understand.",02/10/2016,3.0,3.0,,3,Sorta interested,2.5,2.5,1,Yes,1455119938000,N/A,1040,Yes,,A,[],people,person
N/A,average,average,good,0,24634082,0,,good,3,FR0001,"She's super nice, but also a bit senile. Goes on rants, which you have to sit through. Get ready for her long emails, but she is very nice and will do anything and everything for her students.",04/21/2015,2.0,2.0,,5,Low,4.0,4.0,1,Yes,1429576635000,N/A,1040,Yes,,N/A,"['Caring', 'Gives good feedback', 'Participation matters']",people,people
N/A,good,poor,good,0,24070704,0,,awesome,5,FR2,she was so there for us! incredibly helpful! ,12/14/2014,1.0,1.0,,5,Really into it,5.0,5.0,1,Yes,1418519804000,N/A,1040,Yes,,N/A,"['Caring', 'Gives good feedback', 'Participation matters']",people,people
Mandatory,average,average,good,0,24070689,0,,good,3,FR3,"she is quite literally the nicest women. she is very interested in you doing well, and is willing to do just about anything in order to help you get there! she is one of the best teachers i have ever had! ",12/14/2014,2.0,2.0,,5,Really into it,4.0,4.0,1,Yes,1418519689000,N/A,1040,Yes,,B+,"['Caring', 'Participation matters']",people,people
N/A,good,average,good,0,19564324,0,,awesome,5,FRENC02,She's really enthusiastic about the course and is really happy to help you at any point. She gets some names wrong sometimes but she really does try to keep a really good atmosphere in the class. She's totally willing to answer any questions you have in class or in office hours if you ask. She's really sweet and obviously very happy to be teaching.,12/18/2011,2.0,2.0,,5,Really into it,5.0,5.0,1,Yes,1324246716000,N/A,1040,N/A,,N/A,[],people,people
N/A,good,average,good,0,18289905,0,,good,4,SPN0003,"I love her!  She is so sweet and very helpful in office hours.  She is a pretty easy grader if you pay attention in class and do the homework, and she encourages participation.  At first I was unimpressed, but over time she really grew on me and helped me a lot",03/19/2011,2.0,2.0,,4,Sorta interested,4.0,4.0,1,Yes,1300557998000,N/A,1040,N/A,,N/A,[],people,people
N/A,good,average,average,0,17834943,0,,average,4,SPN001,She is so unreliable. She tells us what is on tests the night before. She is always out of it and does not seem invested in the class. She also still does not know my name at the end of the semester in a class of 15. NOT RECOMMENDED.,11/30/2010,2.0,2.0,,2,Sorta interested,3.0,3.0,1,Yes,1291152361000,N/A,1040,N/A,,N/A,[],people,people
N/A,average,average,average,0,16664851,0,,average,3,SPAN1,"Prof. Kelly is extremely accessible. I wish she spoke more english in class--it's truly all in spanish--but that helps with understanding, comprehension, and becoming comfortable with the language. She holds a masters in spanish and french. She knows her material!",01/01/2010,3.0,3.0,,3,Really into it,3.0,3.0,1,Yes,1262380452000,N/A,1040,N/A,,N/A,[],people,people
N/A,poor,average,poor,0,15692394,1,,awful,1,SPN001,Does she even know how to speak Spanish&#63;   Be careful!,04/22/2009,3.0,3.0,,1,Sorta interested,1.0,1.0,1,No,1240430026000,N/A,1040,N/A,,N/A,[],person,people
