attendance,clarityColor,easyColor,helpColor,helpCount,id,notHelpCount,onlineClass,quality,rClarity,rClass,rComments,rDate,rEasy,rEasyString,rErrorMsg,rHelpful,rInterest,rOverall,rOverallString,rStatus,rTextBookUse,rTimestamp,rWouldTakeAgain,sId,takenForCredit,teacher,teacherGrade,teacherRatingTags,unUsefulGrouping,usefulGrouping
N/A,good,average,good,0,22092638,0,,awesome,4,C,"Not sure what all the negativity is about.  Ennis was a great teacher. Good presentation skills, very accessible / approachable after hours, thoughtful insight on material / assignments, understanding of students' needs.  I'd take any of his courses.",08/28/2013,3.0,3.0,,5,Really into it,4.5,4.5,1,Yes,1377731966000,N/A,1040,N/A,,N/A,[],people,people
N/A,average,average,average,0,21656491,0,,poor,2,SOC10,"His slides are boring and he loves to talk about charts and graphs. The class time is not well managed, and he is not engaging. He assigns lots of readings and   expects you to remember all of the authors' names. He assigns a major research paper at the end of the course and his not very helpful when you go and ask him questions.",05/02/2013,3.0,3.0,,2,Sorta interested,2.0,2.0,1,Yes,1367493136000,N/A,1040,N/A,,N/A,[],people,people
N/A,average,average,average,0,21088737,0,,good,3,SOC101,"This class is a good math for non-math people. Not exactly an easy A: the exams are not super easy, but the class is simple. I found the material not to interesting, but I learned stuff and tools that were useful for all my other classes and especially for social sciences. I hated the program at first but got used to it and it is useful.",12/16/2012,3.0,3.0,,4,Really into it,3.5,3.5,1,Yes,1355665994000,N/A,1040,N/A,,N/A,[],people,people
N/A,average,good,average,0,21008056,0,,poor,2,SOC101,"Ennis is an awful professor. Cannot teach/explain basic concepts. Isn't very helpful. Tests don't reflect what he taught in lectures. Powerpoint slides are useless. Very, very, very unhappy with this class.",12/10/2012,4.0,4.0,,2,Low,2.0,2.0,1,No,1355149747000,N/A,1040,N/A,,N/A,[],people,people
N/A,good,good,average,0,20021951,0,,good,4,SOC103,"I really enjoyed Ennis' Survey of Social Theory.Alot of fantastic books by great writers. Some see his lectures as disorganized but I just look at it as his own style of teaching--he has a way of dancing around big points for a few classes in a row, and at a certain point you begin to see the big picture; and when you do, you really understand it.",04/10/2012,4.0,4.0,,3,Sorta interested,3.5,3.5,1,Yes,1334037572000,N/A,1040,N/A,,N/A,[],people,people
N/A,poor,good,poor,0,19964152,0,,awful,1,SOC101,He has little interest in his students. He does not truly care if you understand the subject and makes no effort to clarify if asked. Perhaps the department needs to reevaluate its professors..,03/28/2012,4.0,4.0,,1,Sorta interested,1.0,1.0,1,No,1332957070000,N/A,1040,N/A,,N/A,[],people,people
N/A,average,average,average,0,19186982,0,,average,2,MULTIPLE,"It's a shame Ennis gets such a bad rep on here. He's not the most exciting lecturer to a large group, his forte is smaller classes- he's great at trying to encourage participation, and if you engage with one of his interests he's great. He does genuinely care about students' progress, and he's one of the most unbelievably intelligent profs at Tufts",11/08/2011,2.0,2.0,,4,Sorta interested,3.0,3.0,1,No,1320761738000,N/A,1040,N/A,,N/A,[],people,people
N/A,good,average,average,0,19008374,0,,good,4,SOC149,"this site does not do too much justice to Professor Ennis. I found him to be exceedingly intelligent - maybe so much so that he does sometimes get into his own world. Lectures are sometimes dull, reflected in the generally low class participation but he really knows everything there is about sociology. Fair grader.",09/19/2011,3.0,3.0,,3,Really into it,3.5,3.5,1,Yes,1316436301000,N/A,1040,N/A,,N/A,[],people,people
N/A,average,average,good,0,18749374,0,,good,3,SOC101,Very nice! Helpful and easy to get along with!,06/20/2011,3.0,3.0,,5,Low,4.0,4.0,1,Yes,1308599876000,N/A,1040,N/A,,N/A,[],people,people
N/A,poor,average,poor,0,18627710,0,,awful,1,SOC101,"This is by far the worst professor I've had at 4 years at Tufts. His presentation is completely incomprehensible, even though I have a background in the subject. He is also incredibly rude when you ask for any help. I have never met a professor less concerned with students than this one.",05/18/2011,3.0,3.0,,1,Sorta interested,1.0,1.0,1,Yes,1305734569000,N/A,1040,N/A,,N/A,[],people,people
N/A,average,good,poor,0,18472400,0,,poor,2,SOC101,"Ennis is the worst professor I have had at Tufts in terms of clarity, helpfulness, and respect for students. This class uses a 13 yr old program only because Ennis is buddies with its creator. I went to him repeatedly for help, and his answer every time was that there was &quot;nothing&quot; I could do to better study. He talks AT you, he doesn't teach you.",04/26/2011,5.0,5.0,,1,Low,1.5,1.5,1,No,1303845368000,N/A,1040,N/A,,N/A,[],people,people
N/A,average,good,average,0,15952651,0,,poor,2,SOC149,"His voice is very soothing and sometimes puts you into a trance. I was really excited to take the class, but that soon changed when class started. It was boring, dry and there was lots of reading, that was not interesting. He is a nice guy, but the class and the way he went about it is boring. Would not recommend it.",06/11/2009,4.0,4.0,,2,Really into it,2.0,2.0,1,Yes,1244721282000,N/A,1040,N/A,,N/A,[],people,people
N/A,average,good,average,0,14256893,0,,good,3,SOC10,"I got a lot out of American Society, because of the readings. Ennis is not great at managing class time but he does assign REALLY good readings. Like a lot of soc classes, you have to put in effort to get something out of it, but that's not a bad thing. I'm so glad I took this class, because I worked to make it meaningful (and it was).",04/08/2008,4.0,4.0,,4,Sorta interested,3.5,3.5,1,Yes,1207613455000,N/A,1040,N/A,,N/A,[],people,people
N/A,average,average,average,0,12803992,0,,poor,2,SOC10,american society sounded like an interesting class but ended up being a watse of time. ennis was mainly in his own world during lectures and the class was normally dull,01/21/2007,3.0,3.0,,2,It's my life,2.0,2.0,1,Yes,1169416042000,N/A,1040,N/A,,N/A,[],people,people
N/A,average,average,average,0,12644873,0,,poor,2,SOC10,"Class sounded great, ended up not being so interesting.",12/19/2006,3.0,3.0,,2,Really into it,2.0,2.0,1,No,1166535415000,N/A,1040,N/A,,N/A,[],people,people
N/A,average,good,average,0,2041988,0,,average,2,SOC10,"(American Society) decent class... lectures totally pointless, you learn NOTHING (I mean NOTHING) in class, just looking crap up on the GSS website and writing memos. Ennis is fairly nice and helpful, though.. the course is OK.",04/27/2004,4.0,4.0,,4,N/A,3.0,3.0,1,N/A,1083077914000,N/A,1040,N/A,,N/A,[],people,people
N/A,good,average,good,0,2001528,0,,good,4,SOC101,"An easy way to get rid of a math requirement. Ennis can be a little boring but cares so much, is so nice, very fair, and very accessible.",04/21/2004,2.0,2.0,,4,N/A,4.0,4.0,1,N/A,1082535380000,N/A,1040,N/A,,N/A,[],people,people
N/A,good,good,good,0,1518135,0,,awesome,5,SOC101,No Comments,12/16/2003,4.0,4.0,,5,N/A,5.0,5.0,1,N/A,1071591937000,N/A,1040,N/A,,N/A,[],people,people
N/A,good,good,good,0,1252635,0,,awesome,5,SOC,No Comments,11/03/2003,5.0,5.0,,5,N/A,5.0,5.0,1,N/A,1067826548000,N/A,1040,N/A,,N/A,[],people,people
N/A,average,average,average,0,953886,0,,good,3,SOC101,"Really excited about statistics, despite the dryness of the subject. Difficult grader but fair. Many take this class just to fill the math requirement and then complain when it's not AMAZING-but one gets what one deserves. Learned a lot. Good class overal",05/12/2003,3.0,3.0,,4,N/A,3.5,3.5,1,N/A,1052776183000,N/A,1040,N/A,,N/A,[],people,people
N/A,poor,good,poor,0,864936,0,,poor,1,SOC101,"This class uses a confusing CD-Rom based application that replaces a textbook, making it hard to understand how to apply models.  The prof. is a waste of time in class and only serves to further confuse.  The tests are nothing like what is taught.",04/22/2003,4.0,4.0,,2,N/A,1.5,1.5,1,N/A,1051007790000,N/A,1040,N/A,,N/A,[],people,people
