attendance,clarityColor,easyColor,helpColor,helpCount,id,notHelpCount,onlineClass,quality,rClarity,rClass,rComments,rDate,rEasy,rEasyString,rErrorMsg,rHelpful,rInterest,rOverall,rOverallString,rStatus,rTextBookUse,rTimestamp,rWouldTakeAgain,sId,takenForCredit,teacher,teacherGrade,teacherRatingTags,unUsefulGrouping,usefulGrouping
N/A,good,average,good,0,27557090,0,,awesome,5,CEE187,"The class may seem boring at the beginning because learning a new software can be challenging but once your project gets up and running, Baise is a huge help. She does one-on-one sessions with the class and really gives good feedback and ideas and will direct you to resources if she can't help you. Very good professor, wish I could take again.",12/18/2016,3.0,3.0,,5,N/A,5.0,5.0,1,No,1482084614000,Yes,1040,Yes,,N/A,"['Caring', 'Gives good feedback']",people,people
N/A,good,poor,good,0,11854418,0,,good,4,EN24,"awesome teacher, she knows her stuff, and she's definitely open to interpretation.  this makes her exams much easier, and the info much easier to digest.  best class i took here.",05/09/2006,1.0,1.0,,4,It's my life,4.0,4.0,1,N/A,1147192103000,N/A,1040,N/A,,N/A,[],people,people
N/A,good,average,good,0,11258282,0,,good,4,CEE147,"Great Professor, very interested in overall learning experience for students.",12/25/2005,3.0,3.0,,4,It's my life,4.0,4.0,1,N/A,1135530005000,N/A,1040,N/A,,N/A,[],people,people
N/A,good,average,good,0,3687348,0,,awesome,5,EN38,"Earthquake Engineering - she was a great teacher and very nice.  Her tests were easy but you had to put time into the weekly assignments.  A great EN intro class to take, I recommend it highly.",04/22/2005,2.0,2.0,,5,It's my life,5.0,5.0,1,N/A,1114174778000,N/A,1040,N/A,,N/A,[],people,people
N/A,good,good,good,0,2624032,0,,awesome,4,CEE147,Good Advisor too.,10/31/2004,4.0,4.0,,5,Really into it,4.5,4.5,1,N/A,1099253143000,N/A,1040,N/A,,N/A,[],people,people
N/A,good,average,good,0,1938217,0,,good,4,EN24,"not sure on the class number, its earthquake engineering",04/12/2004,2.0,2.0,,4,N/A,4.0,4.0,1,N/A,1081728402000,N/A,1040,N/A,,N/A,[],people,people
N/A,good,average,good,0,968266,0,,good,4,ES6,No Comments,05/17/2003,3.0,3.0,,4,N/A,4.0,4.0,1,N/A,1053214096000,N/A,1040,N/A,,N/A,[],people,people
N/A,good,average,good,0,899738,0,,good,4,ES9,No Comments,04/29/2003,3.0,3.0,,4,N/A,4.0,4.0,1,N/A,1051603439000,N/A,1040,N/A,,N/A,[],people,people
N/A,good,average,good,0,843558,0,,awesome,4,ES6,No Comments,04/16/2003,3.0,3.0,,5,N/A,4.5,4.5,1,N/A,1050517600000,N/A,1040,N/A,,N/A,[],people,people
N/A,average,average,average,0,544683,0,,good,3,ES6,No Comments,02/05/2003,2.0,2.0,,4,N/A,3.5,3.5,1,N/A,1044488982000,N/A,1040,N/A,,N/A,[],people,people
