attendance,clarityColor,easyColor,helpColor,helpCount,id,notHelpCount,onlineClass,quality,rClarity,rClass,rComments,rDate,rEasy,rEasyString,rErrorMsg,rHelpful,rInterest,rOverall,rOverallString,rStatus,rTextBookUse,rTimestamp,rWouldTakeAgain,sId,takenForCredit,teacher,teacherGrade,teacherRatingTags,unUsefulGrouping,usefulGrouping
Mandatory,good,average,good,0,27047446,1,,awesome,5,REL152,"He is by far one of the most brilliant professors I have had at Tufts. Nerdy and quiet, he takes a little bit to warm up to your class, but once he does he is so funny and informative. Readings are dense, but he's more than happy to explain and give anecdotes for clarity.",10/17/2016,3.0,3.0,,5,N/A,5.0,5.0,1,Yes,1476743123000,Yes,1040,Yes,,N/A,"['Get ready to read', 'Participation matters']",person,people
N/A,average,good,average,0,20569530,1,,good,3,REL194,"I have taken two classes with Professor Garden and find him to be extremely knowledagable, funny, and genuinely interested in the class. It is astounding how much information he knows from his travels and research. The readings can be pretty complicated but as long as you ask questions and voice your concerns, he is happy to talk about them.",08/13/2012,4.0,4.0,,4,Really into it,3.5,3.5,1,Yes,1344852382000,N/A,1040,N/A,,N/A,[],person,people
N/A,good,average,good,0,16750306,0,,awesome,4,REL152,"I took Islam & Modernity with Prof. Garden.  He is by far the most articulate and interesting prof I've had at Tufts.  The material can be dense sometimes but he simplifies it in class and is not very demanding on tests.  2 tests and a paper for the final.  Tests are just reading-based, paper is research-based.",01/23/2010,3.0,3.0,,5,Really into it,4.5,4.5,1,Yes,1264263817000,N/A,1040,N/A,,N/A,[],people,people
N/A,good,average,good,0,16501339,0,,awesome,4,REL0048,"Intro to Islam has been a great class. I just took it to knock out my world civ requirement, but Prof Garden has made he class really interesting. He is very helpful if you go to Office Hours and while lectures can get a bit dull- overall he is very clear, funny, and makes you want to learn more. The readings can be tough though, but a great class!",12/08/2009,3.0,3.0,,5,Meh,4.5,4.5,1,Yes,1260314482000,N/A,1040,N/A,,N/A,[],people,people
N/A,good,average,good,0,16361306,1,,awesome,4,REL0048,"I took Intro to Islam just to see how it went.  The reading load sometimes may be heavy, but it's manageable. Garden really tries to make the class interesting and uses his sense of humor whenever he can.  If you go to class and do the readings, you WILL do well in the class.  My favorite class from freshman year by far!",11/12/2009,3.0,3.0,,5,Really into it,4.5,4.5,1,Yes,1258063891000,N/A,1040,N/A,,N/A,[],person,people
