attendance,clarityColor,easyColor,helpColor,helpCount,id,notHelpCount,onlineClass,quality,rClarity,rClass,rComments,rDate,rEasy,rEasyString,rErrorMsg,rHelpful,rInterest,rOverall,rOverallString,rStatus,rTextBookUse,rTimestamp,rWouldTakeAgain,sId,takenForCredit,teacher,teacherGrade,teacherRatingTags,unUsefulGrouping,usefulGrouping
Mandatory,good,good,good,0,29305546,0,,awesome,5,PS0015,"Our class was very discussion based so it made it engaging and fun to be at. He allowed students to learn from each other. He also only had three papers all of which were extremely managable. Replies to emails very quickly and always wants students to succeed and learn. Also, witty sense of humor which can be appreciated at 9 am on monday morning",12/21/2017,4.0,4.0,,5,N/A,5.0,5.0,1,No,1513863529000,Yes,1040,Yes,,Not sure yet,"['Accessible outside class', 'Gives good feedback']",people,people
Not Mandatory,good,good,good,0,28699583,0,,awesome,5,PS102,"Professor Berry is by far the best professor I've had at Tufts. His lecture style is good, but the main benefit is how much he cares about his students. He once literally emailed an alum of his asking her to take me to coffee and talk jobs, and pulled me aside after class to ask how the internship search was going. You want Berry as your advisor.",09/27/2017,4.0,4.0,,5,N/A,5.0,5.0,1,Yes,1506518749000,Yes,1040,Yes,,A+,"['Respected', 'Caring', 'Tough grader']",people,people
Mandatory,good,good,good,0,28045967,1,,awesome,5,PS104,"I am a PS major and have taken a ton of political science classes. Professor Berry is by far the best professor I've had at this school. He's funny, extremely knowledgeable, assigns interesting readings and leads great seminars. For our seminar, he co-taught it with the former CEO of a major media group for real-world experience. Highly recommend.",04/13/2017,4.0,4.0,,5,N/A,5.0,5.0,1,Yes,1492094960000,Yes,1040,Yes,,A-,"['Amazing lectures', 'Participation matters', 'Respected']",person,people
Mandatory,good,average,good,1,26199842,0,,awesome,5,PS0015,"This class had regular presentations and a very good class model for participation. Readings and participation are vital for doing well, but putting in the effort should result in a good grade. He's a good teacher, but, as a seminar, this class really hinges on your classmates.",03/29/2016,3.0,3.0,,4,N/A,4.5,4.5,1,Yes,1459277924000,N/A,1040,Yes,,N/A,"['Participation matters', 'Lots of homework']",people,person
Not Mandatory,average,average,average,0,23073778,0,,good,3,PS102,"He's a really funny guy, but the class leaves something to be desired. Class time is very  useless and the work is super boring.",04/22/2014,2.0,2.0,,4,Sorta interested,3.5,3.5,1,No,1398129152000,N/A,1040,N/A,,N/A,[],people,people
N/A,poor,good,poor,0,22203988,1,,awful,1,PS0015,"I've taken many poli. sci. classes at Tufts, and professor Berry is by far the worst teacher I've had. He is passive and contributes nothing to the class experience of a seminar. He only bothers to comment when making unfunny jokes, and scolds students who voice opinions that dissent from his centrism.  He exudes apathy.  Do not take his classes.",10/22/2013,4.0,4.0,,1,Meh,1.0,1.0,1,No,1382477847000,N/A,1040,N/A,,N/A,[],person,people
N/A,good,average,good,0,21577387,0,,good,4,PS102,Fairly easy class if you do the work that's assigned. Approachable professor that encourages students to go talk to him,04/22/2013,3.0,3.0,,4,Really into it,4.0,4.0,1,Yes,1366628412000,N/A,1040,N/A,,N/A,[],people,people
N/A,average,average,average,0,20188616,0,,average,3,PS102,"Berry is a nice guy, but a terrible teacher. Grading is arbitrary and unfair, he only teaches broad, common sense politics. Class is a total waste of time.",05/03/2012,3.0,3.0,,2,It's my life,2.5,2.5,1,Yes,1336061260000,N/A,1040,N/A,,N/A,[],people,people
N/A,good,average,good,0,14904257,0,,good,4,PS101,interesting class,10/27/2008,3.0,3.0,,4,Low,4.0,4.0,1,Yes,1225072815000,N/A,1040,N/A,,N/A,[],people,people
N/A,good,average,good,0,13834968,0,,good,4,PS101,"Not the greatest lecturer out there, but the classes were interesting and debates were good.  Lot of reading.",12/14/2007,3.0,3.0,,4,It's my life,4.0,4.0,1,No,1197649685000,N/A,1040,N/A,,N/A,[],people,people
N/A,good,good,good,0,11353842,0,,good,4,PS90,Berry is an extremely challenging teacher but if you work hard his classes are very rewarding. Politics in the City was one of the best classes I've taken at Tufts,01/12/2006,4.0,4.0,,4,It's my life,4.0,4.0,1,N/A,1137082721000,N/A,1040,N/A,,N/A,[],people,people
N/A,good,average,good,0,3293928,0,,awesome,5,PS101,great!,01/28/2005,3.0,3.0,,5,Sorta interested,5.0,5.0,1,N/A,1106931470000,N/A,1040,N/A,,N/A,[],people,people
N/A,average,average,average,0,2236024,0,,poor,2,PS101,"He seemed very narrow-minded- if you didn't do things the way he wanted them done, you got a lower grade.  Easily intimidated by people who perhaps knew more than he did about certain topics, was rude to these people.",06/10/2004,3.0,3.0,,2,N/A,2.0,2.0,1,N/A,1086868698000,N/A,1040,N/A,,N/A,[],people,people
N/A,average,good,average,0,1018277,1,,poor,3,PS102,"This class had no clear scope - readings and class materials seemed to be all over the place. Lectures were boring, and only on case days did more than 2 or 3 people participate.",06/18/2003,5.0,5.0,,1,N/A,2.0,2.0,1,N/A,1055962952000,N/A,1040,N/A,,N/A,[],person,people
N/A,good,good,good,0,970904,0,,awesome,5,PBLPOLICY,"Nice person with a clear and fair teaching style.  The class I had invited extensive discussion and debate, I disagree totally with the other individual's assessment.",05/19/2003,4.0,4.0,,4,N/A,4.5,4.5,1,N/A,1053346338000,N/A,1040,N/A,,N/A,[],people,people
N/A,good,average,good,0,868080,0,,awesome,4,PS90PC,No Comments,04/22/2003,3.0,3.0,,5,N/A,4.5,4.5,1,N/A,1051033706000,N/A,1040,N/A,,N/A,[],people,people
N/A,average,good,average,0,866695,0,,average,3,PS101,No Comments,04/22/2003,4.0,4.0,,2,N/A,2.5,2.5,1,N/A,1051022237000,N/A,1040,N/A,,N/A,[],people,people
N/A,average,good,average,0,866457,0,,poor,2,PS102,"If you are conservative you are penalized on papers, very unfair and too subjective.  He is unfriendly and cold to most questions asked.",04/22/2003,4.0,4.0,,2,N/A,2.0,2.0,1,N/A,1051020655000,N/A,1040,N/A,,N/A,[],people,people
N/A,good,good,good,0,828078,0,,awesome,5,PS90PC,No Comments,04/13/2003,5.0,5.0,,4,N/A,4.5,4.5,1,N/A,1050197944000,N/A,1040,N/A,,N/A,[],people,people
N/A,good,good,good,0,794143,0,,awesome,5,PS90PC,No Comments,04/06/2003,4.0,4.0,,5,N/A,5.0,5.0,1,N/A,1049631430000,N/A,1040,N/A,,N/A,[],people,people
