attendance,clarityColor,easyColor,helpColor,helpCount,id,notHelpCount,onlineClass,quality,rClarity,rClass,rComments,rDate,rEasy,rEasyString,rErrorMsg,rHelpful,rInterest,rOverall,rOverallString,rStatus,rTextBookUse,rTimestamp,rWouldTakeAgain,sId,takenForCredit,teacher,teacherGrade,teacherRatingTags,unUsefulGrouping,usefulGrouping
N/A,good,average,good,0,26361951,0,,awesome,5,GEO001LAB,The best. One of the coolest guys at Tufts. Can't say enough good things,04/23/2016,2.0,2.0,,5,N/A,5.0,5.0,1,No,1461429544000,Yes,1040,Yes,,N/A,"['Respected', 'Hilarious']",people,people
N/A,good,average,good,0,18374441,0,,awesome,5,GEO01,"Jake is great - very kind with subtle humor. He's always happy to answer your questions and tries to get people interested with some sarcasm. I had him for lab in Geo 1 + 2 and will hopefully take his Paleontology class at some point. I didn't even think I was that good at science, but I have loved all the time I've spent in the Geo department!",04/07/2011,2.0,2.0,,5,Really into it,5.0,5.0,1,Yes,1302201860000,N/A,1040,N/A,,N/A,[],people,people
N/A,good,good,good,0,18014107,0,,awesome,5,GEO1LAB,"Lab instructor for GEO 1, was very nice and laid back, along with the rest of the geo dept. Quite knowledgeable, and made field trips and lab somewhat interesting. Quietly humorous, enjoyable person to be around.",12/21/2010,4.0,4.0,,5,Sorta interested,5.0,5.0,1,Yes,1292938422000,N/A,1040,N/A,,N/A,[],people,people
N/A,good,average,good,0,14231103,0,,awesome,4,GEO104,"Jake is the best! He's always around to help you out, and if you show a lot of effort in the class you're probably all set grade-wise.",04/02/2008,3.0,3.0,,5,Really into it,4.5,4.5,1,Yes,1207137939000,N/A,1040,N/A,,N/A,[],people,people
N/A,good,average,good,0,3600729,0,,awesome,5,GEO2,awesome!,04/11/2005,3.0,3.0,,5,Sorta interested,5.0,5.0,1,N/A,1113233939000,N/A,1040,N/A,,N/A,[],people,people
N/A,good,average,good,0,2943911,0,,good,4,GEO001LAB,"Clear in his explanations of concepts learned in class, and makes some very amusing comments from time to time.  Although I only had him as a lab intructor, I would recommend trying to take a class with him.",12/08/2004,3.0,3.0,,4,Sorta interested,4.0,4.0,1,N/A,1102495538000,N/A,1040,N/A,,N/A,[],people,people
