attendance,clarityColor,easyColor,helpColor,helpCount,id,notHelpCount,onlineClass,quality,rClarity,rClass,rComments,rDate,rEasy,rEasyString,rErrorMsg,rHelpful,rInterest,rOverall,rOverallString,rStatus,rTextBookUse,rTimestamp,rWouldTakeAgain,sId,takenForCredit,teacher,teacherGrade,teacherRatingTags,unUsefulGrouping,usefulGrouping
Not Mandatory,poor,average,poor,1,24747307,0,,awful,1,BIO12,"Horrible professor. very unclear and ppt's are really bad and horrible for studying. So boring! And when asked questions, doesn't really know what she is talking about. Said that peptide bonds and phosphodiester bonds were the same before correcting herself after the TA pointed out that that was wrong. Papers take a long time to get back. ",05/05/2015,3.0,3.0,,1,Meh,1.0,1.0,1,No,1430851780000,N/A,1040,Yes,,A-,"['Lecture heavy', 'Group projects']",people,person
Mandatory,poor,average,poor,1,23170584,0,,poor,1,BIO12,"Professor does not explain concepts well, especially to those who do not have a background in biology. Powerpoints and lectures are not helpful, and grading seems subjective.",05/05/2014,3.0,3.0,,2,Meh,1.5,1.5,1,No,1399321331000,N/A,1040,N/A,,N/A,[],people,person
N/A,average,good,average,0,21201911,0,,average,2,BIO1,"Developmental Bio (Bio103) Her power points and lectures are hard to follow- you end up teaching yourself out of the textbook. But she is enthusiastic about the subject, and very willing to help in office hours. Its a frustrating course b/c of the sheer volume of information, and lack of grades (2 tests and a final) but is incredibly interesting.",01/03/2013,5.0,5.0,,4,It's my life,3.0,3.0,1,Yes,1357215467000,N/A,1040,N/A,,N/A,[],people,people
N/A,average,average,average,1,19100174,1,,average,2,BIO12,"Very disorganized, power points weren't helpful. one page papers took weeks to get back. a disappointing class and teaching style.",10/24/2011,3.0,3.0,,3,Sorta interested,2.5,2.5,1,No,1319456269000,N/A,1040,N/A,,N/A,[],person,person
N/A,average,average,average,2,18401605,0,,poor,2,BIO12,"Human Development and Reproduction - really haven't enjoyed this class. Professor is very disorganized and the powerpoints don't help at all. Studying for the tests is difficult. When people did poorly, she gave the opportunity to get back points, so you'll be fine, just very frustrated. Don't like her teaching style at all.",04/13/2011,3.0,3.0,,2,Sorta interested,2.0,2.0,1,No,1302692561000,N/A,1040,N/A,,N/A,[],people,people
N/A,good,good,good,0,13306269,0,,awesome,5,BIO103,"A wonderful lecturer, very interested in the material and the students. Lectures were clear and exams, while all essay, were fair and straightforward. It was a great class.",07/02/2007,4.0,4.0,,5,It's my life,5.0,5.0,1,Yes,1183402494000,N/A,1040,N/A,,N/A,[],people,people
N/A,good,good,good,0,12881616,0,,good,4,BIO103,"Enthusiastic, warm lecturer. Cares about students and comprehension. Tests are conventional essay-style with comprehensive questions covering major lecture topics (class notes). No tricks or trivia but heavy on memorizing detailed mechanisms.",02/23/2007,4.0,4.0,,4,Low,4.0,4.0,1,Yes,1172271074000,N/A,1040,N/A,,N/A,[],people,people
N/A,good,average,good,1,11446843,0,,awesome,5,BIO103,"Developmental Biology, This professor teaches clearly, is understanding about the problems of her students and cares about them. She shows extreme trust on her students. Her exams are easy because the questions have been really well explained and answered in class",02/02/2006,2.0,2.0,,5,Really into it,5.0,5.0,1,N/A,1138885357000,N/A,1040,N/A,,N/A,[],people,person
