attendance,clarityColor,easyColor,helpColor,helpCount,id,notHelpCount,onlineClass,quality,rClarity,rClass,rComments,rDate,rEasy,rEasyString,rErrorMsg,rHelpful,rInterest,rOverall,rOverallString,rStatus,rTextBookUse,rTimestamp,rWouldTakeAgain,sId,takenForCredit,teacher,teacherGrade,teacherRatingTags,unUsefulGrouping,usefulGrouping
Not Mandatory,average,average,average,0,31776200,0,,average,3,CD1,"Chip was hilarious and really caring, but his lectures were fairly pointless and didn't have much structure. By the end, showing up to class wasn't very helpful. You have to read the textbook to do well, which can be bad because each chapter is 50+ pages. Recitation is also useless but mandatory",05/05/2019,2.0,2.0,,3,N/A,3.0,3.0,1,Yes,1557086094000,Yes,1040,Yes,,A,"['EXTRA CREDIT', 'Get ready to read', 'Caring']",people,people
Not Mandatory,average,good,average,0,31499771,0,,poor,2,CD001,"Worst class I've taken. I love kids but not the way this class is taught. The classes are not helpful and it's just him rambling. TEXTBOOK  LIFELINE. But it has too much information and takes forever to memorize. Bad w/emails (same for TAs). Slow assignment turnover, recitations were useless. Don't take this unless you're a committed CSHD major.",03/29/2019,4.0,4.0,,2,N/A,2.0,2.0,1,Yes,1553882172000,No,1040,Yes,,Not sure yet,"['Get ready to read', 'EXTRA CREDIT']",people,people
Not Mandatory,good,average,good,0,30979788,0,,awesome,5,CSHD001,"I started showing up to lectures towards the end mostly to laugh and enjoy Professor Gidney's teaching style. The quizzes are almost entirely from the book, so if you read it once and do a quizlet, you'll be fine. It's also easy to get up to 5% extra credit. Recitation is eh though, make sure you make the time to walk all the way to Eliot-Pearson",12/12/2018,2.0,2.0,,5,N/A,5.0,5.0,1,Yes,1544577169000,Yes,1040,Yes,,A,"['Get ready to read', 'EXTRA CREDIT', 'Amazing lectures']",people,people
Not Mandatory,average,average,average,0,30760725,0,,average,3,CD0001,"Although he is a very funny and a good man, his lectures aren't organized and aren't helpful for exams and assignments at all.",11/20/2018,3.0,3.0,,3,N/A,3.0,3.0,1,Yes,1542705012000,Yes,1040,Yes,,A,"['Hilarious', 'EXTRA CREDIT']",people,people
Not Mandatory,good,average,good,0,30678041,0,,awesome,5,CD001,Amazing professor and interesting lectures. Quizzes are mostly based on the 50+ pages of reading.,11/07/2018,3.0,3.0,,5,N/A,5.0,5.0,1,Yes,1541604147000,Yes,1040,Yes,,N/A,"['Get ready to read', 'Test heavy', 'Amazing lectures']",people,people
N/A,good,average,good,0,30567896,0,,awesome,5,CD155,"Amazing! Development of Language has been my favorite class at Tufts so far-- so interesting. Gidney's lectures were always so entertaining, he has lots of great personal stories and video examples we watched. Great material and great professor. The one issue is that he was kind of unorganized in grading and responding to emails.",10/14/2018,3.0,3.0,,5,N/A,5.0,5.0,1,Yes,1539530493000,Yes,1040,Yes,,N/A,"['Inspirational', 'Amazing lectures', 'Hilarious']",people,people
Mandatory,good,average,good,0,30317667,0,,awesome,5,CD0001,"CD1 was in a large lecture hall with many students, but Chip learned all of our names within the first week. Incredible professor and SO FUNNY!! If I could take every class with him, I would!!",07/03/2018,3.0,3.0,,5,N/A,5.0,5.0,1,Yes,1530631709000,Yes,1040,Yes,,A+,"['Hilarious', 'EXTRA CREDIT', 'Inspirational']",people,people
N/A,good,average,good,0,29338529,0,,good,4,CD0001,"Professor Gidney is super nice and hilarious. He keeps you engaged during lectures. Though much of the lecture material is in the book, it is important to pay attention in class because some questions will be on material only from class. The course seemed disorganized at times and quizzes were heavily based on details.",12/26/2017,3.0,3.0,,4,N/A,4.0,4.0,1,Yes,1514302733000,Yes,1040,Yes,,N/A,"['Caring', 'Hilarious']",people,people
Mandatory,good,average,good,0,28955400,0,,awesome,5,CD0001,"One of my favorite professors. You won't do well in the class if you put in absolutely 0 effort, but can easily get an A if you go to lecture and read the textbook. He is funny, intelligent, and makes class enjoyable.",11/23/2017,3.0,3.0,,5,N/A,5.0,5.0,1,Yes,1511439530000,Yes,1040,Yes,,A-,"['Get ready to read', 'Hilarious', 'Caring']",people,people
N/A,good,average,good,0,27708600,0,,good,4,CD195,"I ended up getting an A-, although I didn't work too hard bc of having a lot of problems outside of class. He understands that students are human beings with greater issues sometimes and isn't too harsh about deadlines and doesn't give a lot of work. Staying involved/engaged is key, get all the work in and don't be a jerk and it's fine usually.",01/10/2017,2.0,2.0,,4,N/A,4.0,4.0,1,No,1484060712000,Yes,1040,Yes,,N/A,"['Group projects', 'Caring']",people,people
Mandatory,good,average,good,0,26955409,0,,awesome,5,CD001,"I've had Chip for two semesters now, and I'm taking his CD 195 this semester. He is a good combo of funny and smart. He is helpfully and easily accessible outside of class. Love Chip!",09/05/2016,3.0,3.0,,5,N/A,5.0,5.0,1,Yes,1473094591000,Yes,1040,Yes,,N/A,"['Accessible outside class', 'Hilarious', 'Participation matters']",people,people
Not Mandatory,good,average,good,0,26950928,0,,awesome,5,CD0001,"Awesome professor, awesome class! Lectures are fun, but beware: he tests you only on readings and uses lectures to build on what he assumes you've read. Tests were straightforward and easy if you've read the material. He's an extremely fun guy, sets up ""lunch dates"" where students sign up to have a meal with him and chat. Lots of extra credit!",09/02/2016,2.0,2.0,,5,N/A,5.0,5.0,1,Yes,1472810328000,Yes,1040,Yes,,A,"['Hilarious', 'Accessible outside class', 'EXTRA CREDIT']",people,people
Mandatory,average,average,average,0,26132187,0,,average,3,CD001,"Professor Gidney is a great person, but sometimes he's so disorganized and unclear with what he expects on assignments.",03/10/2016,2.0,2.0,,3,Sorta interested,3.0,3.0,1,Yes,1457627076000,N/A,1040,Yes,,B+,[],people,people
N/A,good,average,good,1,26045678,0,,awesome,4,CD155,"Engaging, enthusiastic, and competent. He managed to cover a very broad, interdisciplinary topic and make it all feel connected. No tests, just several writing assignments based on the reading.",02/10/2016,3.0,3.0,,5,Really into it,4.5,4.5,1,Yes,1455119407000,N/A,1040,Yes,,A-,['Get ready to read'],people,person
Not Mandatory,good,average,good,0,25932859,0,,awesome,5,CD0001,"Chip is hilarious and very passionate. I highly recommend taking this class, even if you're not going to explore the field further.",01/13/2016,2.0,2.0,,4,It's my life,4.5,4.5,1,Yes,1452683234000,N/A,1040,Yes,,N/A,"['Amazing lectures', 'Hilarious', 'Get ready to read']",people,people
Not Mandatory,good,average,average,0,25818976,0,,good,4,CD001,"Chip is a great guy! He's extremely enthusiastic about the material and although the lectures don't usually have to do with what's on the test, attending class was always fun and a great learning experience. The TA's were also extremely helpful. Chip gave lots of extra credit and tried to integrate examples through projects and lectures.",12/24/2015,2.0,2.0,,3,Sorta interested,3.5,3.5,1,Yes,1450956673000,N/A,1040,Yes,,A+,"['Get ready to read', 'EXTRA CREDIT', 'Hilarious']",people,people
Not Mandatory,good,average,average,0,25726834,0,,good,4,CD0001,Lectures completely useless. Read the textbook chapters that the quizzes are on the day of and you'll get an A.,12/16/2015,3.0,3.0,,3,Low,3.5,3.5,1,Yes,1450280906000,N/A,1040,Yes,,A-,"['Get ready to read', 'EXTRA CREDIT', 'Lecture heavy']",people,people
N/A,good,average,good,0,25511830,0,,awesome,5,CD155,"Cross-listed as LING155. Engaging, enthusiastic, and knows the subject well. Prone to going off on tangents during lectures, but always on something related to the subject. Lots of reading in outside sources, and you will have written assignments on it. Genuinely enjoyed going to his class.",12/01/2015,2.0,2.0,,4,Sorta interested,4.5,4.5,1,No,1448969511000,Yes,1040,Yes,,N/A,['Get ready to read'],people,people
Mandatory,good,poor,good,0,24817806,0,,awesome,5,CD143,"Chip rocks! After taking CD1 with him, I participated in the CTV project through this class.  He is entertaining and such an interesting guy.  He really wants to get to know each of his students.",05/13/2015,1.0,1.0,,5,Really into it,5.0,5.0,1,No,1431518114000,N/A,1040,Yes,,A,"['Respected', 'Hilarious', 'Participation matters']",people,people
Not Mandatory,average,poor,average,0,24602560,1,,average,3,CD001,"This class was a huge waste of time. Dr. Gidney is a really nice guy, but his lectures are not essential to passing whatsoever.  If you want an easy A, go ahead and take it, but get ready to sit through useless recitations and lectures with no relevance to what is tested on. The tests are entirely the book. Nice guy but poorly organized, bad class.",04/15/2015,1.0,1.0,,3,Low,3.0,3.0,1,Yes,1429114010000,N/A,1040,Yes,,A,"['Caring', 'EXTRA CREDIT', 'Get ready to read']",person,people
Not Mandatory,good,poor,good,0,24235420,0,,awesome,5,CD0001,"He was very approachable and made an effort to get to know each student regardless of the fact that CD1 was a large lecture class.  Maintain a good relationship with your TA, Chip does a lot through them!",01/05/2015,1.0,1.0,,4,It's my life,4.5,4.5,1,Yes,1420501446000,N/A,1040,Yes,,A,"['Respected', 'EXTRA CREDIT']",people,people
N/A,good,good,good,0,24174012,0,,good,4,CD001,"Professor Gidney (asks you to call him Chip) is a hilarious guy and his lectures are interesting and contains good discussions, but they're unhelpful when it comes to assignmentsquizzes. Recitations are the worst. So much reading. Lots of flexibility in papersextra credit, approachable guy, so-so class overall. Lots of respect for Chip, though.",12/23/2014,4.0,4.0,,4,Sorta interested,4.0,4.0,1,Yes,1419302769000,N/A,1040,Yes,,N/A,"['Get ready to read', 'EXTRA CREDIT']",people,people
Not Mandatory,average,good,average,1,23795066,0,,poor,2,CD0001,"Professor Gidney is amazing! The only thing is that he rarely lectures about the material that will actually be on the quizzes (6 in total throughout the semester, no midterm, no final, 3 short  essays). Most annoying thing about the class: mandatory recitations that are FAR from being helpful. Why are recitations mandatory when lectures aren't? ",11/12/2014,4.0,4.0,,2,Low,2.0,2.0,1,Yes,1415790705000,N/A,1040,Yes,,Not sure yet,"['EXTRA CREDIT', 'Hilarious', 'Get ready to read']",people,person
N/A,average,poor,average,0,22007005,0,,average,3,CD001,Very happy with this class! Lectures were very interesting but information presented wasn't usually on tests. Able to retake tests. A lot of extra credit. Easy to do well! One negative was mandatory recitation that wasn't helpful,07/29/2013,1.0,1.0,,3,Really into it,3.0,3.0,1,Yes,1375121825000,N/A,1040,N/A,,N/A,[],people,people
N/A,good,average,good,0,21624658,0,,awesome,5,LING155,"Great Professor, the course is rigorous so be prepared for a lot of hard work. This is not an easy class but you will learn a lot.",04/28/2013,3.0,3.0,,4,It's my life,4.5,4.5,1,Yes,1367192696000,N/A,1040,N/A,,N/A,[],people,people
N/A,average,average,average,0,21294643,0,,average,3,CD001,"Everyone seems to love him but I thought his class was so-so. Very heavily reading. Nice guy, funny, but always referred me to a TA (it was a big class I suppose) and seems really busy. I didn't LOVE the class though, it was ok. Lectures were kinda off topic and mandatory recitations were useless. Lots of E.C. and can retake tests, which is great.",01/25/2013,3.0,3.0,,2,Really into it,2.5,2.5,1,Yes,1359078898000,N/A,1040,N/A,,N/A,[],people,people
N/A,good,average,good,0,20720571,0,,awesome,5,CD001,"Chip is the best! The readings are long, so do not get behind on them. The tests are Very hard, but he offers retakes on most to soften the blow. Questions are on tiny details from readings, little to do w/ lectures. He is so funny though, so still worth it to go to class. Reasonable and FAIR prof. Really fun class!",10/21/2012,3.0,3.0,,5,Really into it,5.0,5.0,1,Yes,1350825716000,N/A,1040,N/A,,N/A,[],people,people
N/A,good,average,good,0,19755794,0,,good,4,CD155,"I'm a grad student. Chip was adjusting the class this semester, so this is perhaps uncharacteristic&#63; I don't know. There was a LOT of reading; textbooks OK, PDFs were very hard. Everything's on Trunk, which is nice, but you have to take the initiative/remember(!) to look it up. Syllabus provided in chunks across the semester (personally not a fan).",01/21/2012,3.0,3.0,,4,Really into it,4.0,4.0,1,Yes,1327163096000,N/A,1040,N/A,,N/A,[],people,people
N/A,good,good,good,0,19647216,0,,awesome,5,CD155,"Chip is the best! I was a freshman in this class and it was by far my hardest class, but it was so worth it. Lectures are fabulous. Just make sure to stay caught up on the reading. There are no in-class tests, just essays and a final observation project. Definitely recommend!",12/31/2011,4.0,4.0,,5,Low,5.0,5.0,1,Yes,1325359272000,N/A,1040,N/A,,N/A,[],people,people
N/A,good,average,good,0,18520403,0,,awesome,5,CD1,"The pace is about a chapter a week in the textbook... each chapter being about 35 pages. The readings are interesting, but there are a lot of notes to take. The TA's are very helpful in answering any questions and helping prepare for the exam. The lectures are very fun though, and Chip Gidney is a very enthusiastic teacher. This course isn't easy.",05/03/2011,3.0,3.0,,4,Really into it,4.5,4.5,1,Yes,1304463203000,N/A,1040,N/A,,N/A,[],people,people
N/A,good,poor,good,0,18146515,0,,awesome,5,CD155,"Chip is awesome and this class is really interesting!!! I only used my textbooks to write papers though, you don't need to do the readings at all. I can't wait to take another class with him!",01/16/2011,1.0,1.0,,5,Really into it,5.0,5.0,1,No,1295204960000,N/A,1040,N/A,,N/A,[],people,people
N/A,good,average,good,0,17775002,0,,awesome,5,CD001,"Chip's intro class is fun and engaging. He tests purely the textbook (difficult tests) and his class highlights and clarifies the textbook chapters. His lectures are  interactive and he makes an effort to meet with kids in the tower cafe. I'm never checking the time, he always makes sure to mix it up and use media and guests. Takes attendance.",11/16/2010,3.0,3.0,,4,Really into it,4.5,4.5,1,Yes,1289900712000,N/A,1040,N/A,,N/A,[],people,people
N/A,good,average,good,0,15011183,0,,good,4,CD1,Such a fun class! I thought it was very interesting and it inspired me to want to minor in child development.,11/17/2008,3.0,3.0,,4,Really into it,4.0,4.0,1,Yes,1226945752000,N/A,1040,N/A,,N/A,[],people,people
N/A,good,average,good,0,13995287,0,,awesome,5,CD155,"I love chip!! He starts every class with fun international music, loves what he teaches, knows his stuff, and is hilarious! Gives you the exam answer key as a study guide. Good review sessions. I want to take this class again!",01/14/2008,2.0,2.0,,5,Sorta interested,5.0,5.0,1,Yes,1200311795000,N/A,1040,N/A,,N/A,[],people,people
N/A,good,average,average,0,12997038,0,,good,5,CD1,He's great! A really interesting teacher and he manages to keep everyone engaged through the use of different multimedia. Must do the reading and keep notes on it because tests are much more based on reading. Do the practice tests! They help so much for the exam.,04/11/2007,2.0,2.0,,2,It's my life,3.5,3.5,1,Yes,1176292668000,N/A,1040,N/A,,N/A,[],people,people
N/A,good,average,good,0,10806699,0,,awesome,4,CHILDDEV,He is great! loves him! very tough material but great guy.,10/24/2005,3.0,3.0,,5,It's my life,4.5,4.5,1,N/A,1130136911000,N/A,1040,N/A,,N/A,[],people,people
N/A,good,poor,good,0,10832933,0,,awesome,5,CHILDDEV,"Chip is very personable , brilliant man, ull learn alot without realizing it... get him talking about linguistics music CD , he has a wealth of info to offer",09/25/2005,1.0,1.0,,5,It's my life,5.0,5.0,1,N/A,1127677471000,N/A,1040,N/A,,N/A,[],people,people
Mandatory,good,good,good,0,3034848,0,,awesome,5,CD155,"Go Chip!! Wonderful class, really kept me on my toes.",12/15/2004,4.0,4.0,,5,Really into it,5.0,5.0,1,N/A,1103133755000,N/A,1040,N/A,,N/A,[],people,people
N/A,good,good,good,0,2990855,0,,awesome,5,CD155,I wasn't too psyched about taking this class at first but I ended up LOVING it.  Dr. Gidney is an AWESOME lecturer and you can tell he's really passionate about his subject.  I learned a LOT in this class. If you don't mind reading a lot - take this class!,12/12/2004,5.0,5.0,,5,Sorta interested,5.0,5.0,1,N/A,1102840745000,N/A,1040,N/A,,N/A,[],people,people
N/A,good,good,good,0,2909174,0,,awesome,5,CD155,"Gidney is a great lecturer and he makes class interesting, even when covering some pretty dry material.  Be prepared to stress out over grades - there aren't many, the tests are thorough, and he'll take his sweet time getting the grades back to you.  Dont be intimidated and youll LOVE this class!!",12/04/2004,4.0,4.0,,4,It's my life,4.5,4.5,1,N/A,1102186189000,N/A,1040,N/A,,N/A,[],people,people
N/A,good,good,good,0,2749241,0,,awesome,5,CD155,Chip is awesome! He makes this class absolutely worth taking,11/16/2004,4.0,4.0,,4,Really into it,4.5,4.5,1,N/A,1100598541000,N/A,1040,N/A,,N/A,[],people,people
N/A,good,good,good,0,1506997,0,,good,4,CD155,Great lecturer.  Really hard grader.,12/15/2003,4.0,4.0,,4,N/A,4.0,4.0,1,N/A,1071449029000,N/A,1040,N/A,,N/A,[],people,people
N/A,good,good,good,0,1382457,0,,awesome,5,CD155,I'm loving this class - it's one of the best I've taken at Tufts (I'm a senior).  The lectures are clear and engaging and Prof. Gidney seems to really enjoy teaching.  The test was hard but some of us DID get A's!,11/23/2003,4.0,4.0,,5,N/A,5.0,5.0,1,N/A,1069585261000,N/A,1040,N/A,,N/A,[],people,people
N/A,average,good,average,0,1335690,0,,average,3,CD151,his teaching is very clear and to the point EXCEPT his tests suck and they're pretty unfair. Too much to do in little time - and way too much to memorize.,11/16/2003,5.0,5.0,,2,N/A,2.5,2.5,1,N/A,1069021309000,N/A,1040,N/A,,N/A,[],people,people
N/A,good,good,good,0,1022941,0,,awesome,5,CD143,Prof Gidney is so smart and helpful.  He's a real cutie too:),06/22/2003,4.0,4.0,,5,N/A,5.0,5.0,1,N/A,1056301863000,N/A,1040,N/A,,N/A,[],people,people
N/A,good,good,good,0,954478,0,,awesome,5,CD143,Great teacher - great guy.  Best course at Tufts.,05/13/2003,4.0,4.0,,5,N/A,5.0,5.0,1,N/A,1052785345000,N/A,1040,N/A,,N/A,[],people,people
N/A,average,good,poor,0,865337,0,,poor,2,CD143,No Comments,04/22/2003,4.0,4.0,,1,N/A,1.5,1.5,1,N/A,1051011759000,N/A,1040,N/A,,N/A,[],people,people
N/A,good,good,good,0,865274,0,,awesome,5,CD143,come on! there's no Child Development option!,04/22/2003,4.0,4.0,,4,N/A,4.5,4.5,1,N/A,1051011271000,N/A,1040,N/A,,N/A,[],people,people
N/A,average,good,average,0,651441,0,,poor,2,LANGUAGE,No Comments,02/28/2003,4.0,4.0,,2,N/A,2.0,2.0,1,N/A,1046440953000,N/A,1040,N/A,,N/A,[],people,people
