attendance,clarityColor,easyColor,helpColor,helpCount,id,notHelpCount,onlineClass,quality,rClarity,rClass,rComments,rDate,rEasy,rEasyString,rErrorMsg,rHelpful,rInterest,rOverall,rOverallString,rStatus,rTextBookUse,rTimestamp,rWouldTakeAgain,sId,takenForCredit,teacher,teacherGrade,teacherRatingTags,unUsefulGrouping,usefulGrouping
Mandatory,good,average,good,1,31900980,0,,awesome,5,PHY16,"Tim is one of the friendliest people I know. His &quot;Computational Physics&quot; class was thoughtfully designed. If you talk to him after class, you will never be lost. Even though he's not just a lecturer, he definitely prioritizes undergraduate education, and it shows. Easy class, good at teaching, great guy!",05/17/2019,2.0,2.0,,5,N/A,5.0,5.0,1,No,1558109845000,Yes,1040,Yes,,A,"[""Skip class? You won't pass."", 'Participation matters', 'Accessible outside class']",people,person
Mandatory,poor,average,poor,0,31086987,0,,awful,1,PHY12,"Tim is a really nice person, he tries hard, and he makes the classroom environment very inclusive, but I did not think he was a good professor. For PHY12, we had very few materials or resources. Always felt unprepared for tests and didn't know what would be on them. Participation grades are ambiguous, and group project felt like a waste of time.",12/18/2018,3.0,3.0,,1,N/A,1.0,1.0,1,No,1545171501000,No,1040,Yes,,N/A,"['Group projects', 'Lecture heavy', 'Test heavy']",people,people
N/A,poor,average,poor,0,30764586,0,,awful,1,PHY12,"this dude is so snarky, good at communicating concepts but gets repetitive and is pretty boring",11/20/2018,2.0,2.0,,1,N/A,1.0,1.0,1,No,1542738309000,No,1040,Yes,,N/A,[],people,people
Mandatory,good,good,good,0,30664125,0,,awesome,5,PHY12,"Tough material, but he made the class super enjoyable and had multiple ways to approach every topic. He made every lecture interesting, I would definitely take this class again.",11/05/2018,4.0,4.0,,5,N/A,5.0,5.0,1,No,1541451954000,Yes,1040,Yes,,N/A,"['Gives good feedback', ""Skip class? You won't pass."", 'Amazing lectures']",people,people
Mandatory,good,average,good,0,30664121,0,,awesome,5,PHY12,"Timothy is an absolute delight. He engages the entire class, even if it is really big. He creates a very safe environment while answering questions during the lecture. He also makes a ton of jokes. The tests are expectedly challenging, but you can get an A with some practice and studying. I would 10/10 take a class by this professor again.",11/05/2018,3.0,3.0,,5,N/A,5.0,5.0,1,No,1541451935000,Yes,1040,Yes,,A,"['Inspirational', 'Amazing lectures']",people,people
N/A,good,average,good,0,30567893,0,,awesome,5,PHY12,"Wonderful prof! Genuinely cares that students understand the material and have a good time in his class. Classes are fun and interesting, he has a nice personality. Really kind professor, and good at explanations.",10/14/2018,3.0,3.0,,5,N/A,5.0,5.0,1,No,1539530339000,Yes,1040,Yes,,N/A,"['Caring', 'Inspirational', 'Hilarious']",people,people
Not Mandatory,good,average,good,0,27580991,1,,good,4,PHY12,"Lectures are very vague and often are completely unrelated to the homework and tests. Cyclic approach works, but labs and class rarely line up. Very nice man, just needs to teach what he tests us on.",12/20/2016,3.0,3.0,,4,N/A,4.0,4.0,1,Yes,1482245901000,Yes,1040,Yes,,N/A,"['Gives good feedback', 'Hilarious', 'Group projects']",person,people
N/A,good,average,good,3,25293011,0,,awesome,4,PHY12,"Labs are kind of crap, tests aren't bad. Atherton makes lecture something I want to go to and is helpful. Very entertaining.",10/26/2015,3.0,3.0,,5,Really into it,4.5,4.5,1,Yes,1445866387000,N/A,1040,Yes,,N/A,"['Participation matters', 'Respected', 'Hilarious']",people,people
N/A,good,average,good,1,25238865,0,,awesome,5,PHY12,Tim Atherton is an amazing instructor! I wish all the instructors at Tufts were as good as him. His lectures are crystal clear and he clarifies everything when you ask him questions. He has a great sense of humor and a really cool British accent! It's impossible to fall asleep in his classes. ,10/08/2015,3.0,3.0,,5,Really into it,5.0,5.0,1,Yes,1444337307000,N/A,1040,Yes,,N/A,"['Caring', 'Hilarious', 'Respected']",people,person
N/A,good,average,good,3,24249448,0,,awesome,5,PHY12,"Professor Atherton's the best. He really cares about his students and will do everything in his power to help you succeed. His assignments and tests were about demonstrating your understanding of the concepts, not your ability to perform mathematical gymnastics. Lectures were clear, accent was enthralling, and the physics itself wasn't that bad!",01/07/2015,3.0,3.0,,5,It's my life,5.0,5.0,1,No,1420657391000,Yes,1040,Yes,,A,"['Participation matters', 'Respected']",people,people
N/A,good,good,good,2,21986506,1,,awesome,5,PHYS13,Sexiest physics professor EVAH. Also the best and most engaging prof I've ever had. Take anything and everything he teaches.,07/22/2013,4.0,4.0,,5,It's my life,5.0,5.0,1,Yes,1374466783000,N/A,1040,N/A,,N/A,[],person,people
N/A,good,good,good,4,21236826,3,,awesome,5,PHY13,"Professor Atherton is fantastic. Absolutely cares about student progress, and wants to make sure that everyone in class understands. Go to class and recitation, and everything should be crystal clear.",01/09/2013,4.0,4.0,,5,It's my life,5.0,5.0,1,Yes,1357750884000,N/A,1040,N/A,,N/A,[],people,people
