attendance,clarityColor,easyColor,helpColor,helpCount,id,notHelpCount,onlineClass,quality,rClarity,rClass,rComments,rDate,rEasy,rEasyString,rErrorMsg,rHelpful,rInterest,rOverall,rOverallString,rStatus,rTextBookUse,rTimestamp,rWouldTakeAgain,sId,takenForCredit,teacher,teacherGrade,teacherRatingTags,unUsefulGrouping,usefulGrouping
N/A,good,average,good,0,20236878,0,,good,4,EC11,"Akmehmet is a good guy. His lectures are clear and he is helpful during office hours (take advantage of them)! His tests are pretty fair and grading is fair. It is Ec11, so it can be boring, but he adds some excitement to it. There's way less math than the other sections.",05/09/2012,2.0,2.0,,4,Really into it,4.0,4.0,1,Yes,1336555979000,N/A,1040,N/A,,N/A,[],people,people
N/A,good,good,average,0,20212246,0,,average,4,EEAA,"Great guy, really funny. The class is interesting, and he presents the material pretty well. The textbook is complicated as hell though, and at a glance, you will have no idea what it's on about, with all it's mathematical formulas. Thankfully, prof akmehmet only uses select information for the course. Good class!",05/06/2012,5.0,5.0,,2,Sorta interested,3.0,3.0,1,Yes,1336345610000,N/A,1040,N/A,,N/A,[],people,people
N/A,good,average,good,0,20166718,0,,awesome,5,EC0035,Akmehmet is a very smart guy and will teach you a lot about econ. He's not available for Office Hours very often but when you go he's very helpful and a really chill dude. The exams were completely memorization based. Interesting class.,05/01/2012,3.0,3.0,,4,Really into it,4.5,4.5,1,Yes,1335891823000,N/A,1040,N/A,,N/A,[],people,people
N/A,good,good,good,0,20089311,0,,awesome,5,DEV35,"EcDev is known as one of the most engaging courses at Tufts. Akmehmet is a Star. he makes the students read a lot, always informative always humorous.",04/20/2012,5.0,5.0,,5,Sorta interested,5.0,5.0,1,Yes,1334945180000,N/A,1040,N/A,,N/A,[],people,people
N/A,average,average,average,0,19619239,0,,average,3,EC1,"Turkish professor with an incredibly enjoyable accent.  He's a nice guy, and his classes are easy, but if you're expecting to learn a lot from an insightful and inspiring professor, he is not the one from whom to take a class.",12/25/2011,2.0,2.0,,2,It's my life,2.5,2.5,1,Yes,1324812593000,N/A,1040,N/A,,N/A,[],people,people
N/A,good,average,good,0,19376650,0,,awesome,5,EC11,The best professor,12/04/2011,3.0,3.0,,5,Really into it,5.0,5.0,1,Yes,1323020735000,N/A,1040,N/A,,N/A,[],people,people
N/A,good,good,good,0,18530971,0,,awesome,5,EC11,"He is very clear in his lectures, which are heavily based on powerpoints that come with the textbook. He also spends every other class doing problems on the boards and explain it very thoroughly. The problem with his section, though, is that the midterm and final counts for A LOT, and if you screw up on anything there, it will seriously hurt.",05/05/2011,4.0,4.0,,4,Low,4.5,4.5,1,Yes,1304558812000,N/A,1040,N/A,,N/A,[],people,people
N/A,good,average,good,0,18182941,0,,awesome,4,EC11,"Akmehmet is a pretty solid teacher.  He explains concepts well and pulls in applications to make it interesting.  He gives few problem sets, so your grade is pretty dependent on the exams.  That being said, he puts a pretty generous curves on his exams which aren't too difficult in the first place.  I would take another course with him.",01/26/2011,2.0,2.0,,5,Really into it,4.5,4.5,1,Yes,1296040398000,N/A,1040,N/A,,N/A,[],people,people
N/A,good,average,good,0,17224743,0,,good,4,EC11,"The class is easy, problem sets are easy, you just have to stop by class sometimes to understand the material. He is helpful if you go to his office hours, other than that he is not in the campus.",05/18/2010,2.0,2.0,,4,Sorta interested,4.0,4.0,1,Yes,1274179006000,N/A,1040,N/A,,N/A,[],people,people
N/A,poor,good,poor,0,16373660,0,,awful,1,EC11,Not clear,11/16/2009,4.0,4.0,,1,Low,1.0,1.0,3,Yes,1258332401000,N/A,1040,N/A,,N/A,[],people,people
