attendance,clarityColor,easyColor,helpColor,helpCount,id,notHelpCount,onlineClass,quality,rClarity,rClass,rComments,rDate,rEasy,rEasyString,rErrorMsg,rHelpful,rInterest,rOverall,rOverallString,rStatus,rTextBookUse,rTimestamp,rWouldTakeAgain,sId,takenForCredit,teacher,teacherGrade,teacherRatingTags,unUsefulGrouping,usefulGrouping
Mandatory,good,average,good,0,30679992,0,,awesome,5,GREEK1,"Dr. Crane is so so awesome. He wants you to succeed, and he'll help you get there if you're willing to meet with him outside of class.",11/07/2018,3.0,3.0,,5,N/A,5.0,5.0,1,Yes,1541616543000,Yes,1040,Yes,,N/A,"['Participation matters', 'Caring', 'Accessible outside class']",people,people
Mandatory,good,average,good,1,28636829,0,,awesome,5,CLS31,"The class includes reading, weekly blog, and three translation-related projects. The lectures are very interesting, so does the professor himself. The projects helps me learn a lot about Greek and translation in general. The professor is very knowlegable and passionate for the material. Get ready to be recommended some old movies/pop culture stuff.",08/23/2017,2.0,2.0,,5,N/A,5.0,5.0,1,No,1503530280000,Yes,1040,Yes,,A,"['Respected', 'Inspirational', 'Amazing lectures']",people,person
Not Mandatory,average,good,average,0,10807955,0,,average,2,THUCYDIDES,No Comments,10/24/2005,4.0,4.0,,3,Low,2.5,2.5,1,N/A,1130165639000,N/A,1040,N/A,,N/A,[],people,people
N/A,good,average,good,0,3062790,0,,awesome,5,WINNICKCHAIR,Greg Crane is the coolest human being in the world.  He runs the university from his Perseus Project nerve center/inner sanctum.,12/17/2004,2.0,2.0,,4,Sorta interested,4.5,4.5,1,N/A,1103323795000,N/A,1040,N/A,,N/A,[],people,people
N/A,average,average,good,0,1904860,0,,good,3,GREEK7,"very passionate and fun, great to talk to as well.",04/05/2004,3.0,3.0,,5,N/A,4.0,4.0,1,N/A,1081195794000,N/A,1040,N/A,,N/A,[],people,people
