attendance,clarityColor,easyColor,helpColor,helpCount,id,notHelpCount,onlineClass,quality,rClarity,rClass,rComments,rDate,rEasy,rEasyString,rErrorMsg,rHelpful,rInterest,rOverall,rOverallString,rStatus,rTextBookUse,rTimestamp,rWouldTakeAgain,sId,takenForCredit,teacher,teacherGrade,teacherRatingTags,unUsefulGrouping,usefulGrouping
N/A,average,poor,average,0,24498381,0,,average,3,ASTS35,"Nice, kind lady! The class is quite easy, inspirational, and not very hard.",03/24/2015,1.0,1.0,,3,It's my life,3.0,3.0,1,Yes,1427241411000,N/A,1040,Yes,,N/A,"['Gives good feedback', 'Inspirational', 'Get ready to read']",people,people
N/A,average,poor,average,0,22683281,0,,good,3,ASTRS35,Very kind lady! Quite knowledgeable!,01/02/2014,1.0,1.0,,4,Really into it,3.5,3.5,1,Yes,1388623674000,N/A,1040,N/A,,N/A,[],people,people
N/A,average,poor,average,1,12660770,0,,average,2,AST09,"The professor is a very nice lady, passionate but a very bad lecturer. The review sessions and hws were most important.  If you do well on the first tests you didn't have to take the final...i don't if they still do that...",12/21/2006,1.0,1.0,,3,Low,2.5,2.5,3,Yes,1166676785000,N/A,1040,N/A,,N/A,[],people,person
N/A,good,average,average,0,11910507,0,,average,4,AST09,"over-explains in lectures, tests are harder than you'd expect. do the hw, make an effort on the final project, you'll do fine.",05/18/2006,2.0,2.0,,2,Sorta interested,3.0,3.0,1,N/A,1147973726000,N/A,1040,N/A,,N/A,[],people,people
N/A,poor,poor,poor,0,11582832,0,,awful,1,ASTRO22,dreadful lectures. easy (but tediously long exams).,03/17/2006,1.0,1.0,,1,Really into it,1.0,1.0,1,N/A,1142580145000,N/A,1040,N/A,,N/A,[],people,people
N/A,average,poor,average,0,3851473,0,,good,2,ASTRONOMY9,"Boring...as HELL.  Why did I go to so many of the classes&#63;  I'm beating myself over the head for that right now.  But it is an easy A, and I got rid of a science credit.",05/13/2005,1.0,1.0,,5,Low,3.5,3.5,1,N/A,1115972648000,N/A,1040,N/A,,N/A,[],people,people
N/A,average,average,average,0,3251028,1,,average,2,AST22,She is definately a smart prof. She knows almost too much about the stars. Class got a little confusing at times,01/20/2005,3.0,3.0,,3,Meh,2.5,2.5,1,N/A,1106185540000,N/A,1040,N/A,,N/A,[],person,people
Not Mandatory,poor,good,poor,0,2922078,0,,awful,1,ASTRO22,"WORST CLASS EVER.  DiStefano sucks, that's all i have to say.  don't take this class unless you are a masochist.",12/06/2004,4.0,4.0,,1,Really into it,1.0,1.0,1,N/A,1102345622000,N/A,1040,N/A,,P,[],people,people
N/A,average,poor,average,0,1952807,0,,average,3,AST009,"show up for class, sort of pay attention, and take your A to the bank",04/13/2004,1.0,1.0,,3,N/A,3.0,3.0,1,N/A,1081894369000,N/A,1040,N/A,,N/A,[],people,people
N/A,average,average,average,0,1938249,0,,poor,2,AST22,No Comments,04/12/2004,3.0,3.0,,2,N/A,2.0,2.0,1,N/A,1081728726000,N/A,1040,N/A,,N/A,[],people,people
N/A,poor,good,poor,0,1079791,0,,awful,1,ASTRONOMY,"If you're looking for an easy A for a science credit, don't take this class.",08/07/2003,4.0,4.0,,1,N/A,1.0,1.0,1,N/A,1060251521000,N/A,1040,N/A,,N/A,[],people,people
N/A,poor,average,poor,0,878165,0,,awful,1,ASTRO21,No Comments,04/24/2003,3.0,3.0,,1,N/A,1.0,1.0,1,N/A,1051183848000,N/A,1040,N/A,,N/A,[],people,people
N/A,poor,good,poor,0,877093,0,,awful,1,ASTRO,"Professor Di Stefano, you made my sister cry.",04/24/2003,4.0,4.0,,1,N/A,1.0,1.0,1,N/A,1051144350000,N/A,1040,N/A,,N/A,[],people,people
N/A,poor,average,poor,0,865535,0,,awful,1,AST009,No Comments,04/22/2003,3.0,3.0,,1,N/A,1.0,1.0,1,N/A,1051013337000,N/A,1040,N/A,,N/A,[],people,people
