attendance,clarityColor,easyColor,helpColor,helpCount,id,notHelpCount,onlineClass,quality,rClarity,rClass,rComments,rDate,rEasy,rEasyString,rErrorMsg,rHelpful,rInterest,rOverall,rOverallString,rStatus,rTextBookUse,rTimestamp,rWouldTakeAgain,sId,takenForCredit,teacher,teacherGrade,teacherRatingTags,unUsefulGrouping,usefulGrouping
Not Mandatory,good,average,good,0,29543515,0,,awesome,5,ES56,"I highly recommend Chudyk. Pleasant learning environment, no nonsense, logical notes, and straightforward tests. Homework was difficult but informative. In my opinion, the best professors can write at the board and show you a clear progression of thought instead of racing through Powerpoints.",02/07/2018,2.0,2.0,,5,N/A,5.0,5.0,1,Yes,1517969475000,Yes,1040,Yes,,N/A,"['Caring', 'Respected']",people,people
Not Mandatory,good,average,good,1,27897052,0,,awesome,5,ES56,"His humor is great when you get to know him. He's quirky and fun and passionate about what he teaches. If you aren't good at remembering sig figs or if you make a lot of calculation errors though, don't take his class.",03/10/2017,3.0,3.0,,5,N/A,5.0,5.0,1,Yes,1489155542000,Yes,1040,Yes,,A,"['Respected', 'Hilarious', 'Accessible outside class']",people,person
Not Mandatory,poor,good,poor,0,26732720,0,,awful,1,CEE211,"nice personality though , the class was boring",06/16/2016,5.0,5.0,,1,N/A,1.0,1.0,1,No,1466098768000,No,1040,Yes,,B,['Tough grader'],people,people
N/A,poor,good,poor,0,24840581,0,,poor,1,CHEMISTRY,Useless professor but he is such a nice person,05/15/2015,4.0,4.0,,2,Meh,1.5,1.5,3,No,1431702047000,N/A,1040,Yes,,N/A,['Tough grader'],people,people
N/A,good,average,good,0,24319705,0,,good,4,ES56,"though boring, but you learned basic data analysis.",01/22/2015,2.0,2.0,,4,Low,4.0,4.0,1,Yes,1421919195000,N/A,1040,Yes,,N/A,[],people,people
N/A,average,average,poor,0,22223953,0,,poor,2,ES56,he's the worst! he talks to the blackboard and is super unclear. Not worth not doing well in this class--get last years exams ahead of time,10/28/2013,3.0,3.0,,1,Low,1.5,1.5,1,Yes,1382979466000,N/A,1040,N/A,,N/A,[],people,people
N/A,good,poor,good,0,20517238,0,,awesome,5,ES56,Great professor- as long as you show up to class the tests are easy.,07/25/2012,1.0,1.0,,5,It's my life,5.0,5.0,1,Yes,1343244760000,N/A,1040,N/A,,N/A,[],people,people
N/A,good,average,good,0,19426334,0,,good,4,ES56,"Not great, not bad. 5 tests and HW. You get a formula sheet for tests. If you show up to class and actually listen you will do very well. Given it is hard to show up and listen to a mediocre professor talk about statistics.",12/08/2011,2.0,2.0,,4,Sorta interested,4.0,4.0,1,Yes,1323355070000,N/A,1040,N/A,,N/A,[],people,people
N/A,poor,good,poor,0,18037003,1,,awful,1,ENVENG,"boring,cold,insensitive",12/24/2010,5.0,5.0,,1,Sorta interested,1.0,1.0,1,Yes,1293175623000,N/A,1040,N/A,,N/A,[],person,people
N/A,good,poor,good,0,17752289,1,,good,4,ES56,"Prof. Chudyk is a pretty good Professor.  His explanations are pretty clear and he seems to be enthusiastic about the subject (or at least as enthusiastic as one can be about stats).  He's also friendly towards his students, and does seem to care about their success.",11/11/2010,1.0,1.0,,4,Really into it,4.0,4.0,1,Yes,1289439094000,N/A,1040,N/A,,N/A,[],person,people
N/A,good,average,good,0,17414934,0,,good,4,ES5,"Okay, so his lectures are extremely boring (though he does try), but he does a decent job of explaining the material, and he organizes the class well. Occasionally he will throw a curveball on an exam, but they are usually open book. He does seem a little cold, but he is helpful if you ever ask him for anything.",07/13/2010,3.0,3.0,,4,Sorta interested,4.0,4.0,1,Yes,1279030374000,N/A,1040,N/A,,N/A,[],people,people
N/A,good,average,good,0,16075679,0,,awesome,5,CE32,I'd like to put in a good word for Prof. Chudyk. I've had him for two courses and both were good experiences. He gives thorough explanations and doesn't waste any time with anecdotes.,07/29/2009,3.0,3.0,,4,Sorta interested,4.5,4.5,1,Yes,1248891667000,N/A,1040,N/A,,N/A,[],people,people
N/A,poor,good,poor,0,14643319,0,,awful,1,CE11,"THE worst tufts prof i've had.  made me want to switch my major.  but if you are an env engineer not all hope is lost, he is the worst in the dept. but everyone else is awesome!  avoid intro to env eng with chudyk.",07/08/2008,4.0,4.0,,1,Really into it,1.0,1.0,1,Yes,1215530018000,N/A,1040,N/A,,N/A,[],people,people
N/A,average,good,poor,0,12726653,0,,poor,2,ES5,"Professor Chudyk, if you're reading this, thanks for absolutely nothing.",01/05/2007,5.0,5.0,,1,Low,1.5,1.5,1,Yes,1168005060000,N/A,1040,N/A,,N/A,[],people,people
N/A,poor,good,poor,0,12483401,0,,awful,1,ES5,"A useless professor.  Offers to help answer homework problems, then doesn't solve them or gives useless info.  The worst professor I've had al of sophmore year.  I've never learned so little in class, been so bored, or relied on my book so much.  He's also a ****, he favors men highly above women.",11/28/2006,4.0,4.0,,1,Meh,1.0,1.0,1,Yes,1164745402000,N/A,1040,N/A,,N/A,[],people,people
Mandatory,average,average,poor,0,3168362,0,,poor,2,ES5,"Wayne Chudyk is probably the poorest teacher I've had in all of engineering, aside from freshman year half credits.  he has NO enthusiasm for the course and provides very few real life applications.  class is a complete bore.  you'll learn more from the TA than from Chudyk.",01/06/2005,2.0,2.0,,1,It's my life,1.5,1.5,1,N/A,1105013387000,N/A,1040,N/A,,A,[],people,people
