attendance,clarityColor,easyColor,helpColor,helpCount,id,notHelpCount,onlineClass,quality,rClarity,rClass,rComments,rDate,rEasy,rEasyString,rErrorMsg,rHelpful,rInterest,rOverall,rOverallString,rStatus,rTextBookUse,rTimestamp,rWouldTakeAgain,sId,takenForCredit,teacher,teacherGrade,teacherRatingTags,unUsefulGrouping,usefulGrouping
N/A,good,good,good,0,31620144,0,,awesome,5,MATH34,"An absolute legend. One of the sweetest profs on the planet. Lectures are well organized and concepts are explained clearly. Calc 2 was not an easy class, but I'm glad I took it with him.",04/18/2019,4.0,4.0,,5,N/A,5.0,5.0,1,No,1555563938000,Yes,1040,Yes,,B+,"['Caring', 'Respected', ""Skip class? You won't pass.""]",people,people
N/A,good,good,good,0,31133890,0,,awesome,5,MATH032,"I loved his lectures, didn't have to open my textbook once. Outside of class, extremely helpful in describing concepts. Gives us many opportunities to do well and resources leading up to exams. Very understanding with exam problems.",12/22/2018,4.0,4.0,,5,N/A,5.0,5.0,1,No,1545437355000,Yes,1040,Yes,,A+,"['Respected', 'Caring', ""Skip class? You won't pass.""]",people,people
N/A,good,average,good,0,31051080,0,,awesome,5,MATH34,"Professor Hu's class was a joy to take. I've never enjoyed a math class, let alone a calculus class as much as I enjoyed this one. The lecture's were both entertaining and informative and I felt well-prepared for the exams after going to them. Prof Hu makes it easy to succeed in his class if you are willing to put in some studying.",12/16/2018,3.0,3.0,,5,N/A,5.0,5.0,1,Yes,1544947701000,Yes,1040,Yes,,N/A,"['Hilarious', 'Accessible outside class', ""Skip class? You won't pass.""]",people,people
Not Mandatory,good,average,good,0,29947245,0,,awesome,5,MATH34,He is amazing and the lecturers are well organized. They are not mandatory but you will definitely learn a lot by going to them. He is always super helpful during office hour and really do care about his student. Take the class with him!,05/01/2018,3.0,3.0,,5,N/A,5.0,5.0,1,No,1525184037000,Yes,1040,Yes,,Not sure yet,"['Gives good feedback', 'Accessible outside class', 'Respected']",people,people
N/A,good,good,good,0,29925754,0,,awesome,5,MATH34,Prof Hu is a wonderful professor. He truly cares about all of his students and will take the time to make sure that every single person in class thoroughly understands the material before moving on. He is so good at explaining things and makes class fun by making jokes. Tough class but would definitely would recommend him,04/29/2018,4.0,4.0,,5,N/A,5.0,5.0,1,Yes,1525011422000,Yes,1040,Yes,,N/A,"['Accessible outside class', 'Caring', 'Respected']",people,people
Not Mandatory,good,average,good,0,26498766,0,,awesome,5,MATH34,Shaun is the best. His explanations are very clear and he is hilarious. There hasn't been a class in which I haven't laughed and I always leave his lectures feeling happy.,05/07/2016,3.0,3.0,,5,N/A,5.0,5.0,1,No,1462632505000,Yes,1040,Yes,,A+,"['Hilarious', 'Gives good feedback']",people,people
Mandatory,good,average,good,0,26030704,0,,awesome,5,MATH0034,Professor Hu is a great teacher. Very smart guy who can easily explain any questions.,02/05/2016,3.0,3.0,,5,Really into it,5.0,5.0,1,Yes,1454630824000,N/A,1040,Yes,,N/A,[],people,people
Mandatory,average,good,good,0,24968290,0,,good,3,128,"I took Numerical Lin. Algebra with Hu. The class was mostly CS students and I was a math major with minimal CS background. I taught myself Matlab from scratch and the course was very challenging. That being said, Hu presented clear and informative lectures, put VERY helpful slides online, and was VERY helpful during office hours. Would recommend!",06/15/2015,4.0,4.0,,5,Sorta interested,4.0,4.0,1,Yes,1434411147000,N/A,1040,Yes,,N/A,"['Gives good feedback', 'Tough grader', 'Caring']",people,people
N/A,good,good,good,1,24063596,0,,awesome,5,MATH126,"Prof. Hu is new to Tufts, and he's absolutely gem of a find. He knows his stuff inside out and upside down. The classes are really tough, lectures go really fast, but he posts his slides online (lots of work on blackboard though). Take his Math126 or 128 class if you can. I learned so much  Definitely know some Matlabprogramming lang. or  though.",12/13/2014,4.0,4.0,,5,It's my life,5.0,5.0,1,No,1418467783000,N/A,1040,Yes,,N/A,[],people,person
