attendance,clarityColor,easyColor,helpColor,helpCount,id,notHelpCount,onlineClass,quality,rClarity,rClass,rComments,rDate,rEasy,rEasyString,rErrorMsg,rHelpful,rInterest,rOverall,rOverallString,rStatus,rTextBookUse,rTimestamp,rWouldTakeAgain,sId,takenForCredit,teacher,teacherGrade,teacherRatingTags,unUsefulGrouping,usefulGrouping
Not Mandatory,average,average,average,0,27881279,0,,poor,2,ENV009,"Professor Kanarek is a caring and knowledgeable person who does not have or no longer has a flair for lecturing. She recites material blandly out of the textbook and does not maintain an inclusive classroom. She gave us a project once to ""pretend we were poor and had to use food stamps"" and to write down how it felt. Also very hard to email.",03/06/2017,2.0,2.0,,2,N/A,2.0,2.0,1,No,1488794315000,No,1040,Yes,,A,"['Group projects', 'Caring']",people,people
Not Mandatory,average,poor,average,0,27617007,1,,poor,2,ENV9,Eh,12/24/2016,1.0,1.0,,2,N/A,2.0,2.0,1,No,1482581621000,No,1040,Yes,,N/A,[],person,people
Not Mandatory,good,poor,good,0,24268617,0,,awesome,4,PSY19602,"So intelligent and successful, really knows her stuff. She's SO chill and just wants you to learn and as long as you're interested in the topic and a good student, you'll get an A. Lots of papers every week but you can just skim them or read the abstract. No tests at all, just a final project that wasn't too terrible. Class was super interesting",01/11/2015,1.0,1.0,,5,Really into it,4.5,4.5,1,No,1421001415000,N/A,1040,Yes,,A-,"['Respected', 'Inspirational']",people,people
N/A,average,poor,average,0,18938019,0,,average,2,PSY103,"She's a bit scatterbrained but overall a good professor. She's not that harsh when it comes to grading, and attempts to let students pursue their interests. However, she tended to cover material a bit shallowly, leaving me under-prepared for upper levels",08/21/2011,1.0,1.0,,4,Really into it,3.0,3.0,1,Yes,1313920939000,N/A,1040,N/A,,N/A,[],people,people
N/A,good,average,good,0,18889771,0,,good,4,PSY25,she deserves 12 chili peppers.,08/06/2011,3.0,3.0,,4,Really into it,4.0,4.0,1,Yes,1312650222000,N/A,1040,N/A,,N/A,[],people,people
N/A,good,average,good,0,12081397,0,,awesome,5,PSYCH,She is an understanding and caring teacher.  One of the best I've had at Tufts.  She is brilliant.  Take any class you can with her.,07/16/2006,3.0,3.0,,5,Low,5.0,5.0,1,N/A,1153008546000,N/A,1040,N/A,,N/A,[],people,people
N/A,good,average,good,0,2728994,0,,good,4,PSYCH1,No Comments,11/13/2004,3.0,3.0,,4,Really into it,4.0,4.0,1,N/A,1100385180000,N/A,1040,N/A,,N/A,[],people,people
