attendance,clarityColor,easyColor,helpColor,helpCount,id,notHelpCount,onlineClass,quality,rClarity,rClass,rComments,rDate,rEasy,rEasyString,rErrorMsg,rHelpful,rInterest,rOverall,rOverallString,rStatus,rTextBookUse,rTimestamp,rWouldTakeAgain,sId,takenForCredit,teacher,teacherGrade,teacherRatingTags,unUsefulGrouping,usefulGrouping
Mandatory,good,good,good,0,26507999,0,,awesome,4,ELS101,"The class is meant to be real-world which makes it hard. Braun tries to make us figure things out which can be confusing, but it helped me prepare for my summer internship so much. I would definitely recommend this class and professor.",05/08/2016,4.0,4.0,,5,N/A,4.5,4.5,1,Yes,1462749574000,Yes,1040,Yes,,N/A,"['Gives good feedback', 'Respected']",people,people
Mandatory,poor,good,poor,0,25886849,0,,awful,1,ELS101,Prof Braun proved to be a real disappointment as a teacher. He was unwilling to give students a clear explanation for his grading. His instructions were always extremely vague but he expected the responses to be specific. He also forces students to use his app that only works on ipads so many of my classmates were always struggling to rent them out,01/06/2016,4.0,4.0,,1,Low,1.0,1.0,1,No,1452078147000,N/A,1040,Yes,,N/A,['Group projects'],people,people
Mandatory,poor,good,average,0,24550399,0,,poor,1,ELS101,"Professor Braun has good intentions, but the course is so poorly organized that it's almost impossible to know what is due when, and what is expected for the assignments. Though he grades very easily, the way he teaches is obviously driving all of us nuts. He also makes you use a site called 30hands instead of trunk and it almost never works. ",04/06/2015,4.0,4.0,,3,Meh,2.0,2.0,1,No,1428338577000,N/A,1040,Yes,,A+,"['Group projects', 'Participation matters']",people,people
N/A,average,average,average,0,24300723,0,,average,2,101,"I am so confused about what's going on so far in class, and that says alot since its the first week of classes. Doesn't use trunk, instead uses another learning website which is confusing and often doesn't work, this adds to the confusion of what assignments we have and when they are due. Gives due dates on holidays which is absurd. Disorganized. ",01/17/2015,3.0,3.0,,3,Meh,2.5,2.5,1,Yes,1421503602000,N/A,1040,N/A,,N/A,[],people,people
