attendance,clarityColor,easyColor,helpColor,helpCount,id,notHelpCount,onlineClass,quality,rClarity,rClass,rComments,rDate,rEasy,rEasyString,rErrorMsg,rHelpful,rInterest,rOverall,rOverallString,rStatus,rTextBookUse,rTimestamp,rWouldTakeAgain,sId,takenForCredit,teacher,teacherGrade,teacherRatingTags,unUsefulGrouping,usefulGrouping
N/A,good,average,good,0,22972148,0,,awesome,5,COMP135,"An excellent teacher and a marvelous course. Carla is passionate and dedicated. She's quite speedy, but extremely clear, which balance out.",03/31/2014,2.0,2.0,,5,It's my life,5.0,5.0,1,Yes,1396306459000,N/A,1040,N/A,,N/A,[],people,people
N/A,good,good,good,0,20962431,0,,awesome,4,COMP135,"This was my first class with Carla and I loved it. It was interactive, which got everyone engaged. She always explained math fundamentals in case we were rusty. Assignments were practical and helped us learn the concepts first-hand.",12/05/2012,4.0,4.0,,5,Really into it,4.5,4.5,1,No,1354736114000,N/A,1040,N/A,,N/A,[],people,people
N/A,good,good,good,0,20670731,0,,awesome,4,COMP135,"She's clear, funny and overall great. Clearly, one of the best professors in Halligan. Take this class!",09/30/2012,4.0,4.0,,5,Really into it,4.5,4.5,1,No,1349039786000,N/A,1040,N/A,,N/A,[],people,people
N/A,average,good,poor,2,13616582,0,,poor,2,COMP135,"prof seems bewildered by her own material. is constantly claiming she is dyslexic, which is why she is always screwing up formulas on the board. she is nice, but pretty useless as a professor.",11/07/2007,4.0,4.0,,1,Sorta interested,1.5,1.5,1,No,1194474005000,N/A,1040,N/A,,N/A,[],people,people
