attendance,clarityColor,easyColor,helpColor,helpCount,id,notHelpCount,onlineClass,quality,rClarity,rClass,rComments,rDate,rEasy,rEasyString,rErrorMsg,rHelpful,rInterest,rOverall,rOverallString,rStatus,rTextBookUse,rTimestamp,rWouldTakeAgain,sId,takenForCredit,teacher,teacherGrade,teacherRatingTags,unUsefulGrouping,usefulGrouping
Mandatory,good,average,good,0,30848390,0,,awesome,5,ENG0002,"Amazing professor who genuinely cares about her students. Is very caring and encouraging when it comes to writing and critiques to help, not to nitpick. A ray of sunshine in class, she makes reading dry material very fun. Very kind in and out of the classroom. Her personality and her excitement about the material keeps the class fun and engaging!",12/03/2018,3.0,3.0,,5,N/A,5.0,5.0,1,Yes,1543856149000,Yes,1040,Yes,,N/A,"['Hilarious', 'Gives good feedback', 'Caring']",people,people
Mandatory,good,average,good,0,29851574,0,,awesome,5,ENG002,"Prof. Level was engaging, kind and took time to meet with us as individuals. Very caring and organized also.",04/20/2018,2.0,2.0,,5,N/A,5.0,5.0,1,Yes,1524227038000,Yes,1040,Yes,,N/A,"['Caring', 'Gives good feedback', 'Accessible outside class']",people,people
Mandatory,good,average,good,0,28276399,0,,awesome,5,ENG0002,Professor Leavell is amazing and she really cares about her students. I went to her office hours several times and she was super helpful and cares more about you improving your writing then due dates. I would highly recommend taking English with her especially if you are not an english person like myself.,05/10/2017,3.0,3.0,,5,N/A,5.0,5.0,1,No,1494436690000,Yes,1040,Yes,,N/A,"['Graded by few things', 'Accessible outside class', 'Caring']",people,people
Mandatory,good,average,good,0,27661010,0,,awesome,5,ENG002,"Leavell is such a sweetheart and really cares about her work. She is always happy to meet with you about essays and gives you great feedback. Also she gears class discussion toward future essay topics so focusing in class pays off. She gets very excited when students make revelations in texts, which brings a great energy to the class.",01/03/2017,2.0,2.0,,5,N/A,5.0,5.0,1,Yes,1483432997000,Yes,1040,Yes,,A,"['Accessible outside class', 'Gives good feedback', 'Caring']",people,people
Mandatory,average,average,average,0,25917878,0,,average,3,ENG002,Professor Leavell is a wonderful professor and a charming lady. I took Other Worlds with her and enjoyed it very much. My only warning with her class is that you get very little feedback on your papers. I had no idea what my grade was going to be because I never got a single graded paper back from her. Her conferences are helpful though.,01/11/2016,3.0,3.0,,3,It's my life,3.0,3.0,1,Yes,1452516770000,N/A,1040,Yes,,B+,"['Participation matters', ""Skip class? You won't pass."", 'Get ready to read']",people,people
N/A,good,average,good,0,23781052,0,,awesome,5,ENG0212,Other Worlds- I was blessed to take Elizabeth Leavell for English 2 and I only wish she taught higher up english classes that I could take with her. Works with you outside of class. Super quirky.  Only 4 papers the whole semester and she walks you through it the whole way. She usually grades the first paper harder than the rest of them. ,11/10/2014,3.0,3.0,,5,It's my life,5.0,5.0,1,No,1415641197000,Yes,1040,Yes,,N/A,"['Respected', 'Caring']",people,people
N/A,good,average,good,0,22795721,0,,awesome,5,ENG2,"Professor Leavell is the nicest and most genuine professor. She is very understanding of students, and makes and effort to get to know them. She is extremely helpful if you meet with her outside of class to discuss the essay. Most of all she is clear about expectations and loves her subject matter.",01/27/2014,2.0,2.0,,5,Low,5.0,5.0,1,Yes,1390788657000,N/A,1040,N/A,,N/A,[],people,people
N/A,good,average,good,0,22544813,0,,awesome,5,ENG02,Professor Leavell is literally an angel. I love her so much. She is ridiculously helpful and actually makes you a better writer. She'll extend any deadline for you. I could go on and on about how amazing she is but just PLEASE take her class and you will understand.,12/13/2013,3.0,3.0,,5,Sorta interested,5.0,5.0,1,Yes,1386958246000,N/A,1040,N/A,,N/A,[],people,people
N/A,good,average,good,0,21681537,0,,awesome,5,ENG2,"Nicest woman on the face of the earth, and a tremendously helpful professor.  One of the few English teachers/professors I've had who has been able to provide concrete advice that has actually measurably improved my writing.  Highly recommend taking ENG 1/2 with her.",05/05/2013,2.0,2.0,,5,Meh,5.0,5.0,1,No,1367791521000,N/A,1040,N/A,,N/A,[],people,people
N/A,good,average,good,0,21176814,0,,awesome,5,ENG0002,"Awesome! Work wise, four papers and chill forum posts. Not stringent about deadlines either; she'll actually meet with you a couple times and go over each sentence to improve clarity. What determines your  grade is if you put the effort on that clarity. Grades harsh on the first paper and then if you work hard for the rest, you'll have an A.",12/27/2012,2.0,2.0,,5,Really into it,5.0,5.0,1,Yes,1356646775000,N/A,1040,N/A,,N/A,[],people,people
N/A,good,good,good,0,21109262,0,,awesome,5,ENG2,"Professor Leavell is the absolute best. She is incredibly smart and one of the nicest, most helpful professors you will have during your time at Tufts. She doesn't expect you to work hard since, as a Tufts student, you will most likely already do so, but rather, she expects you to do well. How well you do will determine your grade. She's awesome!",12/18/2012,5.0,5.0,,5,It's my life,5.0,5.0,1,Yes,1355805032000,N/A,1040,N/A,,N/A,[],people,people
N/A,good,average,good,0,20952108,0,,awesome,5,END02,"I didn't have her as a teacher, but she was my writing tutor, extremely helpful and willing to help you as much as possible. Stayed passed* her office hours and worked an addition 1 and a half with me on a research paper over tea! Wonderful teacher.",12/04/2012,3.0,3.0,,5,Sorta interested,5.0,5.0,1,No,1354656259000,N/A,1040,N/A,,N/A,[],people,people
N/A,good,average,good,0,19634640,0,,awesome,5,ENG002,"Professor Leavell is a sweetheart who is very enthusiastic about the subject, and cares about her students. I felt comfortable discussing any issues with her. She always offers you tea or coffee if you meet with her outside class, and she once brought a jug of apple cider to class!",12/28/2011,2.0,2.0,,5,It's my life,5.0,5.0,1,Yes,1325096445000,N/A,1040,N/A,,N/A,[],people,people
N/A,good,average,good,0,19103384,0,,awesome,5,ENG02,She was very clear and I looked forward to going to class.,10/24/2011,2.0,2.0,,5,Really into it,5.0,5.0,1,Yes,1319495680000,N/A,1040,N/A,,N/A,[],people,people
N/A,average,poor,average,0,18079192,0,,good,2,ENG002,Professor Leavell is a really enthusiastic teacher who marches to the beat of her own drum. Very easy class where everyone was encouraged to participate.,01/03/2011,1.0,1.0,,5,Sorta interested,3.5,3.5,1,Yes,1294097351000,N/A,1040,N/A,,N/A,[],people,people
N/A,good,average,good,0,17482813,0,,awesome,5,ENG2,Best professor I've had at Tufts.,08/05/2010,2.0,2.0,,5,Sorta interested,5.0,5.0,1,Yes,1281006507000,N/A,1040,N/A,,N/A,[],people,people
N/A,good,average,good,0,16700694,0,,awesome,5,ENG2,Professor Leavell is an amazing person and teacher. She exudes an incredible enthusiasm for both her class and life. She is a little slow in returning papers but her comments are definitely worth the wait. I learned so much. I wish she taught more classes!,01/09/2010,2.0,2.0,,5,It's my life,5.0,5.0,1,Yes,1263043466000,N/A,1040,N/A,,N/A,[],people,people
N/A,good,average,good,0,16678873,0,,awesome,5,ENG002,"Very fun class with lots of good discussion. Nice balance of movies, short stories, and books. She hands back papers a bit slow, but she provides very useful constructive criticism. She grades fairly and is always available for help.",01/05/2010,3.0,3.0,,5,Really into it,5.0,5.0,1,Yes,1262650192000,N/A,1040,N/A,,N/A,[],people,people
N/A,good,good,good,0,16502690,0,,awesome,5,ENG002,"wonderful professor- She cares about getting to know each individual student, and the class discussions and reading were really interesting.",12/09/2009,4.0,4.0,,5,Low,5.0,5.0,1,Yes,1260322699000,N/A,1040,N/A,,N/A,[],people,people
N/A,good,good,good,0,16329656,0,,awesome,4,ENG002,I love her. I iwas dreading english but she made it fun. I enjoyed the reading and she is so enthusiastic. She really cares about her students and she is very understanding. She's just so cute!,11/07/2009,4.0,4.0,,5,Low,4.5,4.5,1,Yes,1257602470000,N/A,1040,N/A,,N/A,[],people,people
N/A,good,poor,good,0,15325115,0,,awesome,4,ENG2,"a bit strange at first, but definitely grows on you as the semester continues. kinda spacey and very nice and helpful. easy A if you try",01/06/2009,1.0,1.0,,5,Sorta interested,4.5,4.5,1,Yes,1231241627000,N/A,1040,N/A,,N/A,[],people,people
N/A,good,average,good,0,12660829,0,,awesome,5,ENG002,"Leavell was one of the most enthusiastic and quirky teachers i've ever met. The reading list was pretty dry, but she really tried to bring out the good side of it, even though there wasn't much of one. Fair grader, approachable, kind.",12/21/2006,2.0,2.0,,5,It's my life,5.0,5.0,1,Yes,1166679354000,N/A,1040,N/A,,N/A,[],people,people
N/A,good,average,good,0,11213709,0,,good,4,ENG2,"she is an excellent teacher.  she gets excited over little things and is very entertaining.  she is a slow grader but grades fairly.  she made the class as fun as an eng class can be, and i would definately recommend taking her class.",12/19/2005,2.0,2.0,,4,Really into it,4.0,4.0,1,N/A,1135010007000,N/A,1040,N/A,,N/A,[],people,people
N/A,good,average,good,0,2851242,0,,awesome,5,ENG2,"She is about the best and most helpful. GREAT class. i brought my ENG 2 paper to her once, she spent an hour and a half going through it with me. Yes, i am dumb. point is, she is nice. wait, she is excellent.",11/29/2004,2.0,2.0,,5,Sorta interested,5.0,5.0,1,N/A,1101732478000,N/A,1040,N/A,,N/A,[],people,people
N/A,good,average,good,0,2691738,1,,good,4,ENGLISH1,"A bit of a flaky person, but really cute. Gets really excited over things that don't matter. I'm going to miss her",11/09/2004,3.0,3.0,,4,Really into it,4.0,4.0,1,N/A,1100037779000,N/A,1040,N/A,,N/A,[],person,people
N/A,good,average,good,0,1992509,0,,awesome,5,ENG2,"such a wonderful teacher/class...I'm going to miss it!  Some of the books were a little hard to get through, but an entertaining class that I learned a lot in!",04/20/2004,2.0,2.0,,5,N/A,5.0,5.0,1,N/A,1082426872000,N/A,1040,N/A,,N/A,[],people,people
N/A,good,good,good,0,1725234,0,,awesome,5,ENGLISH1,"Awesome teacher, sweet lady! Tough at beginning, gets easier mid course. I loved those short stories we got. I hate books.",02/17/2004,4.0,4.0,,5,N/A,5.0,5.0,1,N/A,1077015280000,N/A,1040,N/A,,N/A,[],people,people
N/A,good,average,good,0,1175556,0,,awesome,5,ENG2,Great teacher. I really enjoyed this class and I felt lucky to have an English II class that was really good!,10/08/2003,3.0,3.0,,5,N/A,5.0,5.0,1,N/A,1065598382000,N/A,1040,N/A,,N/A,[],people,people
N/A,good,average,good,0,865055,0,,awesome,5,ENGLISH2,No Comments,04/22/2003,3.0,3.0,,5,N/A,5.0,5.0,1,N/A,1051009293000,N/A,1040,N/A,,N/A,[],people,people
N/A,good,average,good,0,864712,0,,awesome,5,ENG2,No Comments,04/22/2003,2.0,2.0,,5,N/A,5.0,5.0,1,N/A,1051005130000,N/A,1040,N/A,,N/A,[],people,people
N/A,good,average,good,0,608828,0,,awesome,4,ENG2,The sweetest woman on the planet,02/21/2003,3.0,3.0,,5,N/A,4.5,4.5,1,N/A,1045793002000,N/A,1040,N/A,,N/A,[],people,people
