attendance,clarityColor,easyColor,helpColor,helpCount,id,notHelpCount,onlineClass,quality,rClarity,rClass,rComments,rDate,rEasy,rEasyString,rErrorMsg,rHelpful,rInterest,rOverall,rOverallString,rStatus,rTextBookUse,rTimestamp,rWouldTakeAgain,sId,takenForCredit,teacher,teacherGrade,teacherRatingTags,unUsefulGrouping,usefulGrouping
N/A,good,poor,good,0,25346890,8,,awesome,5,MATH34,"He wasn't the best at teaching, but the class was helpful.",11/04/2015,1.0,1.0,,5,Sorta interested,5.0,5.0,1,Yes,1446677864000,N/A,1040,Yes,,A+,[],people,people
N/A,poor,good,poor,1,25075369,0,,awful,1,CALC2,never take a class he teaches. ever.,07/29/2015,5.0,5.0,,1,Meh,1.0,1.0,1,Yes,1438164732000,N/A,1040,Yes,,N/A,[],people,person
N/A,poor,good,poor,2,24508659,0,,awful,1,MATH32,Without a doubt the worst teacher I have ever had. I have always done well at math and even had taken Calc1 in high school yet was forced to drop this class. You have no idea what he is saying half the time and he did a disgraceful job preparing us for the exam. Avoid this teacher at all costs. ,03/26/2015,5.0,5.0,,1,Meh,1.0,1.0,1,No,1427408910000,N/A,1040,Yes,,A+,[],people,people
N/A,poor,good,poor,2,22687672,1,,poor,1,MATH34,"Not fit to be teaching this class, moves way too fast and teaches in a manner that only leaves the student confused... Rarely references the textbook, so it is hard to self teach",01/02/2014,4.0,4.0,,2,Sorta interested,1.5,1.5,1,No,1388697940000,N/A,1040,N/A,,N/A,[],person,people
Not Mandatory,poor,good,poor,2,22287734,0,,awful,1,MATH34,This guy obviously knows a lot of math but for Calc 2 he gets frustrated when kids don't understand what he is saying even though he didnt really teach it.  he sometimes makes jokes about you and will call you out.  Unless you really go to him for extra help he doesnt understand what you are asking in class so he doesnt answer you very much.,11/10/2013,5.0,5.0,,1,Really into it,1.0,1.0,1,Yes,1384093010000,N/A,1040,N/A,,B-,[],people,people
N/A,average,good,average,1,22257790,0,,poor,2,MATH11,Not too great,11/05/2013,4.0,4.0,,2,Really into it,2.0,2.0,1,Yes,1383648789000,N/A,1040,N/A,,N/A,[],people,person
N/A,average,good,average,0,20212451,0,,poor,2,MATH11,"I don't know where to start... he seems like a very smart man, and is very passionate about math... but he is not the best teacher, as he made things very complicated. I recommend taking calc 11 with someone else",05/06/2012,4.0,4.0,,2,Sorta interested,2.0,2.0,1,Yes,1336347010000,N/A,1040,N/A,,N/A,[],people,people
N/A,average,average,average,1,20180638,0,,average,2,MATH11,"He is not the most clear, but he really loves what he teaches. He is very approachable and if you go to him with a question, he will make sure you understand.",05/02/2012,3.0,3.0,,4,Sorta interested,3.0,3.0,1,Yes,1335993251000,N/A,1040,N/A,,N/A,[],people,person
N/A,poor,good,poor,0,20004398,0,,awful,1,MATH11,Gutierrez is an awful teacher. He must be a really smart mathematician because he does not belong in front of a group of students.,04/05/2012,5.0,5.0,,1,Meh,1.0,1.0,1,Yes,1333645516000,N/A,1040,N/A,,N/A,[],people,people
N/A,poor,poor,poor,0,19568222,0,,awful,1,CAL1,"yeah i have to say he's really bad. though cal1 is not difficult at all but i almost got lost if i continued listening to his lecture. I dont wanna say this, but really really bad...sigh",12/19/2011,1.0,1.0,,1,Low,1.0,1.0,1,No,1324292784000,N/A,1040,N/A,,N/A,[],people,people
N/A,average,good,average,0,19335294,1,,poor,2,CALCAB,"He turned me off to the field of mathematics.  I have always excelled in math and I had to drop his class.  He makes many mistakes, lacks any clarity, and lacks any good teaching skills.  Even going to his office hours didn't help me a lot.  Avoid this teacher for Calculus level 2, a very hard class already.",11/29/2011,4.0,4.0,,2,Sorta interested,2.0,2.0,1,Yes,1322604225000,N/A,1040,N/A,,N/A,[],person,people
N/A,poor,average,poor,0,18411178,0,,poor,1,MATH12,"He was not quite as bad as the rumors I had heard, but he was definitely far from good. I did well in the class by teaching myself from the book. Though he cared about the topic, his lectures were fast and difficult to follow, and he could never answer questions in a clear way.",04/14/2011,3.0,3.0,,2,Really into it,1.5,1.5,1,Yes,1302797226000,N/A,1040,N/A,,N/A,[],people,people
N/A,poor,good,poor,0,17702222,0,,awful,1,MATH0038,"I have never had a more abusive professor before. He spends all of his time shouting about how stupid the people in the class are instead of doing things like teaching. Moves very quickly, often skipping from the beginning to the end of a problem with little to no work. The worst math teacher I've ever had! Don't take any class with him!",10/28/2010,4.0,4.0,,1,Sorta interested,1.0,1.0,1,Yes,1288258613000,N/A,1040,N/A,,N/A,[],people,people
N/A,poor,good,poor,0,17162864,0,,awful,1,MATH38,"Given the choice between this class and a Urinary Tract infection, I'd choose a UTI. Given the choice between this class and pneumonia, I'd choose pneumonia. I had to teach myself everything from the textbook (though the textbook itself is miserable). If you take this class, take Frumosu. Gutierrez is, quite honestly, awful.",05/10/2010,5.0,5.0,,1,Really into it,1.0,1.0,1,Yes,1273491694000,N/A,1040,N/A,,N/A,[],people,people
N/A,poor,good,poor,0,16584109,0,,awful,1,MATH5,"Pitiful- can't teach for the life of him. Makes you feel dumb for asking questions, you can't understand him a lot b/c of his accent + he could care less about how you do. Taking math5 means you're not going to major in math and/or want an easy class yet he treats it as if everyone's super keen on it and good at it. Avoid him at all costs. Pitiful",12/17/2009,5.0,5.0,,1,Low,1.0,1.0,1,Yes,1261056597000,N/A,1040,N/A,,N/A,[],people,people
N/A,poor,good,poor,0,16573767,0,,awful,1,MATH5,"Awful. One of the worst teachers I have ever had. Not even his review sheets were helpful, as they were NOTHING like the exams. AVOID AT ALL COSTS. Do not take a class with this man.",12/16/2009,5.0,5.0,,1,Really into it,1.0,1.0,1,Yes,1260976829000,N/A,1040,N/A,,N/A,[],people,people
N/A,average,good,poor,0,13603989,0,,poor,2,MATH38,"Yes, he is by far the worst teacher ever.  Hates students, comes with no lesson plan, actually sent out an email to all students at the end of the course one year chastising everyone in his class.",11/06/2007,5.0,5.0,,1,Really into it,1.5,1.5,1,Yes,1194348037000,N/A,1040,N/A,,N/A,[],people,people
N/A,poor,good,poor,0,12424150,0,,awful,1,MATH46,"This guy has got to be the worst professor I've ever had. I've never been completely lost in a math course before until now. He's breezes through the material just to finish &quot;teaching&quot; it and not really care if the students understand the concepts. Avoid him at all cause, no matter what course it is. Don't walk away, RUN!!!!",11/15/2006,4.0,4.0,,1,It's my life,1.0,1.0,1,Yes,1163611155000,N/A,1040,N/A,,N/A,[],people,people
N/A,poor,good,poor,0,12415590,0,,awful,1,MATH46,worst teacher i have ever had. has zero lesson plan goes on random tangents and you are definitely not prepared for the tests. you cannot follow his lecture even if you try. linear algebra is a hard subject so having a teacher that can't teach is horrible.,11/14/2006,5.0,5.0,,1,Really into it,1.0,1.0,1,No,1163532708000,N/A,1040,N/A,,N/A,[],people,people
N/A,average,good,average,0,12314092,0,,poor,2,MATH11,"He's really an awful teacher.  Other than the fact that he says funny things like &quot;Throw a computer at it,&quot; he's really not worth having.  He blasts through the material, not explaining or even showing you how to solve the problems the way they should be solved on the exam.  He also couldn't care less about the students, and expects very little.",10/25/2006,5.0,5.0,,2,Really into it,2.0,2.0,1,Yes,1161738848000,N/A,1040,N/A,,N/A,[],people,people
N/A,poor,average,poor,0,11985057,0,,poor,1,MATH38,"He is AWFUL! He is funny, and nice outside of class, but that doesn't matter given that he does not know how to teach. If all else fails and you have no choice but to take his class, at least spend lots of time in his office. He's really no more helpful there, but is slightly more patient in answering questions. Taught many classes with his fly dow",06/07/2006,3.0,3.0,,2,It's my life,1.5,1.5,1,N/A,1149713540000,N/A,1040,N/A,,N/A,[],people,people
N/A,poor,good,poor,0,10924452,0,,awful,1,MATH38,No Comments,11/16/2005,4.0,4.0,,1,Really into it,1.0,1.0,1,N/A,1132158352000,N/A,1040,N/A,,N/A,[],people,people
N/A,poor,good,poor,0,10877452,0,,poor,1,MATH38,"Wow, absolutely terrible. Whips through the material, barely explains anything thoroughly. Could not be more apathetic towards students.",11/10/2005,4.0,4.0,,2,Really into it,1.5,1.5,1,N/A,1131646869000,N/A,1040,N/A,,N/A,[],people,people
Mandatory,poor,good,poor,0,3824518,0,,awful,1,MATH38,"Horrible!  Doesn't care about student's progress at all, and expects that you know random things without explaining.  Most of us just sat there wondering what was going on and sometimes when you asked questions he would say, &quot;I can't believe you don't understand this, it's so easy!&quot;",05/10/2005,5.0,5.0,,1,Sorta interested,1.0,1.0,1,N/A,1115687633000,N/A,1040,N/A,,N/A,[],people,people
N/A,poor,average,poor,0,3596223,0,,awful,1,MATH38,"If you get this professor, IMMEDIATELY drop and find another professor!  he is the WORST teacher I have ever had!",04/10/2005,3.0,3.0,,1,Sorta interested,1.0,1.0,1,N/A,1113172024000,N/A,1040,N/A,,N/A,[],people,people
N/A,poor,average,poor,0,3061441,0,,poor,1,MATH5,"He is a very bad professor. You won't learn anything if you take him. He makes basic mistakes of algebra and spends all class time correcting instead of solving useful, more important problems. He is unclear in answering questions and teaching class material. I suggest taking calc with someone else",12/17/2004,3.0,3.0,,2,Meh,1.5,1.5,1,N/A,1103312978000,N/A,1040,N/A,,N/A,[],people,people
N/A,good,average,good,0,2731189,0,,good,4,MATH38,really good professor,11/14/2004,3.0,3.0,,4,Low,4.0,4.0,3,N/A,1100444413000,N/A,1040,N/A,,N/A,[],people,people
N/A,poor,average,poor,0,2665783,0,,awful,1,MATH5,"terrible, horrible, horrible....especially at 8:25 in the morning",11/06/2004,3.0,3.0,,1,Meh,1.0,1.0,1,N/A,1099768600000,N/A,1040,N/A,,N/A,[],people,people
N/A,poor,good,poor,0,2386055,0,,awful,1,MATH12,"avoid this professor at all cost. he is incoherent, unhelpful, and just suuuucks.",08/12/2004,5.0,5.0,,1,N/A,1.0,1.0,1,N/A,1092341560000,N/A,1040,N/A,,N/A,[],people,people
N/A,poor,good,poor,0,1948224,0,,awful,1,MATH38,This professor has got to be one of the worst professors ever! Professors are supposed to be helpful and teach. But he does neither. It seems as if he tries to prove to himself that he knows how to do calculations. Be prepared not to take down notes!,04/13/2004,5.0,5.0,,1,N/A,1.0,1.0,1,N/A,1081865549000,N/A,1040,N/A,,N/A,[],people,people
N/A,average,average,average,0,1938270,0,,average,3,MATH12,"wasnt great, wasnt horrible",04/12/2004,3.0,3.0,,3,N/A,3.0,3.0,1,N/A,1081728966000,N/A,1040,N/A,,N/A,[],people,people
N/A,poor,good,poor,0,884457,0,,awful,1,CALC12,He is the worst professor I have ever had,04/25/2003,5.0,5.0,,1,N/A,1.0,1.0,1,N/A,1051270991000,N/A,1040,N/A,,N/A,[],people,people
N/A,poor,good,poor,0,877413,0,,awful,1,MATH5,No Comments,04/24/2003,5.0,5.0,,1,N/A,1.0,1.0,1,N/A,1051149908000,N/A,1040,N/A,,N/A,[],people,people
N/A,poor,good,poor,0,875088,0,,awful,1,MATH13,worst lecturer i ever had. spent whole class doing the homework problems on the board incorrectly while students explained to him how to do it. had to learn everything right out of the textbook as he never taught anything.,04/23/2003,5.0,5.0,,1,N/A,1.0,1.0,1,N/A,1051124695000,N/A,1040,N/A,,N/A,[],people,people
N/A,poor,poor,average,0,873346,0,,poor,1,MTH12,No Comments,04/23/2003,1.0,1.0,,3,N/A,2.0,2.0,1,N/A,1051109354000,N/A,1040,N/A,,N/A,[],people,people
N/A,poor,good,poor,0,868812,0,,awful,1,MATH38,No Comments,04/22/2003,4.0,4.0,,1,N/A,1.0,1.0,1,N/A,1051040437000,N/A,1040,N/A,,N/A,[],people,people
N/A,poor,average,poor,0,866006,0,,poor,1,MATH46,No Comments,04/22/2003,3.0,3.0,,2,N/A,1.5,1.5,1,N/A,1051017075000,N/A,1040,N/A,,N/A,[],people,people
N/A,poor,average,poor,0,864959,0,,awful,1,MATH46,No Comments,04/22/2003,3.0,3.0,,1,N/A,1.0,1.0,1,N/A,1051008076000,N/A,1040,N/A,,N/A,[],people,people
N/A,poor,average,average,0,848185,0,,average,1,MATH12,"very helpful, but unclear lectures",04/17/2003,3.0,3.0,,5,N/A,3.0,3.0,1,N/A,1050596217000,N/A,1040,N/A,,N/A,[],people,people
N/A,average,average,average,0,659050,0,,poor,2,MATH12,No Comments,03/01/2003,3.0,3.0,,2,N/A,2.0,2.0,1,N/A,1046537950000,N/A,1040,N/A,,N/A,[],people,people
N/A,average,good,average,0,544721,0,,poor,2,MATH38,No Comments,02/05/2003,4.0,4.0,,2,N/A,2.0,2.0,1,N/A,1044489487000,N/A,1040,N/A,,N/A,[],people,people
N/A,poor,average,poor,0,543959,0,,awful,1,MATH12,No Comments,02/05/2003,3.0,3.0,,1,N/A,1.0,1.0,1,N/A,1044476118000,N/A,1040,N/A,,N/A,[],people,people
N/A,poor,average,poor,0,537208,0,,poor,1,MATH13,No Comments,02/03/2003,3.0,3.0,,2,N/A,1.5,1.5,1,N/A,1044290909000,N/A,1040,N/A,,N/A,[],people,people
N/A,poor,average,poor,0,519087,0,,awful,1,MATH,No Comments,01/26/2003,3.0,3.0,,1,N/A,1.0,1.0,1,N/A,1043618240000,N/A,1040,N/A,,N/A,[],people,people
