attendance,clarityColor,easyColor,helpColor,helpCount,id,notHelpCount,onlineClass,quality,rClarity,rClass,rComments,rDate,rEasy,rEasyString,rErrorMsg,rHelpful,rInterest,rOverall,rOverallString,rStatus,rTextBookUse,rTimestamp,rWouldTakeAgain,sId,takenForCredit,teacher,teacherGrade,teacherRatingTags,unUsefulGrouping,usefulGrouping
Mandatory,average,good,average,0,31321660,0,,average,3,CHN001,"Good teacher, really cares about her students, but gives an absurd amount of homework and class can be very boring.",01/30/2019,4.0,4.0,,3,N/A,3.0,3.0,1,Yes,1548887742000,Yes,1040,Yes,,B,"[""Skip class? You won't pass."", 'Lots of homework', 'Beware of pop quizzes']",people,people
Mandatory,good,average,good,0,31054409,0,,awesome,5,CHNS121,"Feng laoshi is clear, understanding, patient, and fair. Her class is a lot of work, but she's very forgiving on exams and homework and will work with you to make sure you understand everything. Class is fast-paced but a lot of fun. She's such a cool and caring person, and I'll miss her so much next semester.",12/16/2018,3.0,3.0,,5,N/A,5.0,5.0,1,Yes,1544993301000,Yes,1040,Yes,,N/A,"['Participation matters', 'Caring', 'Lots of homework']",people,people
Mandatory,good,average,good,0,25978990,0,,awesome,5,CHNS1,"Solid teacher, flexible and understanding about issues with work, straightforward with test criteria, and fun to be in class with. If you do your work and put in a decent effort, you will be fine",01/21/2016,2.0,2.0,,5,Sorta interested,5.0,5.0,1,Yes,1453419108000,N/A,1040,Yes,,N/A,"[""Skip class? You won't pass.""]",people,people
Mandatory,good,average,good,1,23010105,0,,awesome,5,CHNS02,"I can't say enough about Feng Laoshi. She is absolutely fantastic, so kind and forgiving (on tests and homework!), understanding of confusion but unwilling to let you stay confused. She'll cold call you in class, and it will make you nervous until you realize how unbelievably much you're improving. You can't go wrong.",04/09/2014,2.0,2.0,,5,It's my life,5.0,5.0,1,Yes,1397002953000,N/A,1040,N/A,,N/A,[],people,person
N/A,good,average,good,1,21999826,0,,awesome,5,CHNS2,"Great Teacher, very helpful and caring. She is extremely patient and understanding if you were able to hand in the homework on time. Her tests are fair and she grades them fairly. One of my favorite teachers at Tufts definitely",07/26/2013,2.0,2.0,,5,Sorta interested,5.0,5.0,1,Yes,1374845888000,N/A,1040,N/A,,N/A,[],people,person
N/A,good,average,good,0,21544762,0,,awesome,5,CH1,Feng Laoshi is very understanding and clear. She is a wonderful instructor and inspired me to seek a minor in the Chinese department,04/16/2013,3.0,3.0,,5,Really into it,5.0,5.0,1,Yes,1366123447000,N/A,1040,N/A,,N/A,[],people,people
N/A,good,good,good,0,19235728,0,,good,4,CHNS0877,She's a really nice teacher and really does try to help you through the class. She had me come to office hours a few times to help me and she was extremely understanding when I missed class for being sick. The only bad thing I would say is that she's not super super great on explanations and she goes pretty quickly.,11/14/2011,4.0,4.0,,4,Sorta interested,4.0,4.0,1,Yes,1321298054000,N/A,1040,N/A,,N/A,[],people,people
N/A,good,good,good,0,18351423,0,,good,4,CHNS2,"If you put in the time, Feng laoshi will certainly help you to vastly improve in Chinese. Her grading on homework is a little tougher than I'd like, but she is lenient on tests and is open to turning in work late. At first I found her intimidating, but she is actually very nice and willing to help.",04/04/2011,4.0,4.0,,4,Sorta interested,4.0,4.0,1,Yes,1301877939000,N/A,1040,N/A,,N/A,[],people,people
N/A,good,good,good,0,17536815,0,,awesome,5,CHNS1,"Feng Laoshi is a great teacher, if you're willing to put in the time she will make it well worth it. Chinese is difficult but Feng made CHNS 1 and 2 engaging",08/22/2010,5.0,5.0,,5,It's my life,5.0,5.0,1,Yes,1282493620000,N/A,1040,N/A,,N/A,[],people,people
N/A,good,poor,good,0,16605375,0,,awesome,5,CHIN1,"For people with no background of Chinese, this might be challenging but regardless, Feng Laoshi is one of the nicer professors Tufts has to offer. She's very lenient if you can't pass in homework (i.e won't take off points for late work) and is very understand and gets everyone to participate in class.",12/19/2009,1.0,1.0,,5,It's my life,5.0,5.0,1,Yes,1261250390000,N/A,1040,N/A,,N/A,[],people,people
N/A,good,good,good,0,16584393,0,,awesome,5,CHNS1,"Feng's great I had no chns background but w/ some effort Feng made CHNS fun and well worth the time. She's crystal clear, well paced, caring for her students, and a fair grader. Go to class+do assign. on time and you're set. she gives u everything needed to do well, and is very understanding. Took 1+2 w/ her, a great decision in the end.",12/17/2009,5.0,5.0,,5,Really into it,5.0,5.0,1,Yes,1261058093000,N/A,1040,N/A,,N/A,[],people,people
N/A,good,good,good,0,15724149,0,,awesome,5,CHNS2,"Feng Laoshi is probably the best Chinese 1+2 professor Tufts has got. She is very understanding with attendance and extensions. She is always available outside of class, and gets everybody to participate in class. She teaches at a great pace and really cares about her students",04/28/2009,4.0,4.0,,5,Really into it,5.0,5.0,1,Yes,1240943596000,N/A,1040,N/A,,N/A,[],people,people
N/A,good,average,good,0,15716860,0,,awesome,4,CHNS2,"She is an amazing Chinese teacher; I wish she taught Chinese 3 as well. Her in-class exercises definitely make you pay attention, and they definitely helped me improve my Chinese. She's also really nice and understanding about homework and quizzes/tests if you can't turn it in or take it on time. If you have a chance, take her class!",04/27/2009,3.0,3.0,,5,Sorta interested,4.5,4.5,1,Yes,1240856018000,N/A,1040,N/A,,N/A,[],people,people
N/A,good,average,good,0,14749510,0,,good,4,CHNS1,"Very nice, but make sure to keep up with the homework! (she's relaxed about it, but it can really mess you up as the class gets more difficult).  Had her for Chinese I, II.",08/17/2008,3.0,3.0,,4,Sorta interested,4.0,4.0,1,Yes,1218999023000,N/A,1040,N/A,,N/A,[],people,people
N/A,good,average,good,0,14219141,0,,good,5,CHINI,"Professor Feng is a very likable teacher and is really laidback about accepting late homework, quizes, etc.  I do wish that I had taken Wang's class because, although he's harder, everyone who took his class seems to know the most coming into Chinese II.  (I took Feng for Chinese I and II).",03/30/2008,2.0,2.0,,3,Really into it,4.0,4.0,1,Yes,1206921481000,N/A,1040,N/A,,N/A,[],people,people
N/A,good,average,good,0,14135637,0,,awesome,4,CHN001,"A very good teacher, helpful and explains well, while moving the class along fast enough. A fun, if work-heavy class.",03/03/2008,3.0,3.0,,5,Sorta interested,4.5,4.5,1,Yes,1204559809000,N/A,1040,N/A,,N/A,[],people,people
N/A,average,average,average,0,13194940,0,,average,3,CHNS0004,She was decent for a Chinese teacher.  I liked the structure of the class.,05/21/2007,3.0,3.0,,3,Low,3.0,3.0,1,Yes,1179759346000,N/A,1040,N/A,,N/A,[],people,people
