attendance,clarityColor,easyColor,helpColor,helpCount,id,notHelpCount,onlineClass,quality,rClarity,rClass,rComments,rDate,rEasy,rEasyString,rErrorMsg,rHelpful,rInterest,rOverall,rOverallString,rStatus,rTextBookUse,rTimestamp,rWouldTakeAgain,sId,takenForCredit,teacher,teacherGrade,teacherRatingTags,unUsefulGrouping,usefulGrouping
N/A,good,average,good,1,25621527,0,,awesome,5,PHIL39,"Avner Baz is an intellectual force that sends chills down your spine from day 1 of Knowing and Being. Extremely thought provoking discussions happen in this class and you learn how to articulate sound reasoning clearly. Knowing the external world, knowing other minds, and knowing God are the three main topics tackled. ",12/10/2015,3.0,3.0,,5,It's my life,5.0,5.0,1,No,1449712783000,N/A,1040,Yes,,A,"['Respected', 'Amazing lectures', 'Inspirational']",people,person
N/A,good,average,good,0,24256044,0,,good,4,PHIL121,Baz is a great teacher of philosophy. He is very intelligent and does a masterful job of facilitating conversation and parsing through the confused and convoluted thoughts of all the students. He is clearly passionate about moral philosophy and really makes the subject come alive.  Don't get discouraged by low grades on short writing assignments.,01/08/2015,3.0,3.0,,4,Really into it,4.0,4.0,1,No,1420744367000,N/A,1040,Yes,,N/A,[],people,people
N/A,good,poor,good,0,23185236,0,,awesome,5,PHIL33,"Class can be extremely boring as 1.5hr sessions is too long for overcrowd uninterested students. While descartes is not the most fun topic, he is a lively guy who makes for an enjoyable experience. Strong resemblance to Borat!",05/07/2014,1.0,1.0,,5,Sorta interested,5.0,5.0,1,Yes,1399459681000,N/A,1040,N/A,,N/A,[],people,people
Not Mandatory,good,good,good,0,23111938,0,,awesome,4,PHIL181,This was that one absolutely transformative class for me. Definitely take this if you're interested in thinking about existence and experience in a really exciting way. Baz is a fantastic lecturer and really tries to engage with you both in class and in office hours. Tough but energizing class.,04/28/2014,4.0,4.0,,5,It's my life,4.5,4.5,1,Yes,1398654178000,N/A,1040,N/A,,N/A,[],people,people
N/A,good,poor,good,0,22091026,0,,awesome,5,PHIL121,"One of the best classes I have take at Tufts. Professor Baz is one of the best professors you can come across at Tufts.  Few 5-7 pages short papers and one 15 pages long paper. Attend classes, take notes, make impression: guaranteed A/A-",08/28/2013,1.0,1.0,,5,It's my life,5.0,5.0,1,Yes,1377698890000,N/A,1040,N/A,,N/A,[],people,people
N/A,average,average,average,0,18547956,0,,good,3,PHIL192,Decent.,05/07/2011,3.0,3.0,,4,Sorta interested,3.5,3.5,1,Yes,1304765480000,N/A,1040,N/A,,N/A,[],people,people
N/A,good,average,good,0,17515573,0,,awesome,4,PHIL0092,Professor Baz is awesome. Really interesting and smart guy who really cares about his students understanding of the material and strives for total comprehension. The class is very driven by student questions but his insights into the material are thoroughly interesting. He brought Emerson and Thoreau into a whole new light for me.,08/16/2010,2.0,2.0,,5,Sorta interested,4.5,4.5,1,Yes,1281918803000,N/A,1040,N/A,,N/A,[],people,people
N/A,good,good,good,0,15373748,0,,awesome,4,PHIL91,"philosophy of emerson and thoreau was a great class, and prof baz is a wonderful teacher. He really pushes you to actually think and develop ideas instead of hiding behind the words of the writers you are reading.",01/14/2009,4.0,4.0,,5,Sorta interested,4.5,4.5,1,Yes,1231954420000,N/A,1040,N/A,,N/A,[],people,people
N/A,good,good,good,0,12667791,0,,awesome,5,PHIL091,"Avner is amazing. I am not one to talk about the joy of learning but Avner truly made it a wonderful experience. He pays so much attention to students' thoughts, and takes them so seriously, and lets students guide the class so much--it's incredibly refreshing. It was my first philosophy class and I now am &quot;into&quot; philosophy.",12/22/2006,4.0,4.0,,5,Really into it,5.0,5.0,1,Yes,1166751994000,N/A,1040,N/A,,N/A,[],people,people
