attendance,clarityColor,easyColor,helpColor,helpCount,id,notHelpCount,onlineClass,quality,rClarity,rClass,rComments,rDate,rEasy,rEasyString,rErrorMsg,rHelpful,rInterest,rOverall,rOverallString,rStatus,rTextBookUse,rTimestamp,rWouldTakeAgain,sId,takenForCredit,teacher,teacherGrade,teacherRatingTags,unUsefulGrouping,usefulGrouping
Mandatory,good,average,good,0,28218746,0,,awesome,5,CSHD142,great prof,05/04/2017,2.0,2.0,,5,N/A,5.0,5.0,1,Yes,1493939420000,Yes,1040,Yes,,A,[],people,people
N/A,good,poor,good,0,11075632,0,,awesome,5,CD61,"Totally boring class but Camara is really a talented lecturer. Beyond just being really intelligent, it takes a special kind of skill to put together a lecture that people will be able to listen to for an hour and fifteen minutes.  You can tell that she really cares about her students' progress and is always available for help.  Nice lady.",12/07/2005,1.0,1.0,,5,Really into it,5.0,5.0,1,N/A,1133953897000,N/A,1040,N/A,,N/A,[],people,people
N/A,good,average,good,0,10330629,0,,awesome,4,CHILDDEV,"I find her to be extremely interesting.  She is sweet and entertaining, making you want to go to class.",09/01/2005,2.0,2.0,,5,It's my life,4.5,4.5,1,N/A,1125557994000,N/A,1040,N/A,,N/A,[],people,people
N/A,good,average,good,0,1786917,0,,awesome,5,CD61,she teaches out of the book but clarifies a lot of things...has structure to her teaching.  very good!,03/08/2004,2.0,2.0,,4,N/A,4.5,4.5,1,N/A,1078756915000,N/A,1040,N/A,,N/A,[],people,people
N/A,average,average,average,0,909488,0,,average,2,CD61,No Comments,04/30/2003,3.0,3.0,,3,N/A,2.5,2.5,1,N/A,1051744019000,N/A,1040,N/A,,N/A,[],people,people
N/A,average,poor,average,0,867301,0,,average,2,CD61,"Really sweet woman, but class is not worth going to. It's all straight out of the book. Easy A.",04/22/2003,1.0,1.0,,4,N/A,3.0,3.0,1,N/A,1051026698000,N/A,1040,N/A,,N/A,[],people,people
N/A,average,poor,average,0,539842,0,,average,2,CD61,She is very nice but her class is very boring!!!,02/04/2003,1.0,1.0,,4,N/A,3.0,3.0,1,N/A,1044374454000,N/A,1040,N/A,,N/A,[],people,people
Mandatory,good,average,good,0,70647,0,,awesome,5,CD61,She's so nice! Class is interesting.,12/13/2001,3.0,3.0,,5,N/A,5.0,5.0,1,N/A,1008254038000,N/A,1040,N/A,,F,[],people,people
