attendance,clarityColor,easyColor,helpColor,helpCount,id,notHelpCount,onlineClass,quality,rClarity,rClass,rComments,rDate,rEasy,rEasyString,rErrorMsg,rHelpful,rInterest,rOverall,rOverallString,rStatus,rTextBookUse,rTimestamp,rWouldTakeAgain,sId,takenForCredit,teacher,teacherGrade,teacherRatingTags,unUsefulGrouping,usefulGrouping
N/A,good,average,good,0,28109834,0,,awesome,5,MUS0001,Hottest professor.  A true professional in her field .,04/24/2017,2.0,2.0,,5,N/A,5.0,5.0,1,No,1493007251000,Yes,1040,Yes,,N/A,"['Respected', 'Participation matters']",people,people
Mandatory,average,poor,average,0,25908930,0,,good,3,MUS1,"This class was not a ton of work but I still feel like I got a lot out of the class. She was really slow in getting grades back. Besides this, the class was enjoyable.",01/09/2016,1.0,1.0,,4,Really into it,3.5,3.5,1,Yes,1452360532000,Yes,1040,Yes,,N/A,['Clear grading criteria'],people,people
Mandatory,good,average,good,0,25726793,0,,good,4,MUS0001,Dope class to take if you're looking to fill an arts requirement and get an easy A with literally no work. Maybe spent a collective 6 hours of doing work outside of class during the entire semester.,12/16/2015,2.0,2.0,,4,Really into it,4.0,4.0,1,No,1450280808000,N/A,1040,Yes,,A,[],people,people
Mandatory,good,average,good,2,24025902,0,,awesome,5,MUS001,"Professor Campana made me fall in love with music all over again.  I took so many notes in this class and this proved to be extremely helpful when writing essays.  Listening quizzes are very straightforward.  She is there to help, and going to her office hours is definitely worth it.  A fantastic class with a delightful professor!",12/10/2014,2.0,2.0,,4,It's my life,4.5,4.5,1,Yes,1418247004000,Yes,1040,Yes,,N/A,"['Clear grading criteria', 'Gives good feedback']",people,people
Mandatory,good,average,good,0,24025865,0,,awesome,5,MUS001,"Professor Campana made me fall in love with music all over again.  I took so many notes in this class and this proved to be extremely helpful when writing essays.  Listening quizzes are very straightforward.  She is always there to help, and going to her office hours is definitely worth it.  A fantastic class with a delightful professor!",12/10/2014,2.0,2.0,,4,It's my life,4.5,4.5,1,Yes,1418246911000,Yes,1040,Yes,,N/A,"['Gives good feedback', 'Clear grading criteria']",people,people
N/A,average,poor,average,0,18767830,0,,good,3,MUS001,"She was really excited about the topic, even with a class that wasn't. The workload was light, but she would occasionally call on random people if she felt the class wasn't prepared. If you raise your hand and give an opinion, or go to her office hours she will love you and won't forget you. The class can be rewarding and fun if you try.",06/26/2011,1.0,1.0,,4,Low,3.5,3.5,1,No,1309111722000,N/A,1040,N/A,,N/A,[],people,people
N/A,good,average,good,2,17977761,0,,awesome,4,MUS35,Campana is fantastic. While you may find the subject slightly boring at times (esp at the beginning when you're mostly studying foreign film) she is always enthusiastic. Do the reading because she occasionally calls on people randomly. Essays and tests are easy. She's great to work with outside of class and will often take you to tea. Love her!,12/17/2010,2.0,2.0,,5,Sorta interested,4.5,4.5,1,Yes,1292588339000,N/A,1040,N/A,,N/A,[],people,people
N/A,good,average,good,1,15324827,0,,good,4,MUS0001,"Overall, great class if you're interested in it.  Make sure you come to class having done the reading, because she learns everyone's names and WILL call on you if you look confused.  In general, however, the quizzes are really easy (just identifying pieces of music), and the essays are pretty straight forward.  It's easy to get an A in this class.",01/06/2009,3.0,3.0,,4,Really into it,4.0,4.0,1,Yes,1231238624000,N/A,1040,N/A,,N/A,[],people,person
N/A,average,poor,average,0,14987056,7,,poor,3,MUS31,"So easy, no effort required. She was pretty nice to look at too",11/13/2008,1.0,1.0,,1,Sorta interested,2.0,2.0,1,No,1226547543000,N/A,1040,N/A,,N/A,[],people,people
N/A,poor,good,poor,0,13025168,6,,awful,1,MUS10,"She is VERY annoying. It is pretty much an English class, so you should be good at writing essays--she's nitpicky about what she wants to see. There is TOO much talk, talk that is useless, boring, and droning. She is obsessed with adjectives and will just read off a list of synonyms. It doesn't feel hard, but don't take it for music, b/c its 20%",04/17/2007,4.0,4.0,,1,Really into it,1.0,1.0,1,No,1176847164000,N/A,1040,N/A,,N/A,[],people,people
N/A,good,average,good,3,12233233,0,,awesome,5,MUS1,"Taught Opera class for Film/Drama/Music. Lively and loves discussion. Very passionate about the subject. A PLUS is FREE opera shows with the class, and music is played in every class. BUT, class can often feel much like English class--lots of analysis. Not much reading. Not much homework. Some video watching.",09/14/2006,2.0,2.0,,4,It's my life,4.5,4.5,1,No,1158262694000,N/A,1040,N/A,,N/A,[],people,people
