attendance,clarityColor,easyColor,helpColor,helpCount,id,notHelpCount,onlineClass,quality,rClarity,rClass,rComments,rDate,rEasy,rEasyString,rErrorMsg,rHelpful,rInterest,rOverall,rOverallString,rStatus,rTextBookUse,rTimestamp,rWouldTakeAgain,sId,takenForCredit,teacher,teacherGrade,teacherRatingTags,unUsefulGrouping,usefulGrouping
Mandatory,good,good,good,0,29595382,0,,awesome,5,FR125,"I loved this class!!! She organized the information very well, and all her lectures were very engaging, but the workload was pretty high. Nevertheless, I would still take this course again with her if I could!",02/25/2018,4.0,4.0,,5,N/A,5.0,5.0,1,Yes,1519581964000,Yes,1040,Yes,,N/A,"['Get ready to read', 'Gives good feedback', 'Participation matters']",people,people
Mandatory,good,good,good,0,28375070,0,,awesome,5,FRENCH192,"One of the best professors I've ever had. She is so smart, caring, and a great teacher. The class is amazing, but be prepare to deal with material that can be emotionally overwhelming (migrants, etc.). Fantastic lectures, and she leaves lots of time for discussion and makes sure everyone is included. I love Prof. El-Khoury!",05/24/2017,4.0,4.0,,5,N/A,5.0,5.0,1,No,1495630484000,Yes,1040,Yes,,A,"['Gives good feedback', 'Inspirational', 'Respected']",people,people
Mandatory,good,average,good,0,28321714,0,,awesome,5,FRENCH122,"El-Khoury's class on Paris is amazing. You learn a lot about contemporary issues, but the class is also a lot of fun. She obviously loves Paris and it is communicative. Great class if you want to consolidate your grammar but go beyond a language class. She rewards creativity a lot (but is also very caring about your progress in grammar)",05/16/2017,3.0,3.0,,5,N/A,5.0,5.0,1,Yes,1494937307000,Yes,1040,Yes,,N/A,"['Hilarious', 'Gives good feedback', 'Inspirational']",people,people
Mandatory,good,average,good,0,28321564,0,,awesome,5,FR192,"I learned so much about the reality of today's world, and the humanity behind the political conflicts, from all perspectives. I love her classes. She is sincerely the best professor I have ever had.",05/16/2017,3.0,3.0,,5,N/A,5.0,5.0,1,No,1494936337000,Yes,1040,Yes,,A-,"['Caring', 'Inspirational', 'Amazing lectures']",people,people
Mandatory,good,good,good,0,28321529,0,,awesome,5,FRENCH192,"I took French Culture with Prof. El Khoury last semester, and it was amazing so I decided to take her Mediterranean Crossings Lit & Film class:  it was incredible. The readings and films are fascinating, and her lectures + class discussions are so stimulating. She is a fair grader, and is accessible out of class. I love Prof. El Khoury.",05/16/2017,4.0,4.0,,5,N/A,5.0,5.0,1,No,1494936116000,Yes,1040,Yes,,N/A,"['Respected', 'Caring', 'Inspirational']",people,people
Mandatory,good,good,good,0,28311159,0,,awesome,5,FR192,"Best prof. I've ever had! Prof. El Khoury is such a good teacher and she is truly inspirational. She is extremely knowledgeable and caring. Her lectures are fascinating, and she gives a lot of time for discussion. Makes you rewrite your essays if they are not good. I would take this class again, and I will take other classes with her!",05/15/2017,4.0,4.0,,5,N/A,5.0,5.0,1,No,1494806854000,Yes,1040,Yes,,N/A,"['Gives good feedback', 'Amazing lectures', 'Inspirational']",people,people
Mandatory,good,good,good,0,27538338,0,,awesome,5,FR125,Very approachable and very considerate to students. Topics are interesting and engaging. Encourage and engage students. Very good course to take!,12/16/2016,4.0,4.0,,5,N/A,5.0,5.0,1,Yes,1481922788000,Yes,1040,Yes,,N/A,"['Inspirational', 'Amazing lectures', 'Accessible outside class']",people,people
