attendance,clarityColor,easyColor,helpColor,helpCount,id,notHelpCount,onlineClass,quality,rClarity,rClass,rComments,rDate,rEasy,rEasyString,rErrorMsg,rHelpful,rInterest,rOverall,rOverallString,rStatus,rTextBookUse,rTimestamp,rWouldTakeAgain,sId,takenForCredit,teacher,teacherGrade,teacherRatingTags,unUsefulGrouping,usefulGrouping
Not Mandatory,good,good,good,0,32111200,0,,good,4,PHY11,Gallagher is clearly caring about his students. He is always willing to discuss grades and give you motivation to keep going.,07/21/2019,4.0,4.0,,4,N/A,4.0,4.0,1,Yes,1563739034000,Yes,1040,Yes,,B+,"['Accessible outside class', 'Caring', 'Gives good feedback']",people,people
Mandatory,good,good,good,0,31609602,0,,awesome,5,PHY11,Hugh Gallagher made me love physics more. His lectures are exceptionally interesting you wont think of missing class even if you felt lazy. The nature of physics obviously needs you to keep studying and reiterating learnt concepts and applying them to different situations but his approach made the whole process so simple to follow and so easy!,04/17/2019,4.0,4.0,,5,N/A,5.0,5.0,1,No,1555468017000,Yes,1040,No,,A,"['Inspirational', 'Amazing lectures', 'Gives good feedback']",people,people
Not Mandatory,average,poor,average,0,31478563,0,,poor,2,PHY11,"A smart kind man, lectures are a complete and utter waste of time. Spends too much time not teaching.",03/26/2019,1.0,1.0,,2,N/A,2.0,2.0,1,No,1553563839000,No,1040,Yes,,A-,"['Caring', 'Lots of homework', 'EXTRA CREDIT']",people,people
Not Mandatory,good,average,good,0,31076084,0,,good,4,PHYS11,Office hours are more helpful than lectures. Hugh's office hours are the best bc he will give you the pset answers if you ask to compare. His tests are easier than AP exam questions.,12/18/2018,2.0,2.0,,4,N/A,4.0,4.0,1,No,1545106638000,Yes,1040,Yes,,N/A,"['Inspirational', 'EXTRA CREDIT', 'Hilarious']",people,people
Not Mandatory,good,good,good,0,31035400,0,,good,4,PHY11,"He gives fun lectures but you will learn more from online videos than the lectures. The homework is much harder than the questions he gives during lectures, but you will learn a lot from the homework. The tests are manageable, and he will give you chances to raise your grades. My recitations didn't really help, but office hours definitely did.",12/15/2018,4.0,4.0,,4,N/A,4.0,4.0,1,No,1544834793000,Yes,1040,Yes,,N/A,"['Hilarious', 'EXTRA CREDIT', 'Accessible outside class']",people,people
Not Mandatory,good,good,good,0,30180803,0,,good,4,PHYS11,Learned more in office hours with him than in the lectures. Only 2 tests and the final. Hard weekly homework but he is good about checking in with students to see if there needs to be an extension. Super nice guy!,05/23/2018,4.0,4.0,,4,N/A,4.0,4.0,1,No,1527119518000,Yes,1040,Yes,,B+,"['Caring', 'Accessible outside class']",people,people
Not Mandatory,good,average,good,0,29753037,0,,good,4,PHY11,"Genuinely cares about your learning, but the man should not be allowed to write on the chalkboard with sideboard chalk.",04/06/2018,3.0,3.0,,4,N/A,4.0,4.0,1,No,1522972834000,Yes,1040,Yes,,N/A,['Caring'],people,people
Not Mandatory,good,poor,good,3,27339417,0,,awesome,5,PHY13,"Prof. Gallagher is very approachable and really cares about each of the students. He learned everyone's name (in a large class) quickly, and really makes every student feel like they can succeed. The tests were easy (first test 30% of class got A), and he gives a few extra credit options to ensure you end up with a good grade in the class.",12/05/2016,1.0,1.0,,5,N/A,5.0,5.0,1,Yes,1480960339000,Yes,1040,Yes,,A,"['Accessible outside class', 'Respected', 'EXTRA CREDIT']",people,people
N/A,average,average,good,1,22997296,0,,good,3,PHY52,"Gallagher is such a sweet guy and I really like thermal physics with him. Homework can be long and difficult, but that's how you're going to learn everything. Great prof!",04/06/2014,2.0,2.0,,5,It's my life,4.0,4.0,1,Yes,1396820413000,N/A,1040,N/A,,N/A,[],people,person
Not Mandatory,average,average,average,1,22823529,0,,good,2,PHY13,"Fall 2013: Extremely nice and friendly professor. Spends a lot of time in discussion with the class. Which is an admirable trait, but there is such a thing as too much of a good thing. Class would be far better if he spent more time on example problems etc. I suspect that his teaching style is highly effective when the class size is small.",02/06/2014,2.0,2.0,,5,Really into it,3.5,3.5,1,Yes,1391694260000,N/A,1040,N/A,,A+,[],people,person
N/A,good,average,good,1,14812970,0,,awesome,5,PHY13,Great guy and very helpful if you seek him out.,09/12/2008,2.0,2.0,,5,Sorta interested,5.0,5.0,1,Yes,1221229841000,N/A,1040,N/A,,N/A,[],people,person
N/A,average,good,average,1,14565957,3,,average,2,PHY12,"nice guy, but too math-oriented. And the homeworks took me hours, or entire nights (if i didn't attend recitation)",06/08/2008,5.0,5.0,,3,Sorta interested,2.5,2.5,1,Yes,1212939223000,N/A,1040,N/A,,N/A,[],people,person
N/A,good,good,good,0,14551188,2,,awesome,4,PHY12,No Comments,06/03/2008,4.0,4.0,,5,Meh,4.5,4.5,1,Yes,1212503662000,N/A,1040,N/A,,N/A,[],people,people
N/A,average,good,good,0,14551182,0,,good,3,PHY12,"Prof. Gallagher is a great prof. but you must visit him during his office hours. W/out office hours, unless you're a genius you will be lost. He loves math so he spends a lot of his class time deriving pointless equations. Recitation attendance is mandatory because the &quot;challenge problems&quot; on his homework are impossible! Did I mention that he loves",06/03/2008,4.0,4.0,,5,Low,4.0,4.0,1,Yes,1212503605000,N/A,1040,N/A,,N/A,[],people,people
