attendance,clarityColor,easyColor,helpColor,helpCount,id,notHelpCount,onlineClass,quality,rClarity,rClass,rComments,rDate,rEasy,rEasyString,rErrorMsg,rHelpful,rInterest,rOverall,rOverallString,rStatus,rTextBookUse,rTimestamp,rWouldTakeAgain,sId,takenForCredit,teacher,teacherGrade,teacherRatingTags,unUsefulGrouping,usefulGrouping
N/A,poor,average,poor,0,19175674,0,,awful,1,ES5,Prof. Edgers fell apart this semester. After reading the raving reviews on him I took his section of the course and I've been trying to attend other sections ever since. All he does is scan in the textbook and put it on powerpoint slides. He never does example problems because he always gets the wrong. Worst engineering professor!,11/07/2011,3.0,3.0,,1,Really into it,1.0,1.0,3,Yes,1320662624000,N/A,1040,N/A,,N/A,[],people,people
N/A,good,average,good,0,16660115,0,,good,4,ES5,"Classes were extremely helpful and Edgers is a pretty good professor. He goes over homework problems, and PowerPoint presentation, and then does practice problems which is all extremely helpful. Problems due every class. Lab or quiz every week, pretty easy. 2 term exams and a final which are straightforward. Do NOT get Mastering Engineering!!!!!!!!",12/30/2009,3.0,3.0,,4,Low,4.0,4.0,1,Yes,1262214226000,N/A,1040,N/A,,N/A,[],people,people
N/A,good,good,good,0,11258297,0,,awesome,4,CEE42CEE146,Sweet Lew is one of the best professors I've had at Tufts.  He's extremely hard but it prepares you for the what you will need to know out as a practicing engineer.  He's very intellegent and is a very good person as well.,12/25/2005,5.0,5.0,,5,It's my life,4.5,4.5,3,N/A,1135530362000,N/A,1040,N/A,,N/A,[],people,people
Mandatory,good,good,good,0,10762076,0,,good,4,ES5,Edgers is a good guy.  Its a tough class but he keeps it reasonable and fair.,11/05/2005,4.0,4.0,,4,It's my life,4.0,4.0,3,N/A,1131223794000,N/A,1040,N/A,,N/A,[],people,people
N/A,good,average,good,0,878173,0,,awesome,5,ES5CE23,"Edgers is the best prof. at Tufts. He's enthusiastic, nice, easy workloads, and really cares about your understanding of the material.",04/24/2003,2.0,2.0,,5,N/A,5.0,5.0,3,N/A,1051183978000,N/A,1040,N/A,,N/A,[],people,people
N/A,good,poor,average,0,544698,0,,good,4,EN23,No Comments,02/05/2003,1.0,1.0,,3,N/A,3.5,3.5,1,N/A,1044489209000,N/A,1040,N/A,,N/A,[],people,people
