attendance,clarityColor,easyColor,helpColor,helpCount,id,notHelpCount,onlineClass,quality,rClarity,rClass,rComments,rDate,rEasy,rEasyString,rErrorMsg,rHelpful,rInterest,rOverall,rOverallString,rStatus,rTextBookUse,rTimestamp,rWouldTakeAgain,sId,takenForCredit,teacher,teacherGrade,teacherRatingTags,unUsefulGrouping,usefulGrouping
Mandatory,good,good,good,0,30108732,0,,awesome,5,ARB0001,"Just. The best. Fadi will absolutely make you speak (and sing along to Arabic Sesame Street!) in class so be ready for a constant challenge, but he's such a friendly and often hilarious guy that it doesn't feel intimidating. Classes are social and genuinely fun, and you'll build language skills at breakneck speed. Just be prepared to work for it.",05/15/2018,5.0,5.0,,5,N/A,5.0,5.0,1,Yes,1526347998000,Yes,1040,Yes,,A+,"['Hilarious', 'Caring', 'Respected']",people,people
Mandatory,good,good,good,0,28321985,0,,awesome,5,ARB002,"Fadi is not an easy teacher, but he goes the extra mile to make sure his students really understand the material. He is extremely enthusiastic and does his best to get everyone actively participating. He makes it clear that if you commit to the class, you will get a lot out of it. He also provides lots of opportunities to engage Arabic outside clas",05/16/2017,4.0,4.0,,5,N/A,5.0,5.0,1,Yes,1494938761000,Yes,1040,Yes,,N/A,"[""Skip class? You won't pass."", 'EXTRA CREDIT', 'Respected']",people,people
Mandatory,good,good,good,0,27955036,0,,awesome,5,ARB0002,this was the only class that I walked out off with a smile on my face during my first semester. If you love want to learn Arabic Take it with him.,03/27/2017,4.0,4.0,,5,N/A,5.0,5.0,1,Yes,1490651615000,Yes,1040,Yes,,A,"[""Skip class? You won't pass."", 'Amazing lectures', 'Hilarious']",people,people
Mandatory,good,average,good,0,27955013,0,,awesome,5,ARB0001,Fadi is by far the best teacher I've had at Tufts Period. His explanations in class are well articulated and easy to understand. His class are well organized from the beginning of the semester to the end and has all homework's and quizzes scheduled for everyone to be prepared in time. He goes out of his way to get to know each student personally.,03/27/2017,3.0,3.0,,5,N/A,5.0,5.0,1,Yes,1490651318000,Yes,1040,Yes,,A+,"['Amazing lectures', 'Accessible outside class', 'Clear grading criteria']",people,people
Mandatory,good,average,good,0,27106358,0,,awesome,5,ARB0001,Probably te only class that was enjoyable in my first semester!,11/01/2016,3.0,3.0,,5,N/A,5.0,5.0,1,Yes,1477999437000,Yes,1040,Yes,,A+,"['Caring', 'Lots of homework', 'Amazing lectures']",people,people
Mandatory,good,good,good,0,26483281,0,,awesome,4,ARAB2,"Fadi is an excellent teacher, even though he demands a lot out of his students.",05/05/2016,4.0,4.0,,5,N/A,4.5,4.5,1,Yes,1462480143000,N/A,1040,Yes,,B+,"['Lots of homework', 'Respected', ""Skip class? You won't pass.""]",people,people
Mandatory,average,good,good,0,26038761,0,,good,3,ARB01,"Fadi is an  incredible teacher, but his class is very difficult.  Expect to spend 10+ hours a week outside class on studying, memorization, homework, etc.  This class is totally worth it, and Fadi is always willing to help and his classes are incredibly interactive with very little lecturing, and make for great learning",02/08/2016,5.0,5.0,,5,Really into it,4.0,4.0,1,Yes,1454950929000,N/A,1040,Yes,,A-,"[""Skip class? You won't pass."", 'Lots of homework', 'Gives good feedback']",people,people
Mandatory,good,average,good,1,25717632,0,,awesome,5,ARA101,"Fadi is the best teacher by far! Arabic is hard, and he expects a lot out of his students, but he's well worth the work.",12/16/2015,3.0,3.0,,5,It's my life,5.0,5.0,1,Yes,1450227521000,Yes,1040,Yes,,A-,"[""Skip class? You won't pass."", 'Respected']",people,person
Mandatory,good,average,good,0,25079810,0,,awesome,5,ARB3,Fadi's the best! Do everything you can to be in his class forever. He's amazing.,07/30/2015,3.0,3.0,,5,It's my life,5.0,5.0,1,Yes,1438274817000,Yes,1040,Yes,,N/A,"['Inspirational', 'Respected']",people,people
Mandatory,good,good,good,1,24844857,0,,awesome,5,ARB1ARB2,"Fadi is one of the best. He's crystal clear and goes out of his way to help you. Arabic at Tufts is hard and Fadi is a hard teacher, so you will have to work hard if you want to do well, but Fadi is there every step of the way to see you succeed. Encouraging, helpful, and hilarious, I feel privileged to have had such an amazing professor. ",05/16/2015,4.0,4.0,,5,It's my life,5.0,5.0,1,Yes,1431743926000,N/A,1040,Yes,,A+,"['Caring', 'Respected', 'Hilarious']",people,person
N/A,good,good,good,0,24583570,0,,awesome,4,ARB3,Arabic is hard and Fadi is there to help.  If you're not understanding something go to his office hours he will sit down with you and explain everything and makes sure you get it. He quickly answers emails and you can email him with the specific questions from the hw. One of the best Arabic teachers,04/13/2015,4.0,4.0,,5,It's my life,4.5,4.5,1,Yes,1428883904000,N/A,1040,Yes,,N/A,[],people,people
N/A,average,good,average,0,22098559,0,,good,3,ARABIC1AND2,"Fadi really cares about his students and he expects them to try their hardest. You have to study and do homework. You should not take these classes if you are not very interested in Arabic, it won't be worth it. Classes are very hard",09/01/2013,5.0,5.0,,4,Sorta interested,3.5,3.5,1,Yes,1378040099000,N/A,1040,N/A,,N/A,[],people,people
N/A,good,good,good,1,21884355,0,,awesome,5,ARB002,"Fadi is a hard teacher, there's no getting around it. He expects his students to work incredibly hard, and I needed that extra push sometimes to get through difficult assignments. He really cares about how his students do in the class. Fadi is a wonderful teacher and his sense of humor is adorable.",06/11/2013,4.0,4.0,,5,It's my life,5.0,5.0,1,Yes,1370983574000,N/A,1040,N/A,,N/A,[],people,person
N/A,average,good,average,0,21155084,0,,good,3,ARB3,"Fadi's a good guy. He definitely grades a bit hard, but he's pretty available outside the classroom. If you don't understand something in class, he'll be able to help outside of it.",12/22/2012,4.0,4.0,,4,Really into it,3.5,3.5,1,Yes,1356205272000,N/A,1040,N/A,,N/A,[],people,people
N/A,good,good,good,0,21088787,0,,good,4,ARB3,"Arabic at Tufts is very hard and will take up lots of your time, but it pays off because it's also very good. Fadi is the best professor I've had. He is available for help and he cares about his student's progress and makes sure everyone is keeping up. Hard grader, but fair and gives some extra credit opportunities.",12/16/2012,5.0,5.0,,4,Really into it,4.0,4.0,1,Yes,1355666389000,N/A,1040,N/A,,N/A,[],people,people
N/A,average,good,average,0,19664042,0,,good,3,ARB1,"Fadi is the man!  Don't get me wrong, he's a really really hard teacher, but I never expected to have a conversation in Arabic after just one semester.  Make sure you're on top of the homework (or, as Fadi would say, &quot;activated&quot;), and you'll do just fine.  It's definitely challening, but its so worth it.",01/04/2012,5.0,5.0,,4,Sorta interested,3.5,3.5,1,Yes,1325637606000,N/A,1040,N/A,,N/A,[],people,people
N/A,average,good,average,0,19471367,0,,average,3,ARB0001,Weekly quizzes make sure that everyone is staying on top of the heavy workload.,12/12/2011,4.0,4.0,,3,Really into it,3.0,3.0,1,Yes,1323701528000,N/A,1040,N/A,,N/A,[],people,people
N/A,average,good,average,0,18767809,0,,good,3,ARBB,"Fadi is really caring and you can tell that he really wants all of his students to succeed. He's a great guy, but his class is very difficult. He can sometimes appear upset at a class if he feels his students did not try hard enough to prepare. Overall, he's usually readily available to help people out and tries his best to teach this hard language",06/26/2011,5.0,5.0,,4,Sorta interested,3.5,3.5,1,Yes,1309111097000,N/A,1040,N/A,,N/A,[],people,people
N/A,good,good,good,0,18416091,0,,awesome,5,ARB0002,"Had Fadi for Arabic 1 and 2. He's a hard grader, but you'll learn a ton from him. He has a really subtle and awesome sense of humor, which makes class enjoyable. The more you make an effort the better class will be. He really cares about his students' progress - I definitely recommend taking his class!",04/15/2011,4.0,4.0,,5,It's my life,5.0,5.0,1,Yes,1302869872000,N/A,1040,N/A,,N/A,[],people,people
N/A,average,good,good,0,17030880,0,,good,3,ARB002,"Arabic II is one of the most difficult classes you'll take here. But Fadi is one of the best teachers. He really cares about the students. He will answer your emails at all hours of the day, meet with you, advise you, and best of all, he has a great sense of humor.  He wants you to do well. Hope he stays at Tufts for a long time.",04/21/2010,5.0,5.0,,5,Really into it,4.0,4.0,1,Yes,1271813762000,N/A,1040,N/A,,N/A,[],people,people
N/A,good,good,good,0,16113699,0,,awesome,4,ARBD,"Fadi's class may be one of the most difficult you ever take. However, Fadi will go to the ends of the Earth to help you succeed. You just need to put in the initiative to ask for help.",08/12/2009,5.0,5.0,,5,Really into it,4.5,4.5,1,Yes,1250078155000,N/A,1040,N/A,,N/A,[],people,people
N/A,average,good,good,0,16092687,0,,good,3,ARB01,"Fadi is a great guy and a good teacher. I learned a lot of arabic, and took both Arabic 1 and 2 with him. He has a great sense of humor and his class is pretty fun too. He is always really happy to have students come into office hours and super helpful when you go in.",08/04/2009,4.0,4.0,,5,Really into it,4.0,4.0,1,Yes,1249429187000,N/A,1040,N/A,,N/A,[],people,people
N/A,good,good,good,0,16002552,0,,awesome,4,ARB0001,"fadi's class is awfully difficult, partially because of the language, and partially because of his own teaching style, but he clearly cares very much about the progress of his students and is more than available to help. so if you are motivated to learn arabic, you can't do much better than fadi.",06/29/2009,5.0,5.0,,5,Sorta interested,4.5,4.5,1,Yes,1246308958000,N/A,1040,N/A,,N/A,[],people,people
N/A,average,good,average,0,15939603,0,,good,3,ARABIA,Fadi is a really nice guy and really wants to help his students do well. You have to take the initiative though by going to office hours and asking questions. Arabic is difficult to begin with so don't expect an A.,06/07/2009,4.0,4.0,,4,Sorta interested,3.5,3.5,1,Yes,1244380227000,N/A,1040,N/A,,N/A,[],people,people
N/A,good,good,good,0,15927325,0,,awesome,4,ARB01,"Fadi was made Approachable! Always very helpful in class, after class and during office hours! A good class to take!",06/03/2009,4.0,4.0,,5,Really into it,4.5,4.5,1,Yes,1244028691000,N/A,1040,N/A,,N/A,[],people,people
N/A,average,good,average,0,15409933,0,,poor,2,ARB1,"He's a very nice guy, but a pretty inexperienced teacher. Main problem was that we would do written activities in class and then we wouldn't go over them after we finished. We were just expected to &quot;correct each other.&quot;",01/24/2009,4.0,4.0,,2,Really into it,2.0,2.0,1,Yes,1232799734000,N/A,1040,N/A,,N/A,[],people,people
N/A,average,average,average,0,15246144,0,,good,3,ARA101,Fadi is an awesome guy but he is an unexperienced teacher. The class can be tough at times; arabic is a tough language so dont expect and A.,12/19/2008,2.0,2.0,,4,Really into it,3.5,3.5,1,Yes,1229709940000,N/A,1040,N/A,,N/A,[],people,people
N/A,average,average,average,0,15017818,0,,good,3,ARABI1,Arabic is a hard language so don't expect an easy A. Fadi is really helpful and wants his students to succeed. He loves is when students come to office hours and is most helpful during this time.,11/18/2008,3.0,3.0,,4,Really into it,3.5,3.5,1,Yes,1227021629000,N/A,1040,N/A,,N/A,[],people,people
