attendance,clarityColor,easyColor,helpColor,helpCount,id,notHelpCount,onlineClass,quality,rClarity,rClass,rComments,rDate,rEasy,rEasyString,rErrorMsg,rHelpful,rInterest,rOverall,rOverallString,rStatus,rTextBookUse,rTimestamp,rWouldTakeAgain,sId,takenForCredit,teacher,teacherGrade,teacherRatingTags,unUsefulGrouping,usefulGrouping
Not Mandatory,good,average,good,1,30178633,0,,awesome,5,EC0012,Gives really good notes on his lectures which I found hard to follow because they go really fast. Encourages going to office hours. Grades problem sets very liberally and tests less so.,05/23/2018,3.0,3.0,,5,N/A,5.0,5.0,1,No,1527098658000,Yes,1040,Yes,,N/A,"['Test heavy', 'Lecture heavy', 'Accessible outside class']",people,person
Not Mandatory,good,average,good,1,29823348,0,,awesome,5,EC12,Knows his stuff. You gotta pay attention in lecture and take notes. Not an easy professor but not unfair either.,04/17/2018,3.0,3.0,,5,N/A,5.0,5.0,1,No,1523979878000,Yes,1040,Yes,,N/A,"['Caring', 'Accessible outside class', ""Skip class? You won't pass.""]",people,person
Not Mandatory,good,average,good,1,28008034,0,,awesome,5,EC0012,"If you want a humane professor at Tufts who cares about his students, take Prof. Fusillo. He explains the materials thoroughly and if you don't understand it during class, he has long office hours when you can ask any questions. No trick questions on exams and you will do great as long as you study.  I would definitely take his class again.",04/06/2017,3.0,3.0,,5,N/A,5.0,5.0,1,Yes,1491494227000,Yes,1040,Yes,,A,"['Caring', 'Clear grading criteria', 'Accessible outside class']",people,person
N/A,good,good,good,2,27089855,0,,awesome,5,EC0012,"Wish he taught more classes. His macro course was very interesting, and although he did go through derivations on the board, you weren't expected to know them for the exam. Problem sets were challenging, but manageable (really helpful in office hours). Very clear lecturer with a good sense of humor.",10/27/2016,4.0,4.0,,5,N/A,5.0,5.0,1,Yes,1477593610000,Yes,1040,Yes,,N/A,[],people,people
N/A,average,good,average,0,26196298,0,,good,2,EC0012,"Prof Fusillo is a very nice and extremely available person, but also a very confusing professor sometimes. He is always there if you need him, and his office hours are amazingly helpful, and thus crowded. Nevertheless, the crowd is also due to the fact that classes can be very confusing: lot of numbers but too few words to explain them.",03/29/2016,4.0,4.0,,5,N/A,3.5,3.5,1,Yes,1459246369000,N/A,1040,Yes,,B+,"['Lecture heavy', 'Caring', 'Lots of homework']",people,people
N/A,average,good,average,0,25806220,1,,average,2,EC12,"Not an Easy A at all, exams are hard",12/22/2015,4.0,4.0,,4,Really into it,3.0,3.0,1,Yes,1450815679000,N/A,1040,N/A,,B+,[],person,people
Not Mandatory,average,good,average,0,25621291,0,,good,2,EC161,"First off, Mike Fusillo is a saint. Unfortunately, he's a tragically disorganized mumbler and your best bet for grasping the course material is to just tackle the monolith of notes he posts on Trunk for each lecture on your own. Do not try to do all the lectures in one night because the material itself is not easy to master. Go to office hours!",12/10/2015,4.0,4.0,,5,Sorta interested,3.5,3.5,1,Yes,1449711370000,N/A,1040,Yes,,B+,['Caring'],people,people
Not Mandatory,average,average,average,0,24170540,0,,average,2,EC12,His lectures are confusing and he tries to derive the formulas behind the models he is teaching. It turns out to not be necessary because you are not going to be tested on it. If you study for the tests you will do fine. ,12/22/2014,3.0,3.0,,4,Sorta interested,3.0,3.0,1,No,1419272455000,N/A,1040,Yes,,A,[],people,people
N/A,average,average,good,3,23235237,0,,good,3,EC12,"Incredibly kind man, word to the wise: go to office hours and read his notes! Macro is a tricky subject, but if you put in the effort you will go far. He is so, so incredibly kind and amazing at explaining things if you give him the chance. I recommend fully.",05/13/2014,3.0,3.0,,5,It's my life,4.0,4.0,1,No,1399983000000,N/A,1040,N/A,,N/A,[],people,people
N/A,good,average,good,1,23203017,0,,awesome,4,EC161FALL2013,"I was afraid to take this class b/c I'd heard about how difficult it was, but Professor Fusillo was a great. His lecture notes (he posts them online) are hugely helpful and a written version of his class lectures. Also, he's great during office hours and really wants you to succeed. The class is tough, but if you put in the time, you can do well.",05/08/2014,3.0,3.0,,5,Sorta interested,4.5,4.5,1,Yes,1399584606000,N/A,1040,N/A,,N/A,[],people,person
N/A,good,average,good,3,22811476,0,,awesome,4,EC161,"Class has A LOT of models which Prof Fusillo tries to explain but does not do a very good job at. Tends to mumble to himself a lot, but goes through the material with good pace. Exams tend to be hard and not very illustrative of class material",02/01/2014,3.0,3.0,,5,Sorta interested,4.5,4.5,1,No,1391271669000,N/A,1040,N/A,,N/A,[],people,people
Not Mandatory,average,average,good,0,22480003,1,,good,3,EC0012,His exams are all qualitative and are related to his lectures that are all online. His problem sets are more quantitative and can be pretty difficult. One of the better professors in the Tufts econ department.,12/09/2013,3.0,3.0,,5,Sorta interested,4.0,4.0,1,No,1386607688000,N/A,1040,N/A,,N/A,[],person,people
N/A,average,good,average,0,22188568,0,,average,3,EC12,"Speaks and writes really fast in class, which makes it difficult to take notes. Also doesn't help that problem sets have little to do with the lectures, and there is nothing posted online about them.",10/17/2013,4.0,4.0,,3,Really into it,3.0,3.0,1,No,1382029935000,N/A,1040,N/A,,N/A,[],people,people
Not Mandatory,good,average,good,0,22187701,0,,good,4,EC161,"People flounder in Fusillo's Int'l Trade class for no good reason. He lectures clearly, the material is intuitive if you understand Micro, and the exams are exactly the same as the problem sets which are the same as the in-class examples. The final is balls-hard compared to the midterms, so if you don't do well at first it's a good class to drop.",10/17/2013,3.0,3.0,,4,Really into it,4.0,4.0,1,Yes,1382016636000,N/A,1040,N/A,,N/A,[],people,people
N/A,good,average,good,0,20257822,1,,awesome,4,EC12,Really helpful in office hours,05/11/2012,3.0,3.0,,5,Sorta interested,4.5,4.5,1,Yes,1336706186000,N/A,1040,N/A,,N/A,[],person,people
