attendance,clarityColor,easyColor,helpColor,helpCount,id,notHelpCount,onlineClass,quality,rClarity,rClass,rComments,rDate,rEasy,rEasyString,rErrorMsg,rHelpful,rInterest,rOverall,rOverallString,rStatus,rTextBookUse,rTimestamp,rWouldTakeAgain,sId,takenForCredit,teacher,teacherGrade,teacherRatingTags,unUsefulGrouping,usefulGrouping
Not Mandatory,average,average,average,0,31377064,0,,average,3,MATH70,"Honestly, a meh professor. Didn't help that the class was at 8 am. I learned much more from the big review sessions with the other profs than from her. Just to be clear, she isn't a bad professor at all. She has a clear understanding of the material and works through things logically. She's just kinda average.",02/24/2019,3.0,3.0,,3,N/A,3.0,3.0,1,Yes,1550989721000,No,1040,Yes,,A-,['Lots of homework'],people,people
Not Mandatory,good,average,good,0,31054473,0,,good,4,MATH70,"Linear Algebra was the first math class I took at Tufts. She goes through the material really fast, so if you're not a math person, going to office hours or staying behind after class to ask clarification questions is pretty necessary. The class is what you'd expect. Exams aren't difficult. You get out what you put in.",12/16/2018,3.0,3.0,,4,N/A,4.0,4.0,1,Yes,1544993616000,No,1040,Yes,,A,['Accessible outside class'],people,people
Not Mandatory,good,average,good,0,31019519,0,,good,4,MATH70,Easily the best math Professor I have had at Tufts. Her sections routinely outperform almost all other sections on exams.,12/14/2018,3.0,3.0,,4,N/A,4.0,4.0,1,Yes,1544756918000,Yes,1040,Yes,,N/A,"['Respected', 'Caring']",people,people
Not Mandatory,good,average,good,0,30641226,0,,good,4,MATH51,Pretty standard. Offered extra credit for every homework assignment. Like literally every homework was entirely extra credit.,11/01/2018,2.0,2.0,,4,N/A,4.0,4.0,1,Yes,1541057805000,Yes,1040,Yes,,A+,['Clear grading criteria'],people,people
