attendance,clarityColor,easyColor,helpColor,helpCount,id,notHelpCount,onlineClass,quality,rClarity,rClass,rComments,rDate,rEasy,rEasyString,rErrorMsg,rHelpful,rInterest,rOverall,rOverallString,rStatus,rTextBookUse,rTimestamp,rWouldTakeAgain,sId,takenForCredit,teacher,teacherGrade,teacherRatingTags,unUsefulGrouping,usefulGrouping
Mandatory,good,average,good,0,28896331,0,,awesome,5,ENG59,"She's awesome -- as an English have taken classes with everyone, she's the best.",11/14/2017,3.0,3.0,,5,N/A,5.0,5.0,1,No,1510677426000,Yes,1040,Yes,,N/A,[],people,people
Mandatory,average,good,average,0,27694015,1,,poor,2,ENG64,"Johnson is a nice person, but a mediocre professor. The lectures only focus on her own interpretation of a novel, which doesn't let students to analyze on their own. Her prompts are also VERY vague and she doesn't give you the grading criteria. Instead of helping you write/giving feedback on drafts, she sends you to ARC, which is unhelpful!",01/08/2017,4.0,4.0,,2,N/A,2.0,2.0,1,Yes,1483889316000,No,1040,Yes,,B+,"['Get ready to read', ""Skip class? You won't pass.""]",person,people
Mandatory,good,average,good,0,27339819,0,,awesome,5,AMER172,"I can't say enough good things about Professor Johnson. I have learned so much from her about how to read, write, and think. She is opinionated, incredibly intelligent, and super funny. I loved the course selection and recommend her to anyone who wants to take a seminar. I'm taking another class with her next semester and I can't wait!",12/05/2016,3.0,3.0,,5,N/A,5.0,5.0,1,Yes,1480961951000,Yes,1040,Yes,,A-,"['Amazing lectures', 'Hilarious', 'Gives good feedback']",people,people
Mandatory,good,good,good,0,26957881,0,,awesome,5,ENG92,Loved her!,09/06/2016,4.0,4.0,,5,N/A,5.0,5.0,1,Yes,1473190388000,Yes,1040,Yes,,A-,[],people,people
Not Mandatory,good,average,good,0,26605721,0,,awesome,5,ENG92,Ronna is the best professor I've had at Tufts. (4 classes with her) She is relatable and fills her curriculum with interesting and relevant information. Her classes and comments on papers are clear and helpful. Her post-modern fiction classes and feminism lit class are particularly good. She is liberal and opinionated. Very intelligent and fun.,05/18/2016,3.0,3.0,,4,N/A,4.5,4.5,1,Yes,1463563230000,N/A,1040,Yes,,A,"['Respected', 'Amazing lectures', 'Inspirational']",people,people
Mandatory,good,poor,good,0,25983447,0,,awesome,5,ENG0063,"Prof. Johnson is an outstanding English professor. She is approachable, hilarious and incredibly intelligent. She has an immense amount of passion for what she  teaches, and that rubs off. While some may find her class disorganized, she is very easy to follow if you read the books and participate/attend class. AmFic 1900-1950 was great",01/23/2016,1.0,1.0,,5,It's my life,5.0,5.0,1,Yes,1453536979000,N/A,1040,Yes,,A,"['Gives good feedback', 'Get ready to read', 'Hilarious']",people,people
Mandatory,good,good,good,1,25747893,0,,good,5,ENG0063,"Definitely need to go to class for the notes, but don't necessarily need to read the books. Her ideas are novel, and she's open to discussing new interpretations of the text. I could listen to her wax poetic for hours. Totally understands what it's like to be a student, so her stuff's not overwhelming. Generally 3 essays, midterm and a final",12/17/2015,4.0,4.0,,3,Really into it,4.0,4.0,1,No,1450373165000,Yes,1040,Yes,,N/A,"['Hilarious', 'Amazing lectures']",people,person
Mandatory,good,good,good,0,24817782,0,,awesome,4,AMER194,"I took American 60s Art and Culture with Professor Johnson.  She is extremely knowledgeable, has a great sense of humor, and makes discussions very interesting.  I would gladly take another class with her!  She is a hard essay grader, though!",05/13/2015,4.0,4.0,,5,Really into it,4.5,4.5,1,Yes,1431518031000,N/A,1040,Yes,,B+,"['Amazing lectures', 'Get ready to read', 'Tough grader']",people,people
N/A,good,good,good,0,22885183,1,,awesome,5,ENG83,"Professor Johnson was very thought provoking. Yes, she is liberal, but it's not in a vacuum. What she's teaching about (women's rights) tend to be mostly a liberally backed issue. I took her On the Road course, which had great books and great conversation. Meet with her before doing a paper because she can help you get to the point faster.",03/04/2014,4.0,4.0,,4,Really into it,4.5,4.5,1,No,1393957810000,N/A,1040,N/A,,N/A,[],person,people
N/A,good,average,average,0,22800805,1,,average,4,ENG63,"Excellent books, for each of which she has a single central point which is pretty easy to grasp. You can do well in her class by regurgitating her ideas. Because of her unilateral readings class was dull except when she decided to rip into some poor student who had the gall to say something. Also very rude in email, which was weird and unexpected.",01/28/2014,2.0,2.0,,2,Sorta interested,3.0,3.0,1,Yes,1390928554000,N/A,1040,N/A,,N/A,[],person,people
N/A,good,average,good,0,21511640,0,,awesome,5,ENG0063,BEST PROFESSOR EVER. I took both of her American Fiction courses. She's spunky but extremely intelligent.  Her classes are enjoyable and she isn't a tough grader if you take her class seriously and make an effort to speak out during discussions.,04/10/2013,2.0,2.0,,5,Low,5.0,5.0,1,Yes,1365586315000,N/A,1040,N/A,,N/A,[],people,people
N/A,good,good,average,0,21311251,0,,average,4,ENG63,"Ronna is not a bad professor. The books that we read in this class are generally excellent and she does a good job at explaining them. She is strange and extremely liberal, but I didn't feel that she wasn't approachable. I found the class a little frustrating because there were so few grades, but the structure of the class was consistent.",01/31/2013,4.0,4.0,,2,Really into it,3.0,3.0,1,Yes,1359631291000,N/A,1040,N/A,,N/A,[],people,people
N/A,average,average,average,0,21222151,0,,poor,2,ENG63,"She's interesting to listen to, has good insights, chooses good novels. But i felt the class was unfocused. There were a few odd concepts she held onto, but I don't feel I really got a thorough understanding of the period, and when it came to the final, I felt pretty underprepared. Plus, she hated when people asked her questions about it!",01/07/2013,3.0,3.0,,2,Sorta interested,2.0,2.0,1,Yes,1357568363000,N/A,1040,N/A,,N/A,[],people,people
N/A,good,average,good,1,21058983,0,,awesome,5,ENG63,"Ronna is a great English professor. We go through books quickly but the discussions are often thorough and involve lots of student participation. She's funny and cool but I could imagine that more sensitive students might find her a little abrasive. Great if you're not afraid to here some strong views, but she's always tolerant of opposition.",12/13/2012,3.0,3.0,,5,Really into it,5.0,5.0,1,Yes,1355418979000,N/A,1040,N/A,,N/A,[],people,person
N/A,good,average,good,0,20623531,0,,awesome,5,ENG63,"Prof. Johnson is awesome! I took PoMo Lit and loved coming to class every week. Although the lecture was large, Ronna made it feel like a book club, constantly seeking input from students and fostering a conversation that was always upbeat and interesting. Besides her teaching ability, Ronna is an eccentric, funny woman who keeps class lively.",09/03/2012,3.0,3.0,,5,It's my life,5.0,5.0,1,Yes,1346663987000,N/A,1040,N/A,,N/A,[],people,people
N/A,average,average,average,0,20192802,2,,poor,3,WS72,"She is absolutely the worst professor (and and a person) at Tufts. I have to give it to her for having so much passion for feminism, but she is very biased and irrational. She reads into everything too much, and she is closed from alternate views (not to mention very critical of them). She is oddly harsh about extensions and is VERY rude about it.",05/03/2012,3.0,3.0,,1,Really into it,2.0,2.0,1,No,1336086611000,N/A,1040,N/A,,N/A,[],people,people
N/A,good,average,good,0,17488892,0,,awesome,4,AMER01,"I have no idea where these negative comments are coming from. Ronna is, without a doubt, my favorite professor at Tufts. She has a fantastically sarcastic sense of humor, which makes class fun. She puts a lot of thought into course material & debunks it very well. Her writing standards are fairly high but I became a better writer. Takes liberal POV",08/07/2010,3.0,3.0,,5,Sorta interested,4.5,4.5,1,Yes,1281154738000,N/A,1040,N/A,,N/A,[],people,people
N/A,good,good,average,0,16995111,0,,good,4,ENG91,"Beat Lit was AMAZING with Ronna. The woman knew these writers, hung out with them, and really understands the whole culture and essence of &quot;beat&quot;. If you have any interest, I strongly recommend, as she's both highly knowledgeable and insightful on the subject. Not to be missed.",04/14/2010,4.0,4.0,,3,It's my life,3.5,3.5,1,Yes,1271265035000,N/A,1040,N/A,,N/A,[],people,people
N/A,good,average,average,0,15642451,0,,good,4,ENG64,"interesting class, though the prof is a bit eccentric. readings are fairly interesting, prepare to read a book a week. only one paper, and the midterm was pretty straightforward. overall, a pretty laidback interesting class with a character of a prof",04/13/2009,2.0,2.0,,3,Really into it,3.5,3.5,1,Yes,1239629850000,N/A,1040,N/A,,N/A,[],people,people
N/A,good,average,good,0,15255498,0,,awesome,4,AMER83,"LOVED her class. very approachable, kind of eccentric but definitely a person worth knowing",12/21/2008,2.0,2.0,,5,Really into it,4.5,4.5,1,Yes,1229824932000,N/A,1040,N/A,,N/A,[],people,people
N/A,good,average,good,0,15030663,0,,awesome,5,ENG91,"I'm very surprised by the other comments on here-Professor Johnson is AMAZING. She is knowledgeable, passionate, and inspiring. This is the best course I've taken at Tufts. The class discussions are great and she strongly encourages participation.",11/19/2008,3.0,3.0,,5,It's my life,5.0,5.0,1,Yes,1227135704000,N/A,1040,N/A,,N/A,[],people,people
N/A,average,average,average,1,14305808,0,,average,3,WS72,"I was never interested in Women's Studies but after taking her class and reading the articles, I found WS very interesting. I'm even considering majoring in the subject. Ronna does go off on tangents a lot but they are interesting and they are related to the discussion. She makes this intro class very interesting.",04/17/2008,2.0,2.0,,3,Low,3.0,3.0,1,Yes,1208439260000,N/A,1040,N/A,,N/A,[],people,person
N/A,poor,good,poor,0,11180340,2,,awful,1,POST1950LIT,"Thing is her liberal bias isn't so much fun or interesting as it is obnoxious and stupid. So even if you're a devoted lefty, you'd be better off rereading Zinn or something instead of sitting through her crap. And crap it is: terrible reading selection, uninteresting lectures of the &quot;you weren't there, man&quot; variety, unfair grader.",12/16/2005,4.0,4.0,,1,Really into it,1.0,1.0,1,N/A,1134696374000,N/A,1040,N/A,,N/A,[],people,people
N/A,average,average,average,0,10613026,0,,average,3,CONTOFAMERLI,"great professor - not open to conservatism at all but i mean hey, who the **** is these days (and who the **** should be&#63;) if you participate in class and DEFEND your arguments, she WILL favor you. I definitely enjoyed the class and the professor.",10/20/2005,3.0,3.0,,3,It's my life,3.0,3.0,1,N/A,1129772190000,N/A,1040,N/A,,N/A,[],people,people
N/A,good,average,good,0,2680477,0,,good,4,ENG59,"Do not take a class with Johnson if you hold more conservative views.  As a liberal, I found her tangents about the incest in the Bush family hilarious, but I could see how that would get really annoying if I didn't agree with her.  She is a really though-provoking and passionate professor.",11/08/2004,2.0,2.0,,4,Sorta interested,4.0,4.0,1,N/A,1099949192000,N/A,1040,N/A,,N/A,[],people,people
N/A,poor,average,poor,0,2006372,0,,poor,1,ENG59,She is constantly going on tagents about her political views instead of teaching.  We don't really learn how to write well and she is disorganized and a hard grader.,04/21/2004,3.0,3.0,,2,N/A,1.5,1.5,1,N/A,1082570442000,N/A,1040,N/A,,N/A,[],people,people
N/A,average,good,average,0,1926454,1,,average,2,ENG63,ugh,04/08/2004,4.0,4.0,,3,N/A,2.5,2.5,1,N/A,1081460235000,N/A,1040,N/A,,N/A,[],person,people
N/A,average,good,poor,0,1309464,0,,poor,2,ENG63,No Comments,11/12/2003,4.0,4.0,,1,N/A,1.5,1.5,1,N/A,1068649249000,N/A,1040,N/A,,N/A,[],people,people
N/A,average,good,poor,0,1252045,0,,poor,2,ENG65,"very biased toward her own views, seems unclear about the material she teaches, frequent and completely irrelevant tangents, intimidating, very unhelpful comments on papers",11/02/2003,4.0,4.0,,1,N/A,1.5,1.5,1,N/A,1067813030000,N/A,1040,N/A,,N/A,[],people,people
N/A,poor,average,poor,0,881552,0,,poor,1,ENG64,"favors some students and pretty much ignores everyone else. the class is supposed to be about postmodernism but she does a terrible job of explaining the movement, just says vague things with esoteric jargon. never proved to me she understands it herself",04/24/2003,3.0,3.0,,2,N/A,1.5,1.5,1,N/A,1051218732000,N/A,1040,N/A,,N/A,[],people,people
N/A,average,average,average,0,865372,0,,average,3,ENG59,"Favors students, only accepts & is partial to HER point of view.",04/22/2003,3.0,3.0,,2,N/A,2.5,2.5,1,N/A,1051012044000,N/A,1040,N/A,,N/A,[],people,people
N/A,poor,good,poor,0,828095,0,,awful,1,ENG63,No Comments,04/13/2003,4.0,4.0,,1,N/A,1.0,1.0,1,N/A,1050198223000,N/A,1040,N/A,,N/A,[],people,people
N/A,good,average,good,0,646604,0,,awesome,4,ENGLISH64,"She is a wonderful, passionate teacher.",02/27/2003,3.0,3.0,,5,N/A,4.5,4.5,1,N/A,1046364539000,N/A,1040,N/A,,N/A,[],people,people
N/A,average,average,average,0,553132,0,,poor,2,ENG59,She goes on sooo many tangents...,02/09/2003,3.0,3.0,,2,N/A,2.0,2.0,1,N/A,1044832182000,N/A,1040,N/A,,N/A,[],people,people
N/A,good,average,good,0,543933,0,,awesome,5,ENG64,passionate about what she teaches,02/05/2003,3.0,3.0,,5,N/A,5.0,5.0,1,N/A,1044475493000,N/A,1040,N/A,,N/A,[],people,people
