attendance,clarityColor,easyColor,helpColor,helpCount,id,notHelpCount,onlineClass,quality,rClarity,rClass,rComments,rDate,rEasy,rEasyString,rErrorMsg,rHelpful,rInterest,rOverall,rOverallString,rStatus,rTextBookUse,rTimestamp,rWouldTakeAgain,sId,takenForCredit,teacher,teacherGrade,teacherRatingTags,unUsefulGrouping,usefulGrouping
N/A,good,average,good,0,28388943,0,,good,4,SOC50,"He is very knowledgable and you will learn a lot in his course. Make sure to go to his office hours because he gives great feedback on the assignments, which will then guarantee you do well in the class.",05/26/2017,3.0,3.0,,4,N/A,4.0,4.0,1,No,1495822930000,Yes,1040,Yes,,N/A,"['Accessible outside class', 'Gives good feedback', 'Tough grader']",people,people
N/A,average,average,average,0,27543128,0,,average,3,SOC50,"Paul Joseph is really knowledgable but the lectures for this class were really boring. We are also graded on very few things (four papers), which is stressful because if you don't do consistently in them, then your grade is going to be pulled down. Interesting course material but boring classes and long readings.",12/17/2016,3.0,3.0,,3,N/A,3.0,3.0,1,Yes,1481969113000,Yes,1040,Yes,,N/A,"['Get ready to read', 'Graded by few things']",people,people
Not Mandatory,average,average,average,0,27456272,0,,average,3,SOC50,"This was probably the most vague class I've ever taken. Interesting subject material, but lectures were incredibly boring. Four assignments for the term - two papers and then another two for the final exam. Very lenient grader and if you're a remotely decent writer it's an easy A.",12/12/2016,2.0,2.0,,3,N/A,3.0,3.0,1,Yes,1481578191000,Yes,1040,Yes,,A,"['Get ready to read', 'Graded by few things']",people,people
Mandatory,good,average,good,0,27146019,0,,awesome,5,SOC50,"Professor Joseph is a wonderful professor and an incredibly  warm and friendly person. He may be a little intimidating at first but he really knows his stuff. The readings are important but remember that there won't be any tests, just know the material well enough to write about it. BE SPECIFIC ON YOUR ESSAYS IF YOU WANT ABOVE A B.",11/07/2016,3.0,3.0,,5,N/A,5.0,5.0,1,Yes,1478551886000,Yes,1040,Yes,,A-,"['Respected', 'Gives good feedback', 'Get ready to read']",people,people
Mandatory,good,average,average,0,25688032,0,,good,4,SOC50,Very discussions based class. It's amazing if you're interested in Globalization--because you can relate class discussions to current events and vice versa. ,12/14/2015,3.0,3.0,,3,It's my life,3.5,3.5,1,Yes,1450111916000,Yes,1040,Yes,,N/A,"['Respected', 'Get ready to read']",people,people
N/A,good,average,good,0,25611120,0,,awesome,4,SOC50,"Professor Joseph has made me consider becoming a sociology minor. He is kind, knowledgable, and really makes an effort to help his students understand. I was so impressed by him and this course and I would really recommend it. He has a dry sense of humor that worked for me but I could see it not working for others.",12/09/2015,2.0,2.0,,5,It's my life,4.5,4.5,1,Yes,1449679130000,N/A,1040,Yes,,N/A,"['Inspirational', 'Get ready to read', 'Gives good feedback']",people,people
Mandatory,good,average,good,0,25578511,0,,good,4,SOC50," He has his own opinions about the course material and makes them very clear, but he listens and engages with other points of view and is a fair grader. The sociology theories are a little basic and I wouldn't recommend for people who have taken a lot of sociology in the past. Overall, I had a very good time in his class. ",12/07/2015,3.0,3.0,,4,Really into it,4.0,4.0,1,Yes,1449516021000,N/A,1040,Yes,,N/A,['Caring'],people,people
Mandatory,poor,poor,poor,0,23590636,4,,awful,1,WARANDPEACE,"Total blowhard liberal, even by Tufts standards.  Thinks he's open minded, but makes sweeping assumptions about people. I don't know how someone could dedicate their life to studying war and have no concept of the subject.  You'll do fine if you agree with him on everything.",09/12/2014,1.0,1.0,,1,Sorta interested,1.0,1.0,1,No,1410531091000,N/A,1040,N/A,,N/A,[],people,people
Not Mandatory,good,average,good,0,22547256,0,,awesome,5,SOC120,"This class is what you make it. If you stay on top of readings, attend class and pay attention and partake in discussions, then it's a great class. Interesting material. Professor Joseph is clear, TA was also helpful. Midterms took a while to grade, but were returned with thoughtful comments, and was obvious that care was taken in grading.",12/13/2013,3.0,3.0,,4,Really into it,4.5,4.5,1,Yes,1386971706000,N/A,1040,N/A,,A-,[],people,people
Mandatory,good,average,good,0,22432177,0,,awesome,4,SOC120,"One of the few classes I have looked forward to attending. Each class has productive discussion, and one can really learn a lot from the material taught. If you work hard, you will do well, and attending class will allow you to stay on top of your work.",12/04/2013,3.0,3.0,,5,It's my life,4.5,4.5,1,Yes,1386166034000,N/A,1040,N/A,,B+,[],people,people
N/A,average,average,poor,0,22041272,0,,poor,2,POLISOC,extremely under-prepared for lectures. unaware of the political incorrectness of his statements. unhelpful inside and outside the classroom.,08/09/2013,2.0,2.0,,1,Sorta interested,1.5,1.5,1,No,1376077704000,N/A,1040,N/A,,N/A,[],people,people
N/A,poor,average,poor,0,21510115,0,,awful,1,POLISOC,"Far and away the worst professor I've had at Tufts. He is boring, uninterested in his own lectures, unhelpful, bigoted and narcissistic. Really should be fired.",04/09/2013,3.0,3.0,,1,Sorta interested,1.0,1.0,1,No,1365546475000,N/A,1040,N/A,,N/A,[],people,people
N/A,average,average,average,0,19562503,0,,average,2,SOC50,"The man is very knowledgeable and likes what he teaches. However, he wasn't the clearest at explaining some of the theory. Fortunately, the TA for the mandatory recitation was terrific at clarifying. Grading was based solely on a couple research papers and attendance/participation in recitation, and the papers weren't difficult. Fair grader overall",12/18/2011,3.0,3.0,,3,Really into it,2.5,2.5,1,Yes,1324234992000,N/A,1040,N/A,,N/A,[],people,people
N/A,average,average,average,0,18520371,0,,average,2,SOCA,"Globalization and Social Change --- it is a very abstract and complex course. The readings and ideas are all theoretical, and are more geared for an advanced student in Sociology. However, the only graded assignments, 3 essays, are very manageable.",05/03/2011,3.0,3.0,,3,Sorta interested,2.5,2.5,1,Yes,1304462935000,N/A,1040,N/A,,N/A,[],people,people
N/A,average,average,average,0,18235777,0,,poor,2,SOC50,"I was initially very interested in his globalization class, but Prof. Joseph's lectures were SO chaotic and boring. I hardly learned anything from them, the recitations were more helpful for sure. Nonetheless, I sticked with this class because it fulfills an IR requirement and the teacher is a relatively easy grader.",02/15/2011,2.0,2.0,,2,Really into it,2.0,2.0,1,Yes,1297768778000,N/A,1040,N/A,,N/A,[],people,people
N/A,average,average,average,0,16606858,0,,good,3,PJS1,"Prof. Joseph is a pretty decent professor. He is very interested in the material, but sometimes lets his lectures wander. The readings are very interesting though and if you are interested in the material you will nonetheless love the class. Prof is also very accessible and I recommend visiting his office  simply to have interesting conversations.",12/19/2009,2.0,2.0,,4,It's my life,3.5,3.5,1,Yes,1261265558000,N/A,1040,N/A,,N/A,[],people,people
N/A,average,good,average,1,15255485,0,,good,3,PJS01,"nice guy, definitely has TONS of interest in what he teaches, but he makes it kind of easy to space out in class,",12/21/2008,4.0,4.0,,4,Meh,3.5,3.5,1,Yes,1229824707000,N/A,1040,N/A,,N/A,[],people,person
N/A,average,average,average,0,13941798,0,,poor,2,SOC120,Painfully boring.  Would not recommend taking a course with him.,01/03/2008,2.0,2.0,,2,Really into it,2.0,2.0,1,No,1199394414000,N/A,1040,N/A,,N/A,[],people,people
N/A,good,average,good,0,12729409,0,,awesome,5,PJS01,"Prof. Joseph was definitely a great professor who has a lot of enthusiasm for this course. There were a lot of readings that you had to be familiar with in order to write the papers well. He was very friendly and brought in donuts occasionally. There is also a community service project involved in the course. Overall, definitely take his class",08/23/2007,2.0,2.0,,5,It's my life,5.0,5.0,1,Yes,1187875750000,N/A,1040,N/A,,N/A,[],people,people
N/A,good,average,good,1,13385373,0,,good,4,SOC120,very knowledgeable professor. really interesting material - although lectures got a little boring once in a while. 2 take home finals which were 2 6 page essay (you had a choice of which topics to do). You need to include the readings in your final to get a good grade - but its not that hard. i loved the class. no txtbk - med amts of other reading.,08/06/2007,2.0,2.0,,4,Really into it,4.0,4.0,1,No,1186437332000,N/A,1040,N/A,,N/A,[],people,person
N/A,average,average,average,0,11401597,0,,poor,2,PEACEJUSTICE,Lectures got boring but nice guy.,01/22/2006,3.0,3.0,,2,Low,2.0,2.0,1,N/A,1137938904000,N/A,1040,N/A,,N/A,[],people,people
N/A,good,average,good,0,1991376,0,,awesome,5,PJS01,He is a really great professor.  The class is excellent and you will learn a lot.,04/19/2004,2.0,2.0,,5,N/A,5.0,5.0,1,N/A,1082414278000,N/A,1040,N/A,,N/A,[],people,people
N/A,good,average,good,0,1942922,0,,awesome,4,PJS1,"Great prof!  Very friendly and interesting, especially if you approach him after class.  Put a little effort into your assignments, and you'll do fine.",04/12/2004,2.0,2.0,,5,N/A,4.5,4.5,1,N/A,1081796273000,N/A,1040,N/A,,N/A,[],people,people
N/A,good,good,good,0,1518176,0,,good,5,SOC1,"He's really helpful if you make the effort and express interest in what he's interested in, otherwise he can come off as cold. He like sociologyu of war, so talk to him about that and he'll be more than down to help you out. I do think he favors girls...",12/16/2003,4.0,4.0,,3,N/A,4.0,4.0,1,N/A,1071592253000,N/A,1040,N/A,,N/A,[],people,people
N/A,average,average,average,0,1286806,0,,poor,3,SOC1,soo boring! doesnt make any effort at all w/ his students.. definitely has his favorites =(,11/08/2003,2.0,2.0,,1,N/A,2.0,2.0,1,N/A,1068329305000,N/A,1040,N/A,,N/A,[],people,people
N/A,good,average,good,0,868696,0,,awesome,4,PS101,No Comments,04/22/2003,3.0,3.0,,5,N/A,4.5,4.5,1,N/A,1051039195000,N/A,1040,N/A,,N/A,[],people,people
N/A,average,average,average,0,866078,0,,poor,3,PJS001,"boring guy, not very helpful, didnt care about his students, obviously had favorites...many people like him..i however am not one of them",04/22/2003,2.0,2.0,,1,N/A,2.0,2.0,1,N/A,1051017581000,N/A,1040,N/A,,N/A,[],people,people
N/A,average,average,average,0,682228,0,,average,3,SOC101,He's somewhat boring,03/06/2003,3.0,3.0,,3,N/A,3.0,3.0,1,N/A,1046979490000,N/A,1040,N/A,,N/A,[],people,people
N/A,good,average,good,0,534868,0,,awesome,4,PJS001,He's Awesome!!!,02/02/2003,3.0,3.0,,5,N/A,4.5,4.5,1,N/A,1044205709000,N/A,1040,N/A,,N/A,[],people,people
