attendance,clarityColor,easyColor,helpColor,helpCount,id,notHelpCount,onlineClass,quality,rClarity,rClass,rComments,rDate,rEasy,rEasyString,rErrorMsg,rHelpful,rInterest,rOverall,rOverallString,rStatus,rTextBookUse,rTimestamp,rWouldTakeAgain,sId,takenForCredit,teacher,teacherGrade,teacherRatingTags,unUsefulGrouping,usefulGrouping
N/A,good,average,good,0,22297974,0,,awesome,4,IT3132121,"She is a wonderful professor. She goes as slowly as necessary for complete understanding. I've spent a semester in Italy, and her teaching style is typical of a university professor in Italy. She works with students individually on final projects . Tests are not that bad, but you NEED to go to class.",11/12/2013,3.0,3.0,,5,Really into it,4.5,4.5,1,Yes,1384251997000,N/A,1040,N/A,,N/A,[],people,people
N/A,good,average,good,0,19429258,0,,awesome,4,IT31,"She's very nice and wants the students to understand the material: she'll go as slowly as necessary. There is no syllabus which makes planning ahead difficult (she announces exams a week before). However, I loved this class and learned a lot. Reading medieval italian was challenging but she goes through it almost word by word.",12/08/2011,3.0,3.0,,5,Really into it,4.5,4.5,1,No,1323365860000,N/A,1040,N/A,,N/A,[],people,people
N/A,average,good,average,0,13609803,0,,average,2,ITAL31,"while the class (early it lit) is interesting one, it is very difficult due to the old italian style. she is a good teacher, going over information repeatedly, but she expects too much from her students. my biggest problem with her, and the class, was the complete lack of a syllabus. BIG problem if you have no idea what she said or missed a class!",11/07/2007,5.0,5.0,,4,Low,3.0,3.0,1,No,1194396575000,N/A,1040,N/A,,N/A,[],people,people
N/A,average,good,average,0,864488,0,,good,3,ITAL21,"Approachable and fun, but runs a tough Italian class.",04/22/2003,4.0,4.0,,4,N/A,3.5,3.5,1,N/A,1051000775000,N/A,1040,N/A,,N/A,[],people,people
N/A,average,good,average,0,536489,0,,average,3,ITAL,nice lady but very strict,02/03/2003,4.0,4.0,,3,N/A,3.0,3.0,1,N/A,1044273576000,N/A,1040,N/A,,N/A,[],people,people
