attendance,clarityColor,easyColor,helpColor,helpCount,id,notHelpCount,onlineClass,quality,rClarity,rClass,rComments,rDate,rEasy,rEasyString,rErrorMsg,rHelpful,rInterest,rOverall,rOverallString,rStatus,rTextBookUse,rTimestamp,rWouldTakeAgain,sId,takenForCredit,teacher,teacherGrade,teacherRatingTags,unUsefulGrouping,usefulGrouping
N/A,good,average,good,0,16761874,0,,awesome,5,BIO007,a truly interesting class that proved to be way more fun than I anticipated. Ambrogio is an engaging lecturer who cares about the topic as much as she cares about the students' understanding of it.  Tests are easy as long as you regularly attend lectures. Great class!,01/27/2010,2.0,2.0,,5,Sorta interested,5.0,5.0,1,No,1264593191000,N/A,1040,N/A,,N/A,[],people,people
N/A,good,poor,good,0,16739667,0,,awesome,5,BIO7,Fun class. No readings or homework ever. Just show up to class and study a little and you'll do well on the midterms. She's very engaged and enthusiastic about the subject.,01/20/2010,1.0,1.0,,5,Really into it,5.0,5.0,1,No,1263996804000,N/A,1040,N/A,,N/A,[],people,people
N/A,good,average,good,0,16627222,0,,awesome,5,BIO7,Easy science credit! Very informative lectures.  No homework!,12/22/2009,2.0,2.0,,5,Low,5.0,5.0,1,Yes,1261520501000,N/A,1040,N/A,,N/A,[],people,people
N/A,good,average,good,0,16289771,0,,awesome,5,BIO0007,"A fun class, the lecture never gets boring!",10/29/2009,2.0,2.0,,4,Really into it,4.5,4.5,1,No,1256845418000,N/A,1040,N/A,,N/A,[],people,people
