attendance,clarityColor,easyColor,helpColor,helpCount,id,notHelpCount,onlineClass,quality,rClarity,rClass,rComments,rDate,rEasy,rEasyString,rErrorMsg,rHelpful,rInterest,rOverall,rOverallString,rStatus,rTextBookUse,rTimestamp,rWouldTakeAgain,sId,takenForCredit,teacher,teacherGrade,teacherRatingTags,unUsefulGrouping,usefulGrouping
Mandatory,good,good,good,0,32181061,0,,awesome,5,INTRO1,"Sol Gittleman is the one professor at Tufts whom I found to be truly inspirational when I took an accelerated german class from him about 45 years ago. It was a privilege and a joy to be a student of his. As a consequence of my taking his class, I spent my Junior year at Tufts in Tubingen. It was an experience that I will never forget.",08/18/2019,4.0,4.0,,5,N/A,5.0,5.0,1,Yes,1566161830000,Yes,1040,Yes,,A,"['Respected', 'Inspirational', 'Hilarious']",people,people
N/A,good,poor,good,0,21555072,1,,awesome,5,JS65,A very funny and passionate professor. Intro to Yiddish Culture is an easy but very interesting and useful class to take!,04/17/2013,1.0,1.0,,5,Really into it,5.0,5.0,1,Yes,1366232121000,N/A,1040,N/A,,N/A,[],person,people
N/A,good,good,good,0,21388022,0,,awesome,5,JS65,GREAT teacher,03/05/2013,4.0,4.0,,5,Sorta interested,5.0,5.0,1,No,1362526082000,N/A,1040,N/A,,N/A,[],people,people
N/A,good,average,good,0,20990329,0,,awesome,5,YIDDICULT,Best prof at tufts hands down,12/08/2012,2.0,2.0,,5,It's my life,5.0,5.0,1,Yes,1354969042000,N/A,1040,N/A,,N/A,[],people,people
N/A,good,poor,good,0,17536819,0,,awesome,5,INTRO1,"A must take at Tufts, great lecturer. Very fair. loves baseball",08/22/2010,1.0,1.0,,5,Meh,5.0,5.0,1,No,1282493803000,N/A,1040,N/A,,N/A,[],people,people
N/A,good,average,good,0,17126037,0,,good,4,JS65,"Certainly an entertaining and enthusiastic professor.  Unfortunately, it's difficult to take much of the class seriously as little serious work is involved.  Tests are fairly easy but don't provide much of an intellectual challenge.",05/05/2010,3.0,3.0,,4,Sorta interested,4.0,4.0,1,Yes,1273058297000,N/A,1040,N/A,,N/A,[],people,people
N/A,good,average,good,0,16584551,0,,awesome,5,JUDAICULT,"He's probably the best professor Tufts has got, along with probably the funniest class. He's a great guy in and out of the class room and makes you enjoy whatever topic's at hand. Take his class before you graduate",12/17/2009,2.0,2.0,,5,Low,5.0,5.0,1,Yes,1261058881000,N/A,1040,N/A,,N/A,[],people,people
N/A,good,poor,good,1,11841154,1,,awesome,5,JS65,"Class was hilarious.  Didn't really make a difference if you went to class or not, the 2 tests were take home and really easy.  Great guy who really makes an effort to get to know his students, even if it is a big class.",05/07/2006,1.0,1.0,,5,Really into it,5.0,5.0,1,N/A,1147038901000,N/A,1040,N/A,,N/A,[],person,person
N/A,good,average,good,0,10485245,0,,awesome,5,YIDLITGEREX,No Comments,09/11/2005,3.0,3.0,,5,It's my life,5.0,5.0,1,N/A,1126440387000,N/A,1040,N/A,,N/A,[],people,people
N/A,good,poor,good,0,10111183,0,,awesome,5,JS65,Such a great prof!  His lectures were always entertaining and always interesting.  Intro to Yiddish Culture is an easy A with very little work involved. Great literature and lectures.,08/10/2005,1.0,1.0,,4,Sorta interested,4.5,4.5,1,N/A,1123704296000,N/A,1040,N/A,,N/A,[],people,people
N/A,poor,good,poor,0,1064260,0,,awful,1,JS65,"Talk about over-rated, from the get-go.  He should confine his duties to administration.  Gets lost in his own thoughts and ruminations, doesnt get near to completing syllabus, testing is peculiar and one of the more self-important profs on the Hill.",07/25/2003,4.0,4.0,,1,N/A,1.0,1.0,1,N/A,1059156215000,N/A,1040,N/A,,N/A,[],people,people
N/A,good,poor,good,0,973220,0,,good,4,JS65,"He is very charismatic and full of energy. However, I felt that his lectures were not that clear and were quite repetitive.",05/20/2003,1.0,1.0,,4,N/A,4.0,4.0,1,N/A,1053432182000,N/A,1040,N/A,,N/A,[],people,people
N/A,good,poor,good,0,921888,0,,awesome,5,JS65,"Best teacher i've ever had at anything - amazing class, simply amazing",05/04/2003,1.0,1.0,,5,N/A,5.0,5.0,1,N/A,1052016278000,N/A,1040,N/A,,N/A,[],people,people
N/A,good,average,good,0,871646,0,,awesome,5,JS65,No Comments,04/23/2003,2.0,2.0,,4,N/A,4.5,4.5,1,N/A,1051090794000,N/A,1040,N/A,,N/A,[],people,people
N/A,good,poor,good,0,868594,0,,awesome,5,JS65,The most fun teacher I've had so far.  Lectures are actually enjoyable to listen to.,04/22/2003,1.0,1.0,,5,N/A,5.0,5.0,1,N/A,1051038262000,N/A,1040,N/A,,N/A,[],people,people
N/A,good,average,good,0,864509,0,,good,4,JS65,"Funnest professor EVER. Deeply cares about the material, and presents it in an accessible way. Very laid back, very approachable, very cool.",04/22/2003,2.0,2.0,,4,N/A,4.0,4.0,1,N/A,1051001249000,N/A,1040,N/A,,N/A,[],people,people
N/A,good,average,good,0,796753,0,,awesome,5,JS65,he's great- take a class with him before you graduate!,04/07/2003,3.0,3.0,,5,N/A,5.0,5.0,1,N/A,1049676696000,N/A,1040,N/A,,N/A,[],people,people
N/A,good,average,good,0,669931,0,,awesome,5,JUD,No Comments,03/04/2003,2.0,2.0,,5,N/A,5.0,5.0,1,N/A,1046796348000,N/A,1040,N/A,,N/A,[],people,people
N/A,good,poor,good,0,548542,0,,awesome,5,JS065,So good.  So good.,02/07/2003,1.0,1.0,,4,N/A,4.5,4.5,1,N/A,1044615516000,N/A,1040,N/A,,N/A,[],people,people
N/A,good,average,good,0,544638,0,,awesome,5,JS65,No Comments,02/05/2003,2.0,2.0,,5,N/A,5.0,5.0,1,N/A,1044488493000,N/A,1040,N/A,,N/A,[],people,people
N/A,average,poor,average,0,126788,0,,average,2,JS65,No Comments,03/01/2002,1.0,1.0,,3,N/A,2.5,2.5,1,N/A,1015000272000,N/A,1040,N/A,,N/A,[],people,people
