attendance,clarityColor,easyColor,helpColor,helpCount,id,notHelpCount,onlineClass,quality,rClarity,rClass,rComments,rDate,rEasy,rEasyString,rErrorMsg,rHelpful,rInterest,rOverall,rOverallString,rStatus,rTextBookUse,rTimestamp,rWouldTakeAgain,sId,takenForCredit,teacher,teacherGrade,teacherRatingTags,unUsefulGrouping,usefulGrouping
Mandatory,good,average,good,0,24858042,0,,awesome,5,NS201202,"Andres has a different way of teaching. Do not expect to be spoon-fed the exam material. His lectures are simply a hazy image of what the test will be like. Your job is to understand everything he discusses and fill in the blanks by reading the text-book on your own. With that said, he is an incredible professor--passionate and brilliant.",05/18/2015,3.0,3.0,,4,Really into it,4.5,4.5,1,Yes,1431948880000,N/A,1040,Yes,,A,"['Tough grader', ""Skip class? You won't pass."", 'Hilarious']",people,people
N/A,poor,good,poor,1,23772724,2,,awful,1,NS201,"BU CGS Natural Science professor. Possibly worst professor I have ever had. He doesn't explain anything, he is condescending and confusing. Doesn't answer questions well and gives assignments that don't make sense and he doesn't even check them. DO NOT TAKE HIM. ",11/09/2014,5.0,5.0,,1,Meh,1.0,1.0,1,Yes,1415535264000,N/A,1040,Yes,,N/A,['Tough grader'],people,person
N/A,good,good,good,0,21923889,0,,awesome,5,EXPCOLLS0030,"Knows his sabermetrics, class was great.  Andres distracted sometimes, but into sabermetrics for sure and knows his stuff...",06/25/2013,4.0,4.0,,5,Really into it,5.0,5.0,1,Yes,1372197809000,N/A,1040,N/A,,N/A,[],people,people
N/A,good,average,good,1,20636651,0,,awesome,5,EXP0030,Baseball in the spring at Tufts -- Andres has put together a great class.  Bill James came to talk with us!,09/10/2012,3.0,3.0,,5,It's my life,5.0,5.0,1,Yes,1347309084000,N/A,1040,N/A,,N/A,[],people,person
N/A,good,average,good,1,18661618,0,,awesome,5,EXP0030,Great class -- baseball for credit!!  Andres is great and knows his stuff too.,05/25/2011,2.0,2.0,,5,It's my life,5.0,5.0,1,Yes,1306317987000,N/A,1040,N/A,,N/A,[],people,person
N/A,good,good,good,1,13218080,0,,awesome,5,EX124S,"Awesome class, baseball analysis for credit!  Andres was great, knows his stuff...",05/28/2007,4.0,4.0,,5,It's my life,5.0,5.0,1,Yes,1180315144000,N/A,1040,N/A,,N/A,[],people,person
N/A,good,average,good,1,3169206,0,,awesome,5,EX13,"Teaches Sabermetrics: Baseball Statistical Analysis for Ex-College.  Andy and the assistant teachers are really cool, and know tons about baseball and stats.  Take this course if you're any good at math and like to talk about baseball.",01/06/2005,2.0,2.0,,4,It's my life,4.5,4.5,1,N/A,1105020125000,N/A,1040,N/A,,N/A,[],people,person
