attendance,clarityColor,easyColor,helpColor,helpCount,id,notHelpCount,onlineClass,quality,rClarity,rClass,rComments,rDate,rEasy,rEasyString,rErrorMsg,rHelpful,rInterest,rOverall,rOverallString,rStatus,rTextBookUse,rTimestamp,rWouldTakeAgain,sId,takenForCredit,teacher,teacherGrade,teacherRatingTags,unUsefulGrouping,usefulGrouping
Mandatory,good,average,good,1,29833693,0,,awesome,5,MATH2201,"I love Professor Feigenbaum! She was such a fantastic professor- so passionate about what she teaches and wishes for all her students to share that passion. She makes sure everyone understands the material, and is available to help students any time they need. Grade decided by 3 exams and 3 special homework assignments, no final exam.",04/18/2018,2.0,2.0,,5,N/A,5.0,5.0,1,Yes,1524066232000,Yes,1040,Yes,,A-,"['Graded by few things', 'Accessible outside class', 'Respected']",people,person
N/A,good,good,good,0,19718335,0,,awesome,4,MATH4,"Proff. Feigenbaum is great! Math is NOT my strongpoint, in fact it's the subject I've always been most insecure about. Feigenbaum is the best math teacher I've ever had, BY FAR, and I came away from the class deffinately feeling stronger in the subject. She makes herself SO available to her students, and is really invested in you doing well.",01/12/2012,4.0,4.0,,5,Meh,4.5,4.5,1,Yes,1326387941000,N/A,1040,N/A,,N/A,[],people,people
N/A,good,average,good,1,19167304,0,,awesome,5,MATH4,"She is the sweetest professor at Tufts! Her lectures are very clear, and if you can't make it to office hours, she'll make an appointment for you! I loved her class even though I hate math.",11/05/2011,3.0,3.0,,5,Sorta interested,5.0,5.0,1,Yes,1320492695000,N/A,1040,N/A,,N/A,[],people,person
N/A,good,average,good,0,19103582,0,,awesome,5,MATH4,She's such a sweetheart! Honestly she's like your favorite grandma who gives you advice on life and shares her wisdom with you. She's just absolutely lovely!,10/24/2011,3.0,3.0,,4,Low,4.5,4.5,1,Yes,1319498096000,N/A,1040,N/A,,N/A,[],people,people
N/A,good,good,good,0,18869118,0,,awesome,5,MATH112,"She is so sweet and super helpful, but this particular class (history of math), she covered so much material and covered almost all of it on exams. It was almost complete memorization of proofs and LOTS of geometry. She's a great professor, but this class was one of the hardest I've taken at Tufts.",07/31/2011,5.0,5.0,,4,Sorta interested,4.5,4.5,1,Yes,1312145802000,N/A,1040,N/A,,N/A,[],people,people
N/A,good,poor,good,0,18656756,0,,awesome,5,MATH4,"Prof. F. is wonderfully hilarious, really patient, and always willing to help. She's one of the rare gems in the Math department. Even if you never have a class with her, sit and speak with her. her life has been incredible, she's done everything, and has insight without being pushy or judgy. and she's small and elderly and just plain awesome.",05/24/2011,1.0,1.0,,5,It's my life,5.0,5.0,1,Yes,1306239401000,N/A,1040,N/A,,N/A,[],people,people
N/A,good,average,good,0,16664842,0,,good,4,MATH4,"Lenore is an amazing professor! I am terrible at mathematics, but she helped me understand and appreciate mathematics!! She is kindhearted and extremely accessible. Prof. Feigenbaum is the type of amazing professor you always hear about.",01/01/2010,3.0,3.0,,4,Meh,4.0,4.0,1,Yes,1262380321000,N/A,1040,N/A,,N/A,[],people,people
N/A,good,average,good,0,14103755,0,,awesome,5,MATH0004,"The best of Tufts, no doubt, hands down.",02/19/2008,3.0,3.0,,5,Meh,5.0,5.0,1,No,1203382591000,N/A,1040,N/A,,N/A,[],people,people
N/A,good,average,good,0,13462980,0,,awesome,5,MATHFOUR,"The nicest woman, always willing to help",09/07/2007,2.0,2.0,,5,Meh,5.0,5.0,1,Yes,1189125305000,N/A,1040,N/A,,N/A,[],people,people
N/A,good,average,good,0,888947,0,,awesome,5,MATH10MA,the nicest teacher ive ever had! she's always available outside of class and works very hard to help students understand. math10 is a great way to fulfill a requirement,04/26/2003,2.0,2.0,,5,N/A,5.0,5.0,1,N/A,1051353049000,N/A,1040,N/A,,N/A,[],people,people
N/A,good,poor,good,0,879924,0,,awesome,5,MATH10,A great class and the absolute nicest lady ever- so helpful and a great teacher.,04/24/2003,1.0,1.0,,5,N/A,5.0,5.0,1,N/A,1051200235000,N/A,1040,N/A,,N/A,[],people,people
N/A,good,poor,good,0,551824,0,,awesome,5,MATH10,ridiculously nice and easy,02/09/2003,1.0,1.0,,5,N/A,5.0,5.0,1,N/A,1044753061000,N/A,1040,N/A,,N/A,[],people,people
