attendance,clarityColor,easyColor,helpColor,helpCount,id,notHelpCount,onlineClass,quality,rClarity,rClass,rComments,rDate,rEasy,rEasyString,rErrorMsg,rHelpful,rInterest,rOverall,rOverallString,rStatus,rTextBookUse,rTimestamp,rWouldTakeAgain,sId,takenForCredit,teacher,teacherGrade,teacherRatingTags,unUsefulGrouping,usefulGrouping
Mandatory,poor,good,poor,1,31840000,0,,awful,1,EM52,The lectures were so uninspiring. It would all probably be about something you already know. Just boring.,05/10/2019,4.0,4.0,,1,N/A,1.0,1.0,1,Yes,1557522381000,No,1040,Yes,,N/A,['Participation matters'],people,person
Mandatory,poor,average,poor,3,31761952,0,,awful,1,EM52,"The least inspiring class that I have ever taken at Tufts. She acts like a professional person, but her feedback is always late and not helpful. I would never recommend this class to someone who doesn't have this course as their requirement. Absolutely boring.",05/03/2019,3.0,3.0,,1,N/A,1.0,1.0,1,Yes,1556911198000,No,1040,Yes,,N/A,"['Participation matters', 'Lots of homework', 'Get ready to read']",people,people
Mandatory,good,average,good,1,27557063,1,,good,4,EM52,"This class may seem unnecessary, but Hirschfeld does a good job of explaining why you need to care about technical writing. The grammar homeworks are more challenging than you would expect so don't take those lightly. Also, she is much more approachable than she seems - just go to office hours!",12/18/2016,3.0,3.0,,4,N/A,4.0,4.0,1,Yes,1482084490000,Yes,1040,Yes,,N/A,"['Gives good feedback', 'Participation matters', 'Tough grader']",person,person
Mandatory,good,average,good,0,25767347,0,,awesome,4,EM52,"Took this class, and found it to be incredibly useful, and learned a lot! The only thing is that she isn't very good about returning homework... Definitely would recommend the class, though!",12/18/2015,3.0,3.0,,5,Sorta interested,4.5,4.5,1,Yes,1450477170000,N/A,1040,Yes,,N/A,"['Lots of homework', 'Participation matters', 'Caring']",people,people
Mandatory,good,good,good,0,25088046,1,,awesome,5,EM52,"I found EM52 to be one of the most useful classes I've ever taken! The lectures can sometimes be dry, but the material is so helpful beyond just getting a decent grade. People always complain about the grammar homework, but if you go to her office hours she's a huge help!",08/03/2015,4.0,4.0,,5,It's my life,5.0,5.0,1,Yes,1438612741000,N/A,1040,Yes,,A-,"['Lots of homework', 'Lecture heavy', 'Participation matters']",person,people
N/A,good,average,good,0,10650111,1,,awesome,5,ES51,"This class is so boring, and very structured. Hirschfeld gives a lot of work all the time and is a very strict grader.  Tech Writing is good to know, but this class is a huge pain",10/27/2005,3.0,3.0,,4,Low,4.5,4.5,1,N/A,1130413435000,N/A,1040,N/A,,N/A,[],person,people
