attendance,clarityColor,easyColor,helpColor,helpCount,id,notHelpCount,onlineClass,quality,rClarity,rClass,rComments,rDate,rEasy,rEasyString,rErrorMsg,rHelpful,rInterest,rOverall,rOverallString,rStatus,rTextBookUse,rTimestamp,rWouldTakeAgain,sId,takenForCredit,teacher,teacherGrade,teacherRatingTags,unUsefulGrouping,usefulGrouping
Mandatory,average,good,average,0,26214116,0,,average,3,HIST3401,DO NOT TAKE HIM i swear he is the hardest professor ever if hist is your major than hes good but for a  core do not take him,03/31/2016,5.0,5.0,,3,N/A,3.0,3.0,1,Yes,1459465969000,N/A,1040,Yes,,WD,[],people,people
N/A,average,good,poor,0,17922077,0,,poor,2,HIST24,"I was really excited to take this class, but it has been the worse class I have ever taken at Tufts. The professor is unhelpful during office hours and doesn't seem too concerned about students' understanding. The papers are vague and leave you with no idea what he wants. In addition, he is a very strict grader. I would NOT recommend this class.",12/12/2010,5.0,5.0,,1,Really into it,1.5,1.5,1,Yes,1292178249000,N/A,1040,N/A,,N/A,[],people,people
N/A,good,good,good,0,17626591,0,,awesome,4,HIST24,"he's really helpful in office hours, really approachable. grades are fair. you have to show up to class and do the reading. it's alot. hard class but you get alot out of it.",10/01/2010,4.0,4.0,,5,Really into it,4.5,4.5,1,Yes,1285962856000,N/A,1040,N/A,,N/A,[],people,people
N/A,average,average,poor,0,17606252,0,,poor,2,HIST023,"I took Colonial North America with Professor Carp. I definitely will not be taking another class with him again. He's a fair grader, but his lectures were the most boring I have ever sat through at Tufts. I hated going to class because it was impossible to pay attention, and I'm a pretty focused person. He is not animated and is dry.",09/21/2010,3.0,3.0,,1,Really into it,1.5,1.5,1,Yes,1285108225000,N/A,1040,N/A,,N/A,[],people,people
N/A,average,good,average,0,17259199,0,,poor,2,HIST120,Carp obviously knows what he's teaching but he lectured CRAZY fast in class and refused to give us any kind of outline to help keep track of what he was talking about. Very hard grader- he has high expectations. Thought he was a good enough teacher but probably wouldn't take a class with him again.,05/24/2010,4.0,4.0,,2,Sorta interested,2.0,2.0,1,No,1274700407000,N/A,1040,N/A,,N/A,[],people,people
N/A,good,good,good,0,17203148,0,,awesome,4,HIST120,,05/14/2010,5.0,5.0,,5,Really into it,4.5,4.5,1,Yes,1273851504000,N/A,1040,N/A,,N/A,[],people,people
N/A,good,good,good,0,12986590,1,,awesome,5,HIST82,"I took his Rev. America class, and you had to show up to that. He is a very strict grader, and there is a lot of reading.",04/09/2007,4.0,4.0,,4,Really into it,4.5,4.5,1,Yes,1176114988000,N/A,1040,N/A,,N/A,[],person,people
