attendance,clarityColor,easyColor,helpColor,helpCount,id,notHelpCount,onlineClass,quality,rClarity,rClass,rComments,rDate,rEasy,rEasyString,rErrorMsg,rHelpful,rInterest,rOverall,rOverallString,rStatus,rTextBookUse,rTimestamp,rWouldTakeAgain,sId,takenForCredit,teacher,teacherGrade,teacherRatingTags,unUsefulGrouping,usefulGrouping
N/A,good,average,good,0,23463368,1,,good,4,ENG123,"I absolutely loved Frankenstein's sisters with Hofkosh. She's organized and passionate about the material. The whole concept of the class was refreshing and interesting, and she did a great job facilitating class discussions. She's also very accessible outside of class to talk about papers, classes, anything.",07/22/2014,3.0,3.0,,4,It's my life,4.0,4.0,1,Yes,1406037611000,N/A,1040,N/A,,N/A,[],person,people
N/A,average,average,average,1,20200314,0,,average,3,ENG22,"Repetitive. Not open to alternative views. Talks over students. I was very excited to learn about Brit lit but was disappointed by how bs some of her readings were and how defensive she becomes when they are questioned. Her grading is unfair in that if you throw back at her what she says in class you'll be fine, but otherwise you're screwed.",05/04/2012,3.0,3.0,,3,Really into it,3.0,3.0,1,Yes,1336165311000,N/A,1040,N/A,,N/A,[],people,person
N/A,good,average,good,0,17408458,0,,awesome,4,ENG22,"She's really nice and helpful, but I think she needs to reign in some of the conversations in the large classes because there's so much material to cover and it's hard to hear her insights since we go off on so many tangents",07/11/2010,3.0,3.0,,5,Sorta interested,4.5,4.5,1,Yes,1278836872000,N/A,1040,N/A,,N/A,[],people,people
N/A,good,good,good,1,10159887,0,,awesome,5,ENG52,"Really smart professor, knows her material very well and ties lectures together cohesively.  Her enthusiasm for the content and unintimidating demeanor enable students to feel at ease in her class.  Although she is a difficult prof, she is extremely fair.  I hope to take another class with her in the future.",08/24/2005,4.0,4.0,,5,It's my life,5.0,5.0,1,N/A,1124895921000,N/A,1040,N/A,,N/A,[],people,person
N/A,average,average,average,0,3776437,0,,average,2,ENG52,"Hofkosh is definitely encouraging of class envolvement, she's sweet, and she's enthusiastic. However, she barely references the text during class, tends to get too bs-y, and can spend way too long discussing one topic. There's a lot of material- survey course- but you can always hide if need be.",05/03/2005,2.0,2.0,,3,Really into it,2.5,2.5,1,N/A,1115155013000,N/A,1040,N/A,,N/A,[],people,people
N/A,good,average,good,0,3465718,0,,good,4,292,"Great professor, knows her stuff, cares about students.  Tends to assign WAY too much critical reading, though.  Overall a fabulous professor",03/16/2005,3.0,3.0,,4,Sorta interested,4.0,4.0,1,N/A,1111005269000,N/A,1040,N/A,,N/A,[],people,people
N/A,good,good,good,0,870996,0,,awesome,5,ENG,One of the all-time best. So helpful and sweet.,04/23/2003,4.0,4.0,,5,N/A,5.0,5.0,1,N/A,1051059209000,N/A,1040,N/A,,N/A,[],people,people
