attendance,clarityColor,easyColor,helpColor,helpCount,id,notHelpCount,onlineClass,quality,rClarity,rClass,rComments,rDate,rEasy,rEasyString,rErrorMsg,rHelpful,rInterest,rOverall,rOverallString,rStatus,rTextBookUse,rTimestamp,rWouldTakeAgain,sId,takenForCredit,teacher,teacherGrade,teacherRatingTags,unUsefulGrouping,usefulGrouping
N/A,good,average,good,0,31690075,0,,awesome,5,JPN118,"An absolutely brilliant professor, completely changed my perspective on literature. Thank you for everything!!",04/26/2019,3.0,3.0,,5,N/A,5.0,5.0,1,Yes,1556320839000,Yes,1040,Yes,,N/A,"['Get ready to read', 'Amazing lectures', 'Respected']",people,people
Mandatory,good,average,good,0,26365132,0,,awesome,4,JPN192,"Hirata is brilliant, well connected in the field, and works with other famous professors. Took him for JPN192-01 Japan and Postmodernism. He gives great paper feedback and is very clear. He makes a challenging topic lovable. Expect an intelligent, quirky, yet down-to-earth kind of guy.  He's presumptuous, like all philosophers.",04/24/2016,2.0,2.0,,5,N/A,4.5,4.5,1,Yes,1461509081000,N/A,1040,Yes,,A-,"['Inspirational', 'Gives good feedback', 'Get ready to read']",people,people
Mandatory,good,good,good,0,26018458,0,,awesome,5,JPN0115,"Fantastic professor. Took one class with him and decided to take two more! His lectures are engaging and sometimes leave you bewildered, questioning life.  In a good way!  The readings can take a lot of time, but- they are so worth it! You won't want to skip the readings- The in class discussions are one of the most informative parts of the class.",02/01/2016,4.0,4.0,,5,It's my life,5.0,5.0,1,Yes,1454366690000,N/A,1040,Yes,,A-,"['Amazing lectures', 'Get ready to read', 'Inspirational']",people,people
N/A,good,good,good,0,25127582,1,,awesome,5,JPN62,"Possibly the best professor at Tufts. I took his class first semester freshman year and learned more there than anywhere else. A lot of reading and in-class discussion of texts. You can get away with not doing the reading, but you really miss out. He gives amazing feedback on essays, and though it's easy to get a B, he's hard to impress. Worth it.",08/17/2015,4.0,4.0,,5,It's my life,5.0,5.0,1,Yes,1439824663000,N/A,1040,Yes,,A-,"['Tough grader', 'Participation matters', 'Inspirational']",person,people
N/A,good,average,good,0,20633720,0,,awesome,5,JPN061,"Thought provoking and clear, he picks interesting books to read and discuss and is both insightful and openminded. Take a literature course with prof. Hirata",09/08/2012,3.0,3.0,,5,Really into it,5.0,5.0,1,Yes,1347134514000,N/A,1040,N/A,,N/A,[],people,people
N/A,good,average,good,0,14897586,0,,awesome,4,JPN123,He changed my life.,10/24/2008,2.0,2.0,,5,It's my life,4.5,4.5,1,No,1224816414000,N/A,1040,N/A,,N/A,[],people,people
N/A,good,average,good,0,12959846,0,,good,4,JPN000,Thought provoking. Radical&#63; Kooky. Interesting. Down to earth + brilliant = great.,04/01/2007,3.0,3.0,,4,It's my life,4.0,4.0,1,No,1175467287000,N/A,1040,N/A,,N/A,[],people,people
N/A,average,average,average,0,12814837,0,,average,3,JPN110,"You're pretty much on your own for this class because he doesn't give you any grades until the end. On the one hand that's a bad thing because you can't be certain as to how well you're doing, but on the other you learn to put your heart into what you're writing. The course was definitely worth taking, though classes could be boring occasionally.",02/01/2007,3.0,3.0,,3,Sorta interested,3.0,3.0,1,Yes,1170350043000,N/A,1040,N/A,,N/A,[],people,people
N/A,good,average,good,0,883924,0,,awesome,5,JPN110,"One of the most eye opening classes I have ever taken, Hirata is funny and very easy going despite the large amount of reading",04/25/2003,3.0,3.0,,4,N/A,4.5,4.5,1,N/A,1051265307000,N/A,1040,N/A,,N/A,[],people,people
N/A,good,average,good,0,864960,0,,good,4,JPN123,No Comments,04/22/2003,2.0,2.0,,4,N/A,4.0,4.0,1,N/A,1051008082000,N/A,1040,N/A,,N/A,[],people,people
