attendance,clarityColor,easyColor,helpColor,helpCount,id,notHelpCount,onlineClass,quality,rClarity,rClass,rComments,rDate,rEasy,rEasyString,rErrorMsg,rHelpful,rInterest,rOverall,rOverallString,rStatus,rTextBookUse,rTimestamp,rWouldTakeAgain,sId,takenForCredit,teacher,teacherGrade,teacherRatingTags,unUsefulGrouping,usefulGrouping
Not Mandatory,average,average,poor,0,22946331,2,,poor,2,ES0004,"This man's best days are definitely behind him. He struggles to solve his own problems, that HE wrote, however many years ago that was. It was astonishing to watch. I get the sense that he's just waiting for Tufts to send him to pasture, since he'd lose tenure if he just quit. Either that or he's going senile. Avoid at all costs!",03/25/2014,3.0,3.0,,1,Meh,1.5,1.5,1,No,1395768518000,N/A,1040,N/A,,WD,[],people,people
N/A,average,good,average,0,11429534,0,,average,2,EE105,"Very good & smart professor, but goes too fast in class...and you can get lost if you don't pay close attention to details...he is also a hard grader, but if you go talk to him, he will try to help you out...",01/28/2006,5.0,5.0,,4,Sorta interested,3.0,3.0,1,N/A,1138470382000,N/A,1040,N/A,,N/A,[],people,people
N/A,good,average,good,0,3354104,0,,good,4,ANALOGEE,a true classic. &quot;Roarin' Denny&quot; has the unmistakeable character of what a great professor should be. One of my favorites.,02/14/2005,3.0,3.0,,4,Really into it,4.0,4.0,1,N/A,1108358968000,N/A,1040,N/A,,N/A,[],people,people
Not Mandatory,good,average,good,0,1788815,0,,awesome,5,EE1112,He's the man.,03/08/2004,3.0,3.0,,5,N/A,5.0,5.0,1,N/A,1078790299000,N/A,1040,N/A,,B,[],people,people
N/A,average,good,average,0,873593,0,,good,3,EE102,No Comments,04/23/2003,4.0,4.0,,4,N/A,3.5,3.5,1,N/A,1051111527000,N/A,1040,N/A,,N/A,[],people,people
N/A,good,average,good,0,866941,0,,awesome,5,EE105,"I loved this professor.  His presentation of the material is crystal clear, he's openly available outside of class for help.  His philosophy of teaching is very good.",04/22/2003,3.0,3.0,,5,N/A,5.0,5.0,1,N/A,1051024406000,N/A,1040,N/A,,N/A,[],people,people
N/A,good,average,good,0,865886,0,,good,4,EE106,No Comments,04/22/2003,2.0,2.0,,4,N/A,4.0,4.0,1,N/A,1051016062000,N/A,1040,N/A,,N/A,[],people,people
N/A,good,average,good,0,864419,0,,awesome,5,EE11EE12,No Comments,04/22/2003,3.0,3.0,,4,N/A,4.5,4.5,1,N/A,1050998458000,N/A,1040,N/A,,N/A,[],people,people
N/A,average,good,average,0,856510,0,,average,2,EESTUFF,"Good teacher overall, kinda quirky, but you get used to him.  Teaches you what he expects you to know, and nothing else.  His weaknesses are forgetfulness and ability to go through problems and get the right answer with ease the first time.",04/20/2003,4.0,4.0,,3,N/A,2.5,2.5,1,N/A,1050801045000,N/A,1040,N/A,,N/A,[],people,people
