attendance,clarityColor,easyColor,helpColor,helpCount,id,notHelpCount,onlineClass,quality,rClarity,rClass,rComments,rDate,rEasy,rEasyString,rErrorMsg,rHelpful,rInterest,rOverall,rOverallString,rStatus,rTextBookUse,rTimestamp,rWouldTakeAgain,sId,takenForCredit,teacher,teacherGrade,teacherRatingTags,unUsefulGrouping,usefulGrouping
Mandatory,good,average,good,0,22688827,0,,awesome,4,CHNS0021,"Some people dislike her, but i found her to be incredibly helpful, clear, and always ready to meet outside of class. far better than anyone i had in high school. if you get on her good side early on (by going to office hours/participating frequently) she will make sure you do well.",01/03/2014,2.0,2.0,,5,It's my life,4.5,4.5,1,Yes,1388713234000,N/A,1040,N/A,,N/A,[],people,people
N/A,good,average,good,0,20883442,0,,awesome,5,CHNS0002,"Good teacher, but a little on the passive aggressive side. The kind of teacher who is likely to purposely call on you when you're not paying attention.",11/25/2012,2.0,2.0,,4,Really into it,4.5,4.5,1,Yes,1353879617000,N/A,1040,N/A,,N/A,[],people,people
N/A,good,average,good,0,16931531,0,,awesome,5,CHNS0002,"Very fluent in english, has an accent but it is minor. She is a clear and good teacher, not the most interesting, but still interesting. Good for early chinese.",03/31/2010,2.0,2.0,,5,Really into it,5.0,5.0,1,Yes,1269995014000,N/A,1040,N/A,,N/A,[],people,people
N/A,good,average,good,0,15012613,0,,awesome,5,CHNS3,"By far the best Chinese teacher I've ever had, and I've had quite a few.  She's very clear, very caring, and really makes you use the language. She actually knows how to teach and explain Chinese grammar.  Class is usually fun and interesting, and I'm amazed at how much I've learned.",11/17/2008,3.0,3.0,,5,It's my life,5.0,5.0,1,Yes,1226956962000,N/A,1040,N/A,,N/A,[],people,people
