attendance,clarityColor,easyColor,helpColor,helpCount,id,notHelpCount,onlineClass,quality,rClarity,rClass,rComments,rDate,rEasy,rEasyString,rErrorMsg,rHelpful,rInterest,rOverall,rOverallString,rStatus,rTextBookUse,rTimestamp,rWouldTakeAgain,sId,takenForCredit,teacher,teacherGrade,teacherRatingTags,unUsefulGrouping,usefulGrouping
N/A,average,good,average,4,24384124,0,,average,2,BIO14,"The test average was a 66%, but there was a reverse bell curve distribution though so as long as you're good at taking confusing nonsensical tests you'll be okay. In terms of teaching I actually had to differentiate what the textbook said and what chew said. Enough said! ",02/13/2015,5.0,5.0,,3,It's my life,2.5,2.5,1,No,1423864954000,N/A,1040,Yes,,N/A,"[""Skip class? You won't pass."", 'Tough grader']",people,people
N/A,average,good,average,0,24384052,0,,average,2,BIO14,Well Francie Chew really cant teach because her lectures are so incoherent and she teaches through examples without explaing concepts. However you could still nail her tests if you practice using the problem sets constantly and remember some of the answers because at least 14 of the questions she asked were very similar to problem set questions. ,02/13/2015,5.0,5.0,,3,It's my life,2.5,2.5,1,No,1423861983000,N/A,1040,Yes,,N/A,"[""Skip class? You won't pass."", 'Tough grader']",people,people
Not Mandatory,poor,good,poor,1,24383723,1,,awful,1,BIO14,"I have nothing good to say about this woman. When her exam average is a 66%, you know she's not doing anything right with her students. Avoid at all costs. ",02/13/2015,5.0,5.0,,1,It's my life,1.0,1.0,1,Yes,1423848709000,N/A,1040,Yes,,N/A,"['Tough grader', ""Skip class? You won't pass.""]",person,person
Mandatory,average,good,average,2,24326665,0,,average,2,014,"Frankie Chew is brilliant and she knows her stuff, but her lectures are very unclear. I come into class and don't a clue whats going on, her lectures are very disjointed and incoherent. But if you seek out help she will be there for you though!",01/24/2015,5.0,5.0,,3,It's my life,2.5,2.5,1,Yes,1422061742000,N/A,1040,Yes,,Not sure yet,"['Tough grader', ""Skip class? You won't pass.""]",people,people
N/A,poor,good,poor,5,22971493,0,,poor,1,BIO14,"Professor Chew is very excited about the material, but she is disorganised and is not a clear lecturer. Multiple questions were removed from her exam, because even other professors could not understand her. Good person! Bad lecturer.",03/31/2014,4.0,4.0,,2,Really into it,1.5,1.5,1,Yes,1396299496000,N/A,1040,N/A,,N/A,[],people,people
N/A,good,good,good,0,21803575,0,,awesome,5,BIO14,"Here's the thing about Francie in Bio 14. Yes, her tests are hard but it gets curved at the end. And she's actually a good lecturer in that I clearly understood what she was saying, and she organizes the material well. It won't hurt to go to her first recitation and follow her study recommendations too.",05/21/2013,5.0,5.0,,5,Sorta interested,5.0,5.0,1,No,1369143549000,N/A,1040,N/A,,N/A,[],people,people
N/A,poor,good,poor,2,20624116,0,,poor,1,BIO14,"Literally the worst. ""The textbook will only confuse and mislead you."" she said. Her test questions: (Scenario) A: true, B: true, C: sometimes true, D: sometimes true ""Now which of the answers is the most untrue?""",09/03/2012,5.0,5.0,,2,Sorta interested,1.5,1.5,1,No,1346695117000,N/A,1040,N/A,,N/A,[],people,people
N/A,average,average,good,1,19429389,0,,good,3,BIO142,"She's the nicest professor! I love her as a person but she can be confusing during lectures. However, the tests aren't so bad (not nearly as treacherous as they were in Bio14). She is very interested in the material and has a ton of experience in the field. There are a couple group presentations that are a little challenging.",12/08/2011,3.0,3.0,,5,It's my life,4.0,4.0,1,Yes,1323366436000,N/A,1040,N/A,,N/A,[],people,person
N/A,average,good,average,2,18616794,1,,average,2,BIOG,"I really can't think of a single good thing to say about this woman. She's a decent lecturer, but she does go way out of her way to deflate students' grades and to make all of the questions on her tests more difficult to understand than the material itself. She is condescending and forces students to drop the lecture whenever she can. Avoid her.",05/17/2011,5.0,5.0,,3,Really into it,2.5,2.5,1,No,1305601900000,N/A,1040,N/A,,N/A,[],person,people
N/A,poor,good,average,1,18529105,0,,average,1,BIO1,"In contrast to many on this site, I found Prof. Chew's presentations hard to follow.",05/04/2011,4.0,4.0,,4,Really into it,2.5,2.5,1,Yes,1304545496000,N/A,1040,N/A,,N/A,[],people,person
N/A,good,good,good,0,18307486,1,,awesome,4,BIO14,"I loved her.  In a class of 300, she learned my name, and she was always there to help students.  She loves the subject she teaches, and that makes it more interesting.  Her multiple choice questions are completely evil, however.  It is downright silly how hard her tests are.",03/24/2011,4.0,4.0,,5,Really into it,4.5,4.5,1,Yes,1300968861000,N/A,1040,N/A,,N/A,[],person,people
N/A,good,good,good,0,18275951,0,,good,4,BIO14,"Goes out of her way to make the 20 question multiple choice exams impossible. I was so relieved when we moved on to the next professor in this class. She teaches pretty clearly though. Just beware the tests. They will always be harder than you expect, and it will be her fault.",03/14/2011,5.0,5.0,,4,Really into it,4.0,4.0,1,Yes,1300131745000,N/A,1040,N/A,,N/A,[],people,people
N/A,average,good,average,0,18249681,0,,average,2,BIO14,I honestly can't think of one good thing to say about her. Maybe that she's happy a lot&#63; The material doesn't seem that hard (at least not compared to Bio13) but the tests are deliberately confusing. On her last test she had to drop two questions because more that 75% of the class missed them. The class gets better but she's a nightmare.,03/04/2011,4.0,4.0,,3,Really into it,2.5,2.5,1,No,1299261782000,N/A,1040,N/A,,N/A,[],people,people
N/A,good,good,good,0,16924155,0,,good,4,BIO14,"Prof Chew is a very nice woman. That aside her test was awful. You could go to all the lectures, sit in the front row, go to all the reviews, study hard, and still get a C in the class. That's exactly what happened and not just to me but to most of the kids in class. Her tests are long and hard. Just simply understanding her material is not enough.",03/29/2010,5.0,5.0,,4,Sorta interested,4.0,4.0,1,Yes,1269870840000,N/A,1040,N/A,,N/A,[],people,people
N/A,average,good,average,0,16866063,1,,average,2,BIO14,"she teaches relatively well however her tests and her problem sets on mastering bio are ridiculous, Impossible to do well in her tests but the curve is pretty good (avg 58!) seems like they are just weeding people out.",03/11/2010,5.0,5.0,,3,Low,2.5,2.5,1,No,1268327913000,N/A,1040,N/A,,N/A,[],person,people
N/A,average,good,average,0,14166887,0,,good,3,BIO14,"Nice person, went out of her way to be helpful. However I feel like she does this to justify her absurd exam questions: &quot;Oh, you didn't understand&#63; Well it's not my fault, I tried to help as best I could!&quot; If you take bio13/14, just remember that it's not a class - learning isn't the objective. It's a rite of passage designed to weed people out.",03/14/2008,4.0,4.0,,4,Really into it,3.5,3.5,1,Yes,1205499319000,N/A,1040,N/A,,N/A,[],people,people
N/A,good,good,good,0,11685385,0,,awesome,5,BIO14,"After reading other commenets on Prof. Chew, I was expecting the worst, but I absolutely loved Francie! She was easy to pay attention to and she was available a million times during the week and her review sessions were actually helpful. The tests were fair, but graded picky(avg74). Pay attention to her lessons and don't miss any.",04/10/2006,4.0,4.0,,5,Really into it,5.0,5.0,1,N/A,1144674956000,N/A,1040,N/A,,N/A,[],people,people
N/A,poor,good,poor,1,4011662,0,,awful,1,BIO14,"Chew was one of the worst profs ever. Other than learning many useless facts about her personal life, she doesnt teach you anything. Read the book, it's much clearer, although the sections she assigns are rarely relevant. Her test was ridiculous & the curve (59avg) showed that. The rest of Bio 14 was great, so just deal w her & you'll be ok.",06/18/2005,4.0,4.0,,1,It's my life,1.0,1.0,1,N/A,1119135849000,N/A,1040,N/A,,N/A,[],people,person
N/A,poor,good,poor,1,3814667,0,,poor,1,BIO14,"How is she a professor at Tufts&#63; I honestly don't know. You just have to get through her part of BIO14, then Ellmore and Bernheim are much better. Her tests are horrible- some are multiple choice with ten choices and &quot;circle all that apply.&quot; class average: about 50. Nice curve, so you'll be ok.",05/08/2005,5.0,5.0,,2,It's my life,1.5,1.5,1,N/A,1115588746000,N/A,1040,N/A,,N/A,[],people,person
N/A,average,average,poor,2,3584842,0,,poor,2,BIO14,"Ineptitude is alternatively spelled C-h-e-w. She can't teach. The material she covers in class is relevant to the tests, but the tests do not accurately measure what students know about population genetics. Ellmore and Bernheim are much better, don't let Chew scare you off. Just be prepared.",04/08/2005,3.0,3.0,,1,Really into it,1.5,1.5,1,N/A,1112954552000,N/A,1040,N/A,,N/A,[],people,people
N/A,poor,good,poor,0,3424633,0,,awful,1,BIO14,"Horrible teacher.  The average score on her test was an F becuase she didn't teach anything, and the test wasn't on what she was trying to teach!  I would avoid this class if at all possible.",03/06/2005,5.0,5.0,,1,Really into it,1.0,1.0,1,N/A,1110123070000,N/A,1040,N/A,,N/A,[],people,people
N/A,average,good,average,0,2413779,0,,poor,2,BIO14,she was a really annoying teacher- like annoying to have to sit through the class and it made me never want to go... her exam was tough and she didnt seem to get her point across that well.,08/24/2004,4.0,4.0,,2,N/A,2.0,2.0,1,N/A,1093355679000,N/A,1040,N/A,,N/A,[],people,people
N/A,poor,good,poor,0,2357968,0,,poor,1,BIO14,she was one of the worst teachers i have had. my friends used to keep tally about how many times she would bring up herself in class. make sure you do the practice tests in the yellow book. was helpful in office hours...u have to force her to explain well,08/01/2004,5.0,5.0,,2,N/A,1.5,1.5,1,N/A,1091363517000,N/A,1040,N/A,,N/A,[],people,people
N/A,average,good,average,0,1804217,0,,poor,3,BIO14,absurdly ridiculous test.  fell asleep during her lectures.  but she's friendly and clearly passionate about science.,03/13/2004,5.0,5.0,,1,N/A,2.0,2.0,1,N/A,1079188314000,N/A,1040,N/A,,N/A,[],people,people
N/A,average,good,average,0,1752454,0,,average,2,BIO14,"Her train of thought goes off on every tangent during lecture...if you listen to her carefully, she makes no sense. and her tests are notoriously horrible, as we all found out this year spring 04",02/25/2004,5.0,5.0,,4,N/A,3.0,3.0,1,N/A,1077736403000,N/A,1040,N/A,,N/A,[],people,people
N/A,good,good,average,0,1288487,0,,good,4,BIO14,"Bio 13/14 tests in general suck and have nothing to do with knowledge (so good luck with that).  However, Chew is nice, organized, and upbeat.",11/09/2003,4.0,4.0,,3,N/A,3.5,3.5,1,N/A,1068387779000,N/A,1040,N/A,,N/A,[],people,people
N/A,poor,good,poor,0,877543,0,,awful,1,BIO14,"Most stuck up prof ever, her exams had nothing to do with the book or lectures, and she was very unwilling to help; actually told a student who had asked a question during a review session that he  should know that by now.",04/24/2003,5.0,5.0,,1,N/A,1.0,1.0,1,N/A,1051160180000,N/A,1040,N/A,,N/A,[],people,people
N/A,good,good,good,0,874728,0,,awesome,5,BIO14,Test did not need to be that hard,04/23/2003,4.0,4.0,,5,N/A,5.0,5.0,1,N/A,1051121537000,N/A,1040,N/A,,N/A,[],people,people
N/A,average,good,average,0,872492,0,,average,3,BIO14,"2 words... self absorbed... genetics isn't interesting in the first place, let alone her 20/20 vision or her Stanford degree or her superb math skills.  lectures were boring and exams make no sense/ are impossible...",04/23/2003,5.0,5.0,,3,N/A,3.0,3.0,1,N/A,1051101547000,N/A,1040,N/A,,N/A,[],people,people
N/A,good,average,good,0,870134,0,,awesome,4,BIO14,"Her tests questions don't seem relavent to course info, but she truly cares about her students' understanding of the material & does whatever she can to help them",04/22/2003,3.0,3.0,,5,N/A,4.5,4.5,1,N/A,1051051573000,N/A,1040,N/A,,N/A,[],people,people
N/A,good,good,good,0,869703,0,,awesome,5,BIO14,No Comments,04/22/2003,5.0,5.0,,5,N/A,5.0,5.0,1,N/A,1051047965000,N/A,1040,N/A,,N/A,[],people,people
N/A,good,average,good,0,865177,0,,awesome,5,BIO14,No Comments,04/22/2003,3.0,3.0,,5,N/A,5.0,5.0,1,N/A,1051010440000,N/A,1040,N/A,,N/A,[],people,people
N/A,average,good,average,0,599678,0,,average,3,BIO14,ineffcient class use.  test was irrelevent to the class i went to,02/20/2003,4.0,4.0,,3,N/A,3.0,3.0,1,N/A,1045713693000,N/A,1040,N/A,,N/A,[],people,people
N/A,good,good,good,0,549458,0,,awesome,5,BIO14,"she is so organized and a great lecturer, it makes everything so much easier",02/07/2003,4.0,4.0,,5,N/A,5.0,5.0,1,N/A,1044639221000,N/A,1040,N/A,,N/A,[],people,people
N/A,average,good,good,0,548691,0,,good,3,BIO14,She is really helpful but her lectures stray from the point a bit.,02/07/2003,4.0,4.0,,5,N/A,4.0,4.0,1,N/A,1044619442000,N/A,1040,N/A,,N/A,[],people,people
