attendance,clarityColor,easyColor,helpColor,helpCount,id,notHelpCount,onlineClass,quality,rClarity,rClass,rComments,rDate,rEasy,rEasyString,rErrorMsg,rHelpful,rInterest,rOverall,rOverallString,rStatus,rTextBookUse,rTimestamp,rWouldTakeAgain,sId,takenForCredit,teacher,teacherGrade,teacherRatingTags,unUsefulGrouping,usefulGrouping
Mandatory,good,good,good,0,28002905,0,,awesome,5,JPN002,"Koizumi Sensei was my pre-major advisor as well as my professor. She really makes the effort to get to know all of her students, and wants her students to become friends so that they can support each other as well. She has high expectations, so some people think she's scary/mean, but she made all of the difference in my first year at Tufts.",04/05/2017,4.0,4.0,,5,N/A,5.0,5.0,1,Yes,1491426070000,Yes,1040,Yes,,A,"['Participation matters', ""Skip class? You won't pass."", 'Caring']",people,people
Mandatory,good,average,good,0,27565607,0,,good,4,JPN0001,"Great caring professor. The class is really participation heavy, and if you put in the work needed to learn a new language, you'll do just fine in the class!",12/19/2016,3.0,3.0,,4,N/A,4.0,4.0,1,Yes,1482152765000,Yes,1040,Yes,,N/A,"['Participation matters', 'Caring', ""Skip class? You won't pass.""]",people,people
Mandatory,good,good,good,6,27175646,0,,awesome,5,JPN22,"The best Japanese teacher I've ever had -- highly accessible outside of class, holds students to a high standard, and demands quality work throughout the semester. Definitely improved significantly with Koizumi-sensei",11/13/2016,4.0,4.0,,5,N/A,5.0,5.0,1,Yes,1479037136000,Yes,1040,Yes,,A,"['Tough grader', 'Gives good feedback', 'Accessible outside class']",people,people
Mandatory,good,average,good,0,27167922,0,,awesome,5,JPN001,"She is the most caring teacher I have ever met. Also, the class is not hard. Definitely take any class you can with her!",11/10/2016,2.0,2.0,,5,N/A,5.0,5.0,1,Yes,1478822353000,Yes,1040,Yes,,Not sure yet,"['Caring', 'Accessible outside class', 'Participation matters']",people,people
Mandatory,good,average,good,0,25826241,0,,awesome,5,JPN001,"Koizumi Sensei may initially come across as strict, scary or even a little bit mean but  she is actually a really sweet person and an amazing teacher who cares deeply about her students. She is really helpful and goes out of her way to talk to her students inside and outside class. Her classes are fun, interesting and fast paced.",12/26/2015,3.0,3.0,,5,It's my life,5.0,5.0,1,Yes,1451119043000,Yes,1040,Yes,,A-,"[""Skip class? You won't pass."", 'Caring']",people,people
N/A,good,good,good,1,24540289,0,,awesome,5,JAP002,"I didn't like Koizumi sensei at first to be honest because I thought she was a little scarymean, but I put in more work towards the end of the semester and came to the conclusion that this is just her teaching method.  In actuality, she cares a great deal and tries very hard with all her students. If you take Japanese at Tufts, take it with her.",04/03/2015,4.0,4.0,,5,Sorta interested,5.0,5.0,1,Yes,1428052522000,N/A,1040,Yes,,N/A,"[""Skip class? You won't pass."", 'Tough grader']",people,person
Mandatory,good,average,good,1,23073803,1,,awesome,5,JPN002,Koizumi is a great teacher. She really does care about her student's progress. Take any class you can with her.,04/22/2014,2.0,2.0,,5,It's my life,5.0,5.0,1,Yes,1398129452000,N/A,1040,N/A,,B,[],person,person
N/A,good,good,good,2,21762633,0,,awesome,4,JPN122,"Koizumi-sensei was a great teacher! As long as you put in the effort you will improve your Japanese, and you will get a good grade.  I strongly recommend taking a class with Koizumi-sensei!",05/15/2013,4.0,4.0,,5,It's my life,4.5,4.5,1,Yes,1368580956000,N/A,1040,N/A,,N/A,[],people,people
N/A,good,good,good,1,18029700,0,,awesome,4,JPN001,"koizumi sensei is a wonderful teacher. she knows exactly how to motivate her students. she is harsh at times, but is really happy every time she sees her students improve. she cares a lot about building a personal relationship with students: at the end of the semester, she invited the entire class to dinner and took the bill!",12/23/2010,4.0,4.0,,5,Low,4.5,4.5,1,Yes,1293071159000,N/A,1040,N/A,,N/A,[],people,person
N/A,average,average,average,1,15158316,1,,average,3,JPN22,"Koizumi sensei doesn't lecture in Japanese as often as she should for a class at this level.  Also, she didn't seem to know how to explain grammar very well.  However, she does make the effort to get to know you (although sometimes she's fake-nice).",12/10/2008,3.0,3.0,,3,It's my life,3.0,3.0,1,Yes,1228949175000,N/A,1040,N/A,,N/A,[],person,person
N/A,average,good,average,1,15006499,0,,average,3,JPN001,"An amazing, supportive, and fun teacher if you're on her good side. If not, she will tear you a new one. Her inane attempts at humor grow tiring at times. If you are willing to put in the effort you WILL learn a lot from koizumi-sensei.",11/17/2008,4.0,4.0,,3,Really into it,3.0,3.0,1,Yes,1226882627000,N/A,1040,N/A,,N/A,[],people,person
N/A,good,average,good,0,13923606,0,,awesome,5,JAP1,"she is very nice if you are on her good side. she can say harsh things, but they motivate you to work. she really cares.",12/30/2007,2.0,2.0,,5,Really into it,5.0,5.0,1,Yes,1198983603000,N/A,1040,N/A,,N/A,[],people,people
N/A,good,good,good,0,13661070,0,,awesome,5,JAP1A,Koizumi sensei is amazing.  She's a wonderful teacher who does her best to help you as much as she can and she takes a geniune interest in you as a person.  I took Japanese on a whim and am now strongly considering it as major because of her influence.,11/15/2007,4.0,4.0,,5,Low,5.0,5.0,1,Yes,1195143337000,N/A,1040,N/A,,N/A,[],people,people
N/A,good,good,good,1,13597302,0,,awesome,5,JPN0003,Koizumi-sensei is the most helpful and caring teacher I've ever had in my life.,11/05/2007,4.0,4.0,,5,It's my life,5.0,5.0,1,Yes,1194223479000,N/A,1040,N/A,,N/A,[],people,person
N/A,good,average,good,0,12814859,0,,awesome,5,JPN1,All-around amazing class.,01/24/2007,2.0,2.0,,5,It's my life,5.0,5.0,1,Yes,1169656128000,N/A,1040,N/A,,N/A,[],people,people
N/A,good,average,good,0,12317948,0,,awesome,5,JAPAN1,"the best japanese teacher i ever had! interesting and very funny, she genuinely cares about the students and tries to get to know everyone individually :)",10/25/2006,2.0,2.0,,5,It's my life,5.0,5.0,1,Yes,1161812437000,N/A,1040,N/A,,N/A,[],people,people
N/A,good,poor,good,0,11403165,0,,awesome,5,JP12,my favorite teacher at tufts,01/22/2006,1.0,1.0,,5,It's my life,5.0,5.0,1,N/A,1137969561000,N/A,1040,N/A,,N/A,[],people,people
N/A,good,poor,good,0,2075091,0,,awesome,5,JPN12,best japanese teacher ever.,05/02/2004,1.0,1.0,,5,N/A,5.0,5.0,1,N/A,1083537708000,N/A,1040,N/A,,N/A,[],people,people
N/A,good,average,good,0,1928648,0,,awesome,5,JPN12,Koizumisensei is really great. She's funny and energetic and also very helpfull and understanding.  She makes sure everyone in class truly understands topics even if it means spending time out of class helping her students.,04/09/2004,2.0,2.0,,5,N/A,5.0,5.0,1,N/A,1081510767000,N/A,1040,N/A,,N/A,[],people,people
N/A,good,average,good,0,1376500,0,,awesome,5,JPN1,the bestest!,11/21/2003,3.0,3.0,,5,N/A,5.0,5.0,1,N/A,1069432644000,N/A,1040,N/A,,N/A,[],people,people
N/A,good,average,good,0,883914,0,,awesome,4,JPN22,A pleasure to have as a teacher.  Very concerned with her students and makes lectures interesting,04/25/2003,3.0,3.0,,5,N/A,4.5,4.5,1,N/A,1051265197000,N/A,1040,N/A,,N/A,[],people,people
N/A,good,average,good,0,882806,0,,awesome,5,JPN01,"Really fun, encourages a relaxed atmosphere, important for a language class.",04/25/2003,3.0,3.0,,5,N/A,5.0,5.0,1,N/A,1051233865000,N/A,1040,N/A,,N/A,[],people,people
N/A,good,average,good,0,868433,0,,awesome,5,JAP01,She is always energetic and enthusiastic and very playful. She is definitely one of my favorite teachers.,04/22/2003,3.0,3.0,,5,N/A,5.0,5.0,1,N/A,1051037001000,N/A,1040,N/A,,N/A,[],people,people
N/A,good,average,good,0,866258,0,,awesome,5,JAP002,No Comments,04/22/2003,3.0,3.0,,5,N/A,5.0,5.0,1,N/A,1051018942000,N/A,1040,N/A,,N/A,[],people,people
N/A,good,average,good,0,609978,0,,awesome,5,JPN13,worth trying to get in her section.  She's awesome.,02/21/2003,2.0,2.0,,5,N/A,5.0,5.0,1,N/A,1045824699000,N/A,1040,N/A,,N/A,[],people,people
N/A,good,average,good,1,549269,0,,awesome,5,JAPN01JA,"One of the best teachers ever! She's so funny, you can't not like her.",02/07/2003,2.0,2.0,,5,N/A,5.0,5.0,1,N/A,1044633835000,N/A,1040,N/A,,N/A,[],people,person
