attendance,clarityColor,easyColor,helpColor,helpCount,id,notHelpCount,onlineClass,quality,rClarity,rClass,rComments,rDate,rEasy,rEasyString,rErrorMsg,rHelpful,rInterest,rOverall,rOverallString,rStatus,rTextBookUse,rTimestamp,rWouldTakeAgain,sId,takenForCredit,teacher,teacherGrade,teacherRatingTags,unUsefulGrouping,usefulGrouping
N/A,average,poor,good,0,25358556,0,,good,3,RUSS192,Tanya is very reasonable and helpful. She is not out to get you,11/06/2015,1.0,1.0,,5,It's my life,4.0,4.0,1,No,1446814267000,N/A,1040,Yes,,A,"['Gives good feedback', 'Participation matters', 'Caring']",people,people
N/A,good,average,good,0,19709509,0,,awesome,4,RUS001,"Oh lord Tanya is literally the coolest. She is so kind, really cares about her students' understanding, and goes out of her way to make sure everyone does well in the class. Learned so much Russian. Ochen haroshiy prafessor!",01/11/2012,2.0,2.0,,5,Really into it,4.5,4.5,1,Yes,1326278821000,N/A,1040,N/A,,N/A,[],people,people
N/A,average,poor,average,0,19169828,0,,poor,2,RUSS121,"Boring, unclear, and the class is too easy and very repetitious. Avoid if possible, though it's hard because she is the only who teaches it!",11/06/2011,1.0,1.0,,2,Meh,2.0,2.0,1,No,1320541781000,N/A,1040,N/A,,N/A,[],people,people
N/A,good,poor,good,0,17266557,0,,awesome,5,RUS192,"Tanya is the most amazing professor and human being!  She explains everything thoroguhly, is extremely approachable, and really tries and succeeds at helping students.",05/25/2010,1.0,1.0,,5,It's my life,5.0,5.0,1,No,1274809653000,N/A,1040,N/A,,N/A,[],people,people
N/A,good,average,good,0,16836247,0,,awesome,5,RUS125,Tanya is the most amazing teacher in the Russian Department (which is quite the feat since that whole department is amazing) and any class with her will teach you a lot and be really fun too :),02/28/2010,2.0,2.0,,5,Really into it,5.0,5.0,1,No,1267378887000,N/A,1040,N/A,,N/A,[],people,people
N/A,good,good,good,0,10810176,0,,awesome,5,RUSSIAN122,Great. Really cool professor/ great personality. and extremely knowledgeable.,10/24/2005,4.0,4.0,,4,It's my life,4.5,4.5,1,N/A,1130181982000,N/A,1040,N/A,,N/A,[],people,people
N/A,good,poor,good,0,10630587,0,,awesome,5,RUSSIAN118,"This woman is INCREDIBLE. Fantastic teacher, extremely interesting and clear, doesn't mind at all if your grasp of the language isn't so good, she's very patient. The subject matter is fascinating - she's not demanding at all, either, with just a few simple assignments, and is very eager to help. Definitely take it, SUCH a good teacher!",10/24/2005,1.0,1.0,,5,Really into it,5.0,5.0,1,N/A,1130165267000,N/A,1040,N/A,,N/A,[],people,people
