attendance,clarityColor,easyColor,helpColor,helpCount,id,notHelpCount,onlineClass,quality,rClarity,rClass,rComments,rDate,rEasy,rEasyString,rErrorMsg,rHelpful,rInterest,rOverall,rOverallString,rStatus,rTextBookUse,rTimestamp,rWouldTakeAgain,sId,takenForCredit,teacher,teacherGrade,teacherRatingTags,unUsefulGrouping,usefulGrouping
Mandatory,good,average,good,0,32267607,0,,awesome,5,SPN003,"Best Spanish teacher hands down. She gives extra credit and is so sweet and understanding, you'll definitely do well in her class.",10/07/2019,2.0,2.0,,5,N/A,5.0,5.0,1,Yes,1570462127000,Yes,1040,Yes,,N/A,"['Inspirational', 'EXTRA CREDIT', 'Caring']",people,people
Mandatory,good,average,good,0,31693799,0,,awesome,5,SPN0003,"Akers is awesome. She's funny and isn't a very harsh grader. You have to put the work in but it is clear that she wants you to succeed. She made Spanish bearable for me, and I would definitely take another class with her.",04/27/2019,3.0,3.0,,5,N/A,5.0,5.0,1,Yes,1556389370000,Yes,1040,Yes,,N/A,"['Caring', 'Gives good feedback', 'Participation matters']",people,people
Mandatory,good,average,good,0,31240013,0,,awesome,5,SPN0002,Best professor at Tufts hands down. Cares about her students and will go out of her way to help you if you make an effort in her class. Made coming to class every day fun!,01/10/2019,2.0,2.0,,5,N/A,5.0,5.0,1,Yes,1547156269000,Yes,1040,Yes,,A-,"['Caring', 'Accessible outside class', 'Participation matters']",people,people
N/A,average,average,average,0,31158705,0,,average,3,LS111,"At first, I thought she was a great professor who does not blatantly show bias. However, as we progressed her favoritism for certain students started to show a little excessively. She sticks to the topics and I'm sure she knows what she is trying to aim for every class, but she shows way too much favoritism. It's a bit discouraging sometimes.",12/26/2018,2.0,2.0,,3,N/A,3.0,3.0,1,No,1545861104000,No,1040,Yes,,A,"['Clear grading criteria', 'Participation matters', 'Tough grader']",people,people
Mandatory,good,average,good,0,31121521,0,,awesome,5,SPN0002,Akers is the best. Simple is that. All around awesome person. Made going to class a good time,12/20/2018,2.0,2.0,,5,N/A,5.0,5.0,1,Yes,1545346661000,Yes,1040,Yes,,N/A,"['Participation matters', 'Accessible outside class', 'Gives good feedback']",people,people
