attendance,clarityColor,easyColor,helpColor,helpCount,id,notHelpCount,onlineClass,quality,rClarity,rClass,rComments,rDate,rEasy,rEasyString,rErrorMsg,rHelpful,rInterest,rOverall,rOverallString,rStatus,rTextBookUse,rTimestamp,rWouldTakeAgain,sId,takenForCredit,teacher,teacherGrade,teacherRatingTags,unUsefulGrouping,usefulGrouping
N/A,average,good,average,0,21280347,1,,good,3,CHM31,Took classes with him many years ago. Best professor I ever had. Not easy. But fair.,01/21/2013,5.0,5.0,,4,It's my life,3.5,3.5,1,Yes,1358729630000,N/A,1040,N/A,,N/A,[],person,people
N/A,average,good,average,0,18065226,0,,poor,2,CHEM11,"To all you ambitious little freshmen- do not take this class so it will look good on your transcript. It is difficult, Dewald is past his prime, and you will be better off in CHEM-01. The TAs were my salvation for this course; I was just frustrated by Dewald's mindset of living in the 50s by December. And exams at 7 AM!",12/30/2010,5.0,5.0,,2,Really into it,2.0,2.0,1,No,1293729951000,N/A,1040,N/A,,N/A,[],people,people
N/A,poor,good,poor,0,17865864,0,,poor,1,CHEM011,"While he is nice and semi-amusing in class with his views on politics, try to avoid this class if you can. He doesn't use any form of technology, uses confusing notes, and has a hard time explaining things clearly. While you can get an OK grade in the course, self-teaching the material is necessary and makes for an overall frustrating time.",12/05/2010,5.0,5.0,,2,Really into it,1.5,1.5,1,Yes,1291575578000,N/A,1040,N/A,,N/A,[],people,people
N/A,good,good,good,0,15680081,0,,awesome,4,CHEM11,"You either hate him or love him, not many people are in between. If you already have a background in chem & LOVE it this is a good class, don't take it if you are just fulfilling pre-med requirements because it is HARD! Dewald is very nice & has some crazy stories, plus you can call him at home on a sunday for help before a test!",04/20/2009,5.0,5.0,,5,Really into it,4.5,4.5,1,No,1240271397000,N/A,1040,N/A,,N/A,[],people,people
N/A,good,good,good,0,13147005,0,,awesome,4,CHEM12,"Dewald is an interesting character. His problem sets are ridiculously hard, and he designs his tests just so he can trip people up. If you work hard  the class is okay and you can get a B--and he has an &quot;A in the final, A in the class policy.&quot; But the odds of anybody getting an A on the final are very slim.",05/10/2007,5.0,5.0,,5,Really into it,4.5,4.5,1,No,1178837575000,N/A,1040,N/A,,N/A,[],people,people
N/A,average,good,average,0,12997006,0,,poor,3,CHEM2,He is aweful. He wouldn't be if he would cover more variation in types of problems and also if he would not skip steps. You must know chem before taking chem 2 if you want to understand Dewald. The man should learn to be more clear and not assume that his students understand the jumps he makes in his mind.,04/11/2007,5.0,5.0,,1,Low,2.0,2.0,1,No,1176292249000,N/A,1040,N/A,,N/A,[],people,people
N/A,average,good,average,0,12935839,0,,average,3,CHEM02,"Incredibly hard course, but he's a good, funny guy who loves talking about booze.  His notes are helpful upon close close analysis, and the old problem sets are really helpful.  As long as you work your ass off, this class is alright.",03/21/2007,5.0,5.0,,3,Really into it,3.0,3.0,1,No,1174478272000,N/A,1040,N/A,,N/A,[],people,people
N/A,poor,good,poor,0,12920312,0,,awful,1,CHEM2,"Everytime I try to do a problem set, I am amazed by how little I've learned in this class. I've been to every lecture, and Dewald does not teach the material he expects us to know. He is also extremely discouraging to those of us who do not get the material, saying that if we don't understand it we shouldn't be studying this subject.",03/13/2007,5.0,5.0,,1,Really into it,1.0,1.0,1,No,1173828570000,N/A,1040,N/A,,N/A,[],people,people
N/A,average,good,average,0,12228631,0,,average,3,CHEM11,"I could have done better if I'd worked harder, or if he had been a better teacher.  He's tough, and he doesn't explain very well.  Some people really like him.  It's a taste thing. He is funny though",09/12/2006,5.0,5.0,,3,It's my life,3.0,3.0,1,Yes,1158092012000,N/A,1040,N/A,,N/A,[],people,people
N/A,poor,good,poor,0,11387488,0,,awful,1,CHEM11,"Dewald blows. Your better off skipping class and reading the notes on blackboard. However, he is often easy to take advantage of because, frankly, he simply dosen't care. Hey, it's close enough for Tufts. Conclusion, aviod this man big time",01/19/2006,5.0,5.0,,1,Sorta interested,1.0,1.0,1,N/A,1137632994000,N/A,1040,N/A,,N/A,[],people,people
N/A,average,good,good,0,11306142,0,,good,3,CHEM11,"Don't take this class unless you know a lot about chem beforehand, b/c he didn't explain a bunch of things too well and you probably wouldn't understand unless you know what he's talking about already. I hardly went to recitations, but they always helped when I did go. KNOW the psets if you wanna do well on the tests, and you can sleep thru class",01/05/2006,4.0,4.0,,5,It's my life,4.0,4.0,1,N/A,1136436119000,N/A,1040,N/A,,N/A,[],people,people
N/A,good,good,good,0,10492793,0,,awesome,5,CHEMISTRY11,No Comments,09/12/2005,4.0,4.0,,5,It's my life,5.0,5.0,1,N/A,1126560933000,N/A,1040,N/A,,N/A,[],people,people
N/A,average,good,good,0,10113686,0,,good,3,CHEM1,He is the most helpful professor I've ever had. He's available 7 days a week (even SUNDAYS lol). Exams however were a ****. I put in atleast 15 plus hours of work a week into this course alone and still ended up with a B.,08/11/2005,4.0,4.0,,5,Meh,4.0,4.0,1,N/A,1123768122000,N/A,1040,N/A,,N/A,[],people,people
N/A,good,poor,good,0,3866271,1,,awesome,5,CHEM11AND12,"Never have I had such a great professor. He is HILARIOUS, loves helping students, gives plenty of notes/old psets/old tests to prepare for tests. Challenging class, but he makes it worth it. He also is known to help students on B+/A- borderlines, and he never gives A-, only A's. Overall, Dewald is the man and I can't wait to visit him soon.",05/16/2005,1.0,1.0,,5,It's my life,5.0,5.0,1,N/A,1116211235000,N/A,1040,N/A,,N/A,[],person,people
N/A,average,good,poor,0,3820501,0,,poor,2,CHEM1,Worst teacher i have ever had. Lectures were impossible to follow. Every test problem was intentionally made unfamiliar. If you ever ask him for help in class or during a test he'll just whine about politics and ignore your question.,05/09/2005,5.0,5.0,,1,Really into it,1.5,1.5,1,N/A,1115659329000,N/A,1040,N/A,,N/A,[],people,people
Mandatory,good,average,good,0,3554187,0,,awesome,5,CHEM1112,"Once you realize that the test problems will be exactly like past tests and p-sets, your fine.  It's a guarantee that you will fall asleep in class.  Every day.  But go to recitation if you have problems, do the old tests he gives you and make sure you understand those and you're set",04/04/2005,3.0,3.0,,4,It's my life,4.5,4.5,1,N/A,1112629152000,N/A,1040,N/A,,N/A,[],people,people
N/A,average,average,average,0,2765175,0,,average,3,CHEM11,"good class if interested in chem but the guy cant really teach.  hes good at giving notes, but make sure you have some good recitation TAs to teach you. b ready to work. labs are easy.",11/17/2004,3.0,3.0,,2,Really into it,2.5,2.5,1,N/A,1100695088000,N/A,1040,N/A,,N/A,[],people,people
N/A,average,good,average,0,2635168,0,,average,2,CHEM11,"Its a hard class, but its doable as long as you are willing to put in a lot of work outside of class.  His lectures can be confusing but they are worth it for his random rants about the government and environment.",11/02/2004,4.0,4.0,,4,Really into it,3.0,3.0,1,N/A,1099400660000,N/A,1040,N/A,,N/A,[],people,people
N/A,good,good,good,0,2159129,0,,awesome,5,CHEM1112,"SO DIFFICULT! I think it's not meant for freshman! if i were to take it again as a Junior, i'd do much better in the class. Helpful professor outside of class, more direct and less ambiguous!",05/18/2004,4.0,4.0,,5,N/A,5.0,5.0,1,N/A,1084898671000,N/A,1040,N/A,,N/A,[],people,people
N/A,average,good,average,0,960052,0,,poor,2,CHEM12,No Comments,05/14/2003,5.0,5.0,,2,N/A,2.0,2.0,1,N/A,1052936467000,N/A,1040,N/A,,N/A,[],people,people
N/A,good,good,good,0,874348,0,,awesome,4,CHEM12,"He is really devoted and helpful! It was not easy class. However,I can have strong chem background, which helps me a lot in dental school. (Of course, DAT!)",04/23/2003,4.0,4.0,,5,N/A,4.5,4.5,1,N/A,1051117973000,N/A,1040,N/A,,N/A,[],people,people
N/A,average,good,average,0,874123,0,,good,3,CHEM1112,"SO hard.  he's a great guy, but the course was ridiculous.",04/23/2003,5.0,5.0,,4,N/A,3.5,3.5,1,N/A,1051116110000,N/A,1040,N/A,,N/A,[],people,people
N/A,poor,good,average,0,871194,0,,average,1,CHEM1,No Comments,04/23/2003,5.0,5.0,,4,N/A,2.5,2.5,1,N/A,1051066060000,N/A,1040,N/A,,N/A,[],people,people
N/A,poor,good,poor,0,869982,0,,awful,1,CHEM1112,He makes me not want to wake up on Monday mornings.  I never knew one professor could be so anal.  His notable quotables are the only things that keep me going to class.,04/22/2003,5.0,5.0,,1,N/A,1.0,1.0,1,N/A,1051050308000,N/A,1040,N/A,,N/A,[],people,people
N/A,good,good,good,0,869922,0,,awesome,4,CHEM12,No Comments,04/22/2003,4.0,4.0,,5,N/A,4.5,4.5,1,N/A,1051049899000,N/A,1040,N/A,,N/A,[],people,people
N/A,average,good,average,0,869496,0,,average,2,CHEM11,"Dewald is a crazy man who loves to talk about booze and the war. Look out for war stories about drinkin in Germany. He loves to go off on tangents. Entertaining, but very hard to understand. You'll be doing a lot of work on your own. Helpful out of class.",04/22/2003,5.0,5.0,,4,N/A,3.0,3.0,1,N/A,1051046121000,N/A,1040,N/A,,N/A,[],people,people
N/A,poor,good,poor,0,867248,0,,awful,1,CHEMISTRY,Hated it.  No longer wanting to go to Dental school.   Not a weed out class   Yeah OK,04/22/2003,5.0,5.0,,1,N/A,1.0,1.0,1,N/A,1051026393000,N/A,1040,N/A,,N/A,[],people,people
N/A,average,good,average,0,864497,0,,average,3,CHEM12,"Lectures not very clear, but expects the student to do as much work as he does to learn the material. He's also so helpful in office hours, one would think he's a completely different person outside of the lecture hall.",04/22/2003,4.0,4.0,,3,N/A,3.0,3.0,1,N/A,1051001040000,N/A,1040,N/A,,N/A,[],people,people
N/A,average,good,average,0,548990,0,,average,2,CHEM1,No Comments,02/07/2003,5.0,5.0,,3,N/A,2.5,2.5,1,N/A,1044625140000,N/A,1040,N/A,,N/A,[],people,people
