attendance,clarityColor,easyColor,helpColor,helpCount,id,notHelpCount,onlineClass,quality,rClarity,rClass,rComments,rDate,rEasy,rEasyString,rErrorMsg,rHelpful,rInterest,rOverall,rOverallString,rStatus,rTextBookUse,rTimestamp,rWouldTakeAgain,sId,takenForCredit,teacher,teacherGrade,teacherRatingTags,unUsefulGrouping,usefulGrouping
Not Mandatory,good,average,good,1,31112912,0,,good,4,COMP86,Chill professor. Weekly homework assignments that often took 30 minutes to complete. No tests. One group project at the end. Good intro to Java and GUI programming,12/20/2018,2.0,2.0,,4,N/A,4.0,4.0,1,No,1545287320000,Yes,1040,Yes,,A,['Caring'],people,person
N/A,good,good,good,0,30539214,1,,awesome,5,COMP171,Prof. Jacob is amazing! His lecture material is really great.,10/03/2018,4.0,4.0,,5,N/A,5.0,5.0,1,No,1538562644000,Yes,1040,Yes,,A+,"['Respected', 'Group projects', 'Clear grading criteria']",person,people
Not Mandatory,average,average,average,0,29534289,1,,average,3,COMP86,"I didn't quite like his teaching style. I was told that his class was very easy but when I took the class, I was bored out of my mind and could not follow along in class. He spends the entire class going over examples of things that we will have to do for our assignments. This may help some but for me this was an issue because I didn't know Java.",02/04/2018,3.0,3.0,,3,N/A,3.0,3.0,1,No,1517707049000,Yes,1040,Yes,,C,['Graded by few things'],person,people
Not Mandatory,average,poor,average,1,28119314,0,,average,3,COMP171,This class was incredibly easy- most people didn't show up to many of the lecture. He's a super nice guy but a lot of the lectures were on outdated material and he didn't engage the class well at all.,04/25/2017,1.0,1.0,,3,N/A,3.0,3.0,1,No,1493121932000,No,1040,Yes,,A,['Group projects'],people,person
Not Mandatory,good,average,good,1,27673503,0,,awesome,5,COMP171,"A legend in the field. His lectures might not be super shiny, but he is 1 of the top minds in the field of HCI, and listening to him is inspirational. He's accessible and gives amazing advice.",01/04/2017,2.0,2.0,,5,N/A,5.0,5.0,1,No,1483561556000,Yes,1040,Yes,,N/A,"['Caring', 'Respected', 'Inspirational']",people,person
Not Mandatory,average,average,average,0,27202275,0,,average,3,COMP86,Super boring guy. Scattered lectures. Very nice though. You'll learn how to make a GUI but it's mostly copy-pasting his example code and modifying it.,11/16/2016,2.0,2.0,,3,N/A,3.0,3.0,1,No,1479309542000,No,1040,Yes,,N/A,[],people,people
N/A,good,average,good,0,21406317,0,,awesome,5,171,I thought he was helpful,03/12/2013,2.0,2.0,,5,It's my life,5.0,5.0,1,Yes,1363123607000,N/A,1040,N/A,,N/A,[],people,people
N/A,good,poor,good,1,18617368,0,,good,4,COMP171,"He is nice, he knows his topic but he doesn't offer that difference which CS professors in Tufts like Hescott, Ramsey etc. offer which makes you interested in class no matter what, which means he is a little boring.",05/17/2011,1.0,1.0,,4,Sorta interested,4.0,4.0,1,No,1305627076000,N/A,1040,N/A,,N/A,[],people,person
N/A,average,average,average,0,16828939,0,,average,3,COMP106,"Do NOT buy the textbook for any of his classes.  When you ask him questions directly he will clarify things for you, but in class, his lectures are a little more scattered and the overall course seems to lack a clear direction.  You will definitely get better in programming but you have to work really hard on the assignments which are quite long.",02/25/2010,3.0,3.0,,3,Really into it,3.0,3.0,1,No,1267057793000,N/A,1040,N/A,,N/A,[],people,people
N/A,average,good,average,0,16244073,0,,poor,2,COMP106,"Clearly knowledgeable, but can't teach his way out of a paper bag. Assignments are trivial or impossible. Goes over material on assignments *after* assignment is due. Textbook is useless and out of date. Avoid if you don't already know Java well.",10/15/2009,4.0,4.0,,2,Really into it,2.0,2.0,1,No,1255635424000,N/A,1040,N/A,,N/A,[],people,people
N/A,good,average,good,0,10672488,0,,awesome,5,171150250,"Best professor I've ever had, will do anything for his students. You get the most from his classes if you are really into learning what he teaches, if you aren't then it is easy to slide through.",10/31/2005,3.0,3.0,,5,It's my life,5.0,5.0,1,N/A,1130799893000,N/A,1040,N/A,,N/A,[],people,people
N/A,poor,poor,average,0,3547638,0,,poor,1,COMP106175272,"You don't get much from the lectures. You learn from the assignments, though.",04/03/2005,1.0,1.0,,3,It's my life,2.0,2.0,1,N/A,1112526520000,N/A,1040,N/A,,N/A,[],people,people
N/A,good,poor,average,0,1082601,0,,good,4,CS171175,No Comments,08/09/2003,1.0,1.0,,3,N/A,3.5,3.5,1,N/A,1060446516000,N/A,1040,N/A,,N/A,[],people,people
N/A,good,average,good,0,870023,0,,good,4,CO106175,No Comments,04/22/2003,2.0,2.0,,4,N/A,4.0,4.0,1,N/A,1051050651000,N/A,1040,N/A,,N/A,[],people,people
N/A,average,poor,poor,0,868640,0,,poor,2,CMP171106,worthless lectures,04/22/2003,1.0,1.0,,1,N/A,1.5,1.5,1,N/A,1051038605000,N/A,1040,N/A,,N/A,[],people,people
N/A,average,average,average,0,866437,0,,good,3,JAVHCICG,"All 3 courses tied in to each other in a way, so if you've had one, you've got a really good idea about the others. Most notes are online, and therefore you dont need to go to class much.",04/22/2003,3.0,3.0,,4,N/A,3.5,3.5,1,N/A,1051020488000,N/A,1040,N/A,,N/A,[],people,people
