attendance,clarityColor,easyColor,helpColor,helpCount,id,notHelpCount,onlineClass,quality,rClarity,rClass,rComments,rDate,rEasy,rEasyString,rErrorMsg,rHelpful,rInterest,rOverall,rOverallString,rStatus,rTextBookUse,rTimestamp,rWouldTakeAgain,sId,takenForCredit,teacher,teacherGrade,teacherRatingTags,unUsefulGrouping,usefulGrouping
Mandatory,good,poor,good,0,27739438,0,,awesome,5,FAM27,"Awesome professor, lots of positive feedback, and if you put in any effort you will get a good grade.",01/16/2017,1.0,1.0,,5,N/A,5.0,5.0,1,No,1484602650000,Yes,1040,Yes,,A,"['Gives good feedback', 'Respected', 'Accessible outside class']",people,people
N/A,good,average,good,0,20725309,1,,awesome,5,FAM27,"Hands down the best art professor I've had in my time at Tufts, and this includes courses taken at the Medford campus and the SMFA. You will be a more knowledgable and skilled artist after taking his class.",10/22/2012,2.0,2.0,,5,Really into it,5.0,5.0,1,No,1350937257000,N/A,1040,N/A,,N/A,[],person,people
N/A,good,average,good,0,20627990,0,,awesome,5,FAM27,Amazing art teacher! He is so helpful. Patrick Carter will really take the time to work with you and help progress with your art. I highly recommend this class!,09/05/2012,3.0,3.0,,5,It's my life,5.0,5.0,1,No,1346861971000,N/A,1040,N/A,,N/A,[],people,people
N/A,good,average,good,0,15554619,0,,awesome,4,FAM0026,"Patrick is wonderful! He can always find something good in your work, but also gives very helpful and constructive criticisms. He sincerely cares for his students and just wants them to grow as artists. Three hours twice a week is a lot of time, but I have taken a lot from this course. Definitely take this class if you have an interest in art!",03/22/2009,2.0,2.0,,5,Really into it,4.5,4.5,1,No,1237724003000,N/A,1040,N/A,,N/A,[],people,people
N/A,average,average,average,0,13942090,0,,average,2,FAM26,"While he could be a bit spacey at times, Patrick was very caring and concerned for the progress of his students, regardless of their level of experience. He always acknowledged improvement in both the most experienced of artists and those students who had never taken art in their lives. Self-improvement aided by constructive criticism.",01/03/2008,2.0,2.0,,4,Really into it,3.0,3.0,1,No,1199397836000,N/A,1040,N/A,,N/A,[],people,people
N/A,good,average,good,0,12692804,0,,awesome,5,FAMDRAW,"He deserves the highest praise because he is the best teacher Tufts has!!! He is professional, talented, a good teacher, caring and really wants his students to find their medium and way of drawing. As a professor, he is  absolutely perfect and as a person a jewel! Take him if you value the teachings of a true master! Seriously!!!",12/28/2006,2.0,2.0,,5,It's my life,5.0,5.0,1,No,1167317685000,N/A,1040,N/A,,N/A,[],people,people
N/A,good,poor,good,0,11392011,0,,awesome,5,ART,"So understanding and really lets you be flexible with mediums.  He truly loves helping you and he always finds good things in your art, but at the same time he gives you constructive critisms.  He is a wonderful friend.",01/19/2006,1.0,1.0,,5,Sorta interested,5.0,5.0,1,N/A,1137701074000,N/A,1040,N/A,,N/A,[],people,people
N/A,good,average,good,0,11071876,0,,awesome,5,DRAWING,"He's the best art teacher ever, he's a real artist and knows his stuff. Best described as inspiring, friendy, fun, skillful and talented. Wonderful class, one of the best at Tufts! Totally worth taking it!",12/06/2005,2.0,2.0,,5,It's my life,5.0,5.0,1,N/A,1133908729000,N/A,1040,N/A,,N/A,[],people,people
N/A,good,average,good,0,866440,0,,good,4,ART,No Comments,04/22/2003,2.0,2.0,,4,N/A,4.0,4.0,3,N/A,1051020512000,N/A,1040,N/A,,N/A,[],people,people
N/A,good,average,good,0,539710,0,,awesome,5,ART,he is a gem,02/04/2003,2.0,2.0,,5,N/A,5.0,5.0,1,N/A,1044372053000,N/A,1040,N/A,,N/A,[],people,people
