attendance,clarityColor,easyColor,helpColor,helpCount,id,notHelpCount,onlineClass,quality,rClarity,rClass,rComments,rDate,rEasy,rEasyString,rErrorMsg,rHelpful,rInterest,rOverall,rOverallString,rStatus,rTextBookUse,rTimestamp,rWouldTakeAgain,sId,takenForCredit,teacher,teacherGrade,teacherRatingTags,unUsefulGrouping,usefulGrouping
Mandatory,poor,good,poor,0,31672403,0,,awful,1,FRE201,"Please actually take this advice and do not take a class by this professor. Not only does she not care about the class itself, but she does not care about grades what so ever. I spent the entire semester doing every homework on time and to the best of my ability, NEVER. GRADED. Did not keep on top of anything, and tests are not about lecture at all",04/25/2019,5.0,5.0,,1,N/A,1.0,1.0,1,Yes,1556174095000,No,1040,Yes,,A,['Lots of homework'],people,people
N/A,poor,good,poor,0,31022474,0,,awful,1,FR02,"All the reviews here are accurate. Also: - Gives you lots of homework but never grades it. - Gives us tests on things we have never learnt/things not in the textbook, even though she WROTE the chapter tests herself and should know what she has taught us. - Is often rude for no reason",12/14/2018,5.0,5.0,,1,N/A,1.0,1.0,1,Yes,1544765625000,No,1040,Yes,,A-,"['Tough grader', ""Skip class? You won't pass."", 'Lots of homework']",people,people
Mandatory,poor,good,poor,3,30104657,0,,awful,1,FR0002,"Didn't give good feedback and graded assessments too hard. Papers were not bad except she would take points off for things we did not learn yet. It was French 2 and she taught it like we knew the language a lot more. It was helpful she tried keeping class to just French, but she was bad at explaining grammar. There are better Tufts French teachers.",05/14/2018,4.0,4.0,,1,N/A,1.0,1.0,1,Yes,1526325970000,No,1040,Yes,,N/A,"['Participation matters', ""Skip class? You won't pass."", 'Tough grader']",people,people
Mandatory,poor,good,poor,4,30026230,0,,awful,1,FR0002E,"This prof. made a class that is supposed to be for learning a language about struggling to obtain a good grade instead. She gives feedback on papers, and then later will take points off when that advice is heeded later on. Not all of the material on our final had been covered. Not always available for office hours/ they are not useful.",05/08/2018,4.0,4.0,,1,N/A,1.0,1.0,1,Yes,1525793749000,No,1040,Yes,,N/A,['Tough grader'],people,people
