attendance,clarityColor,easyColor,helpColor,helpCount,id,notHelpCount,onlineClass,quality,rClarity,rClass,rComments,rDate,rEasy,rEasyString,rErrorMsg,rHelpful,rInterest,rOverall,rOverallString,rStatus,rTextBookUse,rTimestamp,rWouldTakeAgain,sId,takenForCredit,teacher,teacherGrade,teacherRatingTags,unUsefulGrouping,usefulGrouping
Mandatory,good,poor,good,0,26647088,0,,awesome,5,ENP61,"My favorite class so far--and it met for 3 hours Monday night. Lectures were engaging, fun, and very informative. He really made everything clear, and graded easy. Open note & open book exams!! He also exposed me to lots of helpful resources at Tufts.  11/10.   P.S. If you ever mention anything related to New Hampshire, you'll score major points.",05/24/2016,1.0,1.0,,5,N/A,5.0,5.0,1,Yes,1464126120000,Yes,1040,Yes,,A,"['Respected', 'Amazing lectures']",people,people
Not Mandatory,good,average,good,0,23854385,0,,good,4,ES93,"Professor Hannon is a very nice professor who is extremely respected in his field of Human Factors Mechanical Engineering. He always tells you exactly what he expects, is a fair grader, and is always willing to help. The class is hit or miss on the workload. Sometimes you have three projects at once and sometimes you don't have any work for weeks. ",11/19/2014,2.0,2.0,,4,Sorta interested,4.0,4.0,1,No,1416424053000,N/A,1040,Yes,,A-,"['Clear grading criteria', 'Group projects']",people,people
N/A,average,average,average,0,19757552,0,,good,3,ENP61,"This is a great class. Prof Hannon can be a very interesting guy, and he has a really cool life. He's very easy going about deadlines (almost, but not quite, to a fault). He has really interesting ideas.",01/22/2012,2.0,2.0,,4,Really into it,3.5,3.5,1,Yes,1327240464000,N/A,1040,N/A,,N/A,[],people,people
N/A,average,average,average,0,17746885,1,,good,3,ENP61,"Great guy, advisor, and lecturer. Should be the head of the ENP department.",11/09/2010,2.0,2.0,,4,It's my life,3.5,3.5,1,Yes,1289314952000,N/A,1040,N/A,,N/A,[],person,people
N/A,good,average,good,0,12983914,0,,awesome,5,ENP161,"prof hannon is a really great teacher..genuinely cares about his students. hes really busy though, because he actually works in the field, so its pretty tough to get ahold of him. but classes are easy and interesting, homework assignments arent bad at all. tests are easy",04/08/2007,2.0,2.0,,5,Really into it,5.0,5.0,1,No,1175995040000,N/A,1040,N/A,,N/A,[],people,people
N/A,good,average,good,0,1305960,0,,good,4,PSY1,I really enjoyed his lecture style.,11/12/2003,3.0,3.0,,4,N/A,4.0,4.0,1,N/A,1068600400000,N/A,1040,N/A,,N/A,[],people,people
N/A,good,average,good,0,871648,0,,good,5,PSY1,No Comments,04/23/2003,2.0,2.0,,3,N/A,4.0,4.0,1,N/A,1051090846000,N/A,1040,N/A,,N/A,[],people,people
N/A,good,average,good,0,669938,0,,good,4,PSY,No Comments,03/04/2003,2.0,2.0,,4,N/A,4.0,4.0,1,N/A,1046796469000,N/A,1040,N/A,,N/A,[],people,people
