attendance,clarityColor,easyColor,helpColor,helpCount,id,notHelpCount,onlineClass,quality,rClarity,rClass,rComments,rDate,rEasy,rEasyString,rErrorMsg,rHelpful,rInterest,rOverall,rOverallString,rStatus,rTextBookUse,rTimestamp,rWouldTakeAgain,sId,takenForCredit,teacher,teacherGrade,teacherRatingTags,unUsefulGrouping,usefulGrouping
Mandatory,average,average,average,1,28611665,0,,poor,2,AST16,"We were given handwritten lecture notes every Tuesday, which the professor read through and let us go. The Thursday classes were student presentations. Problem sets given every other week, which were easy if you plug the information into the formulas from the lecture notes. Professor disappeared halfway through the semester and never came back.",08/14/2017,2.0,2.0,,2,N/A,2.0,2.0,1,No,1502704687000,No,1040,Yes,,A,[],people,person
Not Mandatory,average,average,average,0,27431525,0,,poor,2,AST0010,"Hands down the most BORING class I've ever taken in my life. Space is such an interesting topic, but he just ruins it completely. Drawls on in a dead monotone without pause. Not interactive at all, doesn't even use a powerpoint or anything. Just talks. Fell asleep almost every class, eventhough I was sitting in the first row (he didn't even notice)",12/11/2016,2.0,2.0,,2,N/A,2.0,2.0,3,No,1481464725000,No,1040,Yes,,B+,"['Test heavy', 'Lecture heavy']",people,people
Not Mandatory,good,poor,good,1,27202376,0,,awesome,5,AST0010,"Kenny, as i like to call him, is a fantastic lecturer - sometimes i catch myself falling out of my chair this guy is so funny!! Previous class he talked about timing his wife's contractions while she was giving birth so he could than compare them to Solar contractions - what dedication!",11/16/2016,1.0,1.0,,5,N/A,5.0,5.0,1,No,1479310038000,Yes,1040,Yes,,N/A,"['Clear grading criteria', 'Graded by few things', 'Hilarious']",people,person
Not Mandatory,average,average,average,1,25663005,1,,poor,2,AST0010,"Although this class is an easy A you really need to study for it, and there is a lot of stuff to memorize. Attend the lectures and remember everything and you should be good. I just don't understand why he doesn't give out minuses. ",12/12/2015,3.0,3.0,,2,Sorta interested,2.0,2.0,1,No,1449945943000,N/A,1040,Yes,,Not sure yet,['Lecture heavy'],person,person
Not Mandatory,good,average,average,2,25371963,1,,average,4,AST0010,"Go to class, take notes, try not to fall asleep. The stuff he's talking about is interesting, but his monotone voices puts you to bed. There is no homework in the class whatsoever, just take notes. A midterm and a final of 100 questions each make up your grade so study for 3 days before and you'll be fine. ",11/09/2015,2.0,2.0,,1,Low,2.5,2.5,1,No,1447077246000,N/A,1040,Yes,,A,['Clear grading criteria'],person,people
N/A,average,poor,poor,0,22810842,0,,poor,2,ASTRONOMY101,"I took his class in 1976 and nothing  much has changed evidently, except that now he gives out notes to study from.  In my day, we had an option to take the course pass fail and I kicked myself when I got an A.",02/01/2014,1.0,1.0,,1,Meh,1.5,1.5,1,No,1391222501000,N/A,1040,N/A,,N/A,[],people,people
N/A,good,poor,good,1,22680051,0,,awesome,5,ASTRO11,"He's one of the most interesting professors at Tufts. Awesome, quirky guy , very knowledgeable. Easy A if you study the notes he hands out in class.",01/01/2014,1.0,1.0,,5,Sorta interested,5.0,5.0,1,Yes,1388534497000,N/A,1040,N/A,,N/A,[],people,person
N/A,average,average,poor,0,22473541,0,,poor,2,ASTRO10,"Class is not necessary, professor is completely full of himself and really should retire from teaching. He enjoys talking to hear himself speak. Knowledgable but doesn't care about his students.",12/09/2013,3.0,3.0,,1,Meh,1.5,1.5,1,No,1386549347000,N/A,1040,N/A,,N/A,[],people,people
N/A,poor,average,poor,0,22266435,0,,poor,1,AST10,"He is one of the most boring people I've ever seen. He isn't addressing anyone in his classes, just himself. The lights are low and the lecture hall is a good place to sleep. Take the class, don't show up to the lectures, go to his review sessions, where he gives you the answers, and cram them. You're almost assured an A.",11/06/2013,3.0,3.0,,2,Really into it,1.5,1.5,1,No,1383743927000,N/A,1040,N/A,,N/A,[],people,people
N/A,average,poor,average,0,21384358,0,,poor,2,AST10,"Boring as hell, but easy. If you put in a bit of effort (and not make the common mistake of slacking entirely), you should do very well. Every once in a while he gets very interesting just talking crap.",03/04/2013,1.0,1.0,,2,Meh,2.0,2.0,1,No,1362440017000,N/A,1040,N/A,,N/A,[],people,people
N/A,average,average,average,1,21088687,0,,average,3,AST10,"Going to class is not mandatory, but I would strongly recommend it. I went to all clases and although not terribly exciting it's super helpful because then you don't need to cram for the two exams (only two grades in the class). Prof. Lang is an expert and he enjoys when students ask questions and show interest.",12/16/2012,2.0,2.0,,3,Low,3.0,3.0,1,Yes,1355665645000,N/A,1040,N/A,,N/A,[],people,person
N/A,poor,poor,average,0,20720578,1,,average,1,AST10,"Gotta love him. Didn't open the textbooks once, went to class a couple times a month. Lights off,  boring subject, MUMBLING PROF... always fell asleep. If you go to the class right before the test where he ""reviews"" and cram before the multiple choice midterm/final, you will do very well. Very boring, Very easy. Great way to fill science rec.",10/21/2012,1.0,1.0,,4,Meh,2.5,2.5,1,No,1350826054000,N/A,1040,N/A,,N/A,[],person,people
N/A,poor,good,poor,0,20627961,0,,awful,1,AST10,Not helpful at all when you go to him with questions. Doesn't show an interest in the progress of his students.,09/05/2012,4.0,4.0,,1,Low,1.0,1.0,1,No,1346861492000,N/A,1040,N/A,,N/A,[],people,people
N/A,average,poor,average,0,20455898,0,,average,2,AST0010,He's super super boring. No need to go to class just know the lectures he posts by heart.,06/29/2012,1.0,1.0,,3,Really into it,2.5,2.5,1,No,1341010405000,N/A,1040,N/A,,N/A,[],people,people
N/A,average,average,average,0,20185698,0,,poor,2,AST10,"Ken Lang is beloved by some - but honestly I've never understood why.  Yes, his anecdotes can be wonderfully weird, but 95% of classes are him dryly reading slides about topics you will have little interest in.  There's a reason the class is about 25% full for most lectures.",05/03/2012,3.0,3.0,,2,Low,2.0,2.0,1,No,1336045755000,N/A,1040,N/A,,N/A,[],people,people
N/A,poor,good,poor,0,20072615,0,,awful,1,AST10,He's the least helpful teacher I've ever had. Doesn't care about his students at all. Don't expect him to care when you have a question about the course.,04/18/2012,5.0,5.0,,1,Sorta interested,1.0,1.0,1,Yes,1334757936000,N/A,1040,N/A,,N/A,[],people,people
N/A,average,poor,poor,1,18336078,0,,poor,2,AST22,"Pretty much the largest waste of time that has ever been scheduled and called a class. All tests/grades are takehome and the assigned textbook is only slightly more useful than my fourteen year old brother using wikipedia and google. Lang tends to write his books based on student research, and its questionable whether his memory is accurate at all",03/30/2011,1.0,1.0,,1,Really into it,1.5,1.5,1,Yes,1301523187000,N/A,1040,N/A,,N/A,[],people,person
N/A,average,average,average,0,18289893,0,,average,3,ASTRO0010,"Extremely experienced in astronomy, however lectures are very boring.  No need to read the textbook or frankly attend class, except for the midterm and finals weeks.  A good way to fill the science requirement if not a science major, but I did not look forward to class.",03/19/2011,2.0,2.0,,2,Meh,2.5,2.5,1,No,1300557634000,N/A,1040,N/A,,N/A,[],people,people
N/A,good,poor,good,0,18009116,0,,awesome,5,ASTRO10,"Awesome professor, terrific class for non-science majors to satisfy the NatSci requirement.  Lang isn't terribly engaging, but is very clear.  You don't have to attend lectures, but you do have to study the notes before exams.  Easy A if you do that.",12/20/2010,1.0,1.0,,5,Low,5.0,5.0,1,Yes,1292883626000,N/A,1040,N/A,,N/A,[],people,people
N/A,average,poor,poor,0,17679159,0,,poor,2,ASTRO10,"Wanderers of Space is impossible to sit through. Lang is old and only reads his lecture notes--which are online--for the entire class period. This class is pretty easy except for the week before your exams, when you need to cram because you havent paid attention all semester.",10/21/2010,1.0,1.0,,1,Meh,1.5,1.5,1,Yes,1287673890000,N/A,1040,N/A,,N/A,[],people,people
N/A,average,average,average,0,12992897,0,,average,3,AST10,"He is a quirky guy with a bunch of funny, random stories but I swear, if you could die from boredom, this class would do it.  It is an easy A, however- as long as you study for the tests.  Also, I didn't have to open the textbook once.",04/10/2007,3.0,3.0,,2,Low,2.5,2.5,1,No,1176220152000,N/A,1040,N/A,,N/A,[],people,people
N/A,good,poor,good,0,12787854,0,,good,4,AST10,i love A's,01/17/2007,1.0,1.0,,4,Really into it,4.0,4.0,1,No,1169066761000,N/A,1040,N/A,,N/A,[],people,people
N/A,good,average,good,0,12784526,0,,good,5,AST10,"A fun guy with great stories. He does his best to explain concepts well and it's clear he loves the subj matter. I went to lectures and studied for the 2 exams and received a b+. Not an easy A like everyone says, but still a good lab-less class for a non-science person.",01/17/2007,2.0,2.0,,3,Really into it,4.0,4.0,1,No,1169024939000,N/A,1040,N/A,,N/A,[],people,people
N/A,good,poor,good,0,12694689,0,,good,5,ASTRO10,"I didn't buy the textbooks and I got an A-. Study from the lecture outlines he hands out, and you will do fine. Lang is nuts and quirky. Good for a science requirement if you don't like sciences too much.",12/28/2006,1.0,1.0,,3,Sorta interested,4.0,4.0,1,No,1167345518000,N/A,1040,N/A,,N/A,[],people,people
N/A,good,average,good,0,12519336,0,,awesome,5,ASTRO10,"K Lang is my hero. That having been said, his class is your average huge lecture that most students don't attend. If you go to lecture and spend lots of time before the midterm and final, you will do fine. Lang is my reason for attending class as his anecdotes and personal life are so entertaining.",12/04/2006,2.0,2.0,,4,Really into it,4.5,4.5,1,No,1165270049000,N/A,1040,N/A,,N/A,[],people,people
N/A,average,average,average,0,11432152,0,,good,3,AST10,"Very nice man and clearly intelligent and educated, but boring boring boring teacher.  I thought astronomy might be interesting, but it certainly wasn't with him.",01/29/2006,2.0,2.0,,4,Really into it,3.5,3.5,1,N/A,1138568210000,N/A,1040,N/A,,N/A,[],people,people
N/A,poor,good,poor,0,11245033,0,,awful,1,ASTRONOMY10,"Very boring class.  I would stay away from this class at all costs.  I took it to fill my science requirement and it was a big mistake.  The tests are not as easy as everyone says they are, and Lang doesn't give any individual attention.  If you have any problems in the class, forget it, he will not help you at all.  I would tell anyone to avoid.",12/22/2005,4.0,4.0,,1,Meh,1.0,1.0,1,N/A,1135279511000,N/A,1040,N/A,,N/A,[],people,people
N/A,good,average,good,0,11006284,0,,good,4,AST10,"Dullest class ever.  Seems like he'd be a great guy to hang out with on the side, but class is really hard to stay awake in.  Doesn't attempt to engage students at all, the only attraction is that it's really easy and you have to put in very little effort.  Not worth taking for what you pay to go to school here, though.",11/29/2005,2.0,2.0,,4,It's my life,4.0,4.0,1,N/A,1133280754000,N/A,1040,N/A,,N/A,[],people,people
N/A,average,average,average,0,10603804,0,,average,2,AST10,"This man's ridiculous stories and personality are worth taking the class. Lectures are very straight foward and the material is elementary, but semi-abundant. If you study for the two tests you will do great. If you ask a question he will know the answer.  Seriously I impersonate this guy at parties all the time, he is just so ridiculous.",10/18/2005,3.0,3.0,,3,Really into it,2.5,2.5,1,N/A,1129656188000,N/A,1040,N/A,,N/A,[],people,people
N/A,good,average,good,0,10554623,0,,awesome,5,ASTRONOMY,Freakin' awesome.,10/05/2005,2.0,2.0,,5,Sorta interested,5.0,5.0,1,N/A,1128517445000,N/A,1040,N/A,,N/A,[],people,people
N/A,average,average,average,0,10547619,0,,average,3,ASTRONOMY10,"Oh, what can I say. This guy sounds like a mix between Ben Stein and Darth Vader. His lectures sound like he's giving a dry-eyes commerical..&quot;The surface of Mars is arid and cold...&quot; WHHAAAT&#63; TAKE THE MICROPHONE AWAY FROM YOUR MOUTH, I CAN'T HEAR ANYTHING YOU'RE SAYING!! DO YOU HAVE BRONCHITIS&#63; He does have a hot daughter who I dream of in class.",10/03/2005,2.0,2.0,,2,Low,2.5,2.5,1,N/A,1128359257000,N/A,1040,N/A,,N/A,[],people,people
N/A,good,average,average,0,10547032,0,,average,4,AST10,I enjoy his class very much.  His lectures are well articulated.  Whenever I leave his class my thrist for knowledge about our universe is fufilled.,10/03/2005,3.0,3.0,,2,It's my life,3.0,3.0,1,N/A,1128351305000,N/A,1040,N/A,,N/A,[],people,people
N/A,good,average,good,0,10546205,0,,awesome,5,ASTRONOMY10,Prof Lang is honestly the greatest prof ever. He so cute and tells the funniest stories. He makes class very relaxed and really loves astronomy. His immense passion for the subject makes anyone love it...DEFF take this class!!!,10/03/2005,3.0,3.0,,5,It's my life,5.0,5.0,1,N/A,1128339873000,N/A,1040,N/A,,N/A,[],people,people
N/A,good,poor,good,0,10457585,0,,awesome,5,ASTRONOMY10,"It's obvious that he's really passionate about what he teaches- in such a large class, it's hard for students to give him active feedback in class so I think he thinks people are really disinterested, but the reality is that I'm pretty sure almost everyone finds the information interesting and his stories entertaining.",09/28/2005,1.0,1.0,,5,It's my life,5.0,5.0,1,N/A,1127944864000,N/A,1040,N/A,,N/A,[],people,people
N/A,good,poor,good,0,10455736,0,,awesome,5,ASTRO10,Extremely well versed in his subject. You wonder how he can keep so many random stories and so much information in his brain at one time.,09/28/2005,1.0,1.0,,4,It's my life,4.5,4.5,1,N/A,1127916855000,N/A,1040,N/A,,N/A,[],people,people
N/A,good,average,good,0,10451407,0,,awesome,5,ASTRONOMY,"Professor Lang is great - able to combine intelligence (he wrote the book!) with humor, making class not only informative, but also interesting and fun.",09/27/2005,3.0,3.0,,5,It's my life,5.0,5.0,1,N/A,1127819938000,N/A,1040,N/A,,N/A,[],people,people
N/A,good,average,good,0,10451091,0,,awesome,5,AST10,"Professor Lang brings the material to life.  His anecdotes add spice to Astronomy, and I find the material to actually be very interesting.  If you stay on top of the notes and the lectures and skim over the text, you'll be fine.",09/27/2005,2.0,2.0,,4,Really into it,4.5,4.5,1,N/A,1127811012000,N/A,1040,N/A,,N/A,[],people,people
N/A,good,poor,good,0,10450685,0,,awesome,5,AST10,"prof lang rocks. very easy course, hopefully will be a very easy A.  much more interested in the material than i thought i'd be",09/27/2005,1.0,1.0,,5,Sorta interested,5.0,5.0,1,N/A,1127780239000,N/A,1040,N/A,,N/A,[],people,people
N/A,good,average,good,0,10450213,0,,awesome,5,AST10,"A really great class. Professor Lang is very clear about what we need to know, and makes it clear we have to study the concepts, not the numbers. He's a fun professor with great stories and the subject matter is very interesting. Great class!",09/26/2005,2.0,2.0,,4,Really into it,4.5,4.5,1,N/A,1127772560000,N/A,1040,N/A,,N/A,[],people,people
N/A,good,average,good,0,10449219,0,,good,4,AST10,Prof. Lang is a great professor and it is extrememly helpful that he prints out lecture notes as well as has a website.  He is also very funny and keeps the class interested!,09/26/2005,2.0,2.0,,4,Really into it,4.0,4.0,1,N/A,1127755194000,N/A,1040,N/A,,N/A,[],people,people
N/A,good,average,good,0,10448694,0,,awesome,5,ASTRO10,"Great professor.  Always has a funny story or comment that makes lecture interesting and worth going to.  Enjoy the fact you get the notes and outlines, few professors are willing to do that.",09/26/2005,3.0,3.0,,5,Sorta interested,5.0,5.0,1,N/A,1127744949000,N/A,1040,N/A,,N/A,[],people,people
N/A,good,good,good,0,10448579,0,,awesome,5,ASTRONOMY,"Prof. Lang is a great guy-- the class definitely wouldnt be interesting if he didn't teach it. He prepares you well, and he really knows what he's talking about.  This Bud's for You, Mr. Lang.",09/26/2005,4.0,4.0,,5,Really into it,5.0,5.0,1,N/A,1127742576000,N/A,1040,N/A,,N/A,[],people,people
N/A,good,average,good,0,10448574,0,,awesome,5,ASTRO10,"This class is not a challenge but it is very fun.  Lang is a great lecturer and is very entertaining. Going to class is not necessary, but it's pretty fun and then you don'thave to worry too much about reading the book carefully.",09/26/2005,2.0,2.0,,5,Really into it,5.0,5.0,1,N/A,1127742502000,N/A,1040,N/A,,N/A,[],people,people
N/A,good,average,good,0,10448551,0,,good,4,ASTRONOMY10,He's a very nice and funny man. The class is entertaining and interesting.,09/26/2005,2.0,2.0,,4,Sorta interested,4.0,4.0,1,N/A,1127742124000,N/A,1040,N/A,,N/A,[],people,people
N/A,good,average,good,0,10448549,0,,awesome,5,AST10,Great Class. Professor Lang is so funny and makes the material interesting even if you do not have a specific interest in astronomy. He's a great professor and the class is unintimidating and highly recommended.,09/26/2005,3.0,3.0,,5,Sorta interested,5.0,5.0,1,N/A,1127742106000,N/A,1040,N/A,,N/A,[],people,people
N/A,good,poor,good,0,10448511,0,,awesome,5,AST10,"hes really entertaining and funny, i want him to be my grandpa, ive been wanting to give him a hug all class. my favorite class - he's so cool!!",09/26/2005,1.0,1.0,,5,It's my life,5.0,5.0,1,N/A,1127741488000,N/A,1040,N/A,,N/A,[],people,people
N/A,average,average,average,0,3595576,0,,poor,3,AST10,"either read the book or go to class, exact same material.  He has a website so you really dont need to go.  The only work in the class are a midterm and final.  Lots of cramming, somewhat difficult test",04/10/2005,3.0,3.0,,1,Sorta interested,2.0,2.0,1,N/A,1113165053000,N/A,1040,N/A,,N/A,[],people,people
N/A,average,average,average,0,3313881,0,,average,3,AST10,"Best part is you don't have to go to class.  Boring material, but his random comments about everything are entertaining.",02/02/2005,2.0,2.0,,3,Low,3.0,3.0,1,N/A,1107361776000,N/A,1040,N/A,,N/A,[],people,people
N/A,average,poor,average,0,3109688,0,,poor,2,AST10,"easy A. don't have to go to class, but taking good notes in calss makes it easier...theres notes, lecture overviews, and even more notes and tutorials on-line...if u want to do well, u can",12/24/2004,1.0,1.0,,2,Sorta interested,2.0,2.0,1,N/A,1103900391000,N/A,1040,N/A,,N/A,[],people,people
N/A,average,good,poor,0,3033531,0,,poor,2,ASTRONOMY10,"For some reason, everyone told me this class was so easy and a gauranteed A.  Its not, and Ken Lang blows, his lectures are so boring and the tests are not on the material he says they are on.  DO NOT TAKE",12/15/2004,4.0,4.0,,1,Sorta interested,1.5,1.5,1,N/A,1103128363000,N/A,1040,N/A,,N/A,[],people,people
N/A,average,average,average,0,2879691,0,,average,3,ASTRO10,"never have to go to class and its boring anyways, have to cram a ton for tests, nice guy, kind of funny but monotone, no work all semester except midterm and final, not as easy as i thought but not that bad either",12/01/2004,3.0,3.0,,2,Sorta interested,2.5,2.5,1,N/A,1101932253000,N/A,1040,N/A,,N/A,[],people,people
N/A,average,good,average,0,2736671,0,,average,3,AST10,"funny guy, a little crazy but seems genuinely concerned with students...midterm and final are harder than expected. class notes help.",11/15/2004,4.0,4.0,,3,Really into it,3.0,3.0,1,N/A,1100514437000,N/A,1040,N/A,,N/A,[],people,people
N/A,average,average,average,0,2680533,0,,poor,2,AST10,"The class was a total waste of time and I never went.  Lang is very funny and goes off on wild tangents.  If I had really wanted to learn something about astronomy, I could have but I had no interest in the subject and he doesn't inspire any.",11/08/2004,2.0,2.0,,2,Meh,2.0,2.0,1,N/A,1099949522000,N/A,1040,N/A,,N/A,[],people,people
N/A,average,average,average,0,2112550,0,,poor,2,AST101,"Prof Lang is really into what he teaches, but spends his lectures bent over his notes mumbling out things he can't always read. I'm pretty sure once he brought the same notes to class twice. The exams suck - lots of cramming, little learning.",05/08/2004,3.0,3.0,,2,N/A,2.0,2.0,1,N/A,1084059476000,N/A,1040,N/A,,N/A,[],people,people
N/A,average,average,average,0,1536331,0,,average,3,AST10,"You don't have to go to class, but it helps in studying for the exams. The only grades are the midterm and the final, so if you mess up on one, good luck! They require a decent amount of studying. Don't blow them off!",12/19/2003,2.0,2.0,,3,N/A,3.0,3.0,1,N/A,1071836819000,N/A,1040,N/A,,N/A,[],people,people
N/A,average,average,average,0,1390104,0,,poor,3,ASTRO10,"You don't have to go to class,but be prepared to cram for the mid-term and final. Some of his quote &quot;do you kids smoke pot&#63;&quot; &quot;Grades don't matter&quot; &quot;I measured my wife's contractions&quot;",11/24/2003,3.0,3.0,,1,N/A,2.0,2.0,1,N/A,1069704211000,N/A,1040,N/A,,N/A,[],people,people
N/A,good,poor,average,0,1378450,0,,good,4,ASTRONOMY,"This guy is the man. He's so funny and his class is really easy. You dont have to go to class but it is an entertaining way to spend 75 min or so.  so glad i took his class",11/21/2003,1.0,1.0,,3,N/A,3.5,3.5,1,N/A,1069458276000,N/A,1040,N/A,,N/A,[],people,people
N/A,average,average,average,0,1286802,0,,average,3,AST10,not as easy as everyone thinks.. def knows his stuff.. kinda out there.. his random stories keep the class awake -- sometimes.. he needs to learn how to use a computer.. seems like a decent guy,11/08/2003,3.0,3.0,,3,N/A,3.0,3.0,1,N/A,1068329223000,N/A,1040,N/A,,N/A,[],people,people
N/A,average,average,average,0,1239291,0,,average,3,ASTRO10,No Comments,10/29/2003,3.0,3.0,,3,N/A,3.0,3.0,1,N/A,1067468516000,N/A,1040,N/A,,N/A,[],people,people
N/A,average,average,average,0,1230557,0,,poor,2,AST10,"Boring! Never want to go to class, but he hands out note outlines every week. Strange man.",10/28/2003,3.0,3.0,,2,N/A,2.0,2.0,1,N/A,1067351318000,N/A,1040,N/A,,N/A,[],people,people
N/A,good,good,good,0,1214004,0,,good,5,ASTRO10,"he's not as boring as I thought he'd be, he's actually kind of funny",10/23/2003,4.0,4.0,,3,N/A,4.0,4.0,1,N/A,1066900280000,N/A,1040,N/A,,N/A,[],people,people
N/A,average,poor,poor,0,1088983,0,,poor,2,FRESHSEM,"Professor Lang is my pre-major advisor. He is a big space cadet, but he's friendly when you get to know him. He had my seminar class over to his house and his wife cooked us an awesome dinner. He is really into Eastern religion and has met the Dalai Lama.",08/14/2003,1.0,1.0,,1,N/A,1.5,1.5,1,N/A,1060890790000,N/A,1040,N/A,,N/A,[],people,people
N/A,average,good,average,0,926875,0,,poor,2,AST10,No Comments,05/05/2003,4.0,4.0,,2,N/A,2.0,2.0,1,N/A,1052149495000,N/A,1040,N/A,,N/A,[],people,people
N/A,poor,average,poor,0,891903,0,,awful,1,ASTRO10,No Comments,04/27/2003,3.0,3.0,,1,N/A,1.0,1.0,1,N/A,1051446413000,N/A,1040,N/A,,N/A,[],people,people
N/A,poor,average,poor,0,881613,0,,awful,1,ASTRO,So Stupid!,04/24/2003,3.0,3.0,,1,N/A,1.0,1.0,1,N/A,1051219345000,N/A,1040,N/A,,N/A,[],people,people
N/A,average,average,average,0,878213,0,,poor,2,AST,"class is not as easy as you think. you dont have to go to class, but you better study from a week before for midterm/final",04/24/2003,2.0,2.0,,2,N/A,2.0,2.0,1,N/A,1051184411000,N/A,1040,N/A,,N/A,[],people,people
N/A,poor,average,poor,0,878199,0,,awful,1,ASTRO10,No Comments,04/24/2003,3.0,3.0,,1,N/A,1.0,1.0,1,N/A,1051184247000,N/A,1040,N/A,,N/A,[],people,people
N/A,poor,good,poor,0,542507,0,,awful,1,AST101,No Comments,02/05/2003,4.0,4.0,,1,N/A,1.0,1.0,1,N/A,1044445815000,N/A,1040,N/A,,N/A,[],people,people
