attendance,clarityColor,easyColor,helpColor,helpCount,id,notHelpCount,onlineClass,quality,rClarity,rClass,rComments,rDate,rEasy,rEasyString,rErrorMsg,rHelpful,rInterest,rOverall,rOverallString,rStatus,rTextBookUse,rTimestamp,rWouldTakeAgain,sId,takenForCredit,teacher,teacherGrade,teacherRatingTags,unUsefulGrouping,usefulGrouping
Mandatory,good,average,good,0,31663803,0,,awesome,5,BIO0050,Bio 13 is definitely not a great metric of her abilities as a professor. She shines in smaller class settings. She genuinely cares about each of her students and their success in the class.,04/24/2019,3.0,3.0,,5,N/A,5.0,5.0,1,No,1556125249000,Yes,1040,Yes,,N/A,"[""Skip class? You won't pass."", 'Gives good feedback', 'Hilarious']",people,people
Not Mandatory,poor,average,poor,1,30291360,0,,awful,1,BIO013,"Fuhrman made me hate biology. Tufts doesn't take AP credit for biology anymore, so I was forced to repeat this class. It would have been fine if her exams weren't terribly worded. It tested more on reading comprehension than actual knowledge of the material.",06/24/2018,3.0,3.0,,1,N/A,1.0,1.0,1,No,1529800824000,No,1040,Yes,,A,['Graded by few things'],people,person
Mandatory,good,average,good,0,29463217,0,,awesome,5,BIO013,nice and friendly and funny. the textboook is a waste of money. very little homework,01/16/2018,3.0,3.0,,5,N/A,5.0,5.0,1,No,1516137823000,Yes,1040,Yes,,A-,['Lecture heavy'],people,people
N/A,good,average,good,0,29337812,0,,awesome,5,BIO013,"Professor Fuhram gave great informative lectures--she was also engaging during lectures, which really helped. Going to office hours and recitation will also really help you in this class--in both, she explained a lot of information that was not emphasized in depth in class, but will be on tests . Overall great class with a great professor!",12/26/2017,3.0,3.0,,5,N/A,5.0,5.0,1,No,1514296547000,Yes,1040,Yes,,N/A,"['Amazing lectures', 'Accessible outside class']",people,people
Mandatory,good,good,good,1,29328753,0,,good,4,BIO13,"Very clear lecturer who gets all the material across effectively though she talks so slowly. However, you clearly have to master the material to do well on her exams. She also has lots of annoying wording on exam questions that can trip you up easily. Still possible to do very well though. You just have to be extremely careful on exams.",12/24/2017,4.0,4.0,,4,N/A,4.0,4.0,1,Yes,1514087829000,Yes,1040,Yes,,N/A,[],people,person
Mandatory,average,average,average,1,29085383,2,,poor,2,BIO013,While Professor Fuhrman is very nice and cares about students I thought her lectures were incredibly boring and organized in a confusing way. Her test questions were poorly worded and designed to catch you on stupid mistakes. She also provided almost no study material for tests other than homework. Overall a very frustrating experience.,12/07/2017,3.0,3.0,,2,N/A,2.0,2.0,1,No,1512666542000,No,1040,Yes,,A-,[],people,person
N/A,average,average,average,2,29062170,2,,poor,2,BIO13,"Hate giving Furhman a bad review because she's a good person, but the way she taught bio 13 was thoroughly uninspiring and disorganized. Lectures jumped around, tests were easy to get points off on, and I didn't feel like I learned anything conceptual. I like bio, but I was disappointed in bio 13",12/06/2017,3.0,3.0,,2,N/A,2.0,2.0,1,Yes,1512563205000,No,1040,Yes,,N/A,[],people,people
Not Mandatory,good,average,good,0,28972857,0,,awesome,5,BIO13,Prof Fuhrman is really nice and patient!,11/27/2017,3.0,3.0,,5,N/A,5.0,5.0,1,Yes,1511821389000,Yes,1040,Yes,,N/A,"['Accessible outside class', 'Caring', 'Gives good feedback']",people,people
Not Mandatory,good,average,good,0,22920523,0,,awesome,5,BIO0014,"Prof. Fuhrman is pretty much my idol. She clearly knows EVERYTHING there is to know about what she teaches, yet is still so good at teaching it/making it understandable. She always answers every question thoroughly and clearly. Her test is hard, but only as a result of the material. Reading the text is not necessary, but probably helpful. Love her.",03/18/2014,3.0,3.0,,5,Really into it,5.0,5.0,1,No,1395139784000,N/A,1040,N/A,,N/A,[],people,people
N/A,good,average,good,0,21293845,3,,awesome,5,BIO13,"Great professor! Very clear and concise with her lectures, and she was extremely helpful if you came in for office hours. Loves the material she teaches and makes it interesting to learn!",01/24/2013,2.0,2.0,,5,It's my life,5.0,5.0,1,Yes,1359064176000,N/A,1040,N/A,,N/A,[],people,people
N/A,good,average,good,0,14315157,1,,awesome,4,BIO13,No Comments,04/19/2008,3.0,3.0,,5,Low,4.5,4.5,1,Yes,1208608157000,N/A,1040,N/A,,N/A,[],person,people
N/A,good,good,good,0,13495262,1,,awesome,5,BIO013,No Comments,09/27/2007,4.0,4.0,,4,Really into it,4.5,4.5,1,Yes,1190911897000,N/A,1040,N/A,,N/A,[],person,people
