attendance,clarityColor,easyColor,helpColor,helpCount,id,notHelpCount,onlineClass,quality,rClarity,rClass,rComments,rDate,rEasy,rEasyString,rErrorMsg,rHelpful,rInterest,rOverall,rOverallString,rStatus,rTextBookUse,rTimestamp,rWouldTakeAgain,sId,takenForCredit,teacher,teacherGrade,teacherRatingTags,unUsefulGrouping,usefulGrouping
Not Mandatory,poor,good,poor,0,30564548,0,,awful,1,EC2,Lot of homework and boring lecture. No review and explain for exam at all.,10/12/2018,5.0,5.0,,1,N/A,1.0,1.0,1,No,1539353519000,No,1040,Yes,,N/A,"['Lots of homework', 'Test heavy', 'Lecture heavy']",people,people
Not Mandatory,good,poor,good,0,28946327,0,,awesome,5,EC162,"Chill guy, had him for two classes. Really smart dude. Easy if you put in a bit of effort. Tests aren't too tough. Cracks witty finance jokes during class that almost nobody gets, but if you do get them he will like you more. Fun reception at the end of the semester. One of my favorite people in the econ dept, hands down.",11/21/2017,1.0,1.0,,5,N/A,5.0,5.0,1,Yes,1511268114000,Yes,1040,Yes,,A-,"['Hilarious', 'Lecture heavy', 'Respected']",people,people
Not Mandatory,average,poor,average,0,25662923,0,,average,2,EC15,"Not the best lecturer, but so easy... If you can bear with him then you are good. ",12/12/2015,1.0,1.0,,4,Meh,3.0,3.0,1,Yes,1449945445000,N/A,1040,Yes,,Not sure yet,['Lecture heavy'],people,people
Not Mandatory,good,average,good,0,25534213,0,,awesome,4,EC112,"Easy, loves to lecture. ",12/03/2015,3.0,3.0,,5,Really into it,4.5,4.5,1,No,1449107910000,Yes,1040,Yes,,N/A,['Amazing lectures'],people,people
Not Mandatory,poor,average,poor,0,25268416,0,,awful,1,EC50,Definitely the worst teacher I have ever had. Does not care about his students learning and does not know how to teach. Ruined an interesting topic for me.,10/19/2015,3.0,3.0,,1,Meh,1.0,1.0,1,Yes,1445288013000,N/A,1040,Yes,,A-,['Get ready to read'],people,people
Not Mandatory,poor,poor,poor,4,25010854,0,,awful,1,FE820,I had Prof. Bethune at BU and he was the WORST professor I have ever had.  I honestly don't know if he knew what he was talking about.  Literally took the slides and homework from what the book gives the professors.  If you asked him a real world question he didn't know what you were talking about.  Lectures are long and extremely boring.,07/01/2015,1.0,1.0,,1,Sorta interested,1.0,1.0,1,Yes,1435779463000,N/A,1040,Yes,,N/A,['Get ready to read'],people,people
N/A,poor,average,poor,2,24734616,0,,awful,1,EC50,Would strongly advise against any student taking a class with him. The most boring professor I have had at Tufts. Not receptive or engaging at all.  No one shows up to class because not only are his lectures boring but they also are not helpful. I ended up teaching the material to myself. Everything is straight out of the textbook. ,05/04/2015,2.0,2.0,,1,Meh,1.0,1.0,1,Yes,1430755368000,N/A,1040,Yes,,N/A,['Lecture heavy'],people,people
