attendance,clarityColor,easyColor,helpColor,helpCount,id,notHelpCount,onlineClass,quality,rClarity,rClass,rComments,rDate,rEasy,rEasyString,rErrorMsg,rHelpful,rInterest,rOverall,rOverallString,rStatus,rTextBookUse,rTimestamp,rWouldTakeAgain,sId,takenForCredit,teacher,teacherGrade,teacherRatingTags,unUsefulGrouping,usefulGrouping
Mandatory,good,average,good,0,31299283,0,,awesome,5,FR1,"I LOVE THIS PROFESSOR. She is super warm and bubbly, making speaking in class comfortable. She works really hard to establish a relationship with her students. I went to her office hours a few times, and she was both extremely helpful AND ridiculously excited to see me. I looked forward to every single class with her.",01/24/2019,2.0,2.0,,5,N/A,5.0,5.0,1,Yes,1548304152000,Yes,1040,Yes,,N/A,"[""Skip class? You won't pass."", 'Participation matters', 'Gives good feedback']",people,people
Mandatory,good,good,good,0,31022619,0,,awesome,5,FR003,"She is so sweet! She truly cares about all her students, grades at lightning speed and always gets your homework back to you on time with good comments. She is very animated which gets a bit intimidating, especially in the morning, but try your best to engage with her conversations because it will help you improve. Also hilarious/makes dad jokes.",12/14/2018,4.0,4.0,,5,N/A,5.0,5.0,1,Yes,1544766123000,Yes,1040,Yes,,Not sure yet,"['Gives good feedback', 'Participation matters', 'Accessible outside class']",people,people
Mandatory,good,average,good,0,29463115,0,,awesome,5,FR003,"she is the best. i did not like french at all, but she made it bearable. super kind and super nice",01/16/2018,2.0,2.0,,5,N/A,5.0,5.0,1,Yes,1516136846000,Yes,1040,Yes,,A-,"['Gives good feedback', 'Participation matters', 'EXTRA CREDIT']",people,people
N/A,good,average,good,0,26399273,0,,good,4,FR003,Really enthusiastic teacher. Pretty easy/fair grader,04/27/2016,2.0,2.0,,4,N/A,4.0,4.0,1,Yes,1461794522000,N/A,1040,Yes,,A+,[],people,people
N/A,good,good,good,0,26123522,0,,awesome,5,FR003,BEST PROFESSOR I'VE HAD AT TUFTS!,03/08/2016,4.0,4.0,,5,Really into it,5.0,5.0,1,Yes,1457447143000,N/A,1040,Yes,,A,"['Lots of homework', 'Gives good feedback', 'Caring']",people,people
N/A,good,average,good,0,19202899,0,,awesome,4,FR0001,"helpful and very enthusiastic teacher! fair amount of work, but manageable",11/09/2011,3.0,3.0,,5,It's my life,4.5,4.5,1,Yes,1320874229000,N/A,1040,N/A,,N/A,[],people,people
N/A,good,average,good,0,15120649,0,,awesome,5,FRN0002,Great professor. Very clear and enthusiastic. She really cares about students' understanding. Workload is manageable.,12/06/2008,3.0,3.0,,5,Really into it,5.0,5.0,1,Yes,1228580314000,N/A,1040,N/A,,N/A,[],people,people
N/A,good,average,good,0,12995065,0,,awesome,5,FR4,No Comments,04/10/2007,2.0,2.0,,5,Sorta interested,5.0,5.0,1,Yes,1176243821000,N/A,1040,N/A,,N/A,[],people,people
N/A,good,good,good,1,12800577,0,,awesome,5,FRENC3,"Engaging, fun, really cares about her students and their comprehension.  Tough grader, but I would definitely recommend taking a class with her,",01/20/2007,4.0,4.0,,5,Low,5.0,5.0,1,Yes,1169310741000,N/A,1040,N/A,,N/A,[],people,person
N/A,good,good,good,1,12694680,0,,good,4,FR4,"Tough grader on compositions. I feel like her section of FR4 did more work than all the other sections. She really cares, wants you to LEARN french, and grades as such. If you want to work and improve your french, go for it. She is young and friendly, and is not from France originally, so she's not as scary as some other profs.",12/28/2006,4.0,4.0,,4,Sorta interested,4.0,4.0,1,Yes,1167345365000,N/A,1040,N/A,,N/A,[],people,person
N/A,good,average,good,0,11050054,0,,awesome,5,FR4,Explains everything cleary and in an organized way. Constantly checks to make sure everyone understands. Fun and interesting.,12/04/2005,3.0,3.0,,5,Sorta interested,5.0,5.0,1,N/A,1133731524000,N/A,1040,N/A,,N/A,[],people,people
N/A,average,average,good,0,10650890,0,,good,3,FRENCH1,"quirky, fun. too bad her subject is lame.",10/27/2005,3.0,3.0,,5,Low,4.0,4.0,1,N/A,1130419582000,N/A,1040,N/A,,N/A,[],people,people
N/A,good,average,good,0,10235384,0,,awesome,5,FRENCH3,No Comments,08/24/2005,3.0,3.0,,5,It's my life,5.0,5.0,1,N/A,1124917447000,N/A,1040,N/A,,N/A,[],people,people
N/A,good,average,good,0,10234857,0,,awesome,5,FRENCH3,She made a subject that has always been boring interesting.  I didn't mind going to class.,08/24/2005,3.0,3.0,,4,Really into it,4.5,4.5,1,N/A,1124917276000,N/A,1040,N/A,,N/A,[],people,people
N/A,good,average,good,1,3695602,0,,awesome,5,FR003,"While I still don't like french, Kerri is a great professor. She's young and really quirky. She makes us laugh even in morning classes. Highly recommended, even though the class itself is a pain.",04/23/2005,3.0,3.0,,5,Sorta interested,5.0,5.0,1,N/A,1114297474000,N/A,1040,N/A,,N/A,[],people,person
Mandatory,good,average,good,1,3114437,0,,good,4,FR2,she made me love french all over again. she's so enthusiastic you just can't help it. haha. plus she's really hot!,12/26/2004,2.0,2.0,,4,Sorta interested,4.0,4.0,1,N/A,1104047388000,N/A,1040,N/A,,B+,[],people,person
N/A,average,good,average,0,2108602,0,,average,3,FRENCH,"she's okay, not the best.",05/07/2004,4.0,4.0,,3,N/A,3.0,3.0,1,N/A,1083963144000,N/A,1040,N/A,,N/A,[],people,people
N/A,good,average,good,0,1725230,1,,awesome,5,FRENCH2,"Fun class, awesome stories. Too grammatically based, felt like a drone with those weekly quizzes and exercises de revision.",02/17/2004,3.0,3.0,,5,N/A,5.0,5.0,1,N/A,1077015154000,N/A,1040,N/A,,N/A,[],person,people
N/A,good,average,good,0,1261680,0,,awesome,5,FRENCH3,Good teacher.,11/04/2003,3.0,3.0,,4,N/A,4.5,4.5,1,N/A,1067966915000,N/A,1040,N/A,,N/A,[],people,people
N/A,good,average,good,0,964989,0,,good,4,FR1,Tough but really enthusiastic and well organized,05/16/2003,3.0,3.0,,4,N/A,4.0,4.0,1,N/A,1053094216000,N/A,1040,N/A,,N/A,[],people,people
N/A,good,average,good,0,878975,0,,awesome,5,FRENCH1,"She is the best language teacher I have had after having 8 different teachers.  Amazing enthusiasm, great organization, and after one term I knew French.",04/24/2003,3.0,3.0,,5,N/A,5.0,5.0,1,N/A,1051193821000,N/A,1040,N/A,,N/A,[],people,people
N/A,good,average,good,0,868768,0,,awesome,5,FR1FR2,Great enthusiasm for the course. Always willing to meet outside of class to figure stuff out.,04/22/2003,3.0,3.0,,5,N/A,5.0,5.0,1,N/A,1051039989000,N/A,1040,N/A,,N/A,[],people,people
N/A,good,average,good,0,864718,0,,awesome,4,FRENCH2,No Comments,04/22/2003,2.0,2.0,,5,N/A,4.5,4.5,1,N/A,1051005197000,N/A,1040,N/A,,N/A,[],people,people
N/A,good,good,good,0,792635,0,,awesome,4,12,No Comments,04/05/2003,4.0,4.0,,5,N/A,4.5,4.5,1,N/A,1049567050000,N/A,1040,N/A,,N/A,[],people,people
N/A,poor,good,poor,0,750782,0,,poor,1,FR1,She couldn't care less about you. I didn't learn much,03/27/2003,4.0,4.0,,2,N/A,1.5,1.5,1,N/A,1048731782000,N/A,1040,N/A,,N/A,[],people,people
N/A,poor,good,average,0,539851,0,,poor,1,FRENCH1,She expects too much from beginners!,02/04/2003,4.0,4.0,,3,N/A,2.0,2.0,1,N/A,1044374588000,N/A,1040,N/A,,N/A,[],people,people
