attendance,clarityColor,easyColor,helpColor,helpCount,id,notHelpCount,onlineClass,quality,rClarity,rClass,rComments,rDate,rEasy,rEasyString,rErrorMsg,rHelpful,rInterest,rOverall,rOverallString,rStatus,rTextBookUse,rTimestamp,rWouldTakeAgain,sId,takenForCredit,teacher,teacherGrade,teacherRatingTags,unUsefulGrouping,usefulGrouping
Not Mandatory,good,average,good,0,25932844,0,,awesome,5,PSY25,"Debold transforms dense material into clear explanations. He keeps it simple and really tries to feed students what is most important. However, his tests are extremely comprehensive; a complete understanding of the material is crucial to get a good grade. His tests are fair, though, if you put in the time. Your grade should reflect your effort.",01/13/2016,3.0,3.0,,4,It's my life,4.5,4.5,1,Yes,1452683095000,Yes,1040,Yes,,N/A,"['Respected', 'Clear grading criteria']",people,people
Not Mandatory,good,average,good,0,25546976,0,,awesome,5,PSY25,"If you are interested in the material, you will love the class. Joe is engaging and funny. However, tests are pretty difficult and you will have to study a lot. ",12/04/2015,3.0,3.0,,5,Sorta interested,5.0,5.0,1,Yes,1449223200000,N/A,1040,Yes,,A,"['Respected', 'Tough grader']",people,people
Not Mandatory,good,good,good,0,25422958,0,,awesome,5,PSY0025,"Joe is engaging in lecture, but the material (in my opinion) is not the most accessible or exciting. Tests are VERY hard (but if you study a lot, you can still do very well). He is extremely invested in the subject matter. ",11/16/2015,4.0,4.0,,4,Low,4.5,4.5,1,Yes,1447690599000,N/A,1040,Yes,,A,"['Inspirational', 'Tough grader', 'EXTRA CREDIT']",people,people
Not Mandatory,good,average,good,0,25270830,0,,awesome,5,PSYCH002501,"His lectures are really clear, succinct and easy to follow. He also puts all the powerpoints on trunk and doesn't take attendance - but it helps your grade to go to class since he explains things really well and covers things that aren't in the textbook. You can really see his passion for neuroscience/psychology when he teaches-great professor. ",10/20/2015,3.0,3.0,,5,It's my life,5.0,5.0,1,Yes,1445348506000,N/A,1040,Yes,,A,"['Get ready to read', 'Amazing lectures', ""Skip class? You won't pass.""]",people,people
N/A,good,average,good,1,24073108,0,,awesome,5,PSY25,"The tests are not easy, but Prof. DeBold is a fantastic lecturer, and he is helpful if you ask him questions. He does not take attendance, but your grade WILL be better if you show up to class. Every few classes, he saysdoes something absolutely hilarious too, so take that as incentive. ",12/14/2014,3.0,3.0,,4,Really into it,4.5,4.5,1,Yes,1418564065000,N/A,1040,Yes,,N/A,"['Hilarious', 'Respected', 'Amazing lectures']",people,person
N/A,good,good,good,1,23951128,1,,awesome,5,PSYCH25,"AMAZING PROFESSOR.  the class is not a piece of cake, but he makes it very clear what you are tested on and what you should know.  definitely hard though - I'm getting an AA- in the class and don't go out the weekends before exams.  I really enjoy it though and it isn't a chore at all.  OVERALL GREAT PROFESSOR, REALLY CARES, AND SUPER APPROACHABLE",12/04/2014,4.0,4.0,,5,It's my life,5.0,5.0,1,Yes,1417715037000,Yes,1040,Yes,,N/A,"['Tough grader', 'Clear grading criteria']",person,person
N/A,average,good,average,1,21715248,2,,average,3,PSY103,Exams are really difficult. Don't skip any classes. You have to read every page of the book and memorize all the notes to do well. Material is interesting but class is not. It is definitely a hard course.,05/09/2013,5.0,5.0,,2,Sorta interested,2.5,2.5,1,Yes,1368065559000,N/A,1040,N/A,,N/A,[],people,person
N/A,average,good,average,0,19899807,0,,average,3,PSYCH1,"I thought he was very condescending during class. Tests were hard, pop quizzes were unmerited. Going to office hours didn't help.",03/11/2012,4.0,4.0,,2,Really into it,2.5,2.5,1,Yes,1331476313000,N/A,1040,N/A,,N/A,[],people,people
N/A,good,good,good,1,19563291,0,,good,5,PSYCH25,"His tests were heavily lecture based, so I would suggest going to class every day. He always made class fun and interesting! Never went to office hours so I don't know how heloful he is then.",12/18/2011,5.0,5.0,,3,Really into it,4.0,4.0,1,Yes,1324240167000,N/A,1040,N/A,,N/A,[],people,person
N/A,good,average,good,0,19430261,0,,awesome,5,PSY25,"Joe is a great man! He is vocal and loves to teach. He's truthful and exams are 50 MC. Study for each one, final is optional!",12/08/2011,3.0,3.0,,4,It's my life,4.5,4.5,1,Yes,1323369984000,N/A,1040,N/A,,N/A,[],people,people
N/A,good,average,good,0,18510289,0,,awesome,5,PSYCH55,"Professor DeBold is great. He is incredibly well-prepared for class, and really researches what he presents prior to class. I learned a ton from him that I otherwise never could have learned from the textbook or online sources. GREAT CLASS.",05/02/2011,3.0,3.0,,5,Sorta interested,5.0,5.0,1,Yes,1304367268000,N/A,1040,N/A,,N/A,[],people,people
N/A,good,average,good,2,18196226,0,,awesome,5,PSY55,"human sexual behavior- great class, very interesting. covers subjects in a lot of different areas, not just psych. textbook was good. debold is a great teacher, really interesting, clear and down to earth. tests weren't easy as pie, but they were very fair. if you come to class and study a little you'll be fine.",01/30/2011,2.0,2.0,,5,Really into it,5.0,5.0,1,Yes,1296424169000,N/A,1040,N/A,,N/A,[],people,people
N/A,good,good,good,0,17657616,0,,awesome,5,PSY104,"I took Dr. DeBold's advanced physio psych seminar. The class is part lecture on the physiology of the topic, and part research article-based with student presentations. His short-answer tests are not tricky, maybe even easy, if you study well. Dr. DeBold is smart and explains concepts well, but seemed little aloof when I went to ask questions.",10/14/2010,4.0,4.0,,4,It's my life,4.5,4.5,1,Yes,1287075015000,N/A,1040,N/A,,N/A,[],people,people
N/A,good,average,good,0,16450445,0,,awesome,5,PSY25,"PSY 25 and 55: Really memorable. Tests really aren't that difficult as long as you keep up with the lectures and do the readings. There are three tests with 50 multiple choice questions per test and an optional final. The final can be used to boost your grade (it can replace 50% of your test average), so the class really isn't that hard.",12/02/2009,3.0,3.0,,5,Sorta interested,5.0,5.0,1,Yes,1259712867000,N/A,1040,N/A,,N/A,[],people,people
N/A,good,good,good,0,16357016,0,,good,4,PSYCHALL,"25 & 55 Really great professor. He cares about student's learning and understanding and always tries to make the lectures as interesting as possible with movies and clips in his power points. Exams are multiple choice for physio and human sexuality, but don't be fooled-they are very difficult-you need to study A LOT. Great classes, great professor.",11/12/2009,4.0,4.0,,4,Really into it,4.0,4.0,1,Yes,1258028109000,N/A,1040,N/A,,N/A,[],people,people
N/A,good,good,good,0,15396661,0,,awesome,5,PSY25,"Your final grade is based on 3 multiple choice exams and an optional final. Don't be fooled-- the exams are HARD. The material is complicated, and lots is covered over the semester. His lectures are very clear, but he has a boring personality.",01/20/2009,5.0,5.0,,4,Really into it,4.5,4.5,1,Yes,1232491467000,N/A,1040,N/A,,N/A,[],people,people
N/A,good,average,good,0,14289092,1,,good,4,PSY55,"Human Sexual Behavior - This is not as easy as it seems! Most people get away with B's, not too many A's, and some C's and lower. This is a decent elective for a Psych major because it is pretty entertaining. 3 Multiple choice tests, with an optional final that you can use to raise your grade. You have to do the work, but it is manageable.",04/14/2008,3.0,3.0,,4,Really into it,4.0,4.0,1,Yes,1208186608000,N/A,1040,N/A,,N/A,[],person,people
N/A,poor,good,poor,0,14029110,0,,awful,1,PSYCH25,Professor Debold seems nice in class but his exams are ridiculously hard - Do not take this class with him!,01/22/2008,5.0,5.0,,1,Sorta interested,1.0,1.0,1,Yes,1200998805000,N/A,1040,N/A,,N/A,[],people,people
N/A,good,good,good,0,13117260,0,,good,4,PSY55,"This class (Human Sexual Behavior) is a lot harder than I originally thought it would be. DeBold is funny and easy to understand. He uses powerpoint presentations for every class and he puts them on blackboard, so it's ok if you miss a few classes. Exams are MC but HARD. There is an optional final that you can use to raise your grade.",05/06/2007,4.0,4.0,,4,Really into it,4.0,4.0,1,Yes,1178465852000,N/A,1040,N/A,,N/A,[],people,people
N/A,good,average,good,0,11331243,0,,awesome,5,PSY25,really good prof. kind of dry but clear.,01/09/2006,3.0,3.0,,4,Sorta interested,4.5,4.5,1,N/A,1136826722000,N/A,1040,N/A,,N/A,[],people,people
N/A,average,good,average,0,11214040,1,,poor,2,PSYCH,"Debold is a bold professor.  He is funny, laughable and very attractive.  His method is like the penal system.  It relies on justice, transparency and a hard wooden object.",12/19/2005,5.0,5.0,,2,Low,2.0,2.0,1,N/A,1135011846000,N/A,1040,N/A,,N/A,[],person,people
N/A,good,average,good,0,11110096,0,,awesome,5,COREBIOPSYCH,Awesome professor.  I love how he jumps around pretending to be what he is teaching about - so endearing!  He really knows his stuff and is very patient.  He sometimes stands in front of the powerpoint slides so you cannot write notes and then changes to the next slide too fast but overall EXCELLENT professor!!,12/10/2005,2.0,2.0,,4,It's my life,4.5,4.5,1,N/A,1134212714000,N/A,1040,N/A,,N/A,[],people,people
N/A,good,average,good,0,3787907,0,,awesome,5,PSY55,"great professor. really wants you to succeed, always willing to help. really knows his stuff, too. take it, no matter how much you think you know about sex. gives you option to take final and have it count for half your grade only if it will help you, so you always have a chance to bring it back up.",05/04/2005,2.0,2.0,,5,Really into it,5.0,5.0,1,N/A,1115246517000,N/A,1040,N/A,,N/A,[],people,people
N/A,good,good,good,0,2117297,0,,awesome,5,PSY55,"Really relaxed, clear, and organized.  Highly recommend taking a course with him.  Grading is based solely on 3 difficult multiple-choice tests.",05/10/2004,4.0,4.0,,5,N/A,5.0,5.0,1,N/A,1084189237000,N/A,1040,N/A,,N/A,[],people,people
N/A,good,average,good,0,2055774,0,,awesome,5,PSY127,"One of the nicest people in the Psych department, hands down.  His lectures are relatively clear and thorough.",04/29/2004,2.0,2.0,,5,N/A,5.0,5.0,1,N/A,1083233544000,N/A,1040,N/A,,N/A,[],people,people
N/A,good,average,average,0,1920028,0,,good,4,PSY55,"good lecturer, at ease but organized and clear. this class's grade is based on solely on multiple choice tests. very prompt grading.",04/07/2004,2.0,2.0,,3,N/A,3.5,3.5,1,N/A,1081372109000,N/A,1040,N/A,,N/A,[],people,people
N/A,good,good,good,0,1870867,0,,awesome,5,PSY,"he won't hold your hand while you learn, but you'll -definitely- learn.",03/30/2004,4.0,4.0,,4,N/A,4.5,4.5,1,N/A,1080666518000,N/A,1040,N/A,,N/A,[],people,people
N/A,good,good,good,0,1676184,0,,good,4,PSYCH25,"Nice guy, clear lectures, but his tests are ridiculous!",02/02/2004,4.0,4.0,,4,N/A,4.0,4.0,1,N/A,1075722358000,N/A,1040,N/A,,N/A,[],people,people
N/A,good,average,good,0,960078,0,,awesome,5,PSY131,No Comments,05/14/2003,3.0,3.0,,5,N/A,5.0,5.0,1,N/A,1052936889000,N/A,1040,N/A,,N/A,[],people,people
N/A,good,good,good,0,953326,0,,awesome,5,BIOCORE,"Very slow and tedious sometimes, but otherwise a very knowledgable and understanding professor!",05/12/2003,4.0,4.0,,4,N/A,4.5,4.5,1,N/A,1052765101000,N/A,1040,N/A,,N/A,[],people,people
N/A,good,average,good,0,868552,0,,awesome,5,PSYCH101,No Comments,04/22/2003,3.0,3.0,,5,N/A,5.0,5.0,1,N/A,1051037782000,N/A,1040,N/A,,N/A,[],people,people
N/A,good,good,good,0,844142,0,,awesome,5,35,No Comments,04/16/2003,4.0,4.0,,4,N/A,4.5,4.5,1,N/A,1050524260000,N/A,1040,N/A,,N/A,[],people,people
