attendance,clarityColor,easyColor,helpColor,helpCount,id,notHelpCount,onlineClass,quality,rClarity,rClass,rComments,rDate,rEasy,rEasyString,rErrorMsg,rHelpful,rInterest,rOverall,rOverallString,rStatus,rTextBookUse,rTimestamp,rWouldTakeAgain,sId,takenForCredit,teacher,teacherGrade,teacherRatingTags,unUsefulGrouping,usefulGrouping
Mandatory,good,good,good,2,22830251,0,,awesome,5,ENG291,"Kevin is the absolute best. He is incredibly intelligent, well-spoken, and has a wonderful sense of humor. He makes the Renaissance fun and is a joy to learn from. Plus he's hot, like your friend's dad.",02/09/2014,4.0,4.0,,5,It's my life,5.0,5.0,1,Yes,1391986485000,N/A,1040,N/A,,N/A,[],people,people
N/A,good,average,good,0,20071669,0,,awesome,5,ENG50,Kevin is amazing! Friend talked me into taking his Shakespeare class and ended up being probably my favorite class of the semester.  Never a dull moment.,04/18/2012,2.0,2.0,,5,It's my life,5.0,5.0,1,Yes,1334751311000,N/A,1040,N/A,,N/A,[],people,people
N/A,good,average,good,1,18234385,0,,awesome,5,ENG50,"Such a G.  Take Shakespeare with him, he is hilarious.  I was a really great class, I learned a lot, was never bored, and never felt like I had an overwhelming amount of work.  It's pretty easy to get an A-.",02/14/2011,2.0,2.0,,4,Sorta interested,4.5,4.5,1,Yes,1297714295000,N/A,1040,N/A,,N/A,[],people,person
N/A,good,average,good,0,16889034,0,,awesome,5,EN50,"Wonderful professor. interesting lectures, very clear and enthusiastic and funny. definitely take a class with him.",03/19/2010,3.0,3.0,,5,It's my life,5.0,5.0,1,Yes,1269035230000,N/A,1040,N/A,,N/A,[],people,people
N/A,good,average,average,0,16630301,0,,good,5,ENG50,"Great guy! Hilarious, and makes Shakespeare a joy to learn. If you take a Shakespeare class take it with him!",12/23/2009,3.0,3.0,,2,Really into it,3.5,3.5,1,Yes,1261570191000,N/A,1040,N/A,,N/A,[],people,people
