attendance,clarityColor,easyColor,helpColor,helpCount,id,notHelpCount,onlineClass,quality,rClarity,rClass,rComments,rDate,rEasy,rEasyString,rErrorMsg,rHelpful,rInterest,rOverall,rOverallString,rStatus,rTextBookUse,rTimestamp,rWouldTakeAgain,sId,takenForCredit,teacher,teacherGrade,teacherRatingTags,unUsefulGrouping,usefulGrouping
N/A,good,good,good,0,18610852,0,,awesome,5,MATH38,"Frumosu is awesome- Diff Eq sucks, but Frumosu is engaging and clear. Because he got more work from the math department than he wanted he refused to hold any extra meetings besides his office hours I couldn't make, which was disappointing, but he is incredibly good at what he does.",05/16/2011,5.0,5.0,,4,Low,4.5,4.5,1,Yes,1305551902000,N/A,1040,N/A,,N/A,[],people,people
N/A,good,average,good,0,18594480,0,,awesome,5,MATH6,"I really liked Prof. Frumosu's teaching style - very laid back, organized, clear, efficient, etc. I never had to use the textbook, because his lectures were so helpful. He genuinely cares if students understand the new concepts and takes questions as he is teaching. I would definitely recommend taking a Math class with him!",05/13/2011,2.0,2.0,,5,Sorta interested,5.0,5.0,1,No,1305285522000,N/A,1040,N/A,,N/A,[],people,people
N/A,good,average,good,0,17163027,0,,awesome,4,MATH38,"Prof Frumosu was a great professor. He teaches in a clean, neat, legible, and efficient manner. And he is readily available outside of class. Above all else, he really cares about having students understand the material. (And he's hilarious - he talks about math like it's war. intense) Take a class with him if you can!",05/10/2010,3.0,3.0,,5,Really into it,4.5,4.5,1,Yes,1273493199000,N/A,1040,N/A,,N/A,[],people,people
N/A,good,average,good,0,14026119,0,,awesome,4,MATH11,"Very committed, knowledgeable, friendly and helpful.",01/21/2008,3.0,3.0,,5,It's my life,4.5,4.5,1,Yes,1200928369000,N/A,1040,N/A,,N/A,[],people,people
N/A,good,good,good,0,14010696,0,,awesome,5,MATH13,"Professor Frumosu was a great professor.  He was clear in presentation and always available outside of class. Having it early in the morning was tough at times, but definitely worth it.",01/16/2008,4.0,4.0,,5,Really into it,5.0,5.0,1,Yes,1200509498000,N/A,1040,N/A,,N/A,[],people,people
N/A,good,average,good,0,13602046,0,,awesome,5,MATH13,He is the best math teacher ever.  He really cares about his students and doesn't let you get behind.  He knows his stuff and he makes sure you know it too.,11/05/2007,2.0,2.0,,5,Meh,5.0,5.0,1,No,1194299230000,N/A,1040,N/A,,N/A,[],people,people
N/A,good,average,good,0,12984479,0,,good,5,MATH12,Very clear and nice.  He likes to use the word trivial a lot.,04/08/2007,2.0,2.0,,3,Sorta interested,4.0,4.0,1,No,1176042488000,N/A,1040,N/A,,N/A,[],people,people
N/A,good,average,good,0,12354183,0,,awesome,5,MATH13,"Really great teacher. Makes an effort to make sure that everybody understands the material. Just fast-paced enough to keep it interesting, and not too slow to make it tedious.",11/03/2006,3.0,3.0,,4,Really into it,4.5,4.5,1,Yes,1162551283000,N/A,1040,N/A,,N/A,[],people,people
N/A,good,average,good,0,11658307,0,,awesome,5,MATH12,He is awesome. he is such a nice guy and really takes time to help everyone learn the materiel. he tries to think of interesting ways to get his points across. if you are not a math person but for some reason taking math 12 def try to get him.,04/04/2006,3.0,3.0,,5,It's my life,5.0,5.0,1,N/A,1144184432000,N/A,1040,N/A,,N/A,[],people,people
N/A,good,good,good,0,11647437,0,,awesome,5,MATH13,"Great teacher, knows his stuff. His class is definitely worth taking if you are interested in math. Not very energetic, but is always willing to help and go over hard topics. Really cares about his students",04/03/2006,4.0,4.0,,5,It's my life,5.0,5.0,1,N/A,1144026471000,N/A,1040,N/A,,N/A,[],people,people
N/A,good,good,good,0,11592246,0,,awesome,5,MATH13,"Very helpful! Obviously knows the subject well, and does a good job of explaining background concepts without causing confusion.  INCREDIBLE teacher, definitely take his course!!!",03/20/2006,4.0,4.0,,5,It's my life,5.0,5.0,1,N/A,1142883708000,N/A,1040,N/A,,N/A,[],people,people
