attendance,clarityColor,easyColor,helpColor,helpCount,id,notHelpCount,onlineClass,quality,rClarity,rClass,rComments,rDate,rEasy,rEasyString,rErrorMsg,rHelpful,rInterest,rOverall,rOverallString,rStatus,rTextBookUse,rTimestamp,rWouldTakeAgain,sId,takenForCredit,teacher,teacherGrade,teacherRatingTags,unUsefulGrouping,usefulGrouping
N/A,average,average,average,0,31541168,0,,average,3,ES7,"I found his lectures tiresome which made it difficult to follow and understand the concepts yet, he is caring and is a relatively easy grader and offers extra credit which makes it possible to do well in his class nonetheless.",04/06/2019,3.0,3.0,,3,N/A,3.0,3.0,1,Yes,1554518952000,Yes,1040,Yes,,A+,"['Lecture heavy', 'EXTRA CREDIT', 'Caring']",people,people
Mandatory,good,average,good,0,31269675,0,,good,4,ES8,very lecture heavy class that can get kind of dull. you need the textbook for homework but dont bother reading it. Behrouz is a really nice guy and is available often to help with concepts,01/16/2019,3.0,3.0,,4,N/A,4.0,4.0,1,Yes,1547666560000,Yes,1040,Yes,,B+,"['Accessible outside class', ""Skip class? You won't pass."", 'Caring']",people,people
N/A,poor,good,poor,0,30519444,1,,awful,1,ES8,Doesn't know how to teach. Good luck doing the homework with the info he gives you in class.,09/24/2018,5.0,5.0,,1,N/A,1.0,1.0,1,No,1537802428000,No,1040,Yes,,N/A,['Lecture heavy'],person,people
Mandatory,good,good,good,1,27557037,0,,good,4,ES8,"I wound up really enjoying taking ES8 with Abedian. His sense of humor takes a few weeks to get used to but he is hilarious. He focuses a lot on the general concepts behind fluids so get ready to think on his tests. He also makes an effort to learn everyone's name, even if you never went to office hours or are never in the ME department.",12/18/2016,4.0,4.0,,4,N/A,4.0,4.0,1,Yes,1482084347000,Yes,1040,Yes,,N/A,['Gives good feedback'],people,person
Not Mandatory,good,good,good,1,24011424,0,,awesome,4,ME111,"I took ME111 Fluid mechanics recently and Prof. Abedian is very good throughout, I knew a lot after this course and he is a very nice guy who wants you to think a lot after class and give him feedback.",12/10/2014,4.0,4.0,,5,Really into it,4.5,4.5,1,Yes,1418170697000,Yes,1040,Yes,,B,"['Inspirational', 'Tough grader']",people,person
N/A,good,average,good,1,23161413,0,,good,4,ES7,"Very good lecturer, the notes he writes as he teaches are very easy to follow and understand, provides a lot of in-class examples of problems, has some difficulty fully explaining answers to questions posed by students during class",05/04/2014,3.0,3.0,,4,Sorta interested,4.0,4.0,1,Yes,1399229293000,N/A,1040,N/A,,N/A,[],people,person
N/A,good,average,good,0,19596884,1,,awesome,4,ES8,"Very good professor. Clear and effective. Really cares about whether you learn the material. Very easy quizzes every other friday, plus homework due every class and a midterm.",12/21/2011,2.0,2.0,,5,Sorta interested,4.5,4.5,1,Yes,1324492534000,N/A,1040,N/A,,N/A,[],person,people
N/A,good,average,good,0,19426282,0,,awesome,5,ES8,Great professor. Very clear. Lots of chapter quizzes which you can drop some of. Really cares about fluids and is happy to help. Make sure to get him for fluids!,12/08/2011,2.0,2.0,,5,Really into it,5.0,5.0,1,Yes,1323354904000,N/A,1040,N/A,,N/A,[],people,people
N/A,good,average,good,1,18979191,0,,awesome,4,ES8,"Great guy, really cares about whether you learn or not, also one of the smartest people at Tufts.",09/05/2011,3.0,3.0,,5,Really into it,4.5,4.5,1,Yes,1315232734000,N/A,1040,N/A,,N/A,[],people,person
N/A,good,average,good,1,16786802,0,,awesome,5,ES8,"Excellent Professor, nice guy too",02/05/2010,2.0,2.0,,4,Sorta interested,4.5,4.5,1,Yes,1265400870000,N/A,1040,N/A,,N/A,[],people,person
N/A,good,average,good,0,14901560,0,,awesome,5,ES008,"He is an AMAZING professor! He is very clear and helpful. He's always available to help with homework, even if it's not his office hours. I had him for Fluids and took Advanced Fluids as a Senior just because he was teaching it.",10/25/2008,3.0,3.0,,5,It's my life,5.0,5.0,1,Yes,1224971243000,N/A,1040,N/A,,N/A,[],people,people
N/A,average,average,average,0,11531868,0,,average,2,ES8,"&quot;excuzu me&#63;&quot; watch out, he actually heard you, he just doesn't want to acknowledge it.  nice cute little man.  looks like the guy in the x-men underwear commercial.",03/01/2006,2.0,2.0,,4,Sorta interested,3.0,3.0,1,N/A,1141237444000,N/A,1040,N/A,,N/A,[],people,people
N/A,good,poor,good,0,2731408,0,,awesome,5,ES8,"NO tests, just VERY easy quizzes every friday. All open book and open notes.",11/14/2004,1.0,1.0,,4,Sorta interested,4.5,4.5,1,N/A,1100446785000,N/A,1040,N/A,,N/A,[],people,people
N/A,good,average,good,0,2714843,0,,awesome,4,ADVFM,No Comments,11/11/2004,3.0,3.0,,5,Sorta interested,4.5,4.5,1,N/A,1100205244000,N/A,1040,N/A,,N/A,[],people,people
N/A,good,average,good,0,1188009,0,,awesome,4,ES8,He is a cute little man and he likes to talk about the bubbles in the Guiness.,10/14/2003,3.0,3.0,,5,N/A,4.5,4.5,1,N/A,1066121959000,N/A,1040,N/A,,N/A,[],people,people
N/A,average,good,average,0,866411,0,,average,2,ME165,No Comments,04/22/2003,5.0,5.0,,3,N/A,2.5,2.5,1,N/A,1051020274000,N/A,1040,N/A,,N/A,[],people,people
N/A,average,average,average,0,865433,0,,good,3,ES8,No Comments,04/22/2003,3.0,3.0,,4,N/A,3.5,3.5,1,N/A,1051012470000,N/A,1040,N/A,,N/A,[],people,people
N/A,average,average,average,0,543097,0,,average,3,ME165,SHOULD HAVE MORE PASSION FOR TEACHING,02/05/2003,3.0,3.0,,3,N/A,3.0,3.0,1,N/A,1044459174000,N/A,1040,N/A,,N/A,[],people,people
