attendance,clarityColor,easyColor,helpColor,helpCount,id,notHelpCount,onlineClass,quality,rClarity,rClass,rComments,rDate,rEasy,rEasyString,rErrorMsg,rHelpful,rInterest,rOverall,rOverallString,rStatus,rTextBookUse,rTimestamp,rWouldTakeAgain,sId,takenForCredit,teacher,teacherGrade,teacherRatingTags,unUsefulGrouping,usefulGrouping
Not Mandatory,poor,average,poor,3,26856881,0,,awful,1,CHEM8,"For Chem 1 and 2: Avoid at all costs as a prof. Goes off on tangents and then puts what he says on the exams even though they aren't related to lecture or the book. Also never available for office hours, which Tufts must hate because they always emphasize how important it is. He can't be bothered with students and their questions and shows it.",08/02/2016,3.0,3.0,,1,N/A,1.0,1.0,3,Yes,1470167567000,No,1040,Yes,,N/A,['EXTRA CREDIT'],people,people
N/A,good,good,good,0,24993436,0,,good,4,001,"He's a good teacher for summer chem, which is a really condensed course for an already-tough subject. If you're worried about the prof for the summer course, don't worry about kenny, he's willing to help and he's a nice guy.",06/24/2015,4.0,4.0,,4,Sorta interested,4.0,4.0,1,Yes,1435176230000,N/A,1040,Yes,,A,"['Get ready to read', 'Caring', 'EXTRA CREDIT']",people,people
Not Mandatory,average,average,average,0,22666688,0,,average,2,CHEM31,He is nice but awkward. Tests are fair.,12/28/2013,3.0,3.0,,3,Sorta interested,2.5,2.5,1,Yes,1388239855000,N/A,1040,N/A,,B,[],people,people
Not Mandatory,average,good,average,0,22314986,0,,good,2,CHEM0031,"Somewhat hard to understand in lecture and slightly awkward outside of it, but just a generally great guy who wants to see his students succeed and is willing to put in the effort to help them.",11/14/2013,4.0,4.0,,5,Low,3.5,3.5,1,Yes,1384422410000,N/A,1040,N/A,,N/A,[],people,people
N/A,good,average,good,0,18016071,0,,good,4,CHEM33,"Not as hard as it could have been, but still Pchem",12/21/2010,2.0,2.0,,4,Really into it,4.0,4.0,1,Yes,1292950692000,N/A,1040,N/A,,N/A,[],people,people
N/A,average,good,average,0,17984374,0,,average,2,CHEM31,"Professor Kenny is... interesting. Pretty convoluted lectures, read the book and you'll get the same thing. Notes on the book are probably more useful. A difficult class, very mathematical, and difficult problem sets. Tests are hard and poorly worded- but manageable.",12/17/2010,4.0,4.0,,4,Really into it,3.0,3.0,1,Yes,1292624803000,N/A,1040,N/A,,N/A,[],people,people
N/A,average,average,average,0,17980151,1,,average,3,CHEM31,"His presentation was... lacking. And rather boring. Overall, not a bad professor, just not the greatest.",12/17/2010,3.0,3.0,,3,Really into it,3.0,3.0,1,Yes,1292600881000,N/A,1040,N/A,,N/A,[],person,people
N/A,average,average,average,0,16592157,0,,good,3,CHEM31,"The class definitely is not as hard as Kenny could make it. His lectures dont really add anything to what's already in the book. Lots of application of math to simple chemical concepts. Tests were 4 questions long, usually half theoretical half computational. Pretty fair class, average was a B I think. Dont cram and youll do well.",12/18/2009,3.0,3.0,,4,Sorta interested,3.5,3.5,1,Yes,1261103588000,N/A,1040,N/A,,N/A,[],people,people
N/A,poor,average,poor,1,14391999,0,,poor,1,CHEM8,"This is one of the most useless classes i have ever taken. It is poorly organized, and I learned nothing the entire semester. Plus he makes you write a journal entry for every class for extra busy work. Do not take this unless it is required for your major",05/02/2008,2.0,2.0,,2,Sorta interested,1.5,1.5,1,No,1209767096000,N/A,1040,N/A,,N/A,[],people,person
N/A,poor,good,poor,1,14315581,0,,awful,1,CHEM08,"NEVER take environmental chem with Kenny. He might mean well, but I have never taken such a poorly organized class--I had to go on wikipedia to find the explanations for our p-sets since he was so useless. If you're looking for a good way to get your science req. out of the way, this isn't it!",04/19/2008,4.0,4.0,,1,Sorta interested,1.0,1.0,1,No,1208618721000,N/A,1040,N/A,,N/A,[],people,person
N/A,average,average,good,0,11897585,0,,good,3,PCHEM,he is very interested in the class and his lectures are exactly the same as what he puts online (so if you miss class it is ok) tests are fair. I strongly suggest going to office hours whenever you have a chance.,05/16/2006,3.0,3.0,,5,Sorta interested,4.0,4.0,1,N/A,1147800478000,N/A,1040,N/A,,N/A,[],people,people
N/A,average,average,average,0,10671862,0,,good,3,CHEM31,Hes really excited about this class (P chem) and loves to get sidetracked talking about sciency things (the wright lectures for example). Overall not too bad. Sit in the back row and you will be given mad props from kenny.,10/31/2005,3.0,3.0,,4,Sorta interested,3.5,3.5,1,N/A,1130793366000,N/A,1040,N/A,,N/A,[],people,people
N/A,average,good,average,0,3148398,0,,average,2,CHEM31,"Course was very confusing at times and the exams were not similar to the problem sets at all. However, Kenny is a caring professor and extremely intelligent.",01/03/2005,5.0,5.0,,3,Really into it,2.5,2.5,1,N/A,1104774925000,N/A,1040,N/A,,N/A,[],people,people
N/A,average,good,average,0,2413798,0,,good,3,CHEM31,his lectures/teaching style were hard to get used to at first but if you need help he is very willing.  he's a nice guy but his material is tough.,08/24/2004,4.0,4.0,,4,N/A,3.5,3.5,1,N/A,1093355837000,N/A,1040,N/A,,N/A,[],people,people
N/A,average,good,average,1,2111497,0,,poor,2,CHEM8,"Prof Kenny is a nice guy, but the organization of his class was poor and made it difficult to learn",05/08/2004,4.0,4.0,,2,N/A,2.0,2.0,1,N/A,1084038520000,N/A,1040,N/A,,N/A,[],people,person
N/A,good,average,good,0,1517508,0,,awesome,4,ACL007,"Kenny was a very caring and competent advisor.  I'm not sure how much I learned, but he was always very nice.",12/16/2003,2.0,2.0,,5,N/A,4.5,4.5,1,N/A,1071587185000,N/A,1040,N/A,,N/A,[],people,people
N/A,average,good,good,0,885036,0,,good,3,CHEM31,No Comments,04/25/2003,4.0,4.0,,5,N/A,4.0,4.0,1,N/A,1051277597000,N/A,1040,N/A,,N/A,[],people,people
N/A,good,average,average,0,874389,0,,good,4,PCHEM,"Class was pretty easy, without the cheatsheet you would probably fail his exams.  Very comprehensive and detailed lectures.  posts every class' notes on the website.  A good class, he doesnt make material any more interesting than it is unfortunately.",04/23/2003,3.0,3.0,,3,N/A,3.5,3.5,1,N/A,1051118284000,N/A,1040,N/A,,N/A,[],people,people
N/A,good,average,average,0,868760,1,,good,4,ADVISING,No Comments,04/22/2003,2.0,2.0,,3,N/A,3.5,3.5,1,N/A,1051039956000,N/A,1040,N/A,,N/A,[],person,people
N/A,average,average,average,0,864517,0,,average,3,CHEM31,Backlearning is easier in Kenny's class than actual learning. The cheat-sheets he lets students bring into tests are a joke.,04/22/2003,2.0,2.0,,2,N/A,2.5,2.5,1,N/A,1051001545000,N/A,1040,N/A,,N/A,[],people,people
N/A,poor,average,poor,0,585223,0,,awful,1,CHEM31,No Comments,02/18/2003,3.0,3.0,,1,N/A,1.0,1.0,1,N/A,1045606462000,N/A,1040,N/A,,N/A,[],people,people
