attendance,clarityColor,easyColor,helpColor,helpCount,id,notHelpCount,onlineClass,quality,rClarity,rClass,rComments,rDate,rEasy,rEasyString,rErrorMsg,rHelpful,rInterest,rOverall,rOverallString,rStatus,rTextBookUse,rTimestamp,rWouldTakeAgain,sId,takenForCredit,teacher,teacherGrade,teacherRatingTags,unUsefulGrouping,usefulGrouping
N/A,poor,average,poor,0,20755821,0,,awful,1,FRENC4,Prof. Geoghegan is incredibly disorganized and not helpful at all. The class sessions don't help you learn and the homework is just as useless. You are completely on your own when it comes time to study for your tests.,10/30/2012,3.0,3.0,,1,Really into it,1.0,1.0,1,Yes,1351626641000,N/A,1040,N/A,,N/A,[],people,people
N/A,poor,good,poor,0,20627926,0,,awful,1,FR22,I really didn't enjoy this course at all. The exams didn't correspond with what was taught in class. I wouldn't recommend this course.,09/05/2012,5.0,5.0,,1,Really into it,1.0,1.0,1,No,1346860760000,N/A,1040,N/A,,N/A,[],people,people
N/A,average,good,average,0,20160982,0,,average,2,FR22,"Professor Geoghegan definitely earns her reputation of being an ""intense"" teacher. If you don't understand a  reading, she treats you like you're an idiot. She's sweet, so take the time to get to know her in office hours. Also, she gives away test answers in office hours and will correct your essay for you if you bring it in before class.",05/01/2012,4.0,4.0,,4,Really into it,3.0,3.0,1,Yes,1335833910000,N/A,1040,N/A,,N/A,[],people,people
N/A,good,good,good,0,17762988,0,,awesome,4,FR0003,"While Mme Geoghegan is hard, she's one of the best French professors I've had and really expanded my knowledge of French language and grammar.  She's the sort of professor you have a love/hate relationship with. I'd take a class again with her.",11/13/2010,4.0,4.0,,5,Really into it,4.5,4.5,1,Yes,1289648010000,N/A,1040,N/A,,N/A,[],people,people
N/A,good,good,average,0,16670855,0,,good,4,FR21,"She gets a lot of flak for being intense, but she's a fine professor. Some kids need an intense environment to learn languages. Prepare to do a lot of work, but also to read and discuss interesting things. I especially learned a lot of grammar well. She sticks to the book so make sure you study what she highlights in class, but also the chapter.",01/03/2010,4.0,4.0,,3,Sorta interested,3.5,3.5,1,Yes,1262546389000,N/A,1040,N/A,,N/A,[],people,people
N/A,good,good,good,0,15800445,0,,awesome,5,FR22,"Prof Geoghegan may seem intimidating at first, but she is actually very nice and helpful.  This class was extremely difficult with a lot of work ( 2 hours for each class for me at least). While tests are a challenge and grading is tough, participation counts for a lot and you can do well in the class.",05/09/2009,5.0,5.0,,4,Really into it,4.5,4.5,1,Yes,1241862707000,N/A,1040,N/A,,N/A,[],people,people
N/A,good,average,good,0,15716753,0,,good,4,FR22,"She has incredible energy and is genuinely interested in your comprehension and progress. The bad ratings probably came from people who did not get a good grade. She really appreciates it if you make an effort on your essays and you speak up in class. There's quite a bit of work, be warned, but her comments on essays and tests are all very helpful.",04/27/2009,3.0,3.0,,4,Sorta interested,4.0,4.0,1,Yes,1240855000000,N/A,1040,N/A,,N/A,[],people,people
N/A,good,good,good,0,15645949,0,,awesome,5,FR22,"I personally love prof. Geoghegan. She is certainly demanding, (but what legitimate French teacher isn't&#63;) but her class really isn't too much work if you're decent at French. Anyone who thinks she is mean is clearly unable to separate their lack of French skills from the professor whose job it it to grade objectively.",04/14/2009,4.0,4.0,,4,It's my life,4.5,4.5,1,Yes,1239667995000,N/A,1040,N/A,,N/A,[],people,people
N/A,poor,good,poor,0,15627726,0,,awful,1,FRNCH21,This professor will take what might have been a promising language student and destroy them. She will utterly demoralize a student into feeling as if anything they do will result in failure. She will purposefully single a student out rather than help. I am a successful pre-med sophomore and have never had a class this difficult/ utterly awful.,04/08/2009,5.0,5.0,,1,Sorta interested,1.0,1.0,1,Yes,1239234671000,N/A,1040,N/A,,N/A,[],people,people
N/A,poor,good,poor,0,15627696,0,,awful,1,FRNCH21,"Worst professor at tufts period. She has no interest in the student's success, purposefully freaks students out, and will single you out if you don't understand a concept. She should never have been hired.",04/08/2009,5.0,5.0,,1,Really into it,1.0,1.0,1,Yes,1239234364000,N/A,1040,N/A,,N/A,[],people,people
N/A,good,good,good,0,13768604,0,,good,4,FRE003,"Didn't like her at first, too spastic and hyper for 9am. But you grow to love her, she's not  mean. With homework EVERY night, you can't help but learn. Group participation very high.",12/07/2007,4.0,4.0,,4,Sorta interested,4.0,4.0,1,Yes,1197024022000,N/A,1040,N/A,,N/A,[],people,people
N/A,average,average,average,0,13087991,0,,good,3,FR21,"Prof Geoghegan is definitely love or hate her. I personally loved her; she's basically a crazy French old lady. She speaks quite quickly and can be hard to keep up with. If you see you don't like her in the first few days of class, maybe you shouldn't stay but if you do, she's great. She really cares abour people understanding grammar concepts.",05/01/2007,3.0,3.0,,4,It's my life,3.5,3.5,1,Yes,1177985133000,N/A,1040,N/A,,N/A,[],people,people
N/A,good,average,good,0,11432110,0,,good,4,FR4,"Class moved very quickly, but a lot of information was taught.  Prof Geoghegan is very enthusiastic and energetic when she teaches, and she can be funny in her own eccentric way.  She is always concerned about the progress of each of her students, and I found her to be a nice person and a good (and frequently demanding) professor.",01/29/2006,3.0,3.0,,4,Really into it,4.0,4.0,1,N/A,1138567573000,N/A,1040,N/A,,N/A,[],people,people
N/A,poor,good,poor,0,11402057,1,,poor,1,FR4,Worst french prof at tufts.,01/22/2006,4.0,4.0,,2,Really into it,1.5,1.5,1,N/A,1137950774000,N/A,1040,N/A,,N/A,[],person,people
N/A,poor,good,poor,0,10919852,0,,awful,1,FR22,"I really feel like I didn't learn anything in this class. I came in a little nervous about it being a bit hard but I was eager to learn nonetheless, but my grades have stayed mediocre. This is primarily because I don't know what she is asking half the time.  If you ask for help she's like oh youre doing fine, even if youre not. Choose someone else.",11/16/2005,4.0,4.0,,1,Sorta interested,1.0,1.0,1,N/A,1132137188000,N/A,1040,N/A,,N/A,[],people,people
N/A,average,average,average,0,3062877,0,,poor,2,FRENCH4,"The workload, if you keep on top of it, really isn't that bad; learn your grammar & tests wil be fine. Geoghegan was really mean and made me horribly nervous at the beginning of the end, but by the end, she was fine. Never great, though.",12/17/2004,3.0,3.0,,2,Really into it,2.0,2.0,1,N/A,1103324338000,N/A,1040,N/A,,N/A,[],people,people
N/A,poor,good,poor,0,2734120,0,,poor,1,INTERFRII,"She is a bad teacher!  She is not clear in her directions.  If a student does not know an answer in class, she becomes angry and will be mean to the student.  Also, the exams are not organized well, and she does not specify what is important to study and what is not.  She is a horrible teacher!",11/14/2004,4.0,4.0,,2,Really into it,1.5,1.5,1,N/A,1100471886000,N/A,1040,N/A,,N/A,[],people,people
N/A,poor,good,poor,0,2734073,0,,awful,1,INTERFRII,"She is a bad teacher!  She is not clear in her directions.  If a student does not know an answer in class, she becomes angry and will be mean to the student.  Also, the exams are not organized well, and she does not specify what is important to study and what is not.  She is a horrible teacher!",11/14/2004,4.0,4.0,,1,Really into it,1.0,1.0,1,N/A,1100471612000,N/A,1040,N/A,,N/A,[],people,people
N/A,poor,good,poor,0,2382188,0,,awful,1,FR22,"Terrible teacher who will embarass students in class.  Constant mood issues and not very open to differing opinions.  I agree with the statement that she is obviously on speed.  Walks like a chicken, too.",08/11/2004,4.0,4.0,,1,N/A,1.0,1.0,1,N/A,1092221087000,N/A,1040,N/A,,N/A,[],people,people
N/A,good,average,good,0,1994805,0,,good,4,FRENCH21,"Many people may have problems with Geoghegan, and yes, she can be a difficult grader, but she is a good teacher.  she can intimidate some, but is actually very friendly and wants to help.",04/20/2004,3.0,3.0,,4,N/A,4.0,4.0,1,N/A,1082466318000,N/A,1040,N/A,,N/A,[],people,people
N/A,poor,good,poor,0,1693269,0,,awful,1,FRENCH21,No Comments,02/06/2004,5.0,5.0,,1,N/A,1.0,1.0,1,N/A,1076067243000,N/A,1040,N/A,,N/A,[],people,people
N/A,average,good,average,0,1551854,0,,poor,2,FRENCH21,obviously on speed,12/24/2003,4.0,4.0,,2,N/A,2.0,2.0,1,N/A,1072241614000,N/A,1040,N/A,,N/A,[],people,people
N/A,poor,good,poor,0,1289931,0,,awful,1,FR21,No Comments,11/09/2003,5.0,5.0,,1,N/A,1.0,1.0,1,N/A,1068410251000,N/A,1040,N/A,,N/A,[],people,people
N/A,average,average,average,0,1267042,0,,poor,2,FR4,Very abrupt and has frequent mood swings. Her class made me tense and on-edge because she was not very understanding of any difficulties one might have.,11/05/2003,3.0,3.0,,2,N/A,2.0,2.0,1,N/A,1068041745000,N/A,1040,N/A,,N/A,[],people,people
N/A,average,good,average,0,1261692,0,,good,3,FRE21,No Comments,11/04/2003,4.0,4.0,,4,N/A,3.5,3.5,1,N/A,1067967033000,N/A,1040,N/A,,N/A,[],people,people
N/A,average,good,average,0,872376,0,,average,2,FR22,No Comments,04/23/2003,5.0,5.0,,4,N/A,3.0,3.0,1,N/A,1051100251000,N/A,1040,N/A,,N/A,[],people,people
N/A,average,good,poor,0,868975,0,,poor,2,FRE4,No Comments,04/22/2003,4.0,4.0,,1,N/A,1.5,1.5,1,N/A,1051042033000,N/A,1040,N/A,,N/A,[],people,people
N/A,average,good,average,0,868576,0,,average,2,FR22,No Comments,04/22/2003,4.0,4.0,,3,N/A,2.5,2.5,1,N/A,1051038098000,N/A,1040,N/A,,N/A,[],people,people
