attendance,clarityColor,easyColor,helpColor,helpCount,id,notHelpCount,onlineClass,quality,rClarity,rClass,rComments,rDate,rEasy,rEasyString,rErrorMsg,rHelpful,rInterest,rOverall,rOverallString,rStatus,rTextBookUse,rTimestamp,rWouldTakeAgain,sId,takenForCredit,teacher,teacherGrade,teacherRatingTags,unUsefulGrouping,usefulGrouping
Not Mandatory,poor,good,poor,0,32253000,0,,awful,1,COMP160,"The material for Algorithms should not be that complicated, but somehow Matias makes it feel unbearably hard. I recently learned the only way I can do well on the homeworks is to go to office hours (with 20-30 other kids who have no idea what is going on) where TAs essentially give you the answers. Would not recommend this prof for this course",09/30/2019,4.0,4.0,,1,N/A,1.0,1.0,1,Yes,1569801759000,No,1040,Yes,,N/A,[],people,people
Not Mandatory,poor,good,poor,0,32229889,0,,awful,1,COMP160,"I've had Matias for comp15 and now 160. Matias is a nice guy, and it seemed that many of the problems in 15 were just from him being new. Now having him for 160, though, the class is bad. I (and others I've talked to) struggle to follow his lectures at all--creating a lot of extra work for material that by itself does not need to be difficult.",09/16/2019,4.0,4.0,,1,N/A,1.0,1.0,1,Yes,1568596100000,No,1040,Yes,,N/A,[],people,people
N/A,average,good,average,0,32075548,0,,poor,2,COMP15,"Lectures, while not great, are generally helpful until the end of the semester. Self teaching was almost mandatory on harder concepts. Homework seemed to have an almost arbitrary difficulty curve, with some assignments requiring lots of time being followed by substantially easier ones, or an occasional extreme ramp up in difficulty.",07/03/2019,4.0,4.0,,2,N/A,2.0,2.0,1,No,1562177273000,No,1040,Yes,,A,"['Lots of homework', 'Accessible outside class', ""Skip class? You won't pass.""]",people,people
Not Mandatory,average,good,average,0,31582111,0,,poor,2,COMP15,"Matias is nice and the workload is what should be expected out of a COMP class (which is a lot). His lectures are really boring though but overall, the class is not too bad. Office hours with the TAs are a big help.",04/12/2019,4.0,4.0,,2,N/A,2.0,2.0,1,No,1555084171000,Yes,1040,Yes,,N/A,"['Accessible outside class', 'Lots of homework']",people,people
Not Mandatory,average,good,average,2,31552003,0,,poor,2,COMP15,Matias is a nice guy BUT he fails to teach effectively. This is because his slides do not follow clear progression and are unclear - this also applies to the way he teaches. Plus his handwriting is barely legible. The class isn't horrible though - he knows its hard and does care for his students. He puts in extra hours and helps in office hours.,04/08/2019,5.0,5.0,,2,N/A,2.0,2.0,1,No,1554758458000,No,1040,Yes,,B,['Lots of homework'],people,people
N/A,poor,good,poor,1,31288368,0,,awful,1,COMP15,Powerpoints were very vague and mostly had no code on them. The professor seemed confused at times about the content he was teaching. You would benefit from learning the material on your own rather than paying attention to his lectures. Spend lots of time on the homework and ask lots of clarifying questions to the TAs as criteria can be confusing.,01/21/2019,5.0,5.0,,1,N/A,1.0,1.0,1,No,1548115129000,No,1040,Yes,,A-,"['Lots of homework', 'Get ready to read']",people,person
Not Mandatory,average,average,average,1,31275511,0,,average,3,COMP15,"Rambly and not the best, but not too bad. He seemed like he was still getting his footing at Tufts and you could tell he knew a lot especially when he talked about his research. The course itself is mostly graded by TAs and the learning comes from the assignments so his teaching isn't really the important component of the course imo. do the hw.",01/17/2019,3.0,3.0,,3,N/A,3.0,3.0,1,No,1547755918000,No,1040,Yes,,N/A,[],people,person
Not Mandatory,poor,good,poor,0,31087159,1,,awful,1,COMP15,"He was an awful professor. Very unorganized both in the organization of class and the organization of lectures. Snarky and does not receive feedback well. Bad at explaining concepts, find a good TA or look up stuff online. Start hw early and it's not that bad, but the class was way more work than it had been in previous years with a different prof.",12/18/2018,4.0,4.0,,1,N/A,1.0,1.0,1,No,1545172082000,No,1040,Yes,,N/A,['Lots of homework'],person,people
Not Mandatory,poor,good,poor,4,30666406,4,,awful,1,COMP15,Very unclear in lecture and on homeworks,11/06/2018,4.0,4.0,,1,N/A,1.0,1.0,1,No,1541493938000,No,1040,Yes,,N/A,"['Lots of homework', 'Tough grader']",people,people
