attendance,clarityColor,easyColor,helpColor,helpCount,id,notHelpCount,onlineClass,quality,rClarity,rClass,rComments,rDate,rEasy,rEasyString,rErrorMsg,rHelpful,rInterest,rOverall,rOverallString,rStatus,rTextBookUse,rTimestamp,rWouldTakeAgain,sId,takenForCredit,teacher,teacherGrade,teacherRatingTags,unUsefulGrouping,usefulGrouping
N/A,good,average,good,0,18893578,0,,awesome,5,MATH13,Best professor I've had so far at tufts. Makes the class enjoyable and fun!,08/08/2011,3.0,3.0,,5,Really into it,5.0,5.0,1,Yes,1312801594000,N/A,1040,N/A,,N/A,[],people,people
N/A,good,average,good,0,18336101,0,,awesome,5,MATH13,"Great teacher, organized, conscise, and intelligent. highly reccomend him",03/30/2011,3.0,3.0,,5,Sorta interested,5.0,5.0,1,Yes,1301523358000,N/A,1040,N/A,,N/A,[],people,people
N/A,good,average,good,0,18122204,0,,awesome,5,MATH13,Much better than the alternative Math 11/12/13 professors.,01/11/2011,3.0,3.0,,4,It's my life,4.5,4.5,1,Yes,1294772308000,N/A,1040,N/A,,N/A,[],people,people
N/A,good,average,good,0,17980023,0,,awesome,5,MATH13,BEST MATH PROF I've ever had.,12/17/2010,3.0,3.0,,5,Sorta interested,5.0,5.0,1,Yes,1292600221000,N/A,1040,N/A,,N/A,[],people,people
