attendance,clarityColor,easyColor,helpColor,helpCount,id,notHelpCount,onlineClass,quality,rClarity,rClass,rComments,rDate,rEasy,rEasyString,rErrorMsg,rHelpful,rInterest,rOverall,rOverallString,rStatus,rTextBookUse,rTimestamp,rWouldTakeAgain,sId,takenForCredit,teacher,teacherGrade,teacherRatingTags,unUsefulGrouping,usefulGrouping
N/A,good,average,good,0,21198794,0,,awesome,5,CH1,"Balbach's an amazing lecturer; very engaging and funny. No textbooks for this class, just 2 novels (and you have to read them to do well on the tests but they're interesting books)!",01/02/2013,2.0,2.0,,5,Really into it,5.0,5.0,1,No,1357158068000,N/A,1040,N/A,,N/A,[],people,people
N/A,good,average,good,0,20844900,0,,awesome,5,COMM1,"Amazing lecturer. You will not be bored in class. Very animated, very funny, and subject of discussion is usually interesting. Tests are in depth, study for them and make sure you know the details (2 tests). Papers can be challenging but between TA's and mandatory writing help there are plenty of sources for aid (3 papers total 17 pgs)",11/15/2012,3.0,3.0,,5,Low,5.0,5.0,1,No,1353000728000,N/A,1040,N/A,,N/A,[],people,people
N/A,good,average,good,0,20844788,0,,awesome,5,CH1,"She has a great sense of humor and is ridiculously helpful, especially in her office hours.",11/15/2012,2.0,2.0,,5,It's my life,5.0,5.0,1,Yes,1353000080000,N/A,1040,N/A,,N/A,[],people,people
N/A,good,average,good,0,19487840,0,,awesome,4,CH1,"Fantastic Professor, genuinely nice person, great advisor, REALLY cares about students and subject!",12/13/2011,3.0,3.0,,5,Really into it,4.5,4.5,1,Yes,1323787588000,N/A,1040,N/A,,N/A,[],people,people
N/A,good,average,good,0,18379986,0,,awesome,4,CH01,Prof. Balbach is a great professor. Very very likable. The readings were really interesting too. Exams were poorly designed as a whole--were far too nitpicky on details. The essays were a little meh. Recitation attendance is mandatory. But she was a fantastic professor and lecturer; you just have to take her to see it.,04/08/2011,3.0,3.0,,5,Sorta interested,4.5,4.5,1,No,1302288188000,N/A,1040,N/A,,N/A,[],people,people
N/A,average,good,average,0,18065314,0,,good,3,CH1,"Balbach is great but not as clear as I expected her to be- she seemed to have clear moments where she lost track of what she was saying. The class itself is peculiar- you mostly learn paradigms rather than concrete material, so some people can get frustrated. She is funny and a genuinely kind person- she is the reason for the CH dept's success.",12/30/2010,4.0,4.0,,4,It's my life,3.5,3.5,1,Yes,1293731102000,N/A,1040,N/A,,N/A,[],people,people
N/A,good,average,good,0,17864461,0,,awesome,5,CH001,"ery approachable professor, makes an effort to know your name at office hours. She does a great job at explaining concepts to the class. Very nice professor and funny, made the class enjoyable and students wanted to attend, lecture was nearly full every day. Grading in the class can be a bit harsher than expected, but reading load was light.",12/05/2010,2.0,2.0,,5,Low,5.0,5.0,1,No,1291562124000,N/A,1040,N/A,,N/A,[],people,people
N/A,good,good,average,0,17034571,0,,good,4,CH001,"Balbach gives good lectures, but I found the subject to be extremely repetitive. Recitations were also dull and my TA did not try to engage us at all. She did not seem to care. It's not impossible to do well in the class, but I think it takes self-motivation and genuine interest. Unfortunately, I lost both less than half-way through the course.",04/21/2010,4.0,4.0,,3,Really into it,3.5,3.5,1,No,1271866581000,N/A,1040,N/A,,N/A,[],people,people
N/A,good,average,good,0,16716325,0,,awesome,5,CH001,"Wonderful class. Professor Balbach teaches in an clear manner, making sure everyone understands before moving on to the next topic. She manages to be funny and engaging despite the size of the class. She is always willing to chat after class or during her office hours. While the material is not too hard, many of the assignment are graded toughly.",01/12/2010,2.0,2.0,,5,Low,5.0,5.0,1,No,1263310636000,N/A,1040,N/A,,N/A,[],people,people
N/A,average,good,average,0,16633999,0,,average,2,CH001,"Very difficult class - deceptively difficult. Tests ask for very specific details, do not concentrate on main topics. Even if you know the concepts well, if you don't know specific details from readings, expect a C or F. Tests are only about 12-13 open ended questions. Material is relatively boring, although readings can be interesting.",12/23/2009,4.0,4.0,,3,Sorta interested,2.5,2.5,1,Yes,1261607770000,N/A,1040,N/A,,N/A,[],people,people
N/A,average,good,average,0,16628056,0,,average,2,CH001,"Deceptively difficult class.  Tests ask for details from little-discussed readings.  Class becomes repetitive very quickly.  Prof. Balbach is engaging, but subject isn't stimulating.",12/23/2009,4.0,4.0,,3,Sorta interested,2.5,2.5,1,Yes,1261527042000,N/A,1040,N/A,,N/A,[],people,people
N/A,average,good,average,0,16628039,0,,average,2,CH001,"Disappointing class.  Prof. Balbach is clearly experienced and engaged, but the material is less than stimulating.  Class becomes repetitive and assignments are vague.  Tests pull material from obscure readings, and ask for detail.  It is a deceptively difficult class.",12/23/2009,4.0,4.0,,3,Sorta interested,2.5,2.5,1,Yes,1261526938000,N/A,1040,N/A,,N/A,[],people,people
N/A,good,good,average,0,15396595,0,,average,4,CH1,"I entered the class with more interest than I left with. She's funny, but not very nice. The exams were too long. Some material was interesting, but most was just boring and redundant. Amanda was a great TA, though.",01/20/2009,4.0,4.0,,2,Really into it,3.0,3.0,1,Yes,1232490657000,N/A,1040,N/A,,N/A,[],people,people
N/A,good,average,good,0,15370398,0,,awesome,5,CH1,"HYSTERICAL! Clear. Good workload...interesting readings. Engaging in recitations. Not the clearest exams, but most people do comparably. Also don't agree with how she grades papers, but that is a biased opinion. Nevertheless, she is great and one of my favorite Tufts teachers thus far.",01/14/2009,3.0,3.0,,5,It's my life,5.0,5.0,1,Yes,1231894666000,N/A,1040,N/A,,N/A,[],people,people
N/A,average,average,average,0,14017781,0,,average,3,CH1,"She gives an interesting lecture. Workload is relatively light. Papers are fun to write, but I thought that the exams didn't cover the course material well.",01/18/2008,2.0,2.0,,3,Sorta interested,3.0,3.0,1,Yes,1200649963000,N/A,1040,N/A,,N/A,[],people,people
N/A,average,good,average,0,13956412,0,,average,2,CH1,"She and her guest lectures were interesting. The paper assignments were perfect for the class discussions. But beware of the tests--the material that she stresses over and over again in class is not the material that appears on the exam, instead she pulls random examples out of the readings and expects you to have remembered every minute detail.",01/07/2008,4.0,4.0,,3,Sorta interested,2.5,2.5,1,Yes,1199683139000,N/A,1040,N/A,,N/A,[],people,people
N/A,good,average,good,0,13595120,0,,awesome,4,CH001,"Balbach is an incredible teacher! Any class she teaches is gold! She is funny, engaging, and very passionate about community health. Going to her lectures was a treat.",11/04/2007,3.0,3.0,,5,Really into it,4.5,4.5,1,Yes,1194185822000,N/A,1040,N/A,,N/A,[],people,people
N/A,good,average,good,0,13105033,0,,awesome,5,CH001,"She is very smart, and she communicates well.  I learned a lot in the course, and I really enjoyed it.",05/03/2007,3.0,3.0,,5,It's my life,5.0,5.0,1,Yes,1178216069000,N/A,1040,N/A,,N/A,[],people,people
N/A,good,average,good,0,12660397,0,,awesome,5,CH101,"AWESOME professor, her enthusiasm brings lively energy to the class, she is passionate, fun, has interesting assignments and knows how to teach, TAKE THIS CLASS",12/21/2006,2.0,2.0,,5,It's my life,5.0,5.0,1,No,1166668158000,N/A,1040,N/A,,N/A,[],people,people
N/A,good,average,good,0,10595437,0,,good,4,CH1,"fantastic professor who clearly knows what she is teaching, and her classes are interesting and well planned out. she has a great sense of humor too.",10/16/2005,3.0,3.0,,4,Really into it,4.0,4.0,1,N/A,1129501426000,N/A,1040,N/A,,N/A,[],people,people
N/A,good,average,good,0,10771909,0,,awesome,5,COMMHEALTHI,It's wonderful!!!!!!!! take it!!!!,10/13/2005,3.0,3.0,,5,It's my life,5.0,5.0,1,N/A,1129222718000,N/A,1040,N/A,,N/A,[],people,people
N/A,good,average,good,0,2707976,0,,awesome,5,CH1,"awesome! great teacher, great class! she's really passionate about what she's teaching, and you can learn so much in this class!",11/11/2004,2.0,2.0,,5,It's my life,5.0,5.0,1,N/A,1100170530000,N/A,1040,N/A,,N/A,[],people,people
N/A,good,average,good,0,1993777,0,,awesome,5,CH1,"Very FAIR professor. Work hard, understand what is taught and you will do well. She will do everything she can to help you understand the material.  Pay particular attention to concepts she seems to mention over and over again.",04/20/2004,3.0,3.0,,5,N/A,5.0,5.0,1,N/A,1082458948000,N/A,1040,N/A,,N/A,[],people,people
N/A,good,average,good,0,1991818,0,,awesome,4,CH1,She is a wonderful professor and is really passionate about what she is teaching,04/19/2004,3.0,3.0,,5,N/A,4.5,4.5,1,N/A,1082417972000,N/A,1040,N/A,,N/A,[],people,people
N/A,good,average,good,0,1237509,0,,good,4,COMHEALTH,she is a very good professor i learned a lot from her,10/29/2003,3.0,3.0,,4,N/A,4.0,4.0,1,N/A,1067451607000,N/A,1040,N/A,,N/A,[],people,people
N/A,good,average,good,0,865418,0,,awesome,5,CH1,"Awesome professor.  She's a really engaging lecturer, I never fell asleep or got bored in her class!!",04/22/2003,2.0,2.0,,5,N/A,5.0,5.0,1,N/A,1051012329000,N/A,1040,N/A,,N/A,[],people,people
N/A,good,average,good,0,828076,0,,awesome,5,CH101,No Comments,04/13/2003,3.0,3.0,,5,N/A,5.0,5.0,1,N/A,1050197893000,N/A,1040,N/A,,N/A,[],people,people
N/A,good,average,good,0,539343,0,,awesome,5,CH101,No Comments,02/04/2003,3.0,3.0,,5,N/A,5.0,5.0,1,N/A,1044362450000,N/A,1040,N/A,,N/A,[],people,people
N/A,good,average,good,0,534961,0,,awesome,5,CH101,"Great teacher, she is very intelligent and knows what she is talking about.",02/02/2003,2.0,2.0,,5,N/A,5.0,5.0,1,N/A,1044208857000,N/A,1040,N/A,,N/A,[],people,people
N/A,good,average,good,0,534637,0,,awesome,5,CH101,Great teacher!,02/02/2003,3.0,3.0,,5,N/A,5.0,5.0,1,N/A,1044198197000,N/A,1040,N/A,,N/A,[],people,people
