attendance,clarityColor,easyColor,helpColor,helpCount,id,notHelpCount,onlineClass,quality,rClarity,rClass,rComments,rDate,rEasy,rEasyString,rErrorMsg,rHelpful,rInterest,rOverall,rOverallString,rStatus,rTextBookUse,rTimestamp,rWouldTakeAgain,sId,takenForCredit,teacher,teacherGrade,teacherRatingTags,unUsefulGrouping,usefulGrouping
N/A,good,average,good,0,17118555,0,,awesome,5,MUSIC10,Professor Clark is a great music professor who is very knowledgeable and engaging.,05/04/2010,2.0,2.0,,5,It's my life,5.0,5.0,1,Yes,1272986198000,N/A,1040,N/A,,N/A,[],people,people
N/A,good,average,good,0,12420715,0,,awesome,5,MUS83,Great conductor. Funny guy.,11/15/2006,2.0,2.0,,5,It's my life,5.0,5.0,1,Yes,1163590975000,N/A,1040,N/A,,N/A,[],people,people
N/A,good,average,good,0,10577377,0,,awesome,5,MUS00,I heart Andy Clark,10/11/2005,3.0,3.0,,5,It's my life,5.0,5.0,1,N/A,1129071006000,N/A,1040,N/A,,N/A,[],people,people
N/A,good,average,good,0,2917694,0,,awesome,5,CHORALE,"Andy is very dedicated, knowledgeable, charismatic and funny.",12/06/2004,2.0,2.0,,5,It's my life,5.0,5.0,1,N/A,1102297177000,N/A,1040,N/A,,N/A,[],people,people
N/A,good,average,good,0,2801019,0,,awesome,5,CHAMBERSINGERS,"Fabulous musician and conductor.  Don't know anything about the other classes he teaches, but he has a lot to offer his students.  Friendly and easy to get ahold of.",11/20/2004,2.0,2.0,,5,It's my life,5.0,5.0,1,N/A,1100962840000,N/A,1040,N/A,,N/A,[],people,people
