attendance,clarityColor,easyColor,helpColor,helpCount,id,notHelpCount,onlineClass,quality,rClarity,rClass,rComments,rDate,rEasy,rEasyString,rErrorMsg,rHelpful,rInterest,rOverall,rOverallString,rStatus,rTextBookUse,rTimestamp,rWouldTakeAgain,sId,takenForCredit,teacher,teacherGrade,teacherRatingTags,unUsefulGrouping,usefulGrouping
N/A,good,average,good,0,21099833,0,,awesome,5,PSY129,"Maybe not the most stimulating lecturer, but if you have any interest in the material then he does his job and he does it well, damnit! Great guy, totally willing to entertain questions, excellent at explaining things, excellent at making you think about things.",12/17/2012,2.0,2.0,,5,It's my life,5.0,5.0,1,No,1355755177000,N/A,1040,N/A,,N/A,[],people,people
N/A,good,average,good,0,20098838,0,,awesome,5,PSYCH009,Although he is a bit boring to listen to he is very clear and does a great job of explaining difficult concepts clearly.  He is very aware that he is teaching an introductory course.  There are a lot of guest lecturers which keeps it interesting.  The tests are tricky if you didn't take notes or memorize the anatomy.  Exams are easy if you did.,04/23/2012,2.0,2.0,,5,Really into it,5.0,5.0,1,Yes,1335148019000,N/A,1040,N/A,,N/A,[],people,people
N/A,average,average,average,0,19313845,0,,good,3,PSY129,"Some interesting material, but it sometimes was hard to pay attention especially because it was a night class.",11/26/2011,3.0,3.0,,4,Sorta interested,3.5,3.5,1,Yes,1322335102000,N/A,1040,N/A,,N/A,[],people,people
N/A,average,good,average,1,18589318,0,,poor,2,PSYCH1,"Holcomb's Psych9 class covers a lot of interesting material, but (imo) his exams pretty bad. Questions on his first two exams were poorly worded and the fill-in-the-blank section was B.S(there's no way you won't lose points here). If you do the readings, take lots of notes, and go to class you'll probably do fine.",05/12/2011,4.0,4.0,,2,It's my life,2.0,2.0,1,No,1305223125000,N/A,1040,N/A,,N/A,[],people,person
N/A,average,average,poor,1,18279735,0,,poor,2,PSYCH009,"Holcomb was one of the worst teachers I have ever had. His lectures are very boring and uninformative. He seems to lack enthusiasm for this material. More so than anything else, he is impossible to meet with outside of class. Numerous times I tried to meet with him - I  made appointments with him but he never showed up. I STRONGLY do not recommend.",03/16/2011,2.0,2.0,,1,It's my life,1.5,1.5,1,No,1300276447000,N/A,1040,N/A,,N/A,[],people,person
N/A,average,average,average,0,17118607,0,,average,3,PSY9,"He clearly knows his stuff, but is a little boring to listen to.",05/04/2010,3.0,3.0,,2,Really into it,2.5,2.5,1,No,1272986520000,N/A,1040,N/A,,N/A,[],people,people
N/A,good,good,average,0,13025066,0,,average,4,PSYCH01,"He was my first psych professor, but at the time there were 2 others teaching along with him, so they split the semester into 3 sections. Anyway, he doesn't smile too much, and seems pretty serious. I feel like falling asleep when I see him get up there and start talking. Since class is pretty long, I advise you to drink coffee.",04/17/2007,4.0,4.0,,2,Really into it,3.0,3.0,1,Yes,1176845967000,N/A,1040,N/A,,N/A,[],people,people
N/A,average,good,average,0,11423194,0,,average,3,PSY1,Abnormal psych is interesting but cognitive psych is not.  His plain Powerpoint lectures are so boring that everyone either falls asleep or reads The Daily.,01/26/2006,4.0,4.0,,2,Really into it,2.5,2.5,1,N/A,1138306937000,N/A,1040,N/A,,N/A,[],people,people
N/A,average,average,average,0,10872067,0,,average,3,PSY001,"I could see the passion, but his lectures are very dull. If you can stay awake, his lectures are clear and helpful.",11/10/2005,3.0,3.0,,3,It's my life,3.0,3.0,1,N/A,1131618094000,N/A,1040,N/A,,N/A,[],people,people
N/A,average,good,average,0,10559012,0,,average,3,PSYCH1,Holcomb is a good guy who cares about the subject; this was my first psych class and the material we covered was interesting. I'd def take another class with him. His lectures aren't THAT bad,10/06/2005,4.0,4.0,,2,It's my life,2.5,2.5,1,N/A,1128606722000,N/A,1040,N/A,,N/A,[],people,people
N/A,average,average,average,0,3072783,0,,good,3,PSY1,"Incredibly dry lecturer. Not his fault though, he still loves the subject.",12/19/2004,3.0,3.0,,4,Sorta interested,3.5,3.5,1,N/A,1103463976000,N/A,1040,N/A,,N/A,[],people,people
N/A,good,good,good,0,2090001,0,,good,4,PSY1,"Hes cool, I know that for a fact because I know his kids well.  His test was brutal.",05/04/2004,4.0,4.0,,4,N/A,4.0,4.0,1,N/A,1083713001000,N/A,1040,N/A,,N/A,[],people,people
N/A,average,average,average,0,1929716,0,,average,3,PSYCH1,"had great content about cognitive psych. But even though i was interested in the material, and he seems like a decent guy I COULD NOT STAY AWAKE. lol. Neither could my friends.",04/09/2004,3.0,3.0,,3,N/A,3.0,3.0,1,N/A,1081525143000,N/A,1040,N/A,,N/A,[],people,people
N/A,average,good,average,0,1305961,0,,average,3,PSY1,"Hard to follow in a large lecture, but I think he would be a good teacher in a smaller class.",11/12/2003,4.0,4.0,,3,N/A,3.0,3.0,1,N/A,1068600461000,N/A,1040,N/A,,N/A,[],people,people
N/A,good,average,good,0,960065,0,,awesome,5,PSY29129,No Comments,05/14/2003,3.0,3.0,,5,N/A,5.0,5.0,1,N/A,1052936662000,N/A,1040,N/A,,N/A,[],people,people
N/A,average,good,average,0,926853,0,,average,2,PSY1,No Comments,05/05/2003,4.0,4.0,,3,N/A,2.5,2.5,1,N/A,1052149281000,N/A,1040,N/A,,N/A,[],people,people
N/A,poor,average,poor,0,872399,0,,poor,1,PSYCH1,No Comments,04/23/2003,2.0,2.0,,2,N/A,1.5,1.5,1,N/A,1051100477000,N/A,1040,N/A,,N/A,[],people,people
N/A,average,average,average,0,871650,0,,poor,2,PSY1,No Comments,04/23/2003,3.0,3.0,,2,N/A,2.0,2.0,1,N/A,1051090899000,N/A,1040,N/A,,N/A,[],people,people
N/A,good,average,good,0,869015,0,,awesome,5,PSYCH129,No Comments,04/22/2003,3.0,3.0,,5,N/A,5.0,5.0,1,N/A,1051042369000,N/A,1040,N/A,,N/A,[],people,people
N/A,average,good,poor,0,866813,0,,poor,2,PSY1,No Comments,04/22/2003,4.0,4.0,,1,N/A,1.5,1.5,1,N/A,1051023200000,N/A,1040,N/A,,N/A,[],people,people
N/A,good,average,good,0,865756,0,,good,5,PSY21,No Comments,04/22/2003,3.0,3.0,,3,N/A,4.0,4.0,1,N/A,1051015095000,N/A,1040,N/A,,N/A,[],people,people
N/A,good,average,good,0,844704,0,,good,4,PSY49,Solid teacher,04/16/2003,2.0,2.0,,4,N/A,4.0,4.0,1,N/A,1050531547000,N/A,1040,N/A,,N/A,[],people,people
