attendance,clarityColor,easyColor,helpColor,helpCount,id,notHelpCount,onlineClass,quality,rClarity,rClass,rComments,rDate,rEasy,rEasyString,rErrorMsg,rHelpful,rInterest,rOverall,rOverallString,rStatus,rTextBookUse,rTimestamp,rWouldTakeAgain,sId,takenForCredit,teacher,teacherGrade,teacherRatingTags,unUsefulGrouping,usefulGrouping
N/A,average,average,poor,0,18607443,0,,poor,2,PSY0012,"Professor Jampel is not an engaging teacher; his lectures are long and tedious, and he has a tendency to expound upon random, uninteresting and inapplicable tangents. The textbook is rarely discussed in class, and yet the tests rely heavily upon it. He does not effectively explain concepts or utilize his powerpoints.",05/15/2011,2.0,2.0,,1,Sorta interested,1.5,1.5,1,Yes,1305495718000,N/A,1040,N/A,,N/A,[],people,people
N/A,good,average,good,0,18416081,0,,awesome,5,PSY12,Awesome professor! He's really engaging and tells interesting stories in class. I couldn't have gotten through a 3 hour class with any other professor. He really knows his stuff and can offer additional insight from his decades of experience in the field. Jampel is the man!,04/15/2011,3.0,3.0,,5,Really into it,5.0,5.0,1,Yes,1302869740000,N/A,1040,N/A,,N/A,[],people,people
N/A,poor,good,poor,0,16466379,0,,awful,1,PSY00,Is not helpful and assignments are not clear,12/03/2009,5.0,5.0,,1,Really into it,1.0,1.0,1,Yes,1259874097000,N/A,1040,N/A,,N/A,[],people,people
N/A,good,average,good,0,15428381,0,,awesome,5,PSY12,"Great abnormal psych teacher. Clear and has experience, tests were reasonable, grading is reasonable too (i had diff take on one test question and he accepted it). Only problem was the class was @ 830am on fri, but he gave us a 15min break every time. Learned a lot.",01/30/2009,3.0,3.0,,5,It's my life,5.0,5.0,1,Yes,1233276402000,N/A,1040,N/A,,N/A,[],people,people
N/A,good,average,good,0,15345846,0,,awesome,5,PSY12,"Dr. Jampel is a great teacher.  Tells stories from his experiences working in the field to bring the material to life.  Tests are very reasonable, and class is surprisingly interesting, only problem was it was Friday morning.",01/09/2009,2.0,2.0,,5,Really into it,5.0,5.0,1,Yes,1231499788000,N/A,1040,N/A,,N/A,[],people,people
N/A,good,average,good,0,14010702,0,,awesome,4,PSY71,"Clinical Methods: Most of the course was doing roleplays, where one student was a therapist and the other was a patient. Jampel gave advice about how to improve and what things you did well. Almost no reading. MUST participate and critique your classmates during the roleplays. Best prof I've had for psych, but he doesn't have real office hours.",01/16/2008,3.0,3.0,,5,It's my life,4.5,4.5,1,No,1200509555000,N/A,1040,N/A,,N/A,[],people,people
N/A,good,average,good,0,13013918,0,,awesome,5,PSY71,"Dr. Jampel is a great professor. He's interesting, entertaining, and extremely helpful for those interested in clinical psychology. There really isn't much work for this class - only one final paper. The rest of your grade comes from class participation and role playing.",04/15/2007,2.0,2.0,,5,It's my life,5.0,5.0,1,No,1176644727000,N/A,1040,N/A,,N/A,[],people,people
N/A,good,average,good,0,12694654,0,,good,4,PSY12,"Jampel is a wonderful professor for abnormal psych. He is an experienced clinician, so his anecdotes really bring the material to life. I definitely recommend his class to anyone who likes psychology.",12/28/2006,3.0,3.0,,4,It's my life,4.0,4.0,1,Yes,1167344986000,N/A,1040,N/A,,N/A,[],people,people
N/A,good,average,good,0,10665182,0,,awesome,5,PSYCH181,"Jampel is awesome!  He really knows what he is talking about, encourages other opinions, and is a great clinician!  I have learned a lot from him.",10/30/2005,2.0,2.0,,5,It's my life,5.0,5.0,1,N/A,1130691110000,N/A,1040,N/A,,N/A,[],people,people
