attendance,clarityColor,easyColor,helpColor,helpCount,id,notHelpCount,onlineClass,quality,rClarity,rClass,rComments,rDate,rEasy,rEasyString,rErrorMsg,rHelpful,rInterest,rOverall,rOverallString,rStatus,rTextBookUse,rTimestamp,rWouldTakeAgain,sId,takenForCredit,teacher,teacherGrade,teacherRatingTags,unUsefulGrouping,usefulGrouping
Mandatory,poor,good,poor,1,28192324,0,,awful,1,ENG0005,"Don't take a class with Gibson! She will cuts you off in class discussions to inject her own opinion, which is really just pure fluff and she's only happy if you regurgitate stuff that she likes. No clear grading scheme or weighting system and can never justify her grades. A very frustrating class - don't waste your time. Worst professor ever!!!!!!",05/02/2017,5.0,5.0,,1,N/A,1.0,1.0,1,Yes,1493764602000,No,1040,Yes,,N/A,['Tough grader'],people,person
Mandatory,average,good,poor,0,25557541,0,,poor,2,ENG000602,"Every question Rebecca asks has a right and wrong answer. This makes class discussions frustrating at best and painful at worst. She's more critical than encouraging of students' writing, and you can show her the exact same poem and get completely different feedback depending on the week. If you really want to write poetry,take the other professor.",12/05/2015,4.0,4.0,,1,Sorta interested,1.5,1.5,1,Yes,1449331752000,N/A,1040,Yes,,N/A,"['Lots of homework', 'Participation matters', ""Skip class? You won't pass.""]",people,people
N/A,average,good,average,1,24219990,0,,poor,2,ENG000602,"The class itself is good if you love poetry, but Rebecca is not one to foster creativity or exploration as much as I would like. She prefers to criticize rather than embrace your poetry and is judgmental. As a whole, if you love poetry (and you're very good), she will love you and you'll like the class. If not, the class will be irritating for you.",01/03/2015,4.0,4.0,,2,Really into it,2.0,2.0,1,Yes,1420276256000,N/A,1040,Yes,,N/A,"['Tough grader', ""Skip class? You won't pass."", 'Participation matters']",people,person
N/A,average,average,average,0,23719144,0,,good,3,000602,"While the class is fun, Rebecca is a little limited in her ability to appreciate different forms of poetry. If she doesn't understand why you did something in a poem, she will quickly reject it. ",10/30/2014,2.0,2.0,,4,Really into it,3.5,3.5,1,Yes,1414691421000,Yes,1040,Yes,,N/A,"['Participation matters', ""Skip class? You won't pass.""]",people,people
Mandatory,poor,average,poor,0,23105366,0,,awful,1,ENG0005,"I have never had a teacher throw more USELESS assignments at me than Gibson. She is pretentious and rude, and her ""creative writing poetry"" class rarely has anything to do with WRITING poetry. Avoid her at all costs she will do nothing but frustrate you and waste your time.",04/26/2014,3.0,3.0,,1,Really into it,1.0,1.0,1,No,1398526287000,N/A,1040,N/A,,A+,[],people,people
N/A,poor,average,poor,0,17741387,0,,awful,1,ENG16,"professor gibson may be the most uninspiring poetry teacher i've ever encountered. she assigns poems to read, then probes us to discuss them in a right/wrong format, and gets frustrated when students don't regurgitate her opinions. also, she's useless when it comes to your poems. take with a different professor to avoid wasting a semester.",11/07/2010,2.0,2.0,,1,It's my life,1.0,1.0,1,Yes,1289160731000,N/A,1040,N/A,,N/A,[],people,people
N/A,poor,good,poor,0,10016523,0,,awful,1,ENG1,No Comments,07/12/2005,4.0,4.0,,1,Meh,1.0,1.0,1,N/A,1121130047000,N/A,1040,N/A,,N/A,[],people,people
N/A,good,average,average,0,3687336,0,,average,4,ENG1,The discussions in class ended up being pretty interesting but that was more to do with the people in the class than Prof. Gibson.  She was nice but not always the most helpful when you were trying to understand a grade you got.  Some of the reading seemed pointless.,04/22/2005,3.0,3.0,,2,Sorta interested,3.0,3.0,1,N/A,1114174697000,N/A,1040,N/A,,N/A,[],people,people
N/A,good,average,good,0,1745530,0,,awesome,5,ENG05,"great teacher, really helpful and understanding.  easy grader, more concerned about your personal development as a writer than your grade.",02/23/2004,2.0,2.0,,5,N/A,5.0,5.0,1,N/A,1077579302000,N/A,1040,N/A,,A-,[],people,people
