attendance,clarityColor,easyColor,helpColor,helpCount,id,notHelpCount,onlineClass,quality,rClarity,rClass,rComments,rDate,rEasy,rEasyString,rErrorMsg,rHelpful,rInterest,rOverall,rOverallString,rStatus,rTextBookUse,rTimestamp,rWouldTakeAgain,sId,takenForCredit,teacher,teacherGrade,teacherRatingTags,unUsefulGrouping,usefulGrouping
N/A,good,average,good,0,18246056,0,,good,4,MATH12,"very nice, friendly, and his excitement is clear. it was a pleasure working with Sam Kim, although he is not always the clearest- very nice and always tries to help",03/03/2011,2.0,2.0,,4,Really into it,4.0,4.0,1,Yes,1299164951000,N/A,1040,N/A,,N/A,[],people,people
N/A,average,good,average,0,18062969,0,,average,3,MATH13,"Often falls behind and hard to follow at times during lecture...Gives great notes, however, that help to clarify materials being taught but you do need to spend significant amount of time on your own to understand and practice problems.  He really does care for his students despite his small flaws... HILARIOUS in class also! :)",12/30/2010,4.0,4.0,,2,It's my life,2.5,2.5,1,Yes,1293676165000,N/A,1040,N/A,,N/A,[],people,people
N/A,average,average,average,0,17922907,0,,average,3,MATH13,Falls behind in every class. If i didnt have the student solutions manual i would have been lost on the homework.  Has an accent but talks slow enough to be able to understand,12/12/2010,2.0,2.0,,2,Really into it,2.5,2.5,1,Yes,1292184425000,N/A,1040,N/A,,N/A,[],people,people
N/A,average,good,average,0,17879669,0,,poor,2,MATH13,"Doesn't go over questions on homework like other math professors.  Still manages to get behind, goes into extreme detail which makes it confusing. Have to teach yourself everything from the textbook to even do the homework.",12/07/2010,4.0,4.0,,2,Low,2.0,2.0,1,Yes,1291746449000,N/A,1040,N/A,,N/A,[],people,people
N/A,good,poor,good,0,10595090,0,,good,4,ECONOMICS,He is very good.,10/16/2005,1.0,1.0,,4,Really into it,4.0,4.0,1,N/A,1129494885000,N/A,1040,N/A,,N/A,[],people,people
N/A,good,average,good,0,2972438,0,,awesome,5,EC162,I thought he was a great teacher. i learned more than i have learned in most econ classes and he made it very easy to understand.,12/10/2004,2.0,2.0,,4,Really into it,4.5,4.5,1,N/A,1102665545000,N/A,1040,N/A,,N/A,[],people,people
N/A,average,average,average,0,555449,0,,poor,2,EC162,He seems to give no time to the most difficult subjects and then rambles on easy,02/10/2003,3.0,3.0,,2,N/A,2.0,2.0,1,N/A,1044920685000,N/A,1040,N/A,,N/A,[],people,people
