attendance,clarityColor,easyColor,helpColor,helpCount,id,notHelpCount,onlineClass,quality,rClarity,rClass,rComments,rDate,rEasy,rEasyString,rErrorMsg,rHelpful,rInterest,rOverall,rOverallString,rStatus,rTextBookUse,rTimestamp,rWouldTakeAgain,sId,takenForCredit,teacher,teacherGrade,teacherRatingTags,unUsefulGrouping,usefulGrouping
Not Mandatory,poor,poor,poor,0,32243825,0,,awful,1,ECON5,She was worse than my high school Econ teacher and constantly gets off topic. You will not learn Econ in this class,09/24/2019,1.0,1.0,,1,N/A,1.0,1.0,1,Yes,1569344808000,No,1040,Yes,,N/A,['Get ready to read'],people,people
Not Mandatory,poor,good,poor,0,31908112,0,,awful,1,ECON5,"Useless class, take Ec 5 with anyone else if possible",05/18/2019,5.0,5.0,,1,N/A,1.0,1.0,1,Yes,1558201615000,No,1040,Yes,,B,"['Tough grader', 'Lots of homework']",people,people
Not Mandatory,poor,good,poor,0,31687371,0,,awful,1,ECON5,"Don't waste your time going to lectures because you won't learn anything. You have to read the textbook and teach yourself if you want to get anything out of the class. Quizzes and Exams are tough and not on what is covered in class, but usually there is a decent curve, so most people pass. Attend recitation because the TAs are very helpful.",04/26/2019,4.0,4.0,,1,N/A,1.0,1.0,1,Yes,1556301159000,No,1040,Yes,,B+,"['Get ready to read', 'Lots of homework']",people,people
Not Mandatory,good,average,good,2,30931014,0,,awesome,5,ECON5,"She gets a bad rep but if you pay attention in class and read the textbook and do the homework it is an easy enough class. Also, if you do poorly on the test she often offers retakes (even when most of the class does well) and curves the tests if everyone did poorly.",12/09/2018,3.0,3.0,,5,N/A,5.0,5.0,1,Yes,1544365192000,Yes,1040,Yes,,N/A,"['Get ready to read', ""Skip class? You won't pass."", 'Caring']",people,people
Not Mandatory,good,good,good,5,30583314,7,,awesome,5,ECON5,"Says the most hilarious things in class, love her. Last bastion of hope standing against PC culture",10/18/2018,4.0,4.0,,5,N/A,5.0,5.0,1,Yes,1539865116000,Yes,1040,Yes,,N/A,"['Hilarious', 'Get ready to read', 'Amazing lectures']",people,people
Not Mandatory,poor,average,poor,3,30566202,1,,awful,1,EC162,Just terrible,10/13/2018,3.0,3.0,,1,N/A,1.0,1.0,1,Yes,1539433411000,No,1040,Yes,,N/A,[],person,people
Mandatory,good,average,good,2,30481149,6,,awesome,5,ECON5,I really don't understand all of the bad reviews of Nancy. My experience with her was great. I thought her lectures were interesting and informative and she would always throw in some random hilarious comment. The class is also an easy A if you listen during lectures and study the powerpoints closely. You don't even need to open the textbook.,09/04/2018,2.0,2.0,,5,N/A,5.0,5.0,1,No,1536068377000,Yes,1040,Yes,,A,"['Hilarious', 'Amazing lectures']",people,people
Not Mandatory,good,average,good,2,29635364,8,,good,4,ECON5,"Nancy certainly knows what she's talking about when it comes to principles of Econ, just look up her credentials. Certainly she is receiving a bad rap for under explanation, but attention to detail and free-time studying will ensure a good grade in this class. Being reliant on attending lecture alone will not.",03/08/2018,2.0,2.0,,4,N/A,4.0,4.0,1,Yes,1520526940000,Yes,1040,Yes,,A+,"['Participation matters', 'Accessible outside class']",people,people
Not Mandatory,average,average,average,1,29373458,8,,average,3,ECON5,"I think people are too tough on her because she actually moves exams if you can't make them. She also allows you to retake them if you failed it! Sure, her lectures are boring and you may not learn much, but she's not as bad as everyone makes her seem.",01/02/2018,3.0,3.0,,3,N/A,3.0,3.0,1,No,1514908014000,No,1040,Yes,,N/A,"['Tough grader', 'Clear grading criteria']",people,person
Not Mandatory,poor,good,poor,15,29336840,2,,awful,1,ECON5,"One of the worst academic experiences I have ever had was in this class. Going to lectures is pointless. Nancy's distaste for students is obvious while lecturing in her monotone voice as well as when you meet with her during office hours. Multiple times, she shut me down when I tried to engage intellectually with her and clarify a few concepts.",12/26/2017,5.0,5.0,,1,N/A,1.0,1.0,1,Yes,1514285892000,No,1040,Yes,,N/A,['Get ready to read'],people,people
Not Mandatory,poor,good,poor,11,28955384,1,,awful,1,ECON5,"The lectures are pointless and not relevant to the test. The textbook helps with basic concepts, but in no way makes up for the lack of teaching. The only way to do well in the class is to come in with prior knowledge (at the start of the semester, she said she was teaching assuming everyone had knowledge of econ) or to be in the 1 good recitation.",11/23/2017,5.0,5.0,,1,N/A,1.0,1.0,1,No,1511439256000,No,1040,Yes,,C+,"['Graded by few things', 'Test heavy', 'Tough grader']",person,people
Not Mandatory,poor,average,poor,16,28564133,6,,awful,1,ECON5,"Lectures were a massive waste of time - she literally left the room to ""check on her car"" in the middle of one. Everything I learned in this class was either from my textbook or one-on-one meetings with my TA. Disappointed that such a potentially interesting subject was taught by such a disinterested professor.",07/28/2017,3.0,3.0,,1,N/A,1.0,1.0,1,Yes,1501203979000,No,1040,Yes,,N/A,"['Graded by few things', 'Test heavy']",people,people
Not Mandatory,average,average,average,7,28490118,1,,poor,2,ECON5,"When you take her intro to economics class, it is clear that she wants to get out of the class herself and that she is just paid to be there and talk. She is helpful when you contact her outside of class but her lectures are so boring and there no need to show up as long as you go to recitations and read the textbook prior to the exams.",06/27/2017,3.0,3.0,,2,N/A,2.0,2.0,1,Yes,1498584995000,No,1040,Yes,,B+,"['Lots of homework', 'Get ready to read', 'Graded by few things']",person,people
Not Mandatory,poor,good,poor,7,28470669,1,,awful,1,EC5,"Nancy is infamous for good reason. If you take Ec 5 with her, realize that you will learn very little and that your grade rests entirely with the TAs. As long as you go to the best TAs' recitations in the days leading up to the exams, you will be okay. However, be warned that one bad grade in this class can very easily tank your whole semester.",06/20/2017,4.0,4.0,,1,N/A,1.0,1.0,1,Yes,1497977460000,No,1040,Yes,,B,['Graded by few things'],person,people
Not Mandatory,average,poor,average,3,28030527,2,,poor,2,EC162,"Professor Kimelman is very nice and super funny, but lectures are not particularly straightforward, assignments are sporadically assigned, and you end up needing to teach yourself most of the material. I've learned a lot about international finance but mostly because I use the online textbook regularly.",04/11/2017,1.0,1.0,,2,N/A,2.0,2.0,1,Yes,1491917780000,No,1040,Yes,,N/A,['Hilarious'],people,people
Not Mandatory,good,poor,good,0,27859037,11,,awesome,5,ECON5,"Nancy is one of the most hilarious and entertaining individuals on the planet.  If you don't understand comparative advantage, you might even find her throwing tennis balls at you...  You'll have to read the textbook since she focuses on the important concepts in class.  Nonetheless, she's a very easy grader and an awesome professor!",02/26/2017,1.0,1.0,,5,N/A,5.0,5.0,1,Yes,1488146167000,Yes,1040,Yes,,N/A,['Hilarious'],people,people
Not Mandatory,average,average,average,5,27668832,0,,poor,2,ECON5,"Nancy is hilarious, but you're better off watching Khan Academy to learn the material than sitting through her lectures that often carry little or no relevance to test questions.",01/04/2017,3.0,3.0,,2,N/A,2.0,2.0,1,Yes,1483523640000,No,1040,Yes,,A,"['Graded by few things', 'Hilarious']",people,people
Not Mandatory,good,average,good,1,27094112,4,,good,4,ECON5,Loved Professor Kimelman!! She is so funny and is super engaging in lectures. Knows her stuff.,10/28/2016,3.0,3.0,,4,N/A,4.0,4.0,1,Yes,1477675511000,Yes,1040,Yes,,N/A,['Hilarious'],people,person
Not Mandatory,good,average,good,1,26668578,5,,good,4,ECON5,"Nancy is a good professor she does her best to keep her lectures interesting and will crack jokes often. The problem is she teaches Ec 5 the biggest class a tufts with over 300 kids. Because of this its hard for her to make any real connections with kids, but I have friends who are upperclassman and they love her in the smaller classroom size.",05/29/2016,3.0,3.0,,4,N/A,4.0,4.0,1,No,1464545629000,Yes,1040,Yes,,B+,"['Tough grader', 'Lecture heavy']",people,person
Not Mandatory,average,average,poor,8,26619791,0,,poor,2,ECON5,"Nancy was a lecturer who was sort of interesting to listen to, but not at all informative and who didn't seem to care much about the class. She wrote the tests based on what she thought was important, but she gave no practice tests or anything to prepare students (even though the testing format was different from the homeworks).",05/19/2016,3.0,3.0,,1,N/A,1.5,1.5,1,No,1463687491000,N/A,1040,Yes,,B+,[],people,people
Not Mandatory,average,good,average,3,26277498,2,,average,2,ECON5,"Nancy was off this semester. Most lectures taught by guest lecturers, which was inconsistent and confusing. You have to do lots of assignments and study but she writes the tests herself, based on what she thinks you should know. If you need to take this class, take it. But don't take it for fun. Because fun doesn't exist in Ec5.",04/12/2016,5.0,5.0,,3,N/A,2.5,2.5,1,No,1460458542000,N/A,1040,Yes,,WD,['Tough grader'],people,people
Not Mandatory,average,good,poor,11,25913786,0,,poor,2,EC05,"Had mixed feelings about Nancy. Really liked her personality--she's hilarious. But her tests/quizzes were awful, grading was so unclear. Even the TAs didn't know what was going on because she often changed her mind about assignments/test questions half the time. Very inconsistent and frustrating by the end. Glad it is over.",01/10/2016,5.0,5.0,,1,Sorta interested,1.5,1.5,1,Yes,1452455348000,N/A,1040,Yes,,B,"['Tough grader', 'Hilarious']",people,people
Not Mandatory,average,average,average,6,25897742,0,,average,2,ECON5,"Honestly, Kimelman is occasionally funny and kids like her for that. In terms of actual economics explanations she occasionally does explain things well but overall the class is so incredibly unstructured which does not work when there are 400 people taking it. Tests are worded horribly, grading unclear.",01/07/2016,3.0,3.0,,3,Sorta interested,2.5,2.5,1,Yes,1452185737000,N/A,1040,Yes,,A-,[],people,people
Not Mandatory,average,good,poor,11,25881527,0,,poor,2,ECON5,"Most unstructured class I ever took. Nancy is a good lecturer but a terrible teacher. She does not prepare her own exams so its always more difficult than the examples we see in class. Deadlines for work are not set in the syllabus, so expect random assignments given a week before the finals. Decided to P/F it even though my grades were fine.",01/05/2016,4.0,4.0,,1,Sorta interested,1.5,1.5,1,No,1452014311000,N/A,1040,Yes,,Audit/No Grade,[],people,people
Not Mandatory,poor,good,poor,8,25873591,1,,awful,1,EC5,Didn't do a good job at teaching. Actively discouraged questions by calling people idiots if she didn't think it was a smart question. Rarely communicated with her TA's. Take the class if you must then never go back.,01/04/2016,5.0,5.0,,1,Meh,1.0,1.0,1,Yes,1451929228000,N/A,1040,Yes,,A-,['Tough grader'],person,people
Not Mandatory,average,good,average,8,25786003,1,,average,2,EC5,"An ok teacher. Assigned a study guide that was ""not-exclusive,"" making it pretty much useless. Graded tests extremely leniently. On her second quiz the class average was a 4/15. Not an effective teacher.",12/20/2015,4.0,4.0,,3,Sorta interested,2.5,2.5,1,Yes,1450655463000,N/A,1040,Yes,,N/A,[],person,people
Not Mandatory,average,good,average,6,25728762,1,,poor,2,ECON5,This class would be extremely hard to pass if it wasn't for her lenient grading on Free Response. The midterms were very difficult. The TAs were below average. Not too hard to get a C+ but good luck getting an A. You must really read the book and know you're stuff. Wasn't much help before the tests on knowing what to study and what type of question,12/16/2015,4.0,4.0,,2,It's my life,2.0,2.0,1,Yes,1450286125000,N/A,1040,Yes,,N/A,"['Get ready to read', 'Tough grader', 'Lecture heavy']",person,people
Not Mandatory,good,average,average,1,25688212,5,,good,4,ECON5,Nancy is a real life wall-street queen. So learning from her experiences is awesome. Ec5 was a huge class. There were a lot of guest professors who were horrible. But I'd go to class every time Nancy taught! She's the coolest old woman I know. ,12/14/2015,3.0,3.0,,3,Sorta interested,3.5,3.5,1,Yes,1450112408000,N/A,1040,Yes,,N/A,"['Tough grader', 'Hilarious']",people,person
Not Mandatory,poor,average,average,13,25527398,0,,poor,1,EC0005RM,"Used to think my TA was bad but now i understand its the Profs fault. She assigned simple hw but managed to make it as vague as possible. TA often doesn't know what to cover because Prof doesnt say what shes doing. If id never taken econ,id be turned away.  dumbed down unhelpful lectures.  find econ very interesting, she manages to make it boring",12/02/2015,3.0,3.0,,3,It's my life,2.0,2.0,1,Yes,1449072373000,N/A,1040,Yes,,N/A,[],people,people
N/A,good,average,good,0,25495806,7,,good,5,EC05,"Really chill grandma-like figure. Very knowledgable, slides are clear cut and explanations are fantastic. Will definitely make you laugh, but at the same time the class feels too simple at times. Online homework sometimes not too relevant to in class teachings, textbook is handy. Contacting is hard because she sometimes deletes emails en mass.  ",11/28/2015,2.0,2.0,,3,Really into it,4.0,4.0,1,Yes,1448719250000,N/A,1040,Yes,,N/A,"['Hilarious', 'Amazing lectures', 'Clear grading criteria']",people,people
Not Mandatory,good,average,good,0,25462398,7,,awesome,5,ECON1115,"one of the best teachers i've ever had at northeasterm, definitely would recommend her macroeconomics class. She takes the time to go over everything and is incredibly funny. If you pay attention during the lectures, which isn't that hard as she makes them interesting, you'll do well in the class",11/20/2015,2.0,2.0,,5,Really into it,5.0,5.0,1,Yes,1448032824000,N/A,1040,Yes,,N/A,"['Respected', 'Amazing lectures', 'Hilarious']",people,people
Not Mandatory,good,poor,good,4,25250273,8,,awesome,5,ECON5,"Lenient grader with extra credits. Also funny. Tests are absolutely not hard, so long as you really put your time into it and DO THE HOMEWORK! ",10/13/2015,1.0,1.0,,4,Really into it,4.5,4.5,1,Yes,1444768977000,N/A,1040,Yes,,Not sure yet,"['Hilarious', 'Clear grading criteria', 'EXTRA CREDIT']",people,people
