attendance,clarityColor,easyColor,helpColor,helpCount,id,notHelpCount,onlineClass,quality,rClarity,rClass,rComments,rDate,rEasy,rEasyString,rErrorMsg,rHelpful,rInterest,rOverall,rOverallString,rStatus,rTextBookUse,rTimestamp,rWouldTakeAgain,sId,takenForCredit,teacher,teacherGrade,teacherRatingTags,unUsefulGrouping,usefulGrouping
Mandatory,average,good,average,0,32128067,0,,average,3,EC008,"UC was a hilarious guy but didn't really teach us economics. EC8 is supposed to be an intro level class, but without prior econ experience you will be completely lost. HIs lectures often were just a long ramble about a non-econ related topic that didn't hold my attention. Great guy, okay professor.",07/28/2019,4.0,4.0,,3,N/A,3.0,3.0,1,Yes,1564315891000,No,1040,Yes,,A+,"[""Skip class? You won't pass."", 'Test heavy', 'Graded by few things']",people,people
Not Mandatory,good,average,good,0,31526162,0,,good,4,EC008,"I've never written a review before but I felt the need to bc these reviews do not do UC justice, he is a very good professor that structures the class based on the students' interests, he is very knowledgeable on a lot of topics, he is witty and keeps the class interesting btw you are graded on very few things but if you study you'll be fine",04/03/2019,2.0,2.0,,4,N/A,4.0,4.0,1,No,1554327589000,Yes,1040,Yes,,A,"['Inspirational', 'Clear grading criteria', 'Graded by few things']",people,people
Not Mandatory,average,poor,average,1,29826621,0,,poor,2,EC008,"Horrible professor, only redeeming quality is how easy he is. Seems bored with class because it is an intro course.",04/17/2018,1.0,1.0,,2,N/A,2.0,2.0,1,Yes,1523999203000,No,1040,Yes,,N/A,[],people,person
Not Mandatory,poor,poor,poor,2,29820934,0,,awful,1,EC008,"UC is one of the worst and most frustrating professors I've ever had. He gets confused when teaching concepts that seem basic and is usually unable to answer students' questions in any meaningful or useful way. He does not write his own lecture slides or tests, but the tests are easy since questions are pulled directly from the homework.",04/17/2018,1.0,1.0,,1,N/A,1.0,1.0,1,No,1523967883000,No,1040,Yes,,N/A,[],people,people
Mandatory,good,average,good,0,29267008,0,,awesome,5,EC192,Class is not necessarily easy but Professor Chakravorty is probably the most lenient grader there is. Such a friendly guy and great at explaining concept if you are interested enough to pay attention.,12/18/2017,2.0,2.0,,5,N/A,5.0,5.0,1,No,1513635005000,Yes,1040,Yes,,N/A,"['Amazing lectures', 'Caring', 'Accessible outside class']",people,people
Not Mandatory,average,average,average,0,24256085,0,,average,2,EC192,"Chakra is a undeniably a great guy. He's always in high spirits and is a pleasure to listen to. However, he did not seem to have any structure to his lectures. He often got off track and he did not do a good job teaching the material. ",01/08/2015,2.0,2.0,,3,Really into it,2.5,2.5,1,Yes,1420744836000,N/A,1040,Yes,,N/A,[],people,people
N/A,average,average,average,0,22893082,0,,poor,2,EC008,"I was in Professor Chakravorty's first class at Tufts. He was not exceptionally passionate about teaching economics, nor did he liven up the class with personal stories/experience. I would advise against taking a class with him, if you can manage it.",03/07/2014,3.0,3.0,,2,Really into it,2.0,2.0,1,Yes,1394156219000,N/A,1040,N/A,,N/A,[],people,people
