attendance,clarityColor,easyColor,helpColor,helpCount,id,notHelpCount,onlineClass,quality,rClarity,rClass,rComments,rDate,rEasy,rEasyString,rErrorMsg,rHelpful,rInterest,rOverall,rOverallString,rStatus,rTextBookUse,rTimestamp,rWouldTakeAgain,sId,takenForCredit,teacher,teacherGrade,teacherRatingTags,unUsefulGrouping,usefulGrouping
Not Mandatory,good,average,good,0,29039000,0,,good,4,ANTH126,"I took a class with Alex that was new this semester. In the beginning he was a bit disorganized, but after asking for feedback and receiving it, he made some awesome changes, and made his points clearer and even made reading guides for us. He is so passionate about this topic of food and I felt shaken and inspired after each class. Would recommend!",12/04/2017,3.0,3.0,,4,N/A,4.0,4.0,1,No,1512417296000,Yes,1040,Yes,,N/A,"['Respected', 'Caring', 'Amazing lectures']",people,people
Not Mandatory,good,good,good,1,27750073,0,,good,4,ANTH24,Alex is an intriguing lecturer who really cares about his subject material. The material is challenging to grasp and I had to do a lot of thinking in preparation for the 5 papers assigned over the semester. However if you are interested in the subject material and are willing to do a lot of reading you will really gain a new perspective!,01/18/2017,4.0,4.0,,4,N/A,4.0,4.0,1,No,1484758454000,Yes,1040,Yes,,A,"['Clear grading criteria', 'Get ready to read', 'Gives good feedback']",people,person
Not Mandatory,average,good,average,0,27617002,2,,average,3,ENV9,He is so so smart,12/24/2016,4.0,4.0,,3,N/A,3.0,3.0,1,No,1482581567000,No,1040,Yes,,N/A,"['Lecture heavy', 'Respected', 'Gives good feedback']",people,people
Not Mandatory,average,good,average,0,27617000,2,,average,3,ENV9,Amazingly smart guy,12/24/2016,4.0,4.0,,3,N/A,3.0,3.0,1,No,1482581532000,No,1040,Yes,,N/A,"['Respected', 'Gives good feedback', 'Lecture heavy']",people,people
Mandatory,good,good,good,1,24219981,0,,awesome,4,003906,"Alex is hugely intelligent, which can make it difficult to connect with the lessons he tries to impart. His feedback is superb and he is very flexible. No tests, but the handful of essays are VERY difficult. However, Alex scales all grades generously. If you're not interested in the material, you will not enjoy the class since topics are advanced.",01/03/2015,4.0,4.0,,5,Really into it,4.5,4.5,1,No,1420275639000,N/A,1040,Yes,,A-,"['Respected', 'Gives good feedback', 'Get ready to read']",people,person
Mandatory,good,good,good,0,24198975,1,,awesome,5,ANTH130,"Anthropological Thought could have been boring and dry, but he was engaging and excited about the topic. He really gets into the readings.  One of the most interesting professors at Tufts. ",12/29/2014,4.0,4.0,,5,Sorta interested,5.0,5.0,1,Yes,1419812905000,Yes,1040,Yes,,A,"['Respected', 'Get ready to read']",person,people
N/A,good,average,average,0,24110876,0,,good,4,ANTH003906,"Professor Blanchette is a wealth of knowledge; he is very interested in what he teaches and aims to engage the class in discussion, rather than simply lecturing. The reading assignments are critical as they are the class discussion topics. He takes time to grade carefully, there are four papers but no tests.  He enjoys hearing other points of view.",12/16/2014,2.0,2.0,,3,Sorta interested,3.5,3.5,1,No,1418769344000,N/A,1040,Yes,,N/A,"['Gives good feedback', 'Participation matters', 'Get ready to read']",people,people
N/A,good,average,good,0,23736102,1,,awesome,4,ANTH0039,"So so so smart and engaging. Not always super clear on assignments, but there are very few anyways. Just really really engaging. Loved the class. ",11/03/2014,3.0,3.0,,5,It's my life,4.5,4.5,1,No,1415049945000,Yes,1040,Yes,,N/A,['Participation matters'],person,people
Mandatory,average,good,good,0,23719089,0,,good,3,0039,"Alex is extremely intelligent and interesting, but he is intellectually way beyond me sometimes, so that I'm not always sure what we're discussing. However, he's very helpful and extremely flexible for the class. He just talks, little to no visual learning.",10/30/2014,4.0,4.0,,5,Sorta interested,4.0,4.0,1,No,1414690824000,N/A,1040,Yes,,A-,"['Get ready to read', 'Respected', 'Gives good feedback']",people,people
Mandatory,good,good,good,0,23340160,0,,awesome,5,ANTHRO39,Amazing professor.  The readings were dense but extremely interesting. He made  key points clear at the end of each class. Going to his office hours was very helpful. I really enjoyed his class and appreciated his help and understanding.,06/03/2014,5.0,5.0,,5,It's my life,5.0,5.0,1,Yes,1401767545000,N/A,1040,N/A,,A-,[],people,people
N/A,good,good,good,0,23252649,0,,awesome,5,ANTH185,"Biopolitics was an incredible class. Very thought-provoking and rewarding. Alex is also a wonderful professor. He is very engaging and cares about his students. He gives a lot of feedback on papers and for a seminar of over 20 people (!), tries to engage everyone in class discussions",05/15/2014,4.0,4.0,,5,It's my life,5.0,5.0,1,Yes,1400118545000,N/A,1040,N/A,,N/A,[],people,people
Mandatory,good,good,good,0,22770143,0,,awesome,4,ANTH0039,Alex was so helpful and understanding. I was struggling a lot but going to his office hours is well worth it. He does a good job of boosting your confidence and helping you improve. Puts a lot of time into grading things informatively.,01/19/2014,5.0,5.0,,5,Really into it,4.5,4.5,1,No,1390090123000,N/A,1040,N/A,,B+,[],people,people
Mandatory,good,good,good,2,22296291,0,,awesome,4,ANTH0039,Took Intro to Environmental Anthropology with him. Such a helpful professor! He's pretty new to Tufts. At the beginning there was a lot of reading but he revised the syllabus multiple times to give us what we wanted: fewer readings and more related to food justice. He's very flexible. So nice.,11/11/2013,4.0,4.0,,5,Really into it,4.5,4.5,1,No,1384211816000,N/A,1040,N/A,,N/A,[],people,people
