attendance,clarityColor,easyColor,helpColor,helpCount,id,notHelpCount,onlineClass,quality,rClarity,rClass,rComments,rDate,rEasy,rEasyString,rErrorMsg,rHelpful,rInterest,rOverall,rOverallString,rStatus,rTextBookUse,rTimestamp,rWouldTakeAgain,sId,takenForCredit,teacher,teacherGrade,teacherRatingTags,unUsefulGrouping,usefulGrouping
Mandatory,good,good,good,0,30433424,0,,good,4,MATH32,"Dyer was fine. Her lectures were very uniform - usually with the same pace and amount of material. Homework assigned online was a lot and her tests were hard, but she gives lots of practice exams to study from. Overall, I think the reason I didn't love this class was the material I learned, which she knew like the back of her hand.",08/14/2018,4.0,4.0,,4,N/A,4.0,4.0,1,Yes,1534280554000,Yes,1040,Yes,,N/A,"[""Skip class? You won't pass."", 'Test heavy', 'Lots of homework']",people,people
Mandatory,good,good,good,0,30180760,0,,good,4,MATH42,She is nice. But this class is hard. I dropped it first semester then took it again second semester and still chose to have Professor Dyer. She tells you what she expects and really knows her stuff!!,05/23/2018,4.0,4.0,,4,N/A,4.0,4.0,1,Yes,1527119018000,Yes,1040,Yes,,B+,"['Participation matters', 'Clear grading criteria', 'Lecture heavy']",people,people
Mandatory,average,good,average,2,30018883,0,,poor,2,MATH42,Was not very approachable outside of class and success on homework did not translate to success on exams :(,05/07/2018,4.0,4.0,,2,N/A,2.0,2.0,1,Yes,1525735637000,No,1040,Yes,,N/A,"[""Skip class? You won't pass."", 'Lots of homework', 'Graded by few things']",people,people
Mandatory,good,good,good,1,29875807,0,,awesome,5,MATH0061,"I had Dyer for both Calc 3 and Discrete, and although she takes some getting used and may not seem the friendliest at first, she is a great professor and is always there to help you. She is very well organized and always lets you know exactly what she expects from you. Work load can be a lot (at least for Discrete), office hours are very helpful!",04/24/2018,4.0,4.0,,5,N/A,5.0,5.0,1,Yes,1524564384000,Yes,1040,Yes,,N/A,"['Lots of homework', 'Accessible outside class', 'Respected']",people,person
Mandatory,average,average,average,1,29563774,0,,poor,2,MATH42,"I understand in a classroom setting that it's easy to make an error and that's ok. But if a professor is approached privately after class about an error and brushes it off with a tone of infallibility and condescension, that is not ok. Math is meant to be rigorous and that rigor is more important than ego. Not an isolated incident.",02/13/2018,3.0,3.0,,2,N/A,2.0,2.0,1,Yes,1518558571000,No,1040,Yes,,N/A,"['Lecture heavy', 'Participation matters', 'Get ready to read']",people,person
Mandatory,good,good,good,1,29535463,0,,awesome,5,MATH70,"I'm surprised by the lower ratings. I have taken several courses with Professor Dyer, and she has been by far the best math teacher I have ever had. She is an extremely good lecturer. She teaches her courses rigorously, but very fairly. She is very kind, cares about her students, and answers questions excellently. If you want to learn, take her.",02/04/2018,4.0,4.0,,5,N/A,5.0,5.0,1,Yes,1517770081000,Yes,1040,Yes,,A+,"['Clear grading criteria', 'Amazing lectures', 'Gives good feedback']",people,person
Mandatory,average,average,average,0,29336915,0,,average,3,MATH42,"Fine professor. She teaches the material decently, and you can tell that she loves what she teaches, which compensates for the quick pace at which she goes. I would take her again, but she is not exceptional. Your TA for the class is a good resource and more approachable than Dyer. I recommend making flashcards.",12/26/2017,3.0,3.0,,3,N/A,3.0,3.0,1,Yes,1514286831000,Yes,1040,Yes,,A+,"['Participation matters', ""Skip class? You won't pass."", 'Clear grading criteria']",people,people
Mandatory,average,good,average,1,29328283,0,,average,3,MATH42,"Be sure to read the textbook before coming to lecture, it is very difficult to follow along otherwise. Dyer can sometimes get overwhelmed during the lectures. Office hours are more useful. Overall, a tough grader but fair.",12/24/2017,4.0,4.0,,3,N/A,3.0,3.0,1,Yes,1514078785000,Yes,1040,Yes,,A,"['Lots of homework', 'Accessible outside class']",people,person
Mandatory,good,average,good,0,29311269,0,,good,4,MATH0042,"Professor Dyer is overall a nice person and a good teacher. She explains the material well, is very organized, and is quick on returning tests. She talks extremely fast; skimming the textbook before lecture is helpful. Only complaint is that she can seem a little condescending when answering questions, so talking to her can sometimes be difficult.",12/21/2017,3.0,3.0,,4,N/A,4.0,4.0,1,Yes,1513894512000,Yes,1040,Yes,,N/A,"[""Skip class? You won't pass."", 'Lecture heavy']",people,people
Not Mandatory,good,average,good,0,29087185,0,,awesome,5,MATH70,"Dyer is probably the most well prepared, clear, and concise math professor I have had at Tufts. She fields questions more comfortably than most of the math profs I've worked with and is very good at getting in a students head and understanding their gaps with the material and how to rectify them. Decent amount of homework, but easy; fair tests",12/07/2017,3.0,3.0,,5,N/A,5.0,5.0,1,Yes,1512672613000,Yes,1040,Yes,,N/A,"['Clear grading criteria', 'Gives good feedback']",people,people
Not Mandatory,good,average,good,0,28347052,0,,awesome,5,MATH61,"Dr. Dyer did an excellent job teaching our Discrete Mathematics class. Although she can get a little nervous during lecture, she is very thorough and explains all the material very clearly. I'm hoping to take Linear Algebra with her in the spring!",05/19/2017,3.0,3.0,,5,N/A,5.0,5.0,1,Yes,1495183846000,Yes,1040,Yes,,A,"['Gives good feedback', 'Accessible outside class', ""Skip class? You won't pass.""]",people,people
Not Mandatory,good,average,good,0,28279495,0,,awesome,5,MATH61,"Professor Dyer is super nice and very helpful if you go to her in office hours. She definitely gets a bit nervous/stressed during lectures, but she does a pretty good job  of presenting the material and covers a lot of material. She does assign a lot of homework though, and her section is noticeably harder than the other 61 sections.",05/10/2017,3.0,3.0,,5,N/A,5.0,5.0,1,Yes,1494451396000,Yes,1040,Yes,,A,"['Lots of homework', 'Accessible outside class', 'Gives good feedback']",people,people
Mandatory,good,good,good,0,28071595,1,,good,4,MATH34AND42,"I've had professor dyer for both Calc II and III. For both classes, there  is an insane amount of material to get through and although her lectures are dry, she does a fantastic job at covering everything necessary. There's a lot of work she expects you to do for the class, but none of it's busywork.",04/18/2017,5.0,5.0,,4,N/A,4.0,4.0,1,Yes,1492537848000,Yes,1040,Yes,,N/A,"['Lots of homework', 'Amazing lectures', 'Accessible outside class']",person,people
N/A,good,average,good,0,27940541,0,,good,4,MATH42,"Calc III overall is a challenging class, and all the sections of it have the same homework (which is to say a lot). Dyer is one of the better teachers for sure.  Very thorough in lecture, good at getting the material across, so if you go to class you will learn.  Only complaint is I didn't feel I got much out of office hours, but I only went once",03/23/2017,3.0,3.0,,4,N/A,4.0,4.0,1,Yes,1490298480000,Yes,1040,Yes,,N/A,"[""Skip class? You won't pass.""]",people,people
Mandatory,good,good,good,1,27859062,0,,good,4,MATH42,"Dyer is a very thorough and informative lecturer.  However, she severely lacks personality so don't expect to have a conversation with her outside of the FASCINATING topics of 3-dimensional graphs and partial derivatives...  Regardless, if you show up to class you will learn the material pretty well, and if you don't you will surely fail.",02/26/2017,5.0,5.0,,4,N/A,4.0,4.0,1,No,1488146723000,No,1040,Yes,,N/A,"['Lots of homework', ""Skip class? You won't pass."", 'Test heavy']",people,person
Mandatory,good,average,good,0,27196321,0,,awesome,5,MATH42,"Dr. Dyer is on top of it. Lectures move very quickly, so be in class and be prepared to learn! The homework can be a lot, and concepts can be difficult but she explains them quite well and often even revises the textbook. She likes to address student questions and is super accessible outside of class. I always get an email back within 15min!",11/15/2016,3.0,3.0,,5,N/A,5.0,5.0,1,Yes,1479248848000,Yes,1040,Yes,,N/A,"['Lots of homework', 'Accessible outside class', 'Amazing lectures']",people,people
N/A,good,average,good,0,27093422,0,,good,4,MATH42,"You may feel a bit overwhelmed by the speed of her lectures initially, but you quickly acclimate.  There's just so much material to get through!  She does a really good job of slowing down when everyone seems to be giving her the confusion face.  And she is great at explaining things in full during office hours.  Be prepared to learn a lot!!!",10/28/2016,3.0,3.0,,4,N/A,4.0,4.0,1,No,1477665832000,Yes,1040,Yes,,A,"['Caring', 'Accessible outside class', ""Skip class? You won't pass.""]",people,people
Mandatory,good,average,good,0,26659082,0,,awesome,5,MATH32,"One of the best math teachers I've ever had. Her lectures are very clear and concise, and  she goes out of her way to make sure every question gets answered (via email, during office hours or in lecture).",05/26/2016,3.0,3.0,,5,N/A,5.0,5.0,1,Yes,1464304909000,Yes,1040,Yes,,N/A,"['Respected', 'Gives good feedback', 'Clear grading criteria']",people,people
Mandatory,good,average,average,0,26282075,0,,good,4,MATH42,"If you go to the lectures the homework will always be easy. However, if you need help you need to go to her in person, because she is not that helpful in class.",04/12/2016,3.0,3.0,,3,N/A,3.5,3.5,1,Yes,1460486679000,N/A,1040,Yes,,Not sure yet,['Lots of homework'],people,people
N/A,average,average,average,0,26217365,0,,poor,2,MATH42,"If you want a class with a condescending professor, now's your chance!  Lectures were well-organized but dry, and she didn't explain the material conceptually.  Never felt like I could go to office hours or ask questions in class because she did a good job at making me feel stupid.  You'll make friends in that class trying to learn the material.",04/01/2016,3.0,3.0,,2,N/A,2.0,2.0,1,Yes,1459530642000,N/A,1040,Yes,,N/A,[],people,people
Mandatory,average,average,average,0,25976262,1,,average,2,MATH42,I have had some great professors in the math department and this was not one of them. Very distant when speaking in office hours but very attentive to emails Her lectures were often filled with mistakes. She assigns mandatory (extra) weekly homework assignments that no other sections have to do. Only math teacher that takes attendance,01/21/2016,3.0,3.0,,3,Really into it,2.5,2.5,1,Yes,1453387900000,N/A,1040,Yes,,N/A,['Lots of homework'],person,people
Mandatory,good,average,good,1,25234592,0,,awesome,5,MATH32,"Answers every email within a day. Very helpful, because she explores every possible angle of your question and answers it. Very receptive to students' questions during class. Encourages you to correct her if she makes a mistake. Very reasonable. Easy-going style/dress. Explains things much better than the textbook. 30 mins of HW, 3x a week. ",10/07/2015,2.0,2.0,,5,Sorta interested,5.0,5.0,1,Yes,1444234819000,N/A,1040,Yes,,N/A,"['Respected', 'Lots of homework', 'Caring']",people,person
