attendance,clarityColor,easyColor,helpColor,helpCount,id,notHelpCount,onlineClass,quality,rClarity,rClass,rComments,rDate,rEasy,rEasyString,rErrorMsg,rHelpful,rInterest,rOverall,rOverallString,rStatus,rTextBookUse,rTimestamp,rWouldTakeAgain,sId,takenForCredit,teacher,teacherGrade,teacherRatingTags,unUsefulGrouping,usefulGrouping
N/A,good,average,good,1,21825996,1,,awesome,5,FAH,"Kaminishi is the most important person who contributed to my successful learning experience at Tufts. Having just graduated this past week, I cannot stress more the impact and effect she had on my educational trajectory. She is passionate about the subject, concerned for her students and a genuine person. There is no one I recommend more.",05/25/2013,3.0,3.0,,5,It's my life,5.0,5.0,1,Yes,1369483035000,N/A,1040,N/A,,N/A,[],person,person
N/A,good,good,good,0,20800633,0,,awesome,5,FAM1,"Professor Kaminishi is an incredibly wonderful woman and one of the greatest professors I have had at Tufts. Her class is a lot of work and she is a tough grader, but if you put in the time you will gain a lot. Highly recommend if you're interested in Japan or Art History.",11/08/2012,4.0,4.0,,5,Really into it,5.0,5.0,1,Yes,1352387861000,N/A,1040,N/A,,N/A,[],people,people
N/A,average,average,good,0,19757611,2,,good,3,FAH15,"Prof. Kaminishi's class was hard. It was hard to focus because her lectures can get very long and have too many details that I'll never remember, but I ended up doing very well and really enjoying the ideas she talked about. She is a great little asian woman, and she appreciates and rewards students who put in effort and show interest in her class.",01/22/2012,3.0,3.0,,5,Sorta interested,4.0,4.0,1,No,1327241468000,N/A,1040,N/A,,N/A,[],people,people
N/A,average,average,good,0,19748710,0,,good,3,FAH15,"In Intro to Jap. Arch., we looked at architectural structures in Japan spanning from the ancient Yayoi/ Azuchi periods to the Edo, Meiji periods, and also at the 20th century greats like Tange & Isozaki. Observing Japanese history and ideologies through architecture was fascinating and insightful. At times hard to keep up with pace, but worth it.",01/19/2012,2.0,2.0,,5,Really into it,4.0,4.0,1,Yes,1326989821000,N/A,1040,N/A,,N/A,[],people,people
N/A,average,good,average,0,16882426,0,,poor,2,FAH11,"I couldn't agree more with the previous comment. I also took Buddhist Art and found it very difficult. Her teaching style was hard to follow, test were difficult, and her grading is tough! She is nice but seems unable to lower her expectations for Graduate Art History Majors. I will NEVER take another class with her.",03/17/2010,5.0,5.0,,2,Meh,2.0,2.0,1,No,1268857018000,N/A,1040,N/A,,N/A,[],people,people
N/A,average,good,average,0,15757779,1,,poor,2,FAH45,"Class was Buddhist Art. She's incredibly difficult to understand and her lectures are completely unorganized, making coherent note-taking impossible.  She's friendly but very hard to learn from, tests are very hard as is her grading style. The readings are all handouts and most don't relate to class topics. I wouldn't take another course with her.",05/04/2009,5.0,5.0,,2,Sorta interested,2.0,2.0,1,No,1241433053000,N/A,1040,N/A,,N/A,[],person,people
