attendance,clarityColor,easyColor,helpColor,helpCount,id,notHelpCount,onlineClass,quality,rClarity,rClass,rComments,rDate,rEasy,rEasyString,rErrorMsg,rHelpful,rInterest,rOverall,rOverallString,rStatus,rTextBookUse,rTimestamp,rWouldTakeAgain,sId,takenForCredit,teacher,teacherGrade,teacherRatingTags,unUsefulGrouping,usefulGrouping
N/A,average,good,average,1,28986942,0,,poor,2,EC201,"I took his grad advanced stats class. He just discusses 10% of what is in the book. The book he uses is not that great either. I find his lectures unorganised and unclear. I basically had to teach myself. Thanks to youtube. I would recommend going to him during office hours. He is a really nice person, just not a great professor. Fair grader.",11/29/2017,4.0,4.0,,2,N/A,2.0,2.0,1,Yes,1511955346000,No,1040,Yes,,N/A,"['Get ready to read', 'Accessible outside class']",people,person
Not Mandatory,good,average,good,0,27858896,0,,awesome,5,EC203,"I took professor Garman for graduate statistics and he is a great lecturer. He presents only a few key concepts in class, but does them well, so you really understand the material from a broader perspective, and isn't overwhelmed by the detail. His exams are fair, and I believe his curves are pretty generous.",02/26/2017,3.0,3.0,,5,N/A,5.0,5.0,1,Yes,1488142400000,Yes,1040,Yes,,N/A,"['Accessible outside class', 'Clear grading criteria', 'Amazing lectures']",people,people
Not Mandatory,average,good,average,0,26003846,0,,average,2,EC13,"German may be highly recommended for econometrics, but avoid him for statistics. His rambling lectures are virtually worthless to attend, everyone teaches the subject matter to themselves. Recitation is helpful and the weekly quizzes are easy, but the test questions are significantly more difficult than our other work. Take EC13 w/ Swingle/Downes",01/28/2016,4.0,4.0,,3,Meh,2.5,2.5,1,Yes,1453980167000,N/A,1040,Yes,,B+,"['Tough grader', 'Lecture heavy']",people,people
Not Mandatory,poor,good,poor,1,25620918,0,,awful,1,EC13,"Very unclear lecturer, not engaging at all. Recitations cover material that he discussed a week and a half prior, tests are far more difficult than the text book/HW problems and use different notation, both of which make it difficult to stay up to date. Weekly quizzes and HW (worth 10% of your grade combined).",12/10/2015,4.0,4.0,,1,Really into it,1.0,1.0,1,Yes,1449709254000,N/A,1040,Yes,,B,"['Get ready to read', 'Tough grader', 'Lots of homework']",people,person
N/A,good,good,good,0,24256068,0,,good,4,EC107,"This class is the hardest class I've ever taken. It took me two semesters and a withdrawal to get through it, but I definitely got it by the end. He teaches the material thoroughly and clearly, he keeps you focused with weekly quizzes and HW, but he is brutal when it comes to exams.",01/08/2015,5.0,5.0,,4,Sorta interested,4.0,4.0,1,Yes,1420744622000,N/A,1040,Yes,,N/A,[],people,people
N/A,good,good,good,0,21995895,0,,awesome,5,ECON107,"Professor Garman is an incredibly diligent professor, that will go beyond his means to make sure that you have all the material to maximize your understanding of the material. His tests are difficult, but fair. Office hours are helpful.",07/25/2013,4.0,4.0,,5,Really into it,5.0,5.0,1,Yes,1374744255000,N/A,1040,N/A,,N/A,[],people,people
N/A,good,good,good,0,19647909,0,,good,4,EC15,"All the other reviews sum this class up nicely. He is a good professor, but not extraordinary. He is clear, smart, and gives you the resources to do well; however, the class is not very exciting and it is difficult.",01/01/2012,4.0,4.0,,4,Sorta interested,4.0,4.0,1,Yes,1325387267000,N/A,1040,N/A,,N/A,[],people,people
N/A,good,good,good,0,14169096,1,,good,4,ECON15,"This class is a lot of work!  There is weekly homework, a weekly quiz, 3 exams and a paper.  He is rigid about attendance even though the class meets at 9:30am.  Be wary if you  had trouble in statistics because he gives D and F grades.",03/15/2008,5.0,5.0,,4,Sorta interested,4.0,4.0,1,Yes,1205582605000,N/A,1040,N/A,,N/A,[],person,people
N/A,good,average,good,0,14006209,0,,awesome,5,EC15,I love Professor Garman! He does an amazing job making a difficult class easier. He holds OHs all week and is very approachable and kind. I would urge anyone to take any of his classes!,01/15/2008,3.0,3.0,,5,It's my life,5.0,5.0,1,Yes,1200436934000,N/A,1040,N/A,,N/A,[],people,people
N/A,good,average,good,0,13663981,0,,good,5,ECON11,"Wonderful Professor.  Very clear.  He explains everything in detail, so that students can understand it.",11/15/2007,3.0,3.0,,3,Sorta interested,4.0,4.0,1,Yes,1195168031000,N/A,1040,N/A,,N/A,[],people,people
N/A,good,average,good,0,13320874,0,,awesome,5,ECON000,"He's a great professor.  Econometrics can be a very confusing subject, but he presents the material in a way that students can really understand.",07/10/2007,3.0,3.0,,4,Really into it,4.5,4.5,1,Yes,1184046159000,N/A,1040,N/A,,N/A,[],people,people
N/A,good,average,good,0,10649371,0,,awesome,5,EC11,He's awesome.,10/27/2005,3.0,3.0,,5,Really into it,5.0,5.0,1,N/A,1130405699000,N/A,1040,N/A,,N/A,[],people,people
N/A,good,average,good,0,10573844,0,,awesome,5,ECON206,"Great Prof.  Had him for graduate econometrics.  Clear, organized, straightforward, with material that could by all means be presented in a disjointed confusing way.  Very nice and willing to help students.  Take any class with him- he's great",10/11/2005,3.0,3.0,,5,It's my life,5.0,5.0,1,N/A,1129019441000,N/A,1040,N/A,,N/A,[],people,people
N/A,good,good,average,0,1815092,0,,good,4,107,"is a nice guy. could be a little more helpful when you go in for office hours/have trouble with a concept. but, he is pretty organized, and you know what to expect on exams.",03/17/2004,4.0,4.0,,3,N/A,3.5,3.5,1,N/A,1079490531000,N/A,1040,N/A,,N/A,[],people,people
N/A,good,good,good,0,742015,1,,awesome,4,ECON,"Very Helpful guy.   I loved him.  Nice, funny, and easy going",03/25/2003,4.0,4.0,,5,N/A,4.5,4.5,1,N/A,1048595050000,N/A,1040,N/A,,N/A,[],person,people
N/A,poor,good,poor,0,695671,2,,awful,1,EC107,No Comments,03/11/2003,5.0,5.0,,1,N/A,1.0,1.0,1,N/A,1047345771000,N/A,1040,N/A,,N/A,[],people,people
