attendance,clarityColor,easyColor,helpColor,helpCount,id,notHelpCount,onlineClass,quality,rClarity,rClass,rComments,rDate,rEasy,rEasyString,rErrorMsg,rHelpful,rInterest,rOverall,rOverallString,rStatus,rTextBookUse,rTimestamp,rWouldTakeAgain,sId,takenForCredit,teacher,teacherGrade,teacherRatingTags,unUsefulGrouping,usefulGrouping
Mandatory,good,average,good,0,29994135,0,,good,4,ENG002,"Hes a great guy, well travelled, friendly, and is happy to give you extensions whenever you need them. Hes definitely a tough grader though.",05/05/2018,3.0,3.0,,4,N/A,4.0,4.0,1,No,1525512062000,Yes,1040,Yes,,N/A,"['Tough grader', 'Gives good feedback']",people,people
Mandatory,good,average,good,0,27617881,0,,awesome,5,ENG01,"Great teacher, very lenient with giving extensions. Often leads class into interesting discussions. Said he has never given an A+ on a paper, but A's exist and grading isn't terribly difficult",12/24/2016,3.0,3.0,,5,N/A,5.0,5.0,1,No,1482594235000,Yes,1040,Yes,,A-,"['Participation matters', 'Gives good feedback', 'Accessible outside class']",people,people
Mandatory,good,good,good,0,26706289,1,,awesome,5,ENG002,"I love him!  He is well-traveled, well-read, and very good with both giving and receiving feedback. He was a friend, not just a teacher.  I am an intl student and my writing skills are subpar but I have benefited greatly from him.",06/08/2016,5.0,5.0,,5,N/A,5.0,5.0,1,No,1465385085000,Yes,1040,Yes,,B-,"['Caring', 'Amazing lectures', 'Accessible outside class']",person,people
Mandatory,poor,good,poor,1,26243160,0,,awful,1,ENG01,He will say something rude about your work and then when you defend yourself he will say something else rude but this time laugh afterwords to try to clear the air. Don't take his class. Nobody I know got higher than a B.,04/06/2016,5.0,5.0,,1,N/A,1.0,1.0,1,No,1459958961000,N/A,1040,Yes,,B,"['Participation matters', 'Tough grader']",people,person
N/A,good,average,good,2,21482983,0,,awesome,5,ENG002,"Very friendly, accessible professor who helped my writing a ton.",04/03/2013,3.0,3.0,,5,Sorta interested,5.0,5.0,1,No,1365020353000,N/A,1040,N/A,,N/A,[],people,people
N/A,good,average,good,1,21186416,0,,awesome,4,ENG2,"Professor Beckman is very passionate about writing and traveling. He will almost always support your essay ideas, but he is a harsh grader. He will always find something worth improving. However, he gives many opportunities for revisions and is highly available and helpful if you choose to seek him out.",12/30/2012,3.0,3.0,,5,Really into it,4.5,4.5,1,Yes,1356876498000,N/A,1040,N/A,,N/A,[],people,person
N/A,good,average,good,0,18314733,2,,good,4,ENG2,"Prof. Beckman really breaks down the writing process in a way that makes sense. I never felt I had a really good grasp on essays until I took his course. Really understanding in terms of extensions and pretty accessible when you need help. Overall, I learned a lot.",03/26/2011,3.0,3.0,,4,Sorta interested,4.0,4.0,1,Yes,1301110378000,N/A,1040,N/A,,N/A,[],people,people
N/A,average,good,average,0,15970718,0,,poor,2,ENG01,I can honestly say that i would never take another class with him again. He is arrogant and not open to new ideas. He spends his time telling everyone how he feels and if you don't believe what he believes or think the way he thinks then you are Wrong. He limits thinking to be generic rather than unique. Take course with another professor.,06/17/2009,4.0,4.0,,2,Sorta interested,2.0,2.0,1,Yes,1245267652000,N/A,1040,N/A,,N/A,[],people,people
N/A,good,good,good,0,15428366,1,,awesome,5,ENG2,"Difficult teacher, difficult class, learned a lot. What you learn depends on your motivation. A lot of people go in expecting to BS everything; everything you write you have to make yourself. Thus, the inclass discussions are useless & useful at the same time. Very helpful, cares, knows what hes talking about. Doesn't look much at style, though",01/30/2009,5.0,5.0,,5,Sorta interested,5.0,5.0,1,Yes,1233276153000,N/A,1040,N/A,,N/A,[],person,people
N/A,good,good,good,1,14914301,0,,good,4,ENG2,"Taught Road Stories. Readings and class discussion interesting, but aren't big part of grade. He's the kind of prof who &quot;sees promise&quot; in all your writing but is a very critical grader. Lets you rewrite essays though. Overly enthusiastic, smokes, always runs out of time b/c he talks a lot.",10/29/2008,4.0,4.0,,4,Really into it,4.0,4.0,1,No,1225287465000,N/A,1040,N/A,,N/A,[],people,person
N/A,average,average,average,1,12334181,0,,average,3,ENG1,"i love english and i hated this class. beckman was a smug little man who, i feel, made my writing worse. he wanted my writing to become something he approved of, which really got on my nerves. comments on papers were not particularly helpful, either.",10/30/2006,3.0,3.0,,2,Sorta interested,2.5,2.5,1,Yes,1162238680000,N/A,1040,N/A,,N/A,[],people,person
N/A,average,good,poor,0,12292818,0,,poor,2,ENG1,"This is the kind of teacher that wastes time trying to force his class to say what he wants to hear. His comments can be helpful, but not helpful with papers. Once you've &quot;fixed&quot; some problem with your writing he finds another one that is worse than before. He grades incredibly hard. Don't take this class.",10/17/2006,4.0,4.0,,1,Low,1.5,1.5,1,No,1161124540000,N/A,1040,N/A,,N/A,[],people,people
N/A,good,average,good,0,11776522,0,,awesome,5,ROADSTORIES,"Good teacher... his heart is definitely in the right place. Very concerned with the students doing work that reflects passion, which overlaps my own needs from a teacher, so it worked well for me. Somewhat easy grader, but what's important is what you walk away with. I wrote the best I ever had leaving his class.",04/27/2006,3.0,3.0,,5,Really into it,5.0,5.0,1,N/A,1146149001000,N/A,1040,N/A,,N/A,[],people,people
N/A,poor,good,poor,0,10000824,0,,awful,1,ENG2,No Comments,07/07/2005,5.0,5.0,,1,Sorta interested,1.0,1.0,1,N/A,1120731611000,N/A,1040,N/A,,N/A,[],people,people
N/A,average,good,average,0,3655987,0,,average,3,ENG1,No Comments,04/18/2005,4.0,4.0,,2,Really into it,2.5,2.5,3,N/A,1113868621000,N/A,1040,N/A,,N/A,[],people,people
N/A,good,average,good,0,3597218,0,,awesome,5,ENG2,"Interesting guy, very energetic.  Course material was ok though, some weird stuff.  He was helpful outside of class, and is genuinly interested his students lives.  loves to travel and keeps in touch with former students.  Not too tough a grader and makes class fun by holding it outside sometimes.",04/11/2005,2.0,2.0,,5,Sorta interested,5.0,5.0,1,N/A,1113184192000,N/A,1040,N/A,,N/A,[],people,people
N/A,poor,good,poor,0,3341547,0,,awful,1,ENG2,He was horrible!! He has this annoying laugh that goes with his nasty smell. I dreaded going to class because it was so boring. He was unhelpful when I went to discuss papers and frustrated me so much throughout the semester. None of my friends liked him either,02/09/2005,4.0,4.0,,1,Meh,1.0,1.0,1,N/A,1107991262000,N/A,1040,N/A,,N/A,[],people,people
Mandatory,poor,good,poor,0,2942331,0,,awful,1,ENG2,ABSOLUTELY THE  WORST TEACHER I HAVE EVER HAD. I asked for help and he was unclear. He decided that i was a B student after the first paper and wouldnt change his opinion. I put a lot of time into the class and got nothing out of it. I learned NOTHING. He smells like smoke all the time. Yuck!,12/08/2004,5.0,5.0,,1,It's my life,1.0,1.0,1,N/A,1102465524000,N/A,1040,N/A,,WD,[],people,people
N/A,good,good,good,0,1411535,0,,awesome,4,ENG2,Commited!,12/01/2003,4.0,4.0,,5,N/A,4.5,4.5,1,N/A,1070277839000,N/A,1040,N/A,,N/A,[],people,people
N/A,good,good,good,0,636225,0,,awesome,5,ENGLISH2,Very interesting.,02/26/2003,4.0,4.0,,5,N/A,5.0,5.0,1,N/A,1046222463000,N/A,1040,N/A,,N/A,[],people,people
