attendance,clarityColor,easyColor,helpColor,helpCount,id,notHelpCount,onlineClass,quality,rClarity,rClass,rComments,rDate,rEasy,rEasyString,rErrorMsg,rHelpful,rInterest,rOverall,rOverallString,rStatus,rTextBookUse,rTimestamp,rWouldTakeAgain,sId,takenForCredit,teacher,teacherGrade,teacherRatingTags,unUsefulGrouping,usefulGrouping
Not Mandatory,poor,good,poor,0,24170575,0,,awful,1,CALC32,She was so confusing and boring. Try to avoid if you can,12/22/2014,4.0,4.0,,1,Low,1.0,1.0,1,Yes,1419272675000,N/A,1040,Yes,,B-,[],people,people
N/A,poor,good,poor,0,22300850,0,,poor,1,MATH32,She is horrible. Makes tons of mistakes every class. Don't take her class unless you can learn on your own,11/12/2013,4.0,4.0,,2,Meh,1.5,1.5,1,No,1384273604000,N/A,1040,N/A,,N/A,[],people,people
N/A,poor,good,poor,0,18925052,0,,awful,1,MATH162,"One of the worst professors I have ever had in my life. By the second week, most people quit going to class because she made no sense. She misspeaks and taught math with POWERPOINT slides. The slides weren't even very clear or readable. Learned more from the textbook. She is nice, but can't teach.",08/17/2011,5.0,5.0,,1,It's my life,1.0,1.0,1,Yes,1313575935000,N/A,1040,N/A,,N/A,[],people,people
N/A,poor,good,poor,0,14287285,0,,awful,1,MATH11,"She is very, very bad. A very nice person, but couldn't teach if her life depended on it.",04/14/2008,5.0,5.0,,1,Really into it,1.0,1.0,1,Yes,1208165807000,N/A,1040,N/A,,N/A,[],people,people
N/A,average,good,average,0,12959076,0,,average,2,MATH13,"Constantly makes mistakes during class. However, she works hard to make sure everyone understands the concepts with handouts, reviews, and quizzes that just assess your understanding and don't count. If you can't get a better prof, she'll be ok.",04/01/2007,4.0,4.0,,3,Low,2.5,2.5,1,Yes,1175452198000,N/A,1040,N/A,,N/A,[],people,people
N/A,poor,good,poor,0,12956781,0,,awful,1,CALC11,"She is not easy to understand, and constantly makes mistakes, to the extent that lectures are incredibly boring and confusing.  Try to get a different calc professor.",03/31/2007,4.0,4.0,,1,Low,1.0,1.0,1,Yes,1175360489000,N/A,1040,N/A,,N/A,[],people,people
N/A,poor,average,poor,0,12942928,0,,awful,1,MATH12,"She's really a sweetheart, but she can't teach for her life. She makes mistakes ALL THE TIME and doesn't usually catch them. She tends to confuse people too... if you have trouble with math and learning from the text don't take her section. A bazillion people dropped out in like the first 2 weeks.",03/26/2007,3.0,3.0,,1,Sorta interested,1.0,1.0,1,Yes,1174871323000,N/A,1040,N/A,,N/A,[],people,people
N/A,good,poor,good,0,12228682,0,,awesome,5,MATH12,"You have to study and do the homework, but she is systematic and thorough.  Made calculus interesting and doable for me.  Did much better in this than calculus at my high school (B- to A+).",09/12/2006,1.0,1.0,,5,It's my life,5.0,5.0,1,Yes,1158093262000,N/A,1040,N/A,,N/A,[],people,people
Mandatory,poor,good,poor,0,10968829,0,,poor,1,MATH12,"oh god... it was a nightmare.  she's a nice person, but a terrible lecturer.  DO NOT take this class if you have any trouble learning math- she cannot teach you anything and will only confuse you in the end!",11/22/2005,5.0,5.0,,2,Sorta interested,1.5,1.5,1,N/A,1132653882000,N/A,1040,N/A,,A-,[],people,people
N/A,average,average,average,0,3436002,0,,average,3,MATH13,She is well intentioned but makes a lot of mistakes on the board. Not the greatest at explaining either but you can get by with some effort.,03/09/2005,3.0,3.0,,3,Really into it,3.0,3.0,1,N/A,1110373096000,N/A,1040,N/A,,N/A,[],people,people
N/A,poor,average,average,0,2757276,0,,poor,1,MATH12,"you should really pick another professor, cause hahn is bad",11/16/2004,3.0,3.0,,3,Low,2.0,2.0,1,N/A,1100633379000,N/A,1040,N/A,,A,[],people,people
N/A,average,good,average,0,2747845,0,,poor,2,MATH12,"Very good intentions...very bad at explaining.  Also, beware that she might write something on the baord wrong, not catch her mistake, and leave you confused about it for a week or so.",11/16/2004,4.0,4.0,,2,Sorta interested,2.0,2.0,1,N/A,1100568158000,N/A,1040,N/A,,N/A,[],people,people
N/A,good,average,good,0,1924638,0,,awesome,5,MATH12,"Great teacher, gives plenty of examples, is always open for questions and extremely willing to help out with any difficult concepts, extremely nice!",04/08/2004,3.0,3.0,,5,N/A,5.0,5.0,1,N/A,1081441708000,N/A,1040,N/A,,N/A,[],people,people
N/A,poor,average,poor,0,1886829,0,,awful,1,MATH12,"Terrrrrrrrible teacher. class always goes late, she never finishes lessons, and messes up a lot!!!!!",04/01/2004,3.0,3.0,,1,N/A,1.0,1.0,1,N/A,1080852505000,N/A,1040,N/A,,N/A,[],people,people
N/A,average,good,average,0,1028163,0,,average,3,MATH12,she messes up alot on the board.,06/26/2003,4.0,4.0,,2,N/A,2.5,2.5,1,N/A,1056647100000,N/A,1040,N/A,,N/A,[],people,people
N/A,poor,average,poor,0,867948,0,,awful,1,MATH12,No Comments,04/22/2003,2.0,2.0,,1,N/A,1.0,1.0,1,N/A,1051032347000,N/A,1040,N/A,,N/A,[],people,people
N/A,good,good,good,0,865454,0,,awesome,5,MATH12,No Comments,04/22/2003,4.0,4.0,,5,N/A,5.0,5.0,1,N/A,1051012644000,N/A,1040,N/A,,N/A,[],people,people
N/A,good,good,average,0,551010,0,,good,4,MATH12,No Comments,02/08/2003,4.0,4.0,,3,N/A,3.5,3.5,1,N/A,1044721682000,N/A,1040,N/A,,N/A,[],people,people
