attendance,clarityColor,easyColor,helpColor,helpCount,id,notHelpCount,onlineClass,quality,rClarity,rClass,rComments,rDate,rEasy,rEasyString,rErrorMsg,rHelpful,rInterest,rOverall,rOverallString,rStatus,rTextBookUse,rTimestamp,rWouldTakeAgain,sId,takenForCredit,teacher,teacherGrade,teacherRatingTags,unUsefulGrouping,usefulGrouping
Mandatory,good,average,good,0,31286916,0,,awesome,5,PHIL001,"Denby was a real gem who actively tried to get to know us as students and make philosophy interesting for us. Even though I can't tell you anything about philosophy today and definitely faked it until I made it with the papers he assigned, he acknowledged that I was trying and I still received very good grades.",01/21/2019,3.0,3.0,,5,N/A,5.0,5.0,1,No,1548090217000,Yes,1040,Yes,,N/A,"['Clear grading criteria', 'Gives good feedback', 'Respected']",people,people
Not Mandatory,good,average,good,1,31015393,0,,awesome,5,PHIL024,I absolutely loved professor Denby. Intro to Ethics gave me such a break with all my econ/math heavy classes. Professor Denby is really good at explaining difficult concepts with intuitive examples and is hilarious. I wish I had more time at Tufts left to take another class with him.,12/13/2018,3.0,3.0,,5,N/A,5.0,5.0,1,Yes,1544744565000,Yes,1040,Yes,,N/A,"['Inspirational', 'Hilarious', 'Caring']",people,person
N/A,good,average,good,1,30006071,0,,awesome,5,PHIL39,"This is my second semester with Denby and I rave about him to anyone who will listen. I came into Tufts undecided and after two classes with him, I'm seriously considering a philosophy major. His lectures are clear and he makes them interesting with little jokes. The concepts can be a bit hard to grasp but he is super helpful. He's the best.",05/06/2018,3.0,3.0,,5,N/A,5.0,5.0,1,Yes,1525648827000,Yes,1040,Yes,,N/A,"['Caring', 'Hilarious', 'Participation matters']",people,person
Not Mandatory,good,average,good,0,29925485,0,,awesome,5,PHIL024,Denby is one of those professors who can make listening to a lecture every class actually interesting and engaging. He delivers complex philosophical theories in coherent and meaningful ways to students and cares immensely about his class. Take a class with him and you will not regret it.,04/29/2018,3.0,3.0,,5,N/A,5.0,5.0,1,No,1525008562000,Yes,1040,Yes,,N/A,"['Hilarious', 'Participation matters', 'Inspirational']",people,people
Mandatory,good,average,good,0,29277679,0,,awesome,5,PHIL024,"Denby makes a ton of dad jokes during lecture, but overall he's a really great professor. Really accessible outside of class and generous with extensions.",12/19/2017,2.0,2.0,,5,N/A,5.0,5.0,1,No,1513697791000,Yes,1040,Yes,,N/A,"['Lecture heavy', 'Caring']",people,people
N/A,good,average,good,0,28519257,0,online,awesome,5,PHIL001,"Denby is a brilliant, witty and fun professor. He really knows the content and actively tries to get students to participate. Asks interesting questions. Papers are graded for phil concepts, not 5 paragraph essay form. Metaphysics is tedious, but it was a great class and I wish I could take more with him. Go to lecture. Easy grader.",07/10/2017,3.0,3.0,,5,N/A,5.0,5.0,1,No,1499681219000,Yes,1040,Yes,,A,"['So many papers', 'Amazing lectures', ""Skip class? You won't pass.""]",people,people
N/A,good,average,good,0,27328787,0,,awesome,5,PHIL1,"Incredibly clear and straightforward lectures and essay topics. The four essays are graded very fairly, and he is more than willing to help you with concepts or to improve your writing. His British wit helps make dry topics more interesting. If Denby's available as a professor for intro to philosophy, take it with him.",12/04/2016,3.0,3.0,,5,N/A,5.0,5.0,1,No,1480885456000,Yes,1040,Yes,,N/A,"['Clear grading criteria', 'Hilarious', 'Caring']",people,people
Not Mandatory,good,average,good,0,26944760,0,,awesome,5,PHIL0033,"Very straightforward, clear about what he wants. He makes the homework challenging but also a lenient grader. Great sense of humor as well.",08/30/2016,3.0,3.0,,5,N/A,5.0,5.0,1,No,1472596878000,Yes,1040,Yes,,N/A,"['Hilarious', 'Gives good feedback', 'Accessible outside class']",people,people
Mandatory,good,average,good,0,26942483,1,,good,4,PHIL33,The class was at a good pace. He was very good at answering questions and clearing up misunderstandings.,08/30/2016,2.0,2.0,,4,N/A,4.0,4.0,1,No,1472548581000,Yes,1040,Yes,,A,"['Caring', 'Clear grading criteria', 'Gives good feedback']",person,people
Not Mandatory,good,good,good,0,26926401,0,,good,4,PHIL33,"Very clear and interesting. Does his best to deliver content beyond the syllabus, and does a great job of being accessible and helpful. Took logic with him; highly recommend it. And some pretty classic British humor to keep things light",08/24/2016,4.0,4.0,,4,N/A,4.0,4.0,1,Yes,1472008956000,Yes,1040,Yes,,A,"['Gives good feedback', 'Accessible outside class', 'Hilarious']",people,people
N/A,good,average,good,0,25177138,0,,awesome,5,PHIL1,"My favorite professor at Tufts. Easily approachable, humorous and crystal clear in his expectations. You learn a lot from his classes and papers, but the work is more than manageable. ",09/08/2015,2.0,2.0,,4,Really into it,4.5,4.5,1,No,1441693845000,N/A,1040,Yes,,N/A,"['Clear grading criteria', 'Gives good feedback', 'Hilarious']",people,people
N/A,good,average,good,1,24993537,0,,awesome,5,0024,"Denby is an incredibly engaging professor with total mastery of the subject. If you are interested in philosophy (especially on an introductory level), the topics will keep you engaged. Make sure to stop by his office hours, it is absolutely worth your time.",06/24/2015,3.0,3.0,,5,Really into it,5.0,5.0,1,Yes,1435178866000,N/A,1040,Yes,,N/A,[],people,person
Not Mandatory,good,average,good,0,24817715,0,,good,4,PHIL24,"I took the course PassFail.  The TAs are mainly the people who decide your grade because they are the ones grading your paper.  Grades consisted of only papers - no tests, no participation, no attendance.",05/13/2015,3.0,3.0,,4,Meh,4.0,4.0,1,Yes,1431517694000,N/A,1040,Yes,,Audit/No Grade,"['Lecture heavy', 'Respected']",people,people
N/A,good,average,good,0,24721950,0,,awesome,5,PHIL24,"Overall a good professor and very clear in lectures. He takes a while to explain each topic, but he stays on point so you really get it. He's sort of a funny guy and tries hard to make lecture interesting by encouraging participation. The grade is completely based on a few essays. Take it if you want to learn some ethics but be graded on writing.",05/02/2015,2.0,2.0,,4,Really into it,4.5,4.5,1,No,1430577911000,N/A,1040,Yes,,N/A,['Lecture heavy'],people,people
N/A,good,average,good,0,24207533,0,,good,4,PHIL0043,"If you're not really interested in the course material, his lectures can be boring at times. The papers themselves are straightforward if you follow exactly what the TA describes. Reading is incredibly optional (but do some while you write the paper). ",12/30/2014,3.0,3.0,,4,Low,4.0,4.0,1,No,1419966661000,N/A,1040,Yes,,A,[],people,people
Mandatory,good,average,good,0,22846244,0,,awesome,5,ETHICS33,"Denby is one of the best professors at Tufts. He is clear, gives great lectures, and knows the material incredibly well. Everyone should take a class with him even if you aren't particularly interested in philosophy.",02/17/2014,2.0,2.0,,5,Sorta interested,5.0,5.0,1,No,1392636628000,N/A,1040,N/A,,A,[],people,people
N/A,good,poor,good,1,21527842,1,,awesome,5,PHIL001,"Prof. Denby is witty (British humor), interested and interesting, and provides very clear explanations of abstract philosophical concepts. I would highly recommend this professor—he is one of the best lecturers I've had at Tufts.",04/12/2013,1.0,1.0,,5,Really into it,5.0,5.0,1,Yes,1365793668000,N/A,1040,N/A,,N/A,[],person,person
N/A,good,average,good,0,21186453,0,,awesome,5,PHIL1,"Amazing amazing professor! Denby is witty, funny, and extremely personal. For an intro phil class (took for eng 2) I learned so much about analyzing arguments. Provides you with all info needed to complete papers and allows you to pretty much write on whatever has been discussed in class. Highly recommend, don't miss out taking a class with Denby.",12/30/2012,2.0,2.0,,5,Sorta interested,5.0,5.0,1,No,1356877178000,N/A,1040,N/A,,N/A,[],people,people
N/A,good,poor,good,1,20185840,0,,awesome,5,PHIL024,"You don't have to like philosophy to take Denby's classes; his enthusiasm lights up the most boring of subjects.  Lots of discussion for a large lecture class, and most of it is interesting.  The papers are easy, and the class is clearly organized.  Watch out for Denby's morbid sense of humor though - it will come up when you least expect it.",05/03/2012,1.0,1.0,,4,Really into it,4.5,4.5,1,Yes,1336046706000,N/A,1040,N/A,,N/A,[],people,person
N/A,good,average,good,0,19679843,0,,good,4,PS43,"Denby is a great lecturer.  Pay extra attention to the outlines he provides on Trunk, as they will help with notes organization.  Take LOTS of notes and you will have all the info for the papers, which are the ONLY grades. (3 or 4).  If you aren't interested in the subject matter, you will get a little bored.",01/06/2012,3.0,3.0,,4,Really into it,4.0,4.0,1,No,1325848163000,N/A,1040,N/A,,N/A,[],people,people
N/A,good,good,good,0,18358926,0,,awesome,5,PHIL43,"good overall teacher. his classes are usually the whole grade based on 4 papers... this is good in some ways but I had a a hard time with the first one, it would have been better to have some more guidance. but he really covers the material well if you can stay interested in class",04/05/2011,4.0,4.0,,4,Really into it,4.5,4.5,1,No,1302010878000,N/A,1040,N/A,,N/A,[],people,people
N/A,good,good,average,0,18171996,0,,good,4,PHIL43,"Good professor, but it would have helped if he went over with us more what he expected for the papers, which were the whole grade for the class. The lectures can be boring unless you're really interested.You don't really have to do the reading if you pay attention in class.",01/23/2011,4.0,4.0,,3,Really into it,3.5,3.5,1,No,1295795421000,N/A,1040,N/A,,N/A,[],people,people
N/A,good,average,average,0,16306274,0,,good,4,PHIL43,"Great, funny guy.  Boring subject matter, which would be unbearable if he weren't so funny/awesome.  Easy class.  Reading is extremely optional.",04/11/2010,2.0,2.0,,3,Sorta interested,3.5,3.5,1,Yes,1271008120000,N/A,1040,N/A,,N/A,[],people,people
N/A,good,average,good,0,15554631,0,,good,4,ETHICS,"This class is rather boring. It focuses completely on moral theories, which is rather dry. Prof Denby, however, is a great teacher! He is funny and covers the material very well. Some of the theories can be complicated, but he was very clear and helpful. I enjoyed him, but not the class.",03/22/2009,3.0,3.0,,4,Sorta interested,4.0,4.0,1,Yes,1237724707000,N/A,1040,N/A,,N/A,[],people,people
N/A,good,average,good,0,13803120,0,,awesome,5,PHIL43,"Fantastic lecturer. He's all about covering less ground thoroughly (as opposed to the shotgun approach to intro courses, which can be frustrating). Brilliant man, too. You grow to love his eye, too. You owe it to yourself to take a class with him if you're at all interested in philosophy.",12/11/2007,2.0,2.0,,5,It's my life,5.0,5.0,1,Yes,1197405354000,N/A,1040,N/A,,N/A,[],people,people
N/A,good,average,good,0,12711084,1,,awesome,5,PHIL001,"Very interesting class. Teacher knows the topic well, is hilarious and presents arguments and topics clearly.  While readings are absolutely not necessary, attendance is.  Go to class, it's fun and if you like the topic, you'll find it easy and fun to write the papers.   Overall, great class, great teacher.",01/02/2007,3.0,3.0,,5,It's my life,5.0,5.0,1,No,1167768933000,N/A,1040,N/A,,N/A,[],person,people
N/A,good,average,good,0,12628197,0,,awesome,5,PHIL39,"Clear and effective lectures and notes. Prof. Denby is a humorous, able teacher who's always around if you need help, either by e-mail or in person. Take a class with him if you want to learn philosophy and if you want to learn how to think critically.",12/17/2006,2.0,2.0,,5,It's my life,5.0,5.0,1,Yes,1166361049000,N/A,1040,N/A,,N/A,[],people,people
N/A,good,average,good,0,12593417,0,,awesome,5,PHIL0001,"Prof Denby is by far one of the best teachers I have ever encountered in any school.  Once you take his class, you will realize that he is completely and only interested in his students' education.  He always makes himself available if a student is having trouble, and most importantly, he goes out of his way to ensure that each student understands.",12/13/2006,3.0,3.0,,5,It's my life,5.0,5.0,1,Yes,1166026041000,N/A,1040,N/A,,N/A,[],people,people
N/A,good,average,good,0,12233210,0,,awesome,4,PHIL01,"subject is kind of dry, and often hard to keep awake. Readings in too small print, often &quot;winding&quot; and pointless. Helps a lot to highlight in text and write in margins. Professor is jovial. Overall, its boring for me.",09/14/2006,3.0,3.0,,5,Low,4.5,4.5,1,Yes,1158262129000,N/A,1040,N/A,,N/A,[],people,people
N/A,good,average,good,0,11374764,0,,awesome,5,PHIL1,"Denby has a brilliant grasp of the topics he teaches in this course, which is structured effectively. He explains the ideas with exceptional clarity and also consistently understands discussion from the class, however well or poorly it is articulated by a student. He corrects witout being unfriendly. It was an ideal introductory philosophy course.",01/17/2006,3.0,3.0,,5,It's my life,5.0,5.0,1,N/A,1137495677000,N/A,1040,N/A,,N/A,[],people,people
N/A,good,poor,good,0,10887154,0,,awesome,5,INTROPHIL,A lively lecturer.  Witty and willing to engage in discussions and tolerate dissent.  A fine teacher who manages his classes well.,11/11/2005,1.0,1.0,,4,Really into it,4.5,4.5,1,N/A,1131749233000,N/A,1040,N/A,,N/A,[],people,people
N/A,good,average,average,0,3599786,0,,good,4,PHIL1,"Denby is the shiznit.  Though the material is a tad dry and dense, he makes it interesting through his lively discussions.  He def got me interested in philosophy.  Take his class if you can!",04/11/2005,3.0,3.0,,3,Really into it,3.5,3.5,1,N/A,1113227857000,N/A,1040,N/A,,N/A,[],people,people
N/A,good,average,good,0,3595552,0,,awesome,4,PHIL01,"very helpful, class was pretty easy, reading was hard, but it didnt matter too much, only a few papers, he says in class exactly what to write.  more important to go to class than read",04/10/2005,2.0,2.0,,5,Sorta interested,4.5,4.5,1,N/A,1113164658000,N/A,1040,N/A,,N/A,[],people,people
N/A,good,average,good,0,3100676,0,,awesome,5,PHIL01,"Interesting lectures, clear presentation, cool accent.  Helpful comments on the papers, interesting discussions in class.  And he knows schrodingers equation by heart.  Good times.  I mistakenly called him Prof. Dennett once, I don't think he liked it.  Woops!",12/22/2004,3.0,3.0,,5,It's my life,5.0,5.0,1,N/A,1103750496000,N/A,1040,N/A,,N/A,[],people,people
N/A,good,average,good,0,1914276,0,,good,4,PHIL01,"A great guy, but sometimes seems as if he's lecturing for his own benefit. This class has definitely gotten better with time though, finally becoming more discussion less lecture. Overall a good professor.",04/07/2004,3.0,3.0,,4,N/A,4.0,4.0,1,N/A,1081299105000,N/A,1040,N/A,,N/A,[],people,people
N/A,good,average,good,0,889302,0,,awesome,5,PHIL001,No Comments,04/26/2003,3.0,3.0,,5,N/A,5.0,5.0,1,N/A,1051361471000,N/A,1040,N/A,,N/A,[],people,people
N/A,good,average,good,0,874029,0,,awesome,5,ETHICS,No Comments,04/23/2003,3.0,3.0,,5,N/A,5.0,5.0,1,N/A,1051115440000,N/A,1040,N/A,,N/A,[],people,people
N/A,good,good,good,0,872259,0,,awesome,5,PHIL1,No Comments,04/23/2003,4.0,4.0,,4,N/A,4.5,4.5,1,N/A,1051098931000,N/A,1040,N/A,,N/A,[],people,people
N/A,good,average,good,0,866379,0,,awesome,5,PHILOSPHY,"deudes freakin awesome, and his lazy eye has magic philosophical powers",04/22/2003,2.0,2.0,,5,N/A,5.0,5.0,1,N/A,1051020046000,N/A,1040,N/A,,N/A,[],people,people
N/A,good,average,good,0,866327,0,,awesome,5,PHIL24,No Comments,04/22/2003,2.0,2.0,,4,N/A,4.5,4.5,1,N/A,1051019591000,N/A,1040,N/A,,N/A,[],people,people
N/A,good,average,good,0,866205,0,,awesome,5,PHIL01,No Comments,04/22/2003,2.0,2.0,,5,N/A,5.0,5.0,1,N/A,1051018550000,N/A,1040,N/A,,N/A,[],people,people
N/A,good,average,good,0,865014,0,,awesome,5,PHIL24,No Comments,04/22/2003,2.0,2.0,,4,N/A,4.5,4.5,1,N/A,1051008829000,N/A,1040,N/A,,N/A,[],people,people
N/A,good,average,good,0,864907,0,,awesome,5,PHIL24,Very clear.,04/22/2003,2.0,2.0,,4,N/A,4.5,4.5,1,N/A,1051007467000,N/A,1040,N/A,,N/A,[],people,people
N/A,good,average,good,0,864643,0,,awesome,5,PHIL24,No Comments,04/22/2003,2.0,2.0,,5,N/A,5.0,5.0,1,N/A,1051004123000,N/A,1040,N/A,,N/A,[],people,people
N/A,good,average,good,0,864359,0,,awesome,5,PHIL24,"Excellent class, well presented and effective workload",04/22/2003,3.0,3.0,,4,N/A,4.5,4.5,1,N/A,1050996103000,N/A,1040,N/A,,N/A,[],people,people
N/A,good,average,good,0,831473,0,,awesome,5,KNWBENG,helpful and clear -- fun and easygoing -- good class and teacher,04/14/2003,2.0,2.0,,4,N/A,4.5,4.5,1,N/A,1050316759000,N/A,1040,N/A,,N/A,[],people,people
N/A,good,average,good,0,599661,0,,awesome,5,PHL001,nice guy,02/20/2003,2.0,2.0,,4,N/A,4.5,4.5,1,N/A,1045713278000,N/A,1040,N/A,,N/A,[],people,people
N/A,good,poor,good,0,555738,0,,awesome,5,PHIL1PHI,Best Philosophy teacher at tufts,02/11/2003,1.0,1.0,,5,N/A,5.0,5.0,1,N/A,1044927216000,N/A,1040,N/A,,N/A,[],people,people
N/A,good,average,good,0,544032,0,,awesome,5,PHIL1,awsome class,02/05/2003,2.0,2.0,,5,N/A,5.0,5.0,1,N/A,1044476993000,N/A,1040,N/A,,N/A,[],people,people
N/A,good,average,good,0,543770,0,,good,5,PHIL39,"awesome professor, you can tell he has a passion for what he teaches",02/05/2003,2.0,2.0,,3,N/A,4.0,4.0,1,N/A,1044472865000,N/A,1040,N/A,,N/A,[],people,people
