attendance,clarityColor,easyColor,helpColor,helpCount,id,notHelpCount,onlineClass,quality,rClarity,rClass,rComments,rDate,rEasy,rEasyString,rErrorMsg,rHelpful,rInterest,rOverall,rOverallString,rStatus,rTextBookUse,rTimestamp,rWouldTakeAgain,sId,takenForCredit,teacher,teacherGrade,teacherRatingTags,unUsefulGrouping,usefulGrouping
Not Mandatory,good,good,good,0,31321632,0,,awesome,5,PS181,"Truly a good personreally cares about his students and is always willing to make accommodations for you if you're struggling. Knows his stuff when it comes to political polls and polling methods. Readings definitely optional, but know his slideshows inside outthe exams are hard and make up most of your grade.",01/30/2019,4.0,4.0,,5,N/A,5.0,5.0,1,No,1548887317000,Yes,1040,Yes,,A-,"['Caring', 'Lecture heavy', 'Graded by few things']",people,people
N/A,good,average,good,0,30154354,0,,awesome,5,PS181,Prof. Eichenberg is an excellent professor! Know his lecture slides inside and out and put in effort on papers and you'll do well in this class. Regardless of any of that he's an absolutely lovely person and is really down to earth. Meet with him in office hours if you can and he'll help you if you're struggling. He really cares about his students!,05/20/2018,3.0,3.0,,5,N/A,5.0,5.0,1,Yes,1526784740000,Yes,1040,Yes,,N/A,"['Lecture heavy', 'Caring', 'Get ready to read']",people,people
Not Mandatory,good,average,good,1,29447751,1,,awesome,5,PS0061,"Show up to lecture, take good notes, and know the definitions and you will do fine. This class is hard and covers a lot, but he makes it extremely clear and straightforward and easy to do well. That being said, your homework and recitation grades depend on your TA. Eichenberg is super engaging and cares a lot about his students. Highly recommend.",01/13/2018,3.0,3.0,,5,N/A,5.0,5.0,1,Yes,1515862194000,Yes,1040,Yes,,A,"['Inspirational', ""Skip class? You won't pass."", 'Get ready to read']",person,person
Not Mandatory,average,average,average,0,29401254,1,,average,3,PS61,"The class is really interesting once you get into the material, but Eichenberg's PowerPoints are an absolute disaster. If you didn't pay extremely close attention during class you are essentially going to have to DECODE this man's slides to study, because he honestly just spews his thoughts onto them in a jumble of words. Exams are not too hard.",01/06/2018,2.0,2.0,,3,N/A,3.0,3.0,1,Yes,1515259362000,Yes,1040,Yes,,N/A,"['Respected', 'Get ready to read']",person,people
Not Mandatory,good,average,good,0,29220090,0,,awesome,5,PS61,"One of the kindest, most accessible professors I've met. Despite his reputation on campus as one of the most respected professors, he still cares deeply about teaching basic concepts of International Relations to beginners. He is extremely accessible and helpful outside of class despite his busy schedule. The definition of a good professor.",12/15/2017,3.0,3.0,,5,N/A,5.0,5.0,1,Yes,1513346072000,Yes,1040,Yes,,N/A,"['Gives good feedback', 'Accessible outside class', 'Respected']",people,people
Mandatory,good,average,good,1,28111180,1,,awesome,5,PS188,"Professor Eichenberg is absolutely amazing. He is so kind, and he made sure that we were focused on our learning instead of just grades, while also pushing us to think more deeply about all of the topics covered. Our class was entirely discussion based with short reflections and lots of reading--totally manageable and I learned SO much.",04/24/2017,2.0,2.0,,5,N/A,5.0,5.0,1,Yes,1493037440000,Yes,1040,Yes,,A,"['Participation matters', 'Caring', 'Accessible outside class']",person,person
Mandatory,good,average,good,1,26977865,1,,awesome,5,PS181,"Eichenberg is an excellent, experienced, and fair professor. The subject material is very interesting, and lectures are enjoyable. If you put in the work, you will succeed in the class. If you're studying IR and poli sci, I highly recommend taking a course with him at some point.",09/16/2016,3.0,3.0,,5,N/A,5.0,5.0,1,Yes,1474053962000,Yes,1040,Yes,,A-,"['Caring', 'Accessible outside class', 'Respected']",person,person
N/A,average,average,average,2,24867345,0,,average,2,PS61,A lot of people loved his lecturing.  I'm not an auditory learner by any means so I kind of zoned out for a lot of it.  His powerpoints are pretty overwhelming and can be confusing.  But when it comes time for the midterm and the final EVERYTHING you need to know is on the powerpoints so just study those in depth and make sure you do the readings. ,05/19/2015,3.0,3.0,,4,Really into it,3.0,3.0,1,Yes,1432042129000,Yes,1040,Yes,,N/A,"['Get ready to read', 'Caring']",people,people
N/A,good,average,good,0,23045144,0,,awesome,4,PS181,"Eichenberg is an amazing teacher. He takes the time to learn names and engages almost every single student in the class. Extremely interesting readings and class discussions and he is so, so helpful in office hours. Take one class with Eichenberg, for sure!!",04/15/2014,3.0,3.0,,5,Really into it,4.5,4.5,1,Yes,1397604697000,N/A,1040,N/A,,N/A,[],people,people
N/A,good,good,good,0,22220005,1,,good,4,PS181,"I was skeptical about Eichenberg prior to taking PS181 because I thought he was just another big PS61 lecturer. After taking his class, I consider him one of the best professors at Tufts and one of my favorites. His class will challenge you but he's extremely fair and is concerned about your learning. Take this class. You won't regret it.",10/27/2013,4.0,4.0,,4,Sorta interested,4.0,4.0,1,Yes,1382892109000,N/A,1040,N/A,,N/A,[],person,people
N/A,good,average,good,0,21645941,0,,awesome,5,PS181,"Eichenberg is a good lecturer and cares about his students. PS181 was interesting and assessments were fair, but you need to go to class and do all of the readings. And he loves to let class out early!",05/01/2013,3.0,3.0,,4,Really into it,4.5,4.5,1,No,1367410820000,N/A,1040,N/A,,N/A,[],people,people
N/A,good,average,average,0,20774846,0,,good,4,PS61,"It was definitely an interesting class. Plenty of reading to do but not all of it was tested on the exams. Pay attention to lectures. It's pretty much up to the TA when it comes to grading. Still, the prof. was nice and entertaining to keep the class focused. The prof. wants the students to do well and even makes an effort to remember names!",11/04/2012,3.0,3.0,,3,It's my life,3.5,3.5,1,Yes,1352039447000,N/A,1040,N/A,,N/A,[],people,people
N/A,good,average,good,0,20236844,0,,awesome,5,PS61,"His lectures are clear and as entertaining as they can possibly be, given the material. Stick through the first half of the course; the second half is far more interesting. He's the perfect professor because he actually know what he is talking about AND he can teach it. Split up readings with friends and you'll be fine!",05/09/2012,2.0,2.0,,5,Really into it,5.0,5.0,1,Yes,1336555696000,N/A,1040,N/A,,N/A,[],people,people
N/A,good,good,good,0,20040688,0,,awesome,5,PS61,Took PS 61 with him. He is a really great professor and always manages to make his lectures entertaining. There is a lot of reading but it's manageable and not all of it needs to be done. The grading depends more on your TA than the professor. Just pay attention to his lectures.,04/12/2012,4.0,4.0,,4,Really into it,4.5,4.5,1,Yes,1334255620000,N/A,1040,N/A,,N/A,[],people,people
N/A,good,average,good,0,19948318,0,,awesome,4,PS61,"I had him for PS 61. He is a really nice guy and a great professor. His powerpoints are not very organized so make sure to write down notes. His tests are very easy, you dont even need to do all the readings. Take his class. Dont be discouraged from the readings because the readings are not necessary to do good in the class.",03/25/2012,2.0,2.0,,5,Really into it,4.5,4.5,1,Yes,1332709766000,N/A,1040,N/A,,N/A,[],people,people
N/A,average,average,average,0,19907627,0,,good,3,PS0061,"I mean like Intro to IR at Tufts is obvs no joke but he's pretty good.  Just do all your readings...well, as many as you can.  And if you're interested in gender studies take his class!",03/13/2012,3.0,3.0,,4,It's my life,3.5,3.5,1,Yes,1331673980000,N/A,1040,N/A,,N/A,[],people,people
N/A,good,good,good,0,19664020,0,,awesome,5,PS61,"I like Ike!  Take this class with him!  He assigns a lot of reading, but his lectures are absolutely fantastic and you'll learn a lot from him.  He really made it seem like there werent 200 people in the room and actually made an effort to learn as many names as he could.  Overall, great guy, makes you work hard, and makes an int. class fascinating",01/04/2012,4.0,4.0,,4,Really into it,4.5,4.5,1,Yes,1325637449000,N/A,1040,N/A,,N/A,[],people,people
N/A,good,average,good,0,19564247,0,,awesome,4,PS61,"Eichenberg is the man. No, to most people the coursework won't be too interesting. It's a lot of theory for the first half of the course, but he makes it as interesting as it could possibly be. He's all around a nice guy and clearly knows his stuff. He genuinely doesn't want you to fail and will be very upfront about what he expects from you.",12/18/2011,3.0,3.0,,5,It's my life,4.5,4.5,1,Yes,1324246322000,N/A,1040,N/A,,N/A,[],people,people
N/A,good,average,good,1,19563950,0,,awesome,4,PS61,"Eichenberg is solid - engaging, informative, and usually clear, although he's better at explaining the material than his own ideas.  Intro to IR is overrated in difficulty - you will do a lot of reading, but if you can handle 50-300 pages/week an A is easily reachable.  If you're not into IR the material can be dry, but if you are it's a wet dream.",12/18/2011,2.0,2.0,,5,It's my life,4.5,4.5,1,Yes,1324244399000,N/A,1040,N/A,,N/A,[],people,person
N/A,good,average,good,0,19561538,0,,good,4,PS61,"Professor Eichenberg is a great professor. Intro to IR is a class that lots of people have to take, and although it's  not the most interesting, taking it with him makes it more interesting than it would have otherwise been. He is always willing to take questions, and tries hard to make the class feel small (by learning names)despite the large size",12/18/2011,3.0,3.0,,4,Really into it,4.0,4.0,1,Yes,1324227670000,N/A,1040,N/A,,N/A,[],people,people
N/A,average,poor,average,0,19135624,0,,average,3,PS61,"Nice guy, clear lectures, but if you want an in depth and interesting course you should take it with someone else. Far too superficial, and some of his analysis is simply poor.",10/31/2011,1.0,1.0,,3,Sorta interested,3.0,3.0,1,Yes,1320101976000,N/A,1040,N/A,,N/A,[],people,people
N/A,good,average,good,0,19114488,0,,awesome,5,PS61,"Really funny, nice professor. Powerpoints are good, makes all of the complex readings understandable. If you study for his tests a lot, they don't seem to be hard. I'd suggest him, he kept me interested in what I found could be a boring subject",10/27/2011,3.0,3.0,,4,Sorta interested,4.5,4.5,1,Yes,1319675411000,N/A,1040,N/A,,N/A,[],people,people
N/A,good,good,good,0,19044711,0,,awesome,5,IR1,Amazing professor. Incredibly articulate and engaging in lectures. Truly cares about students' progress. Couldn't have asked for a better Intro to International Relations professor.,10/05/2011,4.0,4.0,,5,Really into it,5.0,5.0,1,Yes,1317773423000,N/A,1040,N/A,,N/A,[],people,people
N/A,good,good,good,0,18557695,0,,awesome,5,PS181,"I've taken three classes with Eichenberg while at Tufts, and I just want to reinforce all the other positive reviews he has received here. Eichenberg is exceptional. He truly cares, remembers your name even into senior year, and is always always there if you need him. He's a good man and an excellent professor.",05/09/2011,4.0,4.0,,5,Sorta interested,5.0,5.0,1,Yes,1304935747000,N/A,1040,N/A,,N/A,[],people,people
N/A,good,good,good,0,17311447,0,,awesome,5,PS181,Public Opinion and Foreign Policy is one of the best classes I've taken. Eichenberg is really invested in the class and you'll learn a lot. Reading is heavy and a MUST for exams (but not necessarily for class discussion). Fair grader and cares about his students.,06/07/2010,4.0,4.0,,5,Really into it,5.0,5.0,1,Yes,1275928644000,N/A,1040,N/A,,N/A,[],people,people
N/A,good,average,good,0,16739611,0,,awesome,4,PS61,"Eichenberg definitely cares about students' progress, and he is not out there to fail anyone. Heavy use of assigned readings, and lecture is important to attend. Intro IR with him was a good class.",01/20/2010,3.0,3.0,,5,Really into it,4.5,4.5,1,Yes,1263996107000,N/A,1040,N/A,,N/A,[],people,people
N/A,good,good,good,0,16710807,0,,awesome,5,PS61,"Eichenberg is awesome. Extremely engaging, good sense of humor, helpful, interesting lectures. He really wants each of his students to understand the material. There is a ton of reading for this class but it's worth it considering everything you learn if you put the effort in and Eichenberg is extremely helpful.",01/11/2010,4.0,4.0,,5,It's my life,5.0,5.0,1,Yes,1263232644000,N/A,1040,N/A,,N/A,[],people,people
N/A,good,average,good,0,16703851,0,,awesome,5,PS61,"Such a helpful and great guy. Really cares about his students and wants them to do well. Is so smart, articulate and entertaining. An incredible person.",01/10/2010,3.0,3.0,,5,Really into it,5.0,5.0,1,Yes,1263132968000,N/A,1040,N/A,,N/A,[],people,people
N/A,good,good,good,0,16606714,0,,good,4,PS61,"Prof. Eichenburg was a really engaging and smart professor. The first IR unit is hell if you want to do all the reading (which you should), but its all very interesting. He is very approachable and also brilliant. He often ties class material to current events and encourages risk taking (&quot;originality&quot;) in assignments. Highly recommended.",12/19/2009,5.0,5.0,,4,Really into it,4.0,4.0,1,Yes,1261264048000,N/A,1040,N/A,,N/A,[],people,people
N/A,good,average,good,0,14247281,0,,good,4,PS161,public opinion and us foreign policy,04/05/2008,3.0,3.0,,4,Really into it,4.0,4.0,1,Yes,1207413954000,N/A,1040,N/A,,N/A,[],people,people
N/A,average,good,average,0,13650437,0,,good,3,PS61,"DON'T LISTEN TO THE BAD REVIEWS! He's a great guy! Yes, Intro to IR isn't always fun (but its required!) Its tough but useful. He teaches very well considering the size of the class. He tends to give long answers, but he clearly cares about the material. He's a very smart man and you can learn a lot from him!",11/14/2007,4.0,4.0,,4,Sorta interested,3.5,3.5,1,Yes,1195042419000,N/A,1040,N/A,,N/A,[],people,people
N/A,good,average,good,0,11514178,0,,awesome,5,EU,"My favorite professor at Tufts. I am writing this six years after graduating and I can say that no other professor had as much of an influence on my intellect than he did. Very approachable, seems to really like teaching. I hope he's stopped smokin' fags cuz I want him to live a long life.",02/23/2006,3.0,3.0,,5,Really into it,5.0,5.0,1,N/A,1140734815000,N/A,1040,N/A,,N/A,[],people,people
N/A,average,good,average,0,11460305,0,,poor,2,PS61,"He is a very biased man, and while i think his intentions are for a positive student learnign environment, I felt out of place and behind in this class, even though I did all of the readings. He assumes too much in some areas and not enough in others. Not recommend this class unless you are good at sucking up.",02/07/2006,4.0,4.0,,2,It's my life,2.0,2.0,1,N/A,1139270401000,N/A,1040,N/A,,N/A,[],people,people
N/A,good,average,good,0,11328642,0,,good,4,PS51,eichenberg is a brilliant man. very knowledgeable about IR and very straightforward about his material. no tricks. just pay attention in class and for your own sake do the reading. easy B if u stay on top of ur work.,01/09/2006,3.0,3.0,,4,Really into it,4.0,4.0,1,N/A,1136809605000,N/A,1040,N/A,,N/A,[],people,people
N/A,average,good,average,0,10889630,0,,average,2,PS61,"Very biased-&quot;California I'm grateful for, Texas I'm not so sure.&quot; Cocky ****. He teaches IR pretty well, but always interjects bias. Unless you loved Kerry, stay away, far away.",11/12/2005,4.0,4.0,,3,It's my life,2.5,2.5,1,N/A,1131813561000,N/A,1040,N/A,,N/A,[],people,people
N/A,good,average,good,0,10665772,0,,awesome,5,INTROIR,don't listen to anyone else - eichenberg was a really good teacher for such a humongous class.  I highly recomend taking intro with him.,10/30/2005,2.0,2.0,,4,Really into it,4.5,4.5,1,N/A,1130699955000,N/A,1040,N/A,,N/A,[],people,people
Mandatory,average,average,average,0,10813604,0,,average,2,PS51INTRO2IR,"eichenberg himself is a pretty decent prof except for the fact that he cannot resist answering questions of those that talk for the sake of blabbing. and i must say those ppl should be put to death for the welfare of the other 200 or so ppl in that class. but anyways... he's an awesome prof... very knowledgeable, a kindred spirit. intro to IR itself is a pretty bad class.",10/25/2005,3.0,3.0,,3,Sorta interested,2.5,2.5,1,N/A,1130272664000,N/A,1040,N/A,,C+,[],people,people
N/A,poor,average,poor,0,10189746,0,,awful,1,POLYSCI051,"One of the worst professors I've ever had. He's a personable guy who has no business teaching a class. Takes 30 minutes to answer the most basic question, and even then leaves you confused. Very arrogant and flamboyant. No credibility, makes lectures pointless. Important to get good TA, b/c there's a lot of reading, although interesting. Avoid him!",08/31/2005,3.0,3.0,,1,It's my life,1.0,1.0,1,N/A,1125494346000,N/A,1040,N/A,,N/A,[],people,people
N/A,poor,good,poor,0,10111762,0,,awful,1,PS51,"This man is a joke. Not only are his lectures very boring but they are uninformative. He goes off at wild tangents during the lectures, relies heavily on powerpoint, does not prepare students for their exams. Essentially, he is an awful teacher. He is very reluctant to meet with students and belittles them in office hours and lectures. Unhelpful.",08/10/2005,4.0,4.0,,1,Really into it,1.0,1.0,1,N/A,1123714937000,N/A,1040,N/A,,N/A,[],people,people
N/A,average,average,average,0,10068288,0,,good,3,PS51,Knowledgeable professor. Lots of information to memorize but manageable.  Important to get a good and fair TA. Decent lectures - sometimes boring but often not that bad.,07/28/2005,3.0,3.0,,4,Really into it,3.5,3.5,1,N/A,1122537642000,N/A,1040,N/A,,N/A,[],people,people
N/A,good,average,good,0,3903536,0,,good,4,PS051,No Comments,05/22/2005,2.0,2.0,,4,It's my life,4.0,4.0,1,N/A,1116728393000,N/A,1040,N/A,,N/A,[],people,people
N/A,good,average,good,0,3770320,0,,awesome,5,PS90D,"I think he may be better in lecture classes.  Very interesting person who knows a great deal, but also very verbose.  Focused on teaching underclassmen how to write good research papers.  Gives excellent direction",05/03/2005,3.0,3.0,,4,Really into it,4.5,4.5,1,N/A,1115121658000,N/A,1040,N/A,,N/A,[],people,people
N/A,poor,average,poor,0,3695300,0,,awful,1,PS51,"This man's a fool. He specilizes in public opinion, so his credentials are writing poll questions. His theory analysis is shallow, and he often contradicts himself. He relies on elementary power points for his lectures, and gets thrown off topic easily. Also stalls a lot answering basic questions.",04/23/2005,2.0,2.0,,1,Really into it,1.0,1.0,1,N/A,1114293339000,N/A,1040,N/A,,N/A,[],people,people
N/A,good,good,good,0,3600122,0,,awesome,5,PS51,"great lecturer, tries to make a 200 person class seem smaller by learning peoples names. hard class - A LOT of reading, midterm was tough but he's always available to meet with and help",04/11/2005,4.0,4.0,,5,It's my life,5.0,5.0,1,N/A,1113229998000,N/A,1040,N/A,,N/A,[],people,people
N/A,good,average,good,0,3479471,0,,good,4,PS51,"Very good lecturer. Knows his stuff, and is open to criticism. Sometimes gets carried off topic by students, or when he's not prepared. Really tries hard to learn as many names as possible. Very helpful if you make an effort to seek out assistance. A lot of reading but you learn a lot. Great Class!",03/20/2005,3.0,3.0,,4,Sorta interested,4.0,4.0,1,N/A,1111345763000,N/A,1040,N/A,,N/A,[],people,people
N/A,good,average,good,0,1013345,0,,awesome,5,PS51,"Probably one of the most caring, passionate professors out there, truly interested and dedicated to his work and the students",06/14/2003,2.0,2.0,,5,N/A,5.0,5.0,1,N/A,1055626774000,N/A,1040,N/A,,N/A,[],people,people
N/A,average,average,average,0,970892,0,,poor,2,EU,No Comments,05/19/2003,3.0,3.0,,2,N/A,2.0,2.0,1,N/A,1053345731000,N/A,1040,N/A,,N/A,[],people,people
N/A,good,good,good,0,886087,0,,good,4,PS51,No Comments,04/25/2003,5.0,5.0,,4,N/A,4.0,4.0,1,N/A,1051286717000,N/A,1040,N/A,,N/A,[],people,people
N/A,good,good,good,0,882389,0,,awesome,4,PS51,No Comments,04/24/2003,5.0,5.0,,5,N/A,4.5,4.5,1,N/A,1051227255000,N/A,1040,N/A,,N/A,[],people,people
N/A,good,good,good,0,871624,0,,awesome,5,PS171,No Comments,04/23/2003,4.0,4.0,,5,N/A,5.0,5.0,1,N/A,1051090532000,N/A,1040,N/A,,N/A,[],people,people
N/A,average,average,average,0,871185,0,,average,3,PS51,No Comments,04/23/2003,3.0,3.0,,2,N/A,2.5,2.5,1,N/A,1051065742000,N/A,1040,N/A,,N/A,[],people,people
N/A,good,good,good,0,869593,0,,awesome,5,INTROTOIR,No Comments,04/22/2003,4.0,4.0,,4,N/A,4.5,4.5,1,N/A,1051047127000,N/A,1040,N/A,,N/A,[],people,people
N/A,average,good,average,0,866818,0,,poor,2,EU,No Comments,04/22/2003,4.0,4.0,,2,N/A,2.0,2.0,1,N/A,1051023247000,N/A,1040,N/A,,N/A,[],people,people
N/A,good,average,good,0,866684,0,,awesome,5,IR9192,No Comments,04/22/2003,3.0,3.0,,5,N/A,5.0,5.0,1,N/A,1051022168000,N/A,1040,N/A,,N/A,[],people,people
N/A,average,average,average,0,864874,0,,poor,2,PS51,No Comments,04/22/2003,3.0,3.0,,2,N/A,2.0,2.0,1,N/A,1051007188000,N/A,1040,N/A,,N/A,[],people,people
N/A,good,good,good,0,828087,0,,good,4,PS51,No Comments,04/13/2003,4.0,4.0,,4,N/A,4.0,4.0,1,N/A,1050198100000,N/A,1040,N/A,,N/A,[],people,people
N/A,average,good,average,0,561344,0,,average,3,PS51,hard!!!,02/12/2003,4.0,4.0,,3,N/A,3.0,3.0,1,N/A,1045092241000,N/A,1040,N/A,,N/A,[],people,people
N/A,average,average,average,0,545702,0,,good,3,PS51,"He talks really fast, be prepared for some speed listening and note-taking",02/06/2003,3.0,3.0,,4,N/A,3.5,3.5,1,N/A,1044537827000,N/A,1040,N/A,,N/A,[],people,people
N/A,good,good,good,0,544706,0,,awesome,5,PS51,No Comments,02/05/2003,5.0,5.0,,4,N/A,4.5,4.5,1,N/A,1044489314000,N/A,1040,N/A,,N/A,[],people,people
N/A,good,average,good,0,540745,0,,awesome,5,PS51,No Comments,02/04/2003,3.0,3.0,,5,N/A,5.0,5.0,1,N/A,1044389906000,N/A,1040,N/A,,N/A,[],people,people
