attendance,clarityColor,easyColor,helpColor,helpCount,id,notHelpCount,onlineClass,quality,rClarity,rClass,rComments,rDate,rEasy,rEasyString,rErrorMsg,rHelpful,rInterest,rOverall,rOverallString,rStatus,rTextBookUse,rTimestamp,rWouldTakeAgain,sId,takenForCredit,teacher,teacherGrade,teacherRatingTags,unUsefulGrouping,usefulGrouping
Mandatory,good,average,good,0,27315944,0,,awesome,5,ENG001,"Dr. Herbert is an absolutely amazing human being. She genuinely wants her students to succeed. Her pupils are ready for higher level writing courses.  She teaches crucial grammar lessons, interesting/culturally diverse passages, and presentations to improve public speaking. She gives great tips! Go to her office hrs! Will miss you Dean Herbert!",12/02/2016,2.0,2.0,,5,N/A,5.0,5.0,1,Yes,1480705974000,Yes,1040,Yes,,N/A,"['Caring', 'Inspirational', 'Gives good feedback']",people,people
N/A,good,average,good,1,19679809,0,,awesome,5,ENGSEM,"Dean Herbert is a saint.  She is kind, helpful, funny, and responsive.  I think she will literally do anything she can to help.  Truly, a saint.",01/06/2012,2.0,2.0,,5,Sorta interested,5.0,5.0,1,Yes,1325847745000,N/A,1040,N/A,,N/A,[],people,person
N/A,good,average,good,0,17363000,0,,awesome,5,ACL01,"Dean Herbert is a wonderful person. She will continue to support you even if you're the one responsible for most of the incorrect situations happening around you. My advise.... be honest and hardworking, and she will be on your side.",06/23/2010,3.0,3.0,,5,Low,5.0,5.0,1,Yes,1277335941000,N/A,1040,N/A,,N/A,[],people,people
N/A,good,average,good,0,16696844,0,,awesome,5,ACL003F,"Dean Herbert taught me several classes whilst I was an undergraduate at Tufts.  I found her to be a remarkable teacher who was passionate about her subject (English) and helping her students evolve intellectually and emotionally.  When I look back at my time at Tufts, I think I am most grateful for her influence, guidance and teaching.",01/08/2010,3.0,3.0,,5,Really into it,5.0,5.0,1,No,1262961090000,N/A,1040,N/A,,N/A,[],people,people
N/A,good,good,good,0,15940833,0,,awesome,4,ENG1,One of the nicest people I have ever met. She is really helpful and very understanding. She made the class really interesting and i really enjoyed the readings. Try getting her as your professor!,06/07/2009,5.0,5.0,,5,Really into it,4.5,4.5,1,Yes,1244413699000,N/A,1040,N/A,,N/A,[],people,people
N/A,average,average,poor,0,10985067,0,,poor,2,ENG001,"Will tell you something is wrong with a paper, but then will not tell you exactly whats wrong. She will just insist that you do it over. Not helpful with writing assignments and not very informative. Class is based on the students knowledge pretty much.",11/25/2005,2.0,2.0,,1,Really into it,1.5,1.5,1,N/A,1132915279000,N/A,1040,N/A,,N/A,[],people,people
N/A,good,average,good,0,872228,0,,awesome,4,ENG1,"Great teacher.  Chooses interesting readings.  As Dean of 1st Years, also an excellent contact.",04/23/2003,2.0,2.0,,5,N/A,4.5,4.5,1,N/A,1051098621000,N/A,1040,N/A,,N/A,[],people,people
