attendance,clarityColor,easyColor,helpColor,helpCount,id,notHelpCount,onlineClass,quality,rClarity,rClass,rComments,rDate,rEasy,rEasyString,rErrorMsg,rHelpful,rInterest,rOverall,rOverallString,rStatus,rTextBookUse,rTimestamp,rWouldTakeAgain,sId,takenForCredit,teacher,teacherGrade,teacherRatingTags,unUsefulGrouping,usefulGrouping
Mandatory,good,average,good,0,32159389,0,,awesome,5,CH56,"CH 56 with Prof. Kosinski was amazing. She's incredibly engaging, detail-oriented, and passionate about the class. She will go out of her way to help you learn and succeed as long as you're putting in the work. Definitely complete all of the required textbook reading and pay attention to details during lecture, as her exam questions are specific.",08/09/2019,3.0,3.0,,5,N/A,5.0,5.0,1,Yes,1565310278000,Yes,1040,Yes,,N/A,"['Caring', 'Gives good feedback', 'Get ready to read']",people,people
Mandatory,good,average,good,0,32093132,0,,awesome,5,CH56,Such a wonderful professor. Her global health class is fascinating. She loves her students and knows all their names by the second day of class. Her poster project teaches you so much. Make sure you read the case studies in the textbooks before exams-- they are tested on for sure.,07/12/2019,3.0,3.0,,5,N/A,5.0,5.0,1,Yes,1562927944000,Yes,1040,Yes,,A,"['Caring', 'Accessible outside class', 'Amazing lectures']",people,people
Mandatory,good,good,good,0,31857058,0,,awesome,5,CH56,"Prof. Kosinski clearly cares so much about her students and goes the extra mile to make sure we understand the material. Her tests, however, are incredibly difficult and are formatted largely with questions such as &quot;check off all that apply.&quot; If you don't read the textbook, you are absolutely shafted. It's hard on GPA but incredibly interesting.",05/13/2019,5.0,5.0,,5,N/A,5.0,5.0,1,Yes,1557760363000,No,1040,Yes,,B-,"['Get ready to read', ""Skip class? You won't pass."", 'Accessible outside class']",people,people
Mandatory,good,average,good,0,31566732,0,,awesome,5,CH31,"Dr. Kosinski was a wonderful professor for both Global Health and CH stats! The way she cares about students is evident every day in her preparation of notes and how she consistently checked in to keep providing more useful study materials. Her courses move quickly, but she is always making sure every student has what they need to succeed.",04/10/2019,3.0,3.0,,5,N/A,5.0,5.0,1,Yes,1554918084000,Yes,1040,Yes,,N/A,"['Caring', 'Clear grading criteria', 'Respected']",people,people
Mandatory,good,average,good,0,30640810,0,,awesome,5,CH56,"She is an amazing presenter and you can really tell that she's really passionate about the subject at hand and also about student success. I would strongly suggest taking her course; the class involves reading from the textbook a lot but if you attend lectures and space out the readings, you'll be fine.",11/01/2018,3.0,3.0,,5,N/A,5.0,5.0,1,Yes,1541032696000,Yes,1040,Yes,,B+,"['Respected', 'Caring', 'Get ready to read']",people,people
Not Mandatory,average,good,average,0,28473489,0,,average,3,CH56,"This class is much more difficult than it needs to be. The test format is brutal and requires lots of memorization, doesn't require critical thinking or actual understanding of subject matter. Very frustrated with the grading criteria used by her and the remote grader. That being said, passionate professor who is accessible to her students.",06/21/2017,4.0,4.0,,3,N/A,3.0,3.0,1,Yes,1498053658000,No,1040,Yes,,N/A,"['Tough grader', 'Accessible outside class', 'Test heavy']",people,people
Not Mandatory,average,good,average,1,27997887,0,,average,3,CH31,"Professor Kosinski is a very passionate professor, however the class is not enjoyable to take. The lectures are boring (nature of the subject) and the quizzes can be very hard. I find that the quizzes are designed to be overly difficult and she puts tricky questions just to lower the average. Overall great professor, frustrating class.",04/05/2017,4.0,4.0,,3,N/A,3.0,3.0,1,Yes,1491384974000,No,1040,N/A,,A,"['Caring', 'Lots of homework', 'Tough grader']",people,person
Not Mandatory,good,good,good,0,26599203,1,,good,4,CH56,"Kosinski is incredibly passionate and knowledgeable about her field, and her lectures are engaging and accessible. Her test format kind of sucks, and the sheer amount of information covered in the class is daunting, but she will remove questions and/or curve the test if she feels like it wasn't fair. Overall, would take again.",05/17/2016,4.0,4.0,,4,N/A,4.0,4.0,1,Yes,1463500482000,N/A,1040,Yes,,N/A,"['Amazing lectures', 'Respected', 'Tough grader']",person,people
N/A,average,good,average,1,24732112,0,,good,3,CH18814,"Professor Kosinski is passionate about the topic of disease control and makes this class her own.  She caters to students' requests and teaches the class in a very democratic way.  There are weekly quizzes and you are expected to do thorough readings before each class, and participation is an essential part of the class.  I recommend this class.",05/04/2015,4.0,4.0,,4,Sorta interested,3.5,3.5,1,No,1430740610000,N/A,1040,Yes,,N/A,"['Respected', 'Participation matters', ""Skip class? You won't pass.""]",people,person
N/A,good,average,good,1,24732016,0,,awesome,4,CH31,Professor Kosinski did a great job teaching Introduction to Statistics for Health.  The textbook she chose is extremely thorough in explaining the concepts and as a visual learner her lecture outlines were very helpful in learning the material.  Of all the professors I've had at Tufts she has been the most available outside of class.  ,05/04/2015,3.0,3.0,,5,Sorta interested,4.5,4.5,1,Yes,1430739980000,N/A,1040,Yes,,N/A,"['Respected', 'Lots of homework', 'Caring']",people,person
N/A,good,average,good,0,23791062,0,,awesome,5,CH196,"Seminar with Kosinski is fantastic. She really does a good job focusing on what students want to cover. Lectures are great, and she always picks great videos. Directions for projects are always really clear. You can tell she really cares about her students. Plus she brings bagels!",11/11/2014,3.0,3.0,,5,Really into it,5.0,5.0,1,Yes,1415738430000,N/A,1040,Yes,,N/A,[],people,people
N/A,good,average,good,0,23791029,0,,awesome,5,CH56,"Kosinski is the best! She has high expectations but is scrupulously fair. Assignments are always clear. Plus, she's always ready to meet with students and is really helpful  when you go see her. She genuinely cares about her students progress and it shows. Lecture is always engaging and she goes out of her way to cover topics students request.",11/11/2014,3.0,3.0,,5,Really into it,5.0,5.0,1,Yes,1415738269000,N/A,1040,Yes,,N/A,[],people,people
N/A,good,average,good,0,20180766,1,,awesome,5,CH99,"Professor Kosinksi is amazing. So nice and so helpful. She really cares about her students. Class was interesting, funny, and clear. I liked that it was so discussion based. She is really helpful in office hours.",05/02/2012,2.0,2.0,,5,Really into it,5.0,5.0,1,Yes,1335993852000,N/A,1040,N/A,,N/A,[],person,people
N/A,good,good,good,0,20037881,1,,awesome,4,CH99,"She is such a wonderful and sweet professor.  I was struggling with some of the assignments she gave us in the beginning of the semester, but she clearly showed me where I need to improve, and how to do it.  I try and go seek help from her a lot because it is an upper level course and I'm only a freshman, but she's super sweet and really smart!",04/12/2012,4.0,4.0,,5,It's my life,4.5,4.5,1,Yes,1334233538000,N/A,1040,N/A,,N/A,[],person,people
N/A,poor,good,average,1,19661838,0,,average,1,CH106,"The professor grades on format more than content, while making format expectations unclear. She is available outside class, but is so unclear about expectations within papers and assignments as to make getting a fair grade impossible. I should have listened to former students about not taking her class.",01/03/2012,5.0,5.0,,4,Really into it,2.5,2.5,1,No,1325620066000,N/A,1040,N/A,,N/A,[],people,person
N/A,good,average,good,0,19104781,1,,awesome,4,CH99,"Seeing previous views only confirms my belief that a lot of reviews on this site are ridiculous.  She is one of the most accessible and helpful professors I have ever had.  Her class is not the easiest, but she makes her expectations very clear (you definitely know what you have to do to get a good grade).  What you put in is what you get out.",10/25/2011,3.0,3.0,,5,Really into it,4.5,4.5,1,Yes,1319535348000,N/A,1040,N/A,,N/A,[],person,people
N/A,good,average,good,0,19087068,2,,awesome,4,GLOBA,"She is great, contrary to other things posted. Last year was her first year teaching that being considered she was excellent. By far the most accessible professor I have had at Tufts---she met with me on several occasions to discuss papers and just life and community health in general. Take her classes!! She is excellent.",10/19/2011,3.0,3.0,,5,It's my life,4.5,4.5,1,Yes,1318985904000,N/A,1040,N/A,,N/A,[],people,people
N/A,average,good,average,1,19067352,0,,poor,2,CH99,"she wasn't a very good presenter, class was not at all what it was supposed to be. tests were a lot harder than they needed to be, DEFINITELY do NOT recommend taking this class",10/13/2011,4.0,4.0,,2,Sorta interested,2.0,2.0,1,No,1318465871000,N/A,1040,N/A,,N/A,[],people,person
N/A,average,average,poor,1,19045526,0,,poor,2,CH99,"One of the worst professor's that I've had. She knows a lot about one subject, but can't answer any of your questions about anything else. She didn't know what she wanted out of our class, so kept changing the requirements last minute. Also, she would comment on our drafts, and then take points off for things she told us to do. Do not recommend.",10/05/2011,3.0,3.0,,1,Really into it,1.5,1.5,1,Yes,1317815556000,N/A,1040,N/A,,N/A,[],people,person
N/A,average,average,average,0,19023622,1,,good,3,CH106,"Contrary to the previous rating, I thought she was a very good teacher. She was very helpful with her comments on papers. I highly recommend her if you want a class that will keep your attention and really make you think.",09/26/2011,3.0,3.0,,4,Sorta interested,3.5,3.5,1,Yes,1317040987000,N/A,1040,N/A,,N/A,[],person,people
