attendance,clarityColor,easyColor,helpColor,helpCount,id,notHelpCount,onlineClass,quality,rClarity,rClass,rComments,rDate,rEasy,rEasyString,rErrorMsg,rHelpful,rInterest,rOverall,rOverallString,rStatus,rTextBookUse,rTimestamp,rWouldTakeAgain,sId,takenForCredit,teacher,teacherGrade,teacherRatingTags,unUsefulGrouping,usefulGrouping
N/A,good,poor,good,1,21409570,0,,awesome,4,FR1,"I took French 1 with Prof. Ho. She was a great teacher, always giving us extra vocabulary outside of the textbook. At the end of the semester, she gave us alla list of useful words and phrases we might ever need. It was so sweet and thoughtful of her. She took great care to make sure everyone learned the material well. Great teacher, great class.",03/13/2013,1.0,1.0,,5,It's my life,4.5,4.5,1,Yes,1363209724000,N/A,1040,N/A,,N/A,[],people,person
N/A,average,poor,good,1,20703054,0,,good,3,FR01,"Prof. Ho was wonderful!  She really cared about her students, and was clearly very passionate about teaching French.  I would absolutely recommend her to anyone interested in learning French.",10/15/2012,1.0,1.0,,5,Really into it,4.0,4.0,1,Yes,1350319914000,N/A,1040,N/A,,N/A,[],people,person
N/A,good,poor,good,1,20695306,0,,good,4,FREN01,Professor Ho is great! She's very supportive and always gave us great vocab to help us learn beyond the book. She's such a wonderful person!,10/11/2012,1.0,1.0,,4,It's my life,4.0,4.0,1,Yes,1349980995000,N/A,1040,N/A,,N/A,[],people,person
N/A,poor,good,poor,0,18089030,1,,awful,1,FR1,"If you would like a professor who doesn't explain the material well, who is difficult to understand, who doesn't follow the syllabus and skips around frequently, who gives incomprehensible handouts, and who shares your grades with the entire class, take French with professor Ho.",01/05/2011,4.0,4.0,,1,Really into it,1.0,1.0,1,Yes,1294271929000,N/A,1040,N/A,,N/A,[],person,people
N/A,average,average,average,0,16606472,0,,good,3,FRNCH0002,"The class is a bit overwhelming at first, but you get used to her &quot;unique&quot; style of teaching and it really isn't that bad. She is open to suggestions regarding how she teaches the class and will even ask you how you like to learn sometimes. She also has her funny moments that keeps everyone in the class laughing, even if she doesn't realize it..",12/19/2009,2.0,2.0,,4,Sorta interested,3.5,3.5,1,Yes,1261261870000,N/A,1040,N/A,,N/A,[],people,people
N/A,poor,average,poor,0,13253708,0,,poor,1,FR1,"bad french teacher. i came into the class with zero french background, and ended up having to do most of the grammar work on my own.  she spent 80% of the class playing pointless games describing celebrities in french, and hardly explained any grammar. incomprenhensible in class, and her chicken scratch handwriting further complicates things.",06/09/2007,2.0,2.0,,2,Sorta interested,1.5,1.5,1,Yes,1181396660000,N/A,1040,N/A,,N/A,[],people,people
N/A,poor,average,poor,0,13046262,0,,awful,1,FR1,"She's really ADD about teaching, she jumps around from subject to subject and doesn't fully explain anything.",04/22/2007,2.0,2.0,,1,Sorta interested,1.0,1.0,1,Yes,1177273348000,N/A,1040,N/A,,N/A,[],people,people
N/A,average,average,average,0,12992874,1,,poor,2,FRENC1,"She is an extremely nice woman, but goodness gracious is she difficult to follow during class.  She tends to gloss over misunderstandings or confusions with &quot;Just accept it!&quot; instead of explaining why things are.  Also, she normally does not write out sentences in full on the board, which leaves your own notes incomplete and difficult study from.",04/10/2007,3.0,3.0,,2,Really into it,2.0,2.0,1,Yes,1176219963000,N/A,1040,N/A,,N/A,[],person,people
N/A,poor,average,poor,0,10756085,0,,poor,1,FRENCH1,Very unclear!! She has the worst handwritting ever which makes it impossible to understand what she is writing.  A fast paced class that requires a lot of your own time in order to actually learn the material.  If you are good at learning things by yourself then you will do fine in the class.  Relying on her will guarantee that you fail.  She is very anal about attendance.,10/09/2005,2.0,2.0,,2,Low,1.5,1.5,1,N/A,1128859171000,N/A,1040,N/A,,N/A,[],people,people
N/A,average,poor,average,0,3538383,1,,average,2,FRENCH2,"Very confusing, unclear, nothing is organized or structured whatsoever.",04/01/2005,1.0,1.0,,3,Really into it,2.5,2.5,1,N/A,1112313757000,N/A,1040,N/A,,N/A,[],person,people
