attendance,clarityColor,easyColor,helpColor,helpCount,id,notHelpCount,onlineClass,quality,rClarity,rClass,rComments,rDate,rEasy,rEasyString,rErrorMsg,rHelpful,rInterest,rOverall,rOverallString,rStatus,rTextBookUse,rTimestamp,rWouldTakeAgain,sId,takenForCredit,teacher,teacherGrade,teacherRatingTags,unUsefulGrouping,usefulGrouping
Mandatory,good,average,good,0,22642561,0,,awesome,4,SPN003,"I really don't understand some of these comments. Yes Belansky uses the textbook a lot and is at times unclear. However, just ask and she will clarify. She is a nice woman and sincerely wants her students to do well. If you embrace her style of teaching you will leave the class a better spanish speaker.",12/22/2013,2.0,2.0,,5,Really into it,4.5,4.5,1,Yes,1387748191000,N/A,1040,N/A,,N/A,[],people,people
N/A,average,average,average,0,16996305,0,,average,3,SPAN4,"Ugh.. I am was really interested in learning Spanish, but didn't like this class at all. She is a nice lady but really flighty and always seems to have her head in a cloud. I didn't feel that I learned much at all.",04/14/2010,2.0,2.0,,3,Really into it,3.0,3.0,1,Yes,1271275132000,N/A,1040,N/A,,N/A,[],people,people
N/A,average,average,poor,0,15641100,0,,poor,2,SPN0003,"Nice, and earnest. She seems like a great grandmother. That said, I was really disappointed in her class. Disorganized, terrible at explaining the crucial grammatical points the class is supposed to teach, and didn't seem to care when folks spoke in English",04/13/2009,2.0,2.0,,1,Really into it,1.5,1.5,1,Yes,1239585726000,N/A,1040,N/A,,N/A,[],people,people
N/A,poor,good,poor,0,15286976,0,,awful,1,SP3,She is VERY disorganized.  Belansky fell behind in class very quickly and then rushed us through the subject matter to try to catch us up... at the expense of our grades and comprehension of the language.  She forgot to assign assignments which we had to do/hand in during reading period on top of finals.  This class is why I am not taking SP4.,12/28/2008,5.0,5.0,,1,Really into it,1.0,1.0,1,Yes,1230455440000,N/A,1040,N/A,,N/A,[],people,people
N/A,average,average,average,0,14322857,0,,average,3,SPAN4,"She is usually at least five minutes late, which is frequently a good thing. SHe has a hard time keeping up with the syllabus and quickly fell several days behind. Also forgot to assign some of the diarios, which we had to complete at the last minute on top of other work. Doesn't explain the grammar terribly well. A nice enough person, though.",04/21/2008,2.0,2.0,,3,Really into it,3.0,3.0,1,Yes,1208791719000,N/A,1040,N/A,,N/A,[],people,people
N/A,good,poor,good,0,13597414,0,,good,5,SPN3,"she is really nice, her class is easy, if you just do the hw assignments and learn the chapter vocab and grammar you'll do fine on the tests. i don't know why people are complaining about her. there is a syllabus for spanish 3 and she follows it.",11/05/2007,1.0,1.0,,3,Really into it,4.0,4.0,1,Yes,1194226027000,N/A,1040,N/A,,N/A,[],people,people
N/A,average,average,poor,0,13572870,0,,poor,2,SPAN101,ummmm if i hadn't of taken three years of spanish before entering spanish 101 with this lady i would of been screwed. she does not teach. she reads out of the book. if your taking her for 101 SWITCH OUT!!!,10/29/2007,2.0,2.0,,1,Low,1.5,1.5,1,Yes,1193687039000,N/A,1040,N/A,,N/A,[],people,people
N/A,good,average,good,0,12734864,0,,awesome,5,SPN003,"Sra. Belansky is so nice and helpful. She really cares about everyone's understanding of the material. I learned a lot from the class and didn't have a hard time in it. If you study, you'll be fine. She will willingly help you if you need it. She's not the best teacher ever but she's certainly not the worst.",01/07/2007,2.0,2.0,,5,Sorta interested,5.0,5.0,1,Yes,1168179028000,N/A,1040,N/A,,N/A,[],people,people
N/A,poor,average,poor,0,3572823,0,,awful,1,SPN03,"As a person, harmless and kind.  As a teacher, miserable and destructive. She's always willing to help, although I question her ability to do so.  Teaches from the text, boring as hell.  I found myslef hoping bio lab would run over so I could stay there instead of being in this awful class.",04/06/2005,2.0,2.0,,1,Sorta interested,1.0,1.0,1,N/A,1112814827000,N/A,1040,N/A,,N/A,[],people,people
N/A,poor,average,poor,0,2055733,0,,poor,1,SPN03,"One of the worst Spanish teachers I've ever had and as far as I can tell, not an easy grader either.  If for some reason you find yourself taking her class, try your best to switch out...you'll be SO much happier",04/29/2004,3.0,3.0,,2,N/A,1.5,1.5,1,N/A,1083233153000,N/A,1040,N/A,,N/A,[],people,people
N/A,good,average,good,0,937597,0,,awesome,5,SPANISH03,"She is wonderful and loving and kind!! I think that she was so helpful and really cared about her students and always gave extentions when needed. I love her so much, may more people take her class!",05/07/2003,2.0,2.0,,5,N/A,5.0,5.0,1,N/A,1052340450000,N/A,1040,N/A,,N/A,[],people,people
N/A,poor,average,poor,0,869013,0,,awful,1,SPN,"Terrible teacher, wasted my time, and the single reason I dropped Spanish. Awful, awful. May God have mercy on her soul...",04/22/2003,3.0,3.0,,1,N/A,1.0,1.0,1,N/A,1051042366000,N/A,1040,N/A,,N/A,[],people,people
