attendance,clarityColor,easyColor,helpColor,helpCount,id,notHelpCount,onlineClass,quality,rClarity,rClass,rComments,rDate,rEasy,rEasyString,rErrorMsg,rHelpful,rInterest,rOverall,rOverallString,rStatus,rTextBookUse,rTimestamp,rWouldTakeAgain,sId,takenForCredit,teacher,teacherGrade,teacherRatingTags,unUsefulGrouping,usefulGrouping
N/A,good,average,good,0,17408465,0,,awesome,5,ENG92,"She's a great professor and very good at moving discussions. The course material was interesting, she knows her stuff, and you definitely learn a lot.",07/11/2010,3.0,3.0,,4,Really into it,4.5,4.5,1,Yes,1278837426000,N/A,1040,N/A,,N/A,[],people,people
N/A,good,good,good,0,16710833,0,,good,4,ENG23,"Awesome class and professor. Lots of class discussion, lectures are interesting, and she does a great job of tying all of the reading (there's a lot of it) together. Professor Jackson couldn't be nicer and I would take another class with her in a heartbeat.",01/11/2010,4.0,4.0,,4,Really into it,4.0,4.0,1,Yes,1263232845000,N/A,1040,N/A,,N/A,[],people,people
N/A,good,good,good,0,16371857,0,,awesome,4,AMLIT1,"Professor Jackson is brilliant and inspiring. She encourages and appreciates class participation.  Lot of reading, but great class.",11/15/2009,4.0,4.0,,5,Really into it,4.5,4.5,1,Yes,1258306661000,N/A,1040,N/A,,N/A,[],people,people
N/A,good,average,good,0,14195504,0,,awesome,5,ENG191,woops messed up on number ratings in last review-- very high! all smiley faces!!,03/24/2008,2.0,2.0,,5,It's my life,5.0,5.0,1,Yes,1206374816000,N/A,1040,N/A,,N/A,[],people,people
N/A,good,average,average,0,14195463,1,,average,4,ENG191,"Great professor! Took two classes with her and would take another. Brilliant in her field, interesting discussion despite 3 hour class block. Highly recommended even if you don't think you're interested in 19th century American lit-- she will make you appreciate it! =)",03/24/2008,3.0,3.0,,1,Really into it,2.5,2.5,3,Yes,1206374320000,N/A,1040,N/A,,N/A,[],person,people
N/A,good,average,good,0,12786703,0,,awesome,5,ENGHMM,"Really great professor. I'm not particularly interested in American literature, but taking American Lit with her made me love it. She is brilliant, dynamic, interesting and an engaging lecturer.",01/17/2007,2.0,2.0,,4,It's my life,4.5,4.5,1,No,1169056250000,N/A,1040,N/A,,N/A,[],people,people
N/A,good,average,good,0,12741293,0,,awesome,5,ENG0191,she's awesome,01/08/2007,3.0,3.0,,5,Sorta interested,5.0,5.0,1,Yes,1168270327000,N/A,1040,N/A,,N/A,[],people,people
N/A,good,average,good,0,12564508,0,,awesome,4,ENG23,No Comments,12/10/2006,3.0,3.0,,5,Really into it,4.5,4.5,1,Yes,1165781412000,N/A,1040,N/A,,N/A,[],people,people
