attendance,clarityColor,easyColor,helpColor,helpCount,id,notHelpCount,onlineClass,quality,rClarity,rClass,rComments,rDate,rEasy,rEasyString,rErrorMsg,rHelpful,rInterest,rOverall,rOverallString,rStatus,rTextBookUse,rTimestamp,rWouldTakeAgain,sId,takenForCredit,teacher,teacherGrade,teacherRatingTags,unUsefulGrouping,usefulGrouping
Mandatory,good,poor,good,0,23258390,0,,awesome,4,SWAHILI12,Incredibly enthusiastic and compassionate teacher. Every class was fun and we were always guaranteed a laugh. Very little homework and he often helps out with vocab on quizzes and tests.,05/15/2014,1.0,1.0,,5,Really into it,4.5,4.5,1,Yes,1400178478000,N/A,1040,N/A,,A,[],people,people
N/A,average,poor,average,0,12471887,0,,average,2,SWA1,No Comments,11/26/2006,1.0,1.0,,3,Really into it,2.5,2.5,1,Yes,1164582530000,N/A,1040,N/A,,N/A,[],people,people
N/A,good,average,good,0,10919840,0,,good,4,SWAHILI001,He is amazing!  Really has a passion for teaching and always keeps you on your toes.  You can't help but laugh with him.  He also has great methods to help you learn Swahili.,11/16/2005,2.0,2.0,,4,It's my life,4.0,4.0,1,N/A,1132137136000,N/A,1040,N/A,,N/A,[],people,people
N/A,good,average,average,0,889296,0,,good,4,ACL007,No Comments,04/26/2003,2.0,2.0,,3,N/A,3.5,3.5,1,N/A,1051361399000,N/A,1040,N/A,,N/A,[],people,people
N/A,good,average,good,0,873922,0,,awesome,5,SWAHILII,No Comments,04/23/2003,3.0,3.0,,5,N/A,5.0,5.0,1,N/A,1051114694000,N/A,1040,N/A,,N/A,[],people,people
