attendance,clarityColor,easyColor,helpColor,helpCount,id,notHelpCount,onlineClass,quality,rClarity,rClass,rComments,rDate,rEasy,rEasyString,rErrorMsg,rHelpful,rInterest,rOverall,rOverallString,rStatus,rTextBookUse,rTimestamp,rWouldTakeAgain,sId,takenForCredit,teacher,teacherGrade,teacherRatingTags,unUsefulGrouping,usefulGrouping
Mandatory,good,poor,good,0,23738555,0,,good,4,ENG06,"I took poetry with him and he was great. He's funny and makes the 3 hour block go by pretty fast. A lot of the girls in my class did not like him and I'm not sure why. He might have an arrogant undertone, but he's super nice to everyone. The class is easy and you just have to write poems weekly. There are sometimes short papers. He grades easy.",11/04/2014,1.0,1.0,,4,Sorta interested,4.0,4.0,1,Yes,1415096779000,N/A,1040,Yes,,A,"[""Skip class? You won't pass."", 'Hilarious', 'Participation matters']",people,people
Mandatory,good,average,good,0,23273033,0,,awesome,4,ENG6,"He's a nice, funny guy. I enjoyed the class even though 3 hours of poetry, any class really, can be rough. Class is mostly workshop. Mark doesn't expect much from your work so feel free to be as creative as you would like and try new things. Some thought he was stuck up, but I did not get that feel from him.",05/18/2014,2.0,2.0,,5,Sorta interested,4.5,4.5,1,Yes,1400420120000,N/A,1040,N/A,,A,[],people,people
N/A,average,average,good,1,22552313,0,,good,3,ENG06,"Chillest bro at this school. He's not the best poet, but an incredibly great poetry teacher. Take him.",12/14/2013,3.0,3.0,,5,It's my life,4.0,4.0,1,Yes,1387028044000,N/A,1040,N/A,,N/A,[],people,person
N/A,good,average,good,0,18170196,0,,good,4,ENG006,Absolute Boss.  Just take his class if you can get into it.,01/22/2011,3.0,3.0,,4,Sorta interested,4.0,4.0,1,Yes,1295713393000,N/A,1040,N/A,,N/A,[],people,people
N/A,good,average,good,0,17681532,0,,awesome,4,ENG16,"Great class, great prof. Really cares about students and their understanding/progress. Will reward dedication and enthusiasm, was very helpful during office hours",10/22/2010,3.0,3.0,,5,Really into it,4.5,4.5,1,Yes,1287706116000,N/A,1040,N/A,,N/A,[],people,people
N/A,good,average,good,0,16645848,0,,good,4,ENG006,"Very fun class, and considering it's a three-hour class, it goes by pretty quickly. Mark was extremely friendly and approachable. Weekly workload consisted of readings (poems and short essays), critiquing classmates' poems, and writing your own.",12/27/2009,2.0,2.0,,4,Sorta interested,4.0,4.0,1,Yes,1261929005000,N/A,1040,N/A,,N/A,[],people,people
