attendance,clarityColor,easyColor,helpColor,helpCount,id,notHelpCount,onlineClass,quality,rClarity,rClass,rComments,rDate,rEasy,rEasyString,rErrorMsg,rHelpful,rInterest,rOverall,rOverallString,rStatus,rTextBookUse,rTimestamp,rWouldTakeAgain,sId,takenForCredit,teacher,teacherGrade,teacherRatingTags,unUsefulGrouping,usefulGrouping
N/A,good,good,good,0,17875067,0,,good,4,EXP0064,It was nice to take this course prior to the World Cup. Interesting readings and helpful professor. Highly recommended course.,12/07/2010,4.0,4.0,,4,It's my life,4.0,4.0,1,Yes,1291691652000,N/A,1040,N/A,,N/A,[],people,people
N/A,good,good,good,0,16248796,0,,good,4,EXP36,Great Teacher. Very helpful,10/18/2009,4.0,4.0,,4,Low,4.0,4.0,1,Yes,1255863998000,N/A,1040,N/A,,N/A,[],people,people
N/A,good,average,good,0,16134318,0,,awesome,4,HIST101,Great teacher.I recommend him,08/19/2009,3.0,3.0,,5,Sorta interested,4.5,4.5,1,Yes,1250692785000,N/A,1040,N/A,,N/A,[],people,people
N/A,good,average,good,0,15474792,0,,awesome,5,EXP101,"Great professor, very helpful",02/19/2009,2.0,2.0,,5,Sorta interested,5.0,5.0,1,Yes,1235058401000,N/A,1040,N/A,,N/A,[],people,people
N/A,good,average,good,0,15301570,0,,awesome,4,EXP36,"Soccer, Society, and Immigration was an interesting course.  I learned a lot about the practice of soccer among the immigrants in Massachusetts.  The last session was a round table and Professor Apostolov invited very interesting panelists (Frank Dell'Apa from the Boston Globe was very interesting).  The roundtable was very useful for my paper!",01/01/2009,3.0,3.0,,5,Really into it,4.5,4.5,1,Yes,1230778721000,N/A,1040,N/A,,N/A,[],people,people
