attendance,clarityColor,easyColor,helpColor,helpCount,id,notHelpCount,onlineClass,quality,rClarity,rClass,rComments,rDate,rEasy,rEasyString,rErrorMsg,rHelpful,rInterest,rOverall,rOverallString,rStatus,rTextBookUse,rTimestamp,rWouldTakeAgain,sId,takenForCredit,teacher,teacherGrade,teacherRatingTags,unUsefulGrouping,usefulGrouping
Not Mandatory,average,good,average,0,29390965,0,,poor,2,CHBE109,"Professor Georgakis is a very dynamic lecturer; however, his classes were ineffective due to over reliance on slides he didn't even make. I learned way more by just reading the book and doing problem sets. He also tends to be rude, particularly to women.",01/04/2018,4.0,4.0,,2,N/A,2.0,2.0,1,Yes,1515098803000,No,1040,Yes,,A,"['Group projects', 'Hilarious', 'Participation matters']",people,people
N/A,average,good,poor,1,20755613,0,,poor,2,ES93,This guy has a huge ego. This class was useless till about half way through. The first half was talking about types of innovators. ES93-3 was a mix of four professor with Georgakis as the leading professor. I am thinking about becoming a chemical engineer and this class was not helpful at all. However it was the first year the class was offered.,10/30/2012,4.0,4.0,,1,Sorta interested,1.5,1.5,1,No,1351624210000,N/A,1040,N/A,,N/A,[],people,person
N/A,poor,good,poor,1,16436677,0,,poor,1,CHBE109,"Nice guy, terrible professor. class is poorly organized, he is rarely available and doesn't seem to care if students understand material or not. lectures generally ramble on and don't relate to tests or exams. he assigns a ton of work that doesn't have anything to do with exams",11/29/2009,5.0,5.0,,2,Meh,1.5,1.5,1,Yes,1259528237000,N/A,1040,N/A,,N/A,[],people,person
N/A,average,good,poor,0,14182126,0,,poor,2,CHBE101,"Extremely focused on his research--to the extent that he has no time for teaching and is not available outside class. Average exam grades for the whole class range from 20%-50%. Out of 10-12 students, maybe one will really understand the material. Industry folks told me I'd never use the information anyway.",03/19/2008,5.0,5.0,,1,Really into it,1.5,1.5,1,No,1205957397000,N/A,1040,N/A,,N/A,[],people,people
