attendance,clarityColor,easyColor,helpColor,helpCount,id,notHelpCount,onlineClass,quality,rClarity,rClass,rComments,rDate,rEasy,rEasyString,rErrorMsg,rHelpful,rInterest,rOverall,rOverallString,rStatus,rTextBookUse,rTimestamp,rWouldTakeAgain,sId,takenForCredit,teacher,teacherGrade,teacherRatingTags,unUsefulGrouping,usefulGrouping
Mandatory,poor,good,poor,0,22427744,0,,awful,1,FAM64,Roswell is very well established in the photo department at Tufts but I doubt he has been outside more than once or twice in the past decade to make any new pictures. He is clearly very knowledgable but his lectures are extremely dry and repetitive. During lab times he stays in his office on his computer while the TA does his work,12/03/2013,4.0,4.0,,1,Really into it,1.0,1.0,1,No,1386114263000,N/A,1040,N/A,,N/A,[],people,people
N/A,average,average,average,0,18062962,0,,good,3,FAM64,Great professor!  Criticism can be harsh but that is just his personality.  Sometimes hard to read since he can be negative and harsh at times but definitely interesting and worthwhile to consider his comments.  Make sure you spend time in the darkroom when he gives up class time for that purpose!  He likes to see that you care and it def helps!,12/30/2010,3.0,3.0,,4,It's my life,3.5,3.5,1,No,1293675966000,N/A,1040,N/A,,N/A,[],people,people
N/A,good,good,good,0,16181773,0,,awesome,5,PHOTOADV,Such a genius.,09/10/2009,4.0,4.0,,5,It's my life,5.0,5.0,1,Yes,1252587440000,N/A,1040,N/A,,N/A,[],people,people
N/A,good,average,good,0,15454453,0,,awesome,5,FAM67,"Roswell is one of my favorite professors ever. He pushes his students without being overbearing, and is always open to new ideas.",02/10/2009,3.0,3.0,,5,It's my life,5.0,5.0,1,Yes,1234284093000,N/A,1040,N/A,,N/A,[],people,people
N/A,average,good,average,0,14490375,0,,average,3,FAM64,This guy is ridiculous. He is very strange and has a disturbing obsession over photographs of women.  He is not clear when answering questions and I think he enjoys being cryptic which is useless when you're the student.  I talked to other students in other photo foundation classes and they seemed to enjoy it much more.,05/18/2008,5.0,5.0,,2,Really into it,2.5,2.5,1,No,1211138088000,N/A,1040,N/A,,N/A,[],people,people
N/A,good,average,good,0,3057356,0,,good,4,FAM0064A,"He is very cool! His criticisms on your photos could be a bit harsh, but in the end, you will know what you are doing!",12/17/2004,3.0,3.0,,4,It's my life,4.0,4.0,1,N/A,1103287107000,N/A,1040,N/A,,N/A,[],people,people
N/A,good,good,good,0,1551851,0,,awesome,4,PHOTO,"roswell is totally sweet.  his criticisms can be really harsh, but don't take it personally.  you'll learn something.",12/24/2003,4.0,4.0,,5,N/A,4.5,4.5,1,N/A,1072241402000,N/A,1040,N/A,,N/A,[],people,people
