attendance,clarityColor,easyColor,helpColor,helpCount,id,notHelpCount,onlineClass,quality,rClarity,rClass,rComments,rDate,rEasy,rEasyString,rErrorMsg,rHelpful,rInterest,rOverall,rOverallString,rStatus,rTextBookUse,rTimestamp,rWouldTakeAgain,sId,takenForCredit,teacher,teacherGrade,teacherRatingTags,unUsefulGrouping,usefulGrouping
N/A,good,good,average,0,19019143,0,,good,4,PHIL132,he was amazing! sometimes you get brilliant professors who don't engage with their students well. but the class was discussion based and he encouraged us to really think about the material in addition to lecturing in a very accessible way. definitely a lot of thinking/reading. but well worth it.,09/23/2011,4.0,4.0,,3,Really into it,3.5,3.5,1,No,1316793663000,N/A,1040,N/A,,N/A,[],people,people
N/A,good,good,average,0,19019142,0,,good,4,PHIL132,he was amazing! sometimes you get brilliant professors who don't engage with their students well. but the class was discussion based and he encouraged us to really think about the material in addition to lecturing in a very accessible way. definitely a lot of thinking/reading. but well worth it.,09/23/2011,4.0,4.0,,3,Really into it,3.5,3.5,1,No,1316793660000,N/A,1040,N/A,,N/A,[],people,people
N/A,poor,good,poor,0,13617881,0,,awful,1,CD307,"he's a very nice man i went into the course extremely interested by the subject of linguistics and ended up dropping the class because being in that room listening to him was worse than pulling teeth. the lectures and notes are so obscure, there's no structure or organization to the class whatsoever, TORTURE",11/08/2007,5.0,5.0,,1,Sorta interested,1.0,1.0,1,Yes,1194487190000,N/A,1040,N/A,,N/A,[],people,people
N/A,good,good,average,0,11580156,0,,average,4,LINGUISTICS,No Comments,03/16/2006,5.0,5.0,,2,Really into it,3.0,3.0,1,N/A,1142522975000,N/A,1040,N/A,,N/A,[],people,people
