attendance,clarityColor,easyColor,helpColor,helpCount,id,notHelpCount,onlineClass,quality,rClarity,rClass,rComments,rDate,rEasy,rEasyString,rErrorMsg,rHelpful,rInterest,rOverall,rOverallString,rStatus,rTextBookUse,rTimestamp,rWouldTakeAgain,sId,takenForCredit,teacher,teacherGrade,teacherRatingTags,unUsefulGrouping,usefulGrouping
N/A,good,average,good,0,24540258,0,,awesome,4,PSY27,"one of the best instructors i've had in psych. clear lectures, and she's very helpful. always recommend perception to my friends, cool course.",04/03/2015,2.0,2.0,,5,Really into it,4.5,4.5,1,Yes,1428050877000,N/A,1040,Yes,,N/A,"['Participation matters', 'Lecture heavy', 'Gives good feedback']",people,people
Mandatory,good,average,good,0,24218344,0,,awesome,5,PSY27,"She's really awesome, my favorite all-time professor at Tufts. She's very helpful and knowledgeable, and really focuses on her students. I highly recommend her classes! Oh, and I'd like to know two things: where she shops, and what's in her drink - energy like a chihuahua, but better looking.",01/02/2015,2.0,2.0,,4,Really into it,4.5,4.5,1,Yes,1420231949000,N/A,1040,Yes,,A-,"['Participation matters', 'Caring', ""Skip class? You won't pass.""]",people,people
N/A,good,poor,good,0,23436838,0,,good,4,PSY27,The lectures were unbearably boring but the class itself was super easy. I got by with minimal effort. The class is definitely worth taking for an easy A. She's also super nice which is a plus.,07/10/2014,1.0,1.0,,4,Sorta interested,4.0,4.0,1,No,1405009404000,N/A,1040,N/A,,N/A,[],people,people
Mandatory,good,average,good,0,23158867,0,,awesome,5,PSY27,"Professor Ditman is super helpful and truly cares about the students and puts a lot of time into helping us out. She gave us a killer study guide before the final exam, which helped a lot. I wish I could get my ORGO prof to do the same. Always available on email to answer questions. Highly recommended Prof!!!!",05/04/2014,2.0,2.0,,5,Really into it,5.0,5.0,1,Yes,1399191405000,N/A,1040,N/A,,A-,[],people,people
N/A,average,average,average,0,23110388,0,,average,3,PSY27,"This professor is probably not exactly an ""expert"" in perception - I looked her up and she does neuroscience stuff. But where she lacks in knowledge she makes up for in genuine sympathy for our understanding and progress, and engagement with us. She's super supportive. Lectures can get boring, but then again it's perception. Book is boring too.",04/27/2014,3.0,3.0,,3,Low,3.0,3.0,1,Yes,1398633283000,N/A,1040,N/A,,N/A,[],people,people
Mandatory,good,average,good,0,23110147,0,,good,4,PSY27,"I was worried that this class would be too hard or boring, but professor Ditman is really great at making the students feel confident and comfortable with the material. She works hard to make sure we all understand, is very fair with her response paper grading, and is always available via email or otherwise. Overall, I recommend this class!",04/27/2014,3.0,3.0,,4,Sorta interested,4.0,4.0,1,Yes,1398630283000,N/A,1040,N/A,,N/A,[],people,people
N/A,average,poor,poor,0,23080076,0,,poor,2,PSY27,Professor Ditman is one of the worst professors I've had at Tufts. She's a nice lady but really does not know how to teach. She throws definitions upon definitions at you which makes the class almost unbearable. This class has the potential to be very interesting but unfortunately it fails hard.,04/22/2014,1.0,1.0,,1,Really into it,1.5,1.5,1,No,1398202961000,N/A,1040,N/A,,N/A,[],people,people
Mandatory,good,poor,good,0,22985254,0,,awesome,4,PSY27,"Professor Ditman is great! She seems genuinely interested in the topic and lecture is rarely boring. Quizzes and tests are easy, and she's a generous grader on papers. The syllabus makes it seem like there will be a heavy work load (4 quizzes, 3 papers, 2 exams), but very little outside studying is needed. I definitely recommend this course.",04/03/2014,1.0,1.0,,5,Really into it,4.5,4.5,1,No,1396528280000,N/A,1040,N/A,,A,[],people,people
