attendance,clarityColor,easyColor,helpColor,helpCount,id,notHelpCount,onlineClass,quality,rClarity,rClass,rComments,rDate,rEasy,rEasyString,rErrorMsg,rHelpful,rInterest,rOverall,rOverallString,rStatus,rTextBookUse,rTimestamp,rWouldTakeAgain,sId,takenForCredit,teacher,teacherGrade,teacherRatingTags,unUsefulGrouping,usefulGrouping
Mandatory,poor,good,poor,1,31776156,0,,awful,1,BIO49,"difficult prof., expectations not clear slow to give feedback",05/05/2019,4.0,4.0,,1,N/A,1.0,1.0,1,No,1557085809000,No,1040,Yes,,N/A,"[""Skip class? You won't pass."", 'Tough grader']",people,person
Mandatory,average,good,average,1,30513015,0,,poor,2,BIO049,"Not clear about expectations, returns work consistently late, no clear understanding of work life balance for students",09/20/2018,4.0,4.0,,2,N/A,2.0,2.0,1,No,1537458042000,Yes,1040,Yes,,N/A,"['Tough grader', 'Get ready to read', ""Skip class? You won't pass.""]",people,person
Mandatory,good,average,good,0,29356575,0,,good,4,BIO49,I took Experiments in Physiology with her (and Dr. Tytell). Really enjoyed the work in class itself but writing the lab write ups was extremely time consuming. Kao's grading was definitely the tougher of the two but she gives good feedback just has high expectations.,12/29/2017,2.0,2.0,,4,N/A,4.0,4.0,1,No,1514559033000,Yes,1040,Yes,,A,"['Accessible outside class', 'Tough grader']",people,people
Mandatory,average,good,average,1,28016587,0,,poor,2,BIO116,"Dr Kao gives lectures that are super fast paced and often unclear. Test material was entirely based on the class lecture material, even on things that weren't on the slides but she said off-handedly. She does curve tests pretty generously (she likes to keep a mean of a B+ for Gen Physio II at least) and makes herself available with lots of hrs.",04/08/2017,4.0,4.0,,2,N/A,2.0,2.0,1,No,1491656043000,No,1040,Yes,,N/A,"[""Skip class? You won't pass.""]",people,person
Mandatory,poor,good,poor,2,27573390,0,,awful,1,BIO049,Dr Kao was a tough grader. She expected a lot of work but then refused to return graded work until a month after the submission. Would not recommend a class with Dr Kao.,12/19/2016,5.0,5.0,,1,N/A,1.0,1.0,1,No,1482187118000,No,1040,Yes,,N/A,['Tough grader'],people,people
Mandatory,poor,good,poor,1,27563852,0,,awful,1,BIO049,"She interrogated every participant after public presentations, which was really rough.  For the lab reports she was supposed to grade and get back to us, she pushed back when she said she'd be done grading again and again and again.  Turned them back SUPER late so we couldn't correct our errors for the next lab.  Extremely harsh grader.",12/19/2016,4.0,4.0,,1,N/A,1.0,1.0,1,No,1482144469000,No,1040,Yes,,N/A,['Tough grader'],people,person
