attendance,clarityColor,easyColor,helpColor,helpCount,id,notHelpCount,onlineClass,quality,rClarity,rClass,rComments,rDate,rEasy,rEasyString,rErrorMsg,rHelpful,rInterest,rOverall,rOverallString,rStatus,rTextBookUse,rTimestamp,rWouldTakeAgain,sId,takenForCredit,teacher,teacherGrade,teacherRatingTags,unUsefulGrouping,usefulGrouping
N/A,good,average,good,0,24787624,0,,good,4,RUS78,Carleton is passionate and is actually really funny. Knows a lot about his field and picks great films even if the Russian ones take time to warm up to. Would recommend to understand more about what affects a country's collective identity. ,05/09/2015,3.0,3.0,,4,It's my life,4.0,4.0,1,No,1431212072000,N/A,1040,Yes,,N/A,[],people,people
N/A,good,poor,good,0,24613984,0,,awesome,5,RUS78,"Simply the best. Professor Carleton is definitely one of the best professor at Tufts University. His lectures are simply engaging, substantial, eye opening and most importantly very entertaining. His RUS78 class connects to people who has interest in popular culture and the narratives of war and how myth affects government decision making. 1110!!",04/17/2015,1.0,1.0,,5,It's my life,5.0,5.0,1,Yes,1429232405000,Yes,1040,Yes,,N/A,"['Inspirational', 'Amazing lectures']",people,people
Mandatory,poor,average,poor,0,23297050,1,,awful,1,RUS75,"Prof. Carleton is extremely disorganized and untimely. His essay topics are vague and he expects you to write exactly what he lectures in class. He does not foster discussion, but rather asks rhetorical questions, for which he expects a certain answer- his answer. While his classes are interesting, I can't say I learned anything.",05/22/2014,3.0,3.0,,1,Really into it,1.0,1.0,1,Yes,1400733541000,N/A,1040,N/A,,N/A,[],person,people
N/A,poor,average,poor,0,22634253,0,,awful,1,RUS0078,Prof. Carleton is very enthusiastic but that's where his positives end. He never actually fosters any kind of class discussion and wants you to parrot what he teaches back to you in essays every time. He's also quite abrasive if you try to talk to him after class and often singles students out in class and makes them uncomfortable.,12/21/2013,3.0,3.0,,1,Really into it,1.0,1.0,1,No,1387628754000,N/A,1040,N/A,,N/A,[],people,people
N/A,good,average,good,0,18851513,0,,good,4,RUSS0062,"Fantastic prof. The reading is interesting, the lectures are engaging and funny, and he's just an all-around awesome guy. Yeah, the assignments are a bit vague, but he never tries to screw you and generally if you go to class you're good. Awesome class, taught by such a boss.",07/26/2011,2.0,2.0,,4,Really into it,4.0,4.0,1,Yes,1311681480000,N/A,1040,N/A,,N/A,[],people,people
N/A,average,average,average,0,18551748,0,,average,2,ILVS092,"Carleton is a nice guy and his lectures are always interesting, but his prompts for writing assignments are broad and vague, yet he seems to expect a certain answer. The class isn't much work overall, there are a bunch of movies in addition to books and short stories.",05/08/2011,2.0,2.0,,3,Sorta interested,2.5,2.5,1,No,1304820354000,N/A,1040,N/A,,N/A,[],people,people
N/A,average,average,average,0,18359109,0,,good,3,RUS61,"What's great about Carelton is that he's really into what he's teaching, he knows everything about it, and he can even sometimes get you interested in boring things. Some of the lit he has you read is excruciating and probably unnecessary, but in the end it all kind of came together. Funny guy too",04/05/2011,2.0,2.0,,4,Low,3.5,3.5,1,Yes,1302012508000,N/A,1040,N/A,,N/A,[],people,people
N/A,good,good,average,0,16636505,1,,good,4,RUS115,"Carleton is awesome.  Knows everything there is to know about the subject, and gives great primary source readings  instead of some textbook.  Very discussion-centered class, always entertaining.   His sense of humor is a little offbeat though, and if you're not on the same wavelength it might be hard to get used to.",12/24/2009,4.0,4.0,,3,Really into it,3.5,3.5,1,No,1261662426000,N/A,1040,N/A,,N/A,[],person,people
N/A,poor,good,poor,0,15384679,0,,awful,1,RLIT0061,"I did not enjoy his sense of humor and russian lit -he was very difficult to follow. he did not utilize the small class for discussion. he only lectured us.  his essays were very open ended and you don't know what he wants. no comments given on midterm, essays or finals either.",01/16/2009,4.0,4.0,,1,Really into it,1.0,1.0,1,No,1232146138000,N/A,1040,N/A,,N/A,[],people,people
N/A,average,good,average,0,15160930,0,,average,3,RUS91,Very cool guy although extremely vague about what he wants from essays.,12/11/2008,4.0,4.0,,3,Really into it,3.0,3.0,1,No,1228972344000,N/A,1040,N/A,,N/A,[],people,people
N/A,good,average,good,0,14929154,0,,awesome,4,RUS9,"great teacher! really funny and talkative... his russian lectures are very interesting and i always look forward to the class! he's available for help, and really connects with his students!",11/02/2008,3.0,3.0,,5,Really into it,4.5,4.5,1,Yes,1225659128000,N/A,1040,N/A,,N/A,[],people,people
N/A,average,good,average,0,3892432,0,,poor,2,RUS61,"This class had no structure whatsoever.  Carleton was a nice guy, but I didn't learn much and the essays were so open-ended that I had no idea what I was supposed to be writing about.",05/19/2005,4.0,4.0,,2,Meh,2.0,2.0,1,N/A,1116524615000,N/A,1040,N/A,,N/A,[],people,people
N/A,good,average,good,0,3061011,0,,awesome,5,RUS91,He's a really engaging teacher because is so energetic and obviously interested in the class!,12/17/2004,3.0,3.0,,4,Low,4.5,4.5,1,N/A,1103309638000,N/A,1040,N/A,,N/A,[],people,people
N/A,good,average,good,0,2055750,0,,awesome,5,WL17,"I think he is amazing.  He is one of the best profs at Tufts and if I had found out about him sooner, would have taken many more classes with him.",04/29/2004,3.0,3.0,,5,N/A,5.0,5.0,1,N/A,1083233331000,N/A,1040,N/A,,N/A,[],people,people
N/A,good,average,good,0,874826,0,,awesome,5,RUS91,"I love this man! He's hysterical and will keep you on your toes all semster. I was also lucky enough to have him as an advisor and it's quite tempting to select a major that he advises in, just so I can have him all four years.",04/23/2003,3.0,3.0,,5,N/A,5.0,5.0,1,N/A,1051122239000,N/A,1040,N/A,,N/A,[],people,people
N/A,good,average,good,0,870586,0,,awesome,5,RUS115,"A very cool teacher, the class has a bunch of reading but most of it is either easy to get through or not really necessary to read.  There are two 5 pg papers and a 20 pg paper.  Fulfills an IR seminar credit",04/22/2003,3.0,3.0,,5,N/A,5.0,5.0,1,N/A,1051054893000,N/A,1040,N/A,,N/A,[],people,people
