attendance,clarityColor,easyColor,helpColor,helpCount,id,notHelpCount,onlineClass,quality,rClarity,rClass,rComments,rDate,rEasy,rEasyString,rErrorMsg,rHelpful,rInterest,rOverall,rOverallString,rStatus,rTextBookUse,rTimestamp,rWouldTakeAgain,sId,takenForCredit,teacher,teacherGrade,teacherRatingTags,unUsefulGrouping,usefulGrouping
Mandatory,average,good,average,3,31524917,1,,poor,2,PHYS2,"He is very enthusiastic about Physics. However, he is NOT a great professor. He encourages higher level of physics thinking by &quot;reasoning&quot; out our confusions and talking through problems. But he barely teaches in lecture and just talks alot. Prepare to teach yourself everything and he is especially bad at teaching electromagnetism. Tests are hard.",04/03/2019,4.0,4.0,,2,N/A,2.0,2.0,3,No,1554319443000,No,1040,Yes,,N/A,"['Lots of homework', 'Participation matters']",person,people
N/A,good,average,good,2,31345197,2,,awesome,5,PHY1,"Vesal is probably my favorite teacher ever. He cares so much it's inspiring. His classes are &quot;reversed&quot; and some people don't like that, but some people do! 350 characters are not enough to do this man justice but I am so grateful that I didn't just memorize equations. I really learned and understood physics and I really appreciate him for that.",02/08/2019,3.0,3.0,,5,N/A,5.0,5.0,1,No,1549587415000,Yes,1040,Yes,,N/A,"['Accessible outside class', 'Gives good feedback', 'Caring']",people,people
Not Mandatory,average,good,average,3,31326232,0,,average,3,PHY1,"Professor Vesal really cares about his students. He responds to my emails in less than 2 minutes (a record!) and truly wants us to worry as little as possible about our grades and genuinely learn. That being said, I think that the flipped-classroom style of teaching doesn't work for most of us. I would have preferred to learn the material in class.",02/01/2019,4.0,4.0,,3,N/A,3.0,3.0,1,No,1548989106000,Yes,1040,Yes,,B+,"['Get ready to read', 'Accessible outside class', 'Caring']",people,people
Not Mandatory,poor,average,poor,4,31093040,1,,awful,1,PHY01,He is passionate about physics but he is applying his passion in the wrong ways. He doesn't believe in practice problems and his go to learning solution is to literally sit on it and think about the concepts. You don't end up learning very much at all. I'm feel like I wasted my whole semester with him.,12/19/2018,3.0,3.0,,1,N/A,1.0,1.0,1,No,1545191053000,No,1040,Yes,,N/A,['Lecture heavy'],person,people
Mandatory,average,average,average,9,30902669,1,,poor,2,PHY1,"Meh. Not hard, thankfully, since you hardly learn. Too many attempts to reinvent how the class is done which is a good concept (who doesn't like an enthusiastic professor?) but his attempts to draw out student participation lead to a lack of actual teaching.",12/06/2018,2.0,2.0,,2,N/A,2.0,2.0,1,No,1544131457000,No,1040,Yes,,N/A,['Participation matters'],person,people
