attendance,clarityColor,easyColor,helpColor,helpCount,id,notHelpCount,onlineClass,quality,rClarity,rClass,rComments,rDate,rEasy,rEasyString,rErrorMsg,rHelpful,rInterest,rOverall,rOverallString,rStatus,rTextBookUse,rTimestamp,rWouldTakeAgain,sId,takenForCredit,teacher,teacherGrade,teacherRatingTags,unUsefulGrouping,usefulGrouping
Mandatory,good,good,good,0,26740596,0,,good,4,ENG2,I took her Love & Sexuality this semester and it was great. She is very open about all of the discussion topics (although the topics are sometimes ridiculous) and manages to make class space very open for everyone. This is a very intimate class since there's only 12 people. She's a fairly tough grader but this is a very enjoyable class!!,06/20/2016,4.0,4.0,,4,N/A,4.0,4.0,1,No,1466413232000,Yes,1040,Yes,,B+,"['Caring', 'Gives good feedback', 'Participation matters']",people,people
Mandatory,good,average,good,0,26399220,0,,awesome,5,ENG002,"This class is very much required to graduate, but it was my favorite class this semester. Tanya is such a genuine person and her class on love and sexuality is very interesting. 75 minute class flies by because she facilitates good class discussion. She's not an easy grader, but motivated me to work harder for a decent grade. Manageable class.",04/27/2016,3.0,3.0,,4,N/A,4.5,4.5,1,Yes,1461794321000,Yes,1040,Yes,,A-,"['Tough grader', 'Respected']",people,people
N/A,good,average,good,2,25782342,0,,awesome,5,ENG001,"I loved Tanya's English 1 class. She is engaging and has interesting assignments. The course itself was sort of dumb, in my opinion, but she made it much better!",12/20/2015,3.0,3.0,,5,Sorta interested,5.0,5.0,1,Yes,1450631175000,N/A,1040,Yes,,A-,"['Caring', 'Inspirational', 'Gives good feedback']",people,people
Mandatory,good,average,good,1,25781927,0,,awesome,4,ENG1,"Tanya is an extremely kind, down to earth English teacher. Her class discussions are very interesting and thought-provoking. Would recommend.",12/20/2015,3.0,3.0,,5,Low,4.5,4.5,1,No,1450627819000,N/A,1040,Yes,,N/A,"['Participation matters', 'Respected', 'Get ready to read']",people,person
Mandatory,average,average,average,0,25319806,0,,average,2,ENG0001,The lectures are boring and not engaging. She has office hours but is usually late so the time you have with her becomes limited. She always there for help which is good and I strongly recommend seeing her before handing in any papers. It will definitely influence your grade.,11/01/2015,3.0,3.0,,3,Low,2.5,2.5,1,Yes,1446389100000,N/A,1040,Yes,,B+,"['Lots of homework', 'Get ready to read', 'Lecture heavy']",people,people
