attendance,clarityColor,easyColor,helpColor,helpCount,id,notHelpCount,onlineClass,quality,rClarity,rClass,rComments,rDate,rEasy,rEasyString,rErrorMsg,rHelpful,rInterest,rOverall,rOverallString,rStatus,rTextBookUse,rTimestamp,rWouldTakeAgain,sId,takenForCredit,teacher,teacherGrade,teacherRatingTags,unUsefulGrouping,usefulGrouping
Mandatory,good,average,good,0,30116275,0,,good,4,MUS64,"One of my favorite professors at Tufts. Humorous, always willing to help. Just put in your effort, and if you show some passion, you will have a great time in his class!",05/15/2018,2.0,2.0,,4,N/A,4.0,4.0,1,Yes,1526408933000,Yes,1040,Yes,,A,"[""Skip class? You won't pass."", 'Respected', 'Inspirational']",people,people
Mandatory,good,average,good,0,27438344,0,,awesome,5,MUS064,Best guys at Tufts.  Really,12/11/2016,3.0,3.0,,5,N/A,5.0,5.0,1,Yes,1481496143000,Yes,1040,Yes,,A,"['Amazing lectures', 'Inspirational', 'Respected']",people,people
N/A,good,average,good,0,26299574,0,,awesome,5,MUS64,"Hands down the nicest professor I have had. Cares about his students on a personal level which is truly amazing. Music 64 has a decent learning curve if you aren't familiar with the software, but with work incredibly fun and rewarding.",04/14/2016,3.0,3.0,,5,N/A,5.0,5.0,1,Yes,1460655313000,N/A,1040,Yes,,N/A,[],people,people
Mandatory,good,average,good,0,23090027,0,,awesome,5,MUS64,immensely broadened my view of and approach to music,04/24/2014,3.0,3.0,,5,Really into it,5.0,5.0,1,Yes,1398310993000,N/A,1040,N/A,,N/A,[],people,people
N/A,good,average,good,0,18325602,0,,awesome,5,MUS064,I took computer tools musician with him and it is by far the best class I've taken at Tufts. Professor Lehrman makes it really easy to understand everything and does tons of examples to make things clear. He is one of the most knowledgable professors you will ever have. The workload is insane if you dont love music and seems like nothing if you do,03/29/2011,3.0,3.0,,5,It's my life,5.0,5.0,1,Yes,1301367075000,N/A,1040,N/A,,N/A,[],people,people
N/A,good,average,good,0,1546916,0,,awesome,5,MUS195,"A great teacher, he really knows his field, and he's pretty funny. Also pretty demanding, but if you keep up with him it's a great ride. May be a little intimidating for some, but if you ask for help, you'll definitely get it.",12/22/2003,3.0,3.0,,5,N/A,5.0,5.0,1,N/A,1072112194000,N/A,1040,N/A,,N/A,[],people,people
N/A,good,good,good,0,1546895,0,,awesome,5,MUS195,"The guy is tough, and makes you work very hard. But if you get into it, his courses are incredibly fun and he's very cool. Beware: he's into electronic music, but not much into dance music.",12/22/2003,4.0,4.0,,5,N/A,5.0,5.0,1,N/A,1072111690000,N/A,1040,N/A,,N/A,[],people,people
