attendance,clarityColor,easyColor,helpColor,helpCount,id,notHelpCount,onlineClass,quality,rClarity,rClass,rComments,rDate,rEasy,rEasyString,rErrorMsg,rHelpful,rInterest,rOverall,rOverallString,rStatus,rTextBookUse,rTimestamp,rWouldTakeAgain,sId,takenForCredit,teacher,teacherGrade,teacherRatingTags,unUsefulGrouping,usefulGrouping
Mandatory,good,good,average,0,26418302,0,,good,4,ANTH42,"I loved Professor Bailey's class. The lecture was really interesting and even as a non-science person, the topics were engaging. He clearly knows a lot about this topic and is always happy to answer questions about specifics that interest you.   His tests are really dumb though, and the class was pretty disorganized.",04/29/2016,4.0,4.0,,3,N/A,3.5,3.5,1,Yes,1461951241000,N/A,1040,Yes,,N/A,"['Amazing lectures', 'Tough grader']",people,people
Mandatory,average,good,average,0,25433663,0,,average,3,SPCH1315,He is a tough teacher when it comes to grading speeches. His quizzes aren't tough but aren't easy either. He is really funny and engaging. If you skip giving a speech then you aren't going to pass. Attendance is important.,11/17/2015,5.0,5.0,,2,Meh,2.5,2.5,3,No,1447782171000,N/A,1040,Yes,,A,"['Tough grader', 'Participation matters', ""Skip class? You won't pass.""]",people,people
Mandatory,good,average,good,1,25119690,0,,good,4,ANTH42,"I LOVE Professor Bailey, he was extremely engaging and the course material was manageable and interesting. Definitely take this course if you are looking for an interesting and not overly-simple biologynatural science credit. ",08/13/2015,3.0,3.0,,4,It's my life,4.0,4.0,1,Yes,1439508533000,Yes,1040,Yes,,N/A,"['Inspirational', 'Amazing lectures']",people,person
Mandatory,poor,good,poor,0,22203332,1,,awful,1,ANTH040,"Bailey has two prominent characteristics, both of which are seriously unappealing.  He is incredibly arrogant interpersonally.  He is late...for EVERYTHING.  He's a difficult human being.  Being smart does not offset the way he deals derisively with people.",10/22/2013,4.0,4.0,,1,Low,1.0,1.0,1,No,1382468945000,N/A,1040,N/A,,B,[],person,people
N/A,good,good,average,1,20286736,0,,good,4,ANTH0040,Great lecturer. Tests are hard and usually have a steep curve. Really interesting class and I learned a lot.,05/15/2012,5.0,5.0,,3,Low,3.5,3.5,1,No,1337096880000,N/A,1040,N/A,,N/A,[],people,person
N/A,good,good,good,0,19891879,3,,good,4,ANTH40,"Bailey is a great lecturer. He's engaging and funny, if a little disorganized. He's brilliant, and he knows it, but that doesn't make him mean or a bad person. He's restructed his tests, so they're better than in the past. It's stupid to expect an easy A. Take it seriously, pay attention, work hard and you'll do well and learn a lot.",03/08/2012,4.0,4.0,,4,It's my life,4.0,4.0,1,Yes,1331210709000,N/A,1040,N/A,,N/A,[],people,people
N/A,good,good,good,0,19373104,0,,awesome,5,ANTH126,"One of the best classes I've taken at college. He is super interesting and extremely engaging. His lectures are a good mix between topics covered in the readings, his own (extensive) experiences and his wry (and hilarious) sense of humor.",12/03/2011,5.0,5.0,,5,Sorta interested,5.0,5.0,1,Yes,1322953251000,N/A,1040,N/A,,N/A,[],people,people
N/A,average,good,average,1,19278838,0,,average,3,ANTH126,"I highly recommend taking a class with Bailey, but do it P/F. You'll learn a lot. He's very knowledgeable, enthusiastic, and funny. However, taking good notes for this class was very hard. Lectures are engaging, but slightly disorganized. Exams are graded very strictly and average ~60 (luckily he scales). Lots of reading but they're so interesting!",11/18/2011,4.0,4.0,,3,Really into it,3.0,3.0,1,No,1321655044000,N/A,1040,N/A,,N/A,[],people,person
N/A,good,good,good,0,19231406,1,,good,5,ANTH40,"All the reviews saying Bailey is a bad professor are just coming from people who wanted better grades. I didn't get the grade I wanted, but I'm not mad. Why&#63; Because Bailey is BRILLIANT. His lectures were funny and always on. Yes, it was hard to study for the tests but it's because there was A LOT of info to cover. It was not his fault you failed.",11/14/2011,4.0,4.0,,3,Sorta interested,4.0,4.0,1,Yes,1321274125000,N/A,1040,N/A,,N/A,[],person,people
N/A,poor,good,poor,1,18971952,1,,awful,1,ANTH40,"Bailey is not a nice person nor a helpful professor. He often makes students feel stupid and illegitimate. The reading is interesting, but the amount is unmanageable. His exams are impossible and you will not get the grade you want. Last semester all three TAs quit before the final exam because working with Bailey was so awful.",09/01/2011,4.0,4.0,,1,Low,1.0,1.0,1,Yes,1314882330000,N/A,1040,N/A,,N/A,[],person,person
N/A,average,good,average,1,18723699,1,,poor,2,ANTH40,"LISTEN TO THE OTHER REVIEWS. Yes, he's a great lecturer, and yes, the material is awesome, but it's not worth getting cheated out of a good grade because the man doesn't know how to write a test. And I don't just say that because I'm bitter. Even though I am.",06/12/2011,4.0,4.0,,2,Sorta interested,2.0,2.0,1,Yes,1307869603000,N/A,1040,N/A,,N/A,[],person,person
N/A,average,good,average,1,18557257,0,,poor,2,ANTH40,"I really enjoyed the course material and some of the lectures were fantastic, but the exams were very difficult and hard to prepare adequately for. It made the class very stressful and much less enjoyable than it could have been.",05/09/2011,5.0,5.0,,2,Really into it,2.0,2.0,1,Yes,1304923245000,N/A,1040,N/A,,N/A,[],people,person
N/A,average,good,average,0,18529486,0,,poor,3,ANTH40,"He is a fantastic lecturer, and the material is fascinating. But his tests are arbitrary and impossible and he doesn't seem to care about his students at all. He will never respond to your emails. All the TAs quit before the class ended because they couldn't deal with him.",05/04/2011,5.0,5.0,,1,Sorta interested,2.0,2.0,1,Yes,1304548064000,N/A,1040,N/A,,N/A,[],people,people
N/A,good,good,average,0,17977889,0,,average,4,ANTH126,"Professor Bailey is a fantastic lecturer. Class is always interesting, definitely worth going. However, he's not very welcoming during office hours and his tests can be challenging. I did well in this class but mostly used outside/previous knowledge on exams. Course load is not hard. One paper, one movie review, three tests. Readings were great.",12/17/2010,4.0,4.0,,2,It's my life,3.0,3.0,1,Yes,1292588995000,N/A,1040,N/A,,N/A,[],people,people
N/A,good,good,good,0,17601115,0,,awesome,5,ANTH126,Professor Bailey is one of the best professors at Tufts. His lectures are always interesting and I enjoy going to class to listen to his stories. His assignments are creative. He grades fairly and there is usually a scale. He genuinely cares about what his students think and he is engaging during office hours.,09/19/2010,4.0,4.0,,5,It's my life,5.0,5.0,1,Yes,1284865627000,N/A,1040,N/A,,N/A,[],people,people
N/A,good,good,average,1,16193263,0,,good,5,ANTH40,"Stephen Bailey is extremely knowledgeable about all things anthropology, nutrition, and biology. He's a good lecturer and the material is fascinating! I thought that his tests were fair - I did the reading, showed up for every class and did well. There were three exams, a final, and a short paper. Your lowest exam grade is dropped.",09/17/2009,4.0,4.0,,2,It's my life,3.5,3.5,1,Yes,1253214548000,N/A,1040,N/A,,N/A,[],people,person
N/A,good,good,average,0,15759511,0,,good,5,ANTH40,"Good: he is a very interesting lecturer, and class is actually pretty enjoyable to go to. Bad: he is extremely disorganized, typically comes to class 10-15 minutes late, and the tests are graded completely ridiculously and arbitrarily. Do not take this class for an easy science credit - it will probably hurt your GPA.",05/04/2009,4.0,4.0,,2,Sorta interested,3.5,3.5,1,Yes,1241446958000,N/A,1040,N/A,,N/A,[],people,people
N/A,average,average,average,0,15640847,1,,poor,2,ANTH20,"He is always late to class, exams are hard and usually based on lecture so you have to attend, but they're always graded on a curve. Great lecturer though, really engaging.",04/13/2009,2.0,2.0,,2,Low,2.0,2.0,1,Yes,1239581194000,N/A,1040,N/A,,N/A,[],person,people
N/A,average,good,poor,0,15458208,0,,poor,2,ANTHR40,"Professor is at least 10 minutes late every day.  Although if he is 20 minutes late you shouldn't get up and leave, he might show up 25 minutes late and start his lecture.  Never responds to emails. Is unwelcoming during office hours.  There is no structure to his lectures - study everything for exam.  Lectures are interesting.",02/11/2009,4.0,4.0,,1,Really into it,1.5,1.5,1,No,1234393913000,N/A,1040,N/A,,N/A,[],people,people
N/A,good,good,good,0,14851674,0,,good,5,ANTH150,"Amazing, dynamic lecturer.",10/05/2008,4.0,4.0,,3,Really into it,4.0,4.0,1,Yes,1223249680000,N/A,1040,N/A,,N/A,[],people,people
N/A,good,good,good,0,14232206,0,,good,5,ANTHHPHY,"One of the best lecturers I've had.  Class is always interesting, though he sometimes fails to show up and always comes late.  A tough grader but worth the work.",04/02/2008,4.0,4.0,,3,Sorta interested,4.0,4.0,1,Yes,1207148621000,N/A,1040,N/A,,N/A,[],people,people
N/A,good,good,average,0,13609845,0,,average,4,ANTH20,"yes this is a hard class, yes it was interesting, yes you ask yourself why you are a masochist for taking this as your sci credit, but the lecture is amazing and he reminds me of House, emotionless and insanly demanding, but brilliant. i loved and hated the class at the same time but i would still take it given the chance.",11/07/2007,5.0,5.0,,1,Low,2.5,2.5,1,Yes,1194397067000,N/A,1040,N/A,,N/A,[],people,people
N/A,average,average,average,0,12065057,0,,average,3,ANTHRO20,"GREAT CLASS!!! I learned SO much and became very interested in the material even though i originally wasn't. Professor Bailey is great in my opinion. Not super on top of things in terms of organization, but a GREAT lecturer. He's really more of a story teller. The first section of the course is a little dull, but once it gets rolling it's really ne",07/09/2006,3.0,3.0,,3,Low,3.0,3.0,1,N/A,1152459097000,N/A,1040,N/A,,N/A,[],people,people
Not Mandatory,average,good,average,0,10650846,0,,poor,3,ANTHRO20,Flaky.  I had to make up an exam with him and was stood up 3 times.  Had to go to the dean of students to get bailey to show up on time.,10/27/2005,4.0,4.0,,1,Really into it,2.0,2.0,1,N/A,1130419241000,N/A,1040,N/A,,C+,[],people,people
N/A,average,good,average,0,10188061,0,,poor,2,ANTHRO150EVOL,"very flaky in that he's always late, keeps class late, impossible to get ahold of, and extremely disorganized. redeems himself slightly with brilliance and enthusiasm, but only slightly. interesting class though.",08/31/2005,4.0,4.0,,2,It's my life,2.0,2.0,1,N/A,1125479179000,N/A,1040,N/A,,N/A,[],people,people
N/A,good,average,good,0,2973833,0,,awesome,5,ANTH40,"Destpite the fact that the average grade for tests is a 50, there is a HUGE CURVE in the class, so it really isn't hard to get a good grade when a 60 is a B. Bailey is an amazing teacher and if you're interested in Anthro take this course.",12/10/2004,3.0,3.0,,5,Sorta interested,5.0,5.0,1,N/A,1102676419000,N/A,1040,N/A,,N/A,[],people,people
N/A,good,average,average,0,2859607,0,,good,5,PHYSICALANTHRO,"He's hard on this class because he hates that people take it as their &quot;easy&quot; science requirement. He's very passionate about the subject and a very engaging lecturer. He's also my advisor and although he's hard to get a hold of, he's helpful about writing recommendations, etc. He is arrogant, though",11/30/2004,3.0,3.0,,2,It's my life,3.5,3.5,1,N/A,1101809186000,N/A,1040,N/A,,N/A,[],people,people
N/A,poor,good,poor,0,2746926,0,,awful,1,ANTHRO20,i have never wanted to die quite as much as i did the semester that i took physical anthro.,11/15/2004,5.0,5.0,,1,Meh,1.0,1.0,1,N/A,1100561880000,N/A,1040,N/A,,N/A,[],people,people
N/A,average,good,average,0,2492089,0,,poor,3,ANTHO20,"This class was a joke. He showed up late everday with his terminator glasses and TA posse. Exams were ridiculous. One of the questions was &quot;what is the name of the space behind a hominid tooth&quot;! C'mon, give me a break",09/23/2004,5.0,5.0,,1,Sorta interested,2.0,2.0,1,N/A,1095972382000,N/A,1040,N/A,,N/A,[],people,people
N/A,good,good,average,0,2491851,0,,good,5,ANTHRO20,"I knew to be scared when he said that avg test scores on exam are about 50. But, I took the class anyway. It was interesting but based all on theory-so basically you spend your time learning stuff that isn't even concrete science. Also, his TA's are evil.",09/23/2004,4.0,4.0,,2,It's my life,3.5,3.5,1,N/A,1095966144000,N/A,1040,N/A,,N/A,[],people,people
N/A,good,good,average,0,2425471,0,,good,5,ANTH20150,This guy is my advisor and he is THE HARDEST person to get ahold of. Totally unavailable but the quality of his lectures makes up for it.  His classes are the hardest I've taken but I keep taking them because he's such an amazing lecturer. V. challenging!,08/27/2004,5.0,5.0,,2,N/A,3.5,3.5,1,N/A,1093615684000,N/A,1040,N/A,,N/A,[],people,people
N/A,average,good,average,0,2382455,0,,average,3,ANTH20,"this was a tough class. there's a good deal of reading and in class, you have to keep writing down everything he says. the tests are VERY tricky - you must know EVERYTHING. he could ask ANYTHING. some material is quite interesting though. good but tough",08/11/2004,4.0,4.0,,3,N/A,3.0,3.0,1,N/A,1092227411000,N/A,1040,N/A,,N/A,[],people,people
N/A,poor,good,poor,0,2307303,0,,awful,1,ANTH21,No Comments,07/11/2004,5.0,5.0,,1,N/A,1.0,1.0,1,N/A,1089516005000,N/A,1040,N/A,,N/A,[],people,people
N/A,average,good,average,0,2155995,0,,poor,3,ANTHRO20,oh god  don't take this!!!!  so hard.... the tests are ridiculous   please don't take it,05/18/2004,5.0,5.0,,1,N/A,2.0,2.0,1,N/A,1084839313000,N/A,1040,N/A,,N/A,[],people,people
N/A,good,good,average,0,2140127,0,,good,4,EVOLUTION,"He's one of Tufts' most brilliant, entertaining, & engaging",05/13/2004,4.0,4.0,,3,N/A,3.5,3.5,1,N/A,1084486914000,N/A,1040,N/A,,N/A,[],people,people
N/A,average,good,average,0,2125533,0,,poor,2,ANTHRO20,"WARNING: FOR THE LOVE OF GOD, DO NOT TAKE THIS CLASS. SAVE YOURSELF WHILE YOU STILL CAN.",05/11/2004,4.0,4.0,,2,N/A,2.0,2.0,1,N/A,1084292841000,N/A,1040,N/A,,N/A,[],people,people
N/A,poor,good,poor,0,2122335,0,,awful,1,ANTH20,"he doesn't review for the final at all, we have no idea what is going to be on the exam. I am an idiot for taking this class. Don't fall into the same trap.",05/11/2004,5.0,5.0,,1,N/A,1.0,1.0,1,N/A,1084241425000,N/A,1040,N/A,,N/A,[],people,people
N/A,average,good,average,0,2121532,0,,poor,2,ANTH20,"when you take the exams, just make sure you know what he thinks is right, and not neccessarily what a lot of others would tell you is.  He has a subjective sense of what's right and wrong but is not afraid present this as objective.",05/10/2004,5.0,5.0,,2,N/A,2.0,2.0,1,N/A,1084229712000,N/A,1040,N/A,,N/A,[],people,people
N/A,poor,good,poor,0,2112952,0,,awful,1,ANTH20,"totally unfair grading and testing. for each test there are two versions, one version will be the test thats on reserve or that he gives out at the review session with the answers, the other test will be 10 times harder.",05/09/2004,5.0,5.0,,1,N/A,1.0,1.0,1,N/A,1084076546000,N/A,1040,N/A,,N/A,[],people,people
N/A,good,average,average,0,2112589,0,,good,4,ANTHRO,"He is a fascinating lecturer- I loved listening to him. However the exam system is a disaster. There is a generous curve, but I'd rather get a good grade to begin with and feel like I earned it. Also don't like the TAs at all. He needs to be more involved",05/08/2004,3.0,3.0,,3,N/A,3.5,3.5,1,N/A,1084060433000,N/A,1040,N/A,,N/A,[],people,people
N/A,poor,good,poor,0,2074890,0,,awful,1,ANTH,"His class is a disaster, not organized very well (you read 30 pages the first 2 months and then the rest of the book in the last few weeks) and grades depend not on how much you study, but on what color test you get.... do not take this class!",05/02/2004,4.0,4.0,,1,N/A,1.0,1.0,1,N/A,1083535804000,N/A,1040,N/A,,N/A,[],people,people
N/A,poor,good,poor,0,1993116,0,,awful,1,ANTH20,"no, this isnt a great way to get a science credit. Tests are unrrelated to lectures, and test knowledge of stupid facts. Lectures are numbingly boring. TAs are arrogant. Only take this class for a science credit if you are a masochist.",04/20/2004,5.0,5.0,,1,N/A,1.0,1.0,1,N/A,1082452159000,N/A,1040,N/A,,N/A,[],people,people
N/A,good,average,good,0,1896687,0,,good,4,ANTHRO20,"He is a really good lecutre, very clever and interesting.  The test can be hard or easy depeding on what version you get, but his curve is very generous. Great way to get a science credit! You will also learn a bunch of cool facts.",04/04/2004,3.0,3.0,,4,N/A,4.0,4.0,1,N/A,1081079741000,N/A,1040,N/A,,N/A,[],people,people
Mandatory,average,good,average,0,1891807,0,,average,3,PHYSANTHRO,"frustrating, he clearly knows his stuff and is a clever lecturer whose classes vary from sweet to bad, but he jumps ALL OVER THE PLACE from lecture to lecture. for such a smart guy, he has an amazingly awful ability to segue or see the big picture.",04/02/2004,4.0,4.0,,2,N/A,2.5,2.5,1,N/A,1080927685000,N/A,1040,N/A,,A,[],people,people
N/A,average,average,average,0,1888173,0,,poor,2,ANTHRO120,Not very concise in lectures and found him to be a bit preachy. I'm okay with him being late except when he then ran lecture late. This happened too many times.,04/02/2004,3.0,3.0,,2,N/A,2.0,2.0,1,N/A,1080865790000,N/A,1040,N/A,,N/A,[],people,people
N/A,good,good,good,0,1518416,0,,good,5,ANTH20,"While his lectures are very engaging, he's not going to test you on them. Make sure you pay attention to the little things he glosses over but are in the book. You'll learn a lot and his stories are definitely worth it.",12/16/2003,5.0,5.0,,3,N/A,4.0,4.0,1,N/A,1071594012000,N/A,1040,N/A,,N/A,[],people,people
N/A,good,average,good,0,1070212,0,,good,4,ANTH182,"Knowledgable and passionate about human relations. He went off on tangents with the students during lectures, but,he has a radar so the discussions help in further studies.Tests should be more relevant.Inproperly covers material taught in class. Late alot",07/30/2003,2.0,2.0,,4,N/A,4.0,4.0,1,N/A,1059599291000,N/A,1040,N/A,,N/A,[],people,people
N/A,good,good,good,0,943306,0,,awesome,5,ANTH20,"Anthro 20 with Bailey is definitely making me consider majoring in Anthro.. he is such a great lecturer, very charismatic, and very helpful. Loved him!",05/09/2003,4.0,4.0,,5,N/A,5.0,5.0,1,N/A,1052442530000,N/A,1040,N/A,,N/A,[],people,people
N/A,good,average,good,0,869958,0,,awesome,5,ANTH20150,His lectures have convinced me to become an anthropology major.  Lectures are always very interesting and interactive.,04/22/2003,3.0,3.0,,5,N/A,5.0,5.0,1,N/A,1051050124000,N/A,1040,N/A,,N/A,[],people,people
N/A,poor,average,poor,0,868953,0,,awful,1,ANTH20,No Comments,04/22/2003,3.0,3.0,,1,N/A,1.0,1.0,1,N/A,1051041808000,N/A,1040,N/A,,N/A,[],people,people
N/A,good,average,good,0,868624,0,,awesome,5,ANTH126,"Bailey is a great lecturer.  He was very passionate about the topic of the class and was very knowledgable.  He's also a human being, so he was very approachable.",04/22/2003,3.0,3.0,,5,N/A,5.0,5.0,1,N/A,1051038506000,N/A,1040,N/A,,N/A,[],people,people
N/A,average,good,average,0,868055,0,,poor,2,ANTH20,Bailey always showed up late for class.  I was told this was a good science class for non-science people but that was not the case.,04/22/2003,5.0,5.0,,2,N/A,2.0,2.0,1,N/A,1051033482000,N/A,1040,N/A,,N/A,[],people,people
N/A,good,good,good,0,866590,0,,awesome,5,ANTH150,"Such a smart, intelligent professor, and not bad to look at either.  Has been known to disappoint students by being somewhat flaky with office hours, etc, but makes up for it with his insightful lectures and knowledge for what he teaches.",04/22/2003,4.0,4.0,,5,N/A,5.0,5.0,1,N/A,1051021598000,N/A,1040,N/A,,N/A,[],people,people
N/A,good,good,good,0,865711,0,,awesome,5,ANTH20,"The BEST lecturer I have ever had.  Hard to talk to in person, but extremely intelligent.  Difficult course, however.",04/22/2003,4.0,4.0,,5,N/A,5.0,5.0,1,N/A,1051014689000,N/A,1040,N/A,,N/A,[],people,people
N/A,good,good,good,0,548660,0,,awesome,5,ANTH20,One the of the best lecturers i have ever had.,02/07/2003,4.0,4.0,,4,N/A,4.5,4.5,1,N/A,1044618821000,N/A,1040,N/A,,N/A,[],people,people
N/A,poor,good,poor,0,548530,0,,awful,1,ANTH20,"Worst teacher I ever had, Cares more about student  relations  than students.",02/07/2003,5.0,5.0,,1,N/A,1.0,1.0,1,N/A,1044615081000,N/A,1040,N/A,,N/A,[],people,people
N/A,good,average,average,0,545788,0,,good,4,ANTH20,No Comments,02/06/2003,3.0,3.0,,3,N/A,3.5,3.5,1,N/A,1044539397000,N/A,1040,N/A,,N/A,[],people,people
N/A,good,good,good,0,543693,0,,good,5,ANTH20,Very interesting lectures.  Clearly delivers lectures,02/05/2003,4.0,4.0,,3,N/A,4.0,4.0,1,N/A,1044471155000,N/A,1040,N/A,,N/A,[],people,people
