attendance,clarityColor,easyColor,helpColor,helpCount,id,notHelpCount,onlineClass,quality,rClarity,rClass,rComments,rDate,rEasy,rEasyString,rErrorMsg,rHelpful,rInterest,rOverall,rOverallString,rStatus,rTextBookUse,rTimestamp,rWouldTakeAgain,sId,takenForCredit,teacher,teacherGrade,teacherRatingTags,unUsefulGrouping,usefulGrouping
Mandatory,good,good,good,1,28373477,0,,awesome,5,COMP170,"Ben is a phenomenal professor who cares about his students and does everything in his power to help them with the material.  The topic of computation theory is hard - possibly one of the hardest in the discipline.  But Ben consistently went out of his way to get people where they needed to be.  The proofs could be hard,  but I learned a ton.",05/24/2017,4.0,4.0,,5,N/A,5.0,5.0,1,Yes,1495590713000,Yes,1040,Yes,,A,"['Caring', 'Hilarious', 'Inspirational']",people,person
Mandatory,poor,good,poor,1,28363574,3,,awful,1,COMP170,Honestly wasn't that great. He came off thinking he was all that. He provided very little online resource. Tried to make office hours mandatory which is bull. Doing the homeworks were not educational as most of the time spent on them were formatting them to be the way he liked.,05/22/2017,4.0,4.0,,1,N/A,1.0,1.0,1,No,1495479498000,No,1040,Yes,,N/A,['Lecture heavy'],people,person
Mandatory,average,average,average,1,28248080,1,,poor,2,COMP170,"I want to like Professor Hescott, I really do!  He's a kind and dedicated lecturer who seems to know what he's doing normally.  Unfortunately, he was incapable of handling the student load this semester.  Homeworks and quizzes got handed back weeks late, TA assistance was spotty and inconsistent, and the Prof. himself was late in email responses.",05/08/2017,3.0,3.0,,2,N/A,2.0,2.0,1,No,1494258468000,No,1040,Yes,,N/A,"['Clear grading criteria', 'Lecture heavy', 'Respected']",person,person
Mandatory,poor,poor,average,2,26121547,6,,poor,1,COMP170,"Computation Theory moves abysmally slow we spend half of every 75 minute lecture reviewing. When we start new material he spends way too long clarifying details that either don't need clarification or are irrelevant. Covers about 15 minutes of new material, and its so broken that you don't have the material all there in your notes. Terrible lecture",03/07/2016,1.0,1.0,,3,It's my life,2.0,2.0,1,Yes,1457386650000,N/A,1040,Yes,,N/A,[],people,people
N/A,average,average,average,0,24723949,1,,poor,2,COMP170,"Ben didn't do well for comp theory. At least three lectures were spent on clarifying  homework, which could have been resolved by having consistent definitions. The lectures are not helpful; there are not many classes you can fall asleep for 20 minutes and still keep track of what's going on - he spends half an hour drawing graphs mechanically. ",05/02/2015,2.0,2.0,,2,It's my life,2.0,2.0,1,No,1430605142000,N/A,1040,Yes,,N/A,[],person,people
N/A,average,average,average,0,22852869,0,,good,3,COMP15,"Prof. Hescott is very nice and is generally an engaging and effective lecturer, but he often gets bogged down in such detail that he is hard to follow.  Also, his examples and demonstrations are frequently more distracting than helpful.",02/19/2014,2.0,2.0,,4,Sorta interested,3.5,3.5,1,No,1392838637000,N/A,1040,N/A,,N/A,[],people,people
N/A,good,average,good,1,22834284,0,,awesome,5,COMP11,Ben Hescott is hands down the best intro CS teacher. He's an amazing person and was an incredible advisor. I wish I got to spend more time with him.,02/11/2014,3.0,3.0,,5,Sorta interested,5.0,5.0,1,Yes,1392132734000,N/A,1040,N/A,,N/A,[],people,person
N/A,good,average,good,0,22724120,0,,awesome,5,COMP15,"Ben, Ben, Ben. So enthusiastic. One of the best parts of the CompSci department. You can't beat his pop culture references. I really respect him.",01/09/2014,3.0,3.0,,5,Really into it,5.0,5.0,1,No,1389250004000,N/A,1040,N/A,,N/A,[],people,people
N/A,good,average,good,6,22712589,0,,awesome,5,COMP15,"This man is the greatest professor I have ever had, and quite possibly the greatest professor in the history of teaching, and that is a scientific fact.",01/07/2014,3.0,3.0,,5,It's my life,5.0,5.0,1,No,1389109400000,N/A,1040,N/A,,N/A,[],people,people
N/A,good,average,good,0,22707604,0,,awesome,5,COMP15,One of the best professors at Tufts.  He is very enthusiastic and his lectures are well prepared.  He's one of the reasons I'm a Comp Sci major.,01/06/2014,3.0,3.0,,5,It's my life,5.0,5.0,1,No,1389039605000,N/A,1040,N/A,,N/A,[],people,people
N/A,good,average,good,0,22238868,0,,awesome,5,COMP11,BEST PROFESSOR EVER. He is the reason I became a Comp Sci major. Great class and cares about your learning,10/31/2013,3.0,3.0,,5,Low,5.0,5.0,1,No,1383223890000,N/A,1040,N/A,,N/A,[],people,people
N/A,good,average,good,0,22009996,0,,awesome,5,COMP15,"My favorite teacher at Tufts so far. Extremely helpful, extremely enthusiastic about the class and what one can do with it, down to earth in terms of expectations yet always pushing the class to do better. His lectures and labs are also extremely engaging.",07/30/2013,3.0,3.0,,5,It's my life,5.0,5.0,1,Yes,1375201307000,N/A,1040,N/A,,N/A,[],people,people
N/A,good,average,good,0,22007021,0,,awesome,5,COMP15,Hands down one of the best AND MOST ENGAGING professors I've had at Tufts. Lectures are never boring (we even had class outside one day). Ben is always willing to meet one-on-one. Really really great professor! Take his class!,07/29/2013,2.0,2.0,,5,Really into it,5.0,5.0,1,No,1375122090000,N/A,1040,N/A,,N/A,[],people,people
N/A,good,good,good,0,21803509,0,,awesome,5,COMP15,"If you have Hescott and you feel like you are not doing well, go meet with him during office hours. He's won teaching awards. And he definitely cares about your progress. There's a reason he's famous here.",05/21/2013,4.0,4.0,,5,Sorta interested,5.0,5.0,1,No,1369142922000,N/A,1040,N/A,,N/A,[],people,people
N/A,good,average,good,0,21785503,0,,awesome,5,COMP15,"Professor Hescott is an amazing professor.  He has an incredible passion for what he does, and delivers funny and engrossing lectures.  He will take a long time explaining and re-explaining concepts - but this is good, as he makes sure everyone understands everything.  The projects are difficult, but there is a ton of help for them.",05/17/2013,2.0,2.0,,5,Really into it,5.0,5.0,1,No,1368825938000,N/A,1040,N/A,,N/A,[],people,people
N/A,good,average,good,0,21656090,0,,awesome,5,COMP15,"My favorite class I've taken so far at Tufts, further solidifying my love of Comp Sci enough to allow me to take the plunge in declaring it as my major. I've never met such a brilliant professor who also genuinely cares in the well being of his students. There's no hiding that Ben loves what he teaches, it's infectious.",05/02/2013,3.0,3.0,,5,It's my life,5.0,5.0,1,No,1367489872000,N/A,1040,N/A,,N/A,[],people,people
N/A,good,poor,good,0,21549321,0,,awesome,5,COMP15,"He's amazing at teaching, advising and appreciating dinosaurs and pop-culture references! IN THE NAME OF THE MOON!",04/17/2013,1.0,1.0,,5,Really into it,5.0,5.0,1,No,1366162398000,N/A,1040,N/A,,N/A,[],people,people
N/A,good,average,good,0,20147541,0,,awesome,5,COMP11,"No question, the best class I've taken at Tufts.",04/29/2012,3.0,3.0,,5,Meh,5.0,5.0,1,No,1335705241000,N/A,1040,N/A,,N/A,[],people,people
N/A,good,good,good,0,19559550,0,,awesome,5,COMP11,Hescott is extremely fun and intelligent but sometimes he takes making himself clear to EVERYONE so seriously that he spends forever reexplaining concepts that shouldn't take up that much time. He takes forever to answer EVERYONE'S questions and so we move through material extremely clearly and extremely slowly. Projects are tough but class was fun,12/18/2011,4.0,4.0,,5,Really into it,5.0,5.0,1,No,1324211971000,N/A,1040,N/A,,N/A,[],people,people
N/A,good,average,good,0,19050422,0,,awesome,5,COMP11,"Absolutely one of the best. I started the semester as an IR major, and now I'm considering comp sci-he's that good. (I had read the above comment about this happening to someone else and was sure it wouldn't happen to me-guess not!) Take this class. Ben is an amazing professor!",10/06/2011,3.0,3.0,,5,Meh,5.0,5.0,1,No,1317935387000,N/A,1040,N/A,,N/A,[],people,people
N/A,good,average,good,0,18510308,0,,awesome,5,COMP170,"No question, take this class with Ben if you can. Explanations are gold. Teaching style is also gold. I learned so much, and he teaches in a way that you WILL retain the material and not just forget it once class ends. Awesome.",05/02/2011,3.0,3.0,,5,It's my life,5.0,5.0,1,Yes,1304367371000,N/A,1040,N/A,,N/A,[],people,people
N/A,good,average,good,0,18379170,0,,awesome,5,COMP15,I think the person who commented below was just having a bad day. Ben is the best!!! His classes are always interesting and he is very caring about his students. He grades the test himself and scales the questions according to how the rest of the class performed. Don't take Comp11 or Comp15 from anyone else; he is worth the wait!,04/08/2011,2.0,2.0,,5,It's my life,5.0,5.0,1,No,1302277092000,N/A,1040,N/A,,N/A,[],people,people
N/A,good,average,good,0,18315774,1,,good,5,COMP15,"He does not like me. Pretty much ruined any potential to learn anything from him. Other than that, I liked his class and I thought it was well-done.",03/26/2011,3.0,3.0,,3,Sorta interested,4.0,4.0,1,Yes,1301158304000,N/A,1040,N/A,,N/A,[],person,people
N/A,good,good,good,0,18150679,0,,awesome,5,COMP11,"Wonderful professor. Teaches C++ like it was an epic tale of adventure. Cares about all his students, he grades each test on his own (over a hundred students!). Very accessible, a quick visit freshman year ended up being a summer research post. Don't hesitate to approach him",01/17/2011,4.0,4.0,,5,It's my life,5.0,5.0,1,No,1295292093000,N/A,1040,N/A,,N/A,[],people,people
N/A,good,poor,good,0,18127477,0,,awesome,5,COMP11,He is an absolutely awesome teacher. Take his classes,01/12/2011,1.0,1.0,,5,It's my life,5.0,5.0,1,No,1294843049000,N/A,1040,N/A,,N/A,[],people,people
N/A,good,average,good,0,17980061,0,,awesome,5,COMP11,Makes computer science interesting and fun for computer science people and arts & science people alike.,12/17/2010,2.0,2.0,,5,It's my life,5.0,5.0,1,No,1292600356000,N/A,1040,N/A,,N/A,[],people,people
N/A,good,good,good,0,17575978,0,,awesome,5,COMP15,"Prof. Hescott is such a passionate professor that he actually converted me from an IR major to CompSci.  He is dedicated to his field of study and his students, he cares about people on an individual level, and he makes assignments interesting and applicable to real world scenarios.  Don't take comp 11 or 15 with anyone else!",09/05/2010,4.0,4.0,,5,Really into it,5.0,5.0,1,No,1283719317000,N/A,1040,N/A,,N/A,[],people,people
N/A,good,average,good,0,17361101,0,,awesome,5,COMP15,"There's a reason why Professor Hescott is a professor that everyone likes.  Not only does he help his students to become extremely fluent in C++, but he has a great sense of humor, he's really accessible, he knows how to navigate the computer science department, and he really cares about his students!",06/23/2010,3.0,3.0,,5,It's my life,5.0,5.0,1,No,1277302651000,N/A,1040,N/A,,N/A,[],people,people
N/A,good,poor,good,0,17164548,0,,awesome,5,COMP15,"Nothing I can say that hasn't already been said.  He's a phenomenal lecturer.  If you're taking Comp 11 or 15 with him, don't bother buying the textbook - you'll never use it.",05/10/2010,1.0,1.0,,5,It's my life,5.0,5.0,1,No,1273503153000,N/A,1040,N/A,,N/A,[],people,people
N/A,good,good,good,0,17118437,0,,awesome,5,COMP15,"Ben Hescott is an amazing professor with a special talent of making a fairly abstract discipline, computer science, very understandable to almost anyone.",05/04/2010,4.0,4.0,,5,It's my life,5.0,5.0,1,No,1272985535000,N/A,1040,N/A,,N/A,[],people,people
N/A,good,average,good,0,17111139,0,,awesome,5,COMP15,Love him! Best professor and adviser ever.,05/03/2010,3.0,3.0,,5,It's my life,5.0,5.0,1,No,1272910199000,N/A,1040,N/A,,N/A,[],people,people
N/A,good,average,good,0,17013366,0,,awesome,5,COMP15,Obviously one of the best... Wait for his term to take the class.,04/17/2010,3.0,3.0,,5,It's my life,5.0,5.0,1,No,1271548418000,N/A,1040,N/A,,N/A,[],people,people
N/A,good,average,good,0,16759340,0,,awesome,5,COMP11,Great teacher in every way. Class is fun and extremely useful. I never programmed before and went through the semester without cracking open the book (didn't even own it) and still got an A. That's more an indication of how useful his lectures are than how easy the class is.,01/26/2010,2.0,2.0,,5,Really into it,5.0,5.0,1,No,1264525331000,N/A,1040,N/A,,N/A,[],people,people
N/A,good,poor,good,0,16327205,0,,awesome,5,COMP11,"The rumors are true, he really is an awesome professor.",11/06/2009,1.0,1.0,,5,It's my life,5.0,5.0,1,No,1257529391000,N/A,1040,N/A,,N/A,[],people,people
N/A,good,average,good,0,15655414,0,,awesome,5,COMP11,Awesome Professor!,04/15/2009,2.0,2.0,,5,Really into it,5.0,5.0,1,No,1239810938000,N/A,1040,N/A,,N/A,[],people,people
N/A,good,good,good,0,15655366,0,,awesome,4,COMP11,"I love Ben Hescott.  His Comp 11 is easy and fun--he explains the concepts with useful analogies, and is always willing to go out of his way to help you understand.  Comp 11 was the kind of class I never wanted to skip, even if I knew the material already.  Ben is funny, casual, and creative.  Definitely take his class!",04/15/2009,4.0,4.0,,5,Sorta interested,4.5,4.5,1,No,1239810514000,N/A,1040,N/A,,N/A,[],people,people
N/A,good,average,good,0,14749519,0,,awesome,5,CS15,Nothing else to say that hasn't already been said.  One of the best professors I've ever had - take his class!,08/17/2008,3.0,3.0,,5,Really into it,5.0,5.0,1,No,1218999266000,N/A,1040,N/A,,N/A,[],people,people
N/A,good,average,good,0,14641113,0,,awesome,5,COMP15,"This man is the greatest professor I have ever had. He knows what he is talking about, makes everything easy to understand, is extremely helpful, and is overall a funny guy. Take his a class with him, it's worth it.",07/07/2008,2.0,2.0,,5,It's my life,5.0,5.0,1,No,1215462108000,N/A,1040,N/A,,N/A,[],people,people
N/A,good,average,good,0,14378064,0,,awesome,5,COMP170,"Ben Hescott is absolutely amazing - he goes out of his way to make material interesting and help students understand concepts. He's also hilarious! Hands down the best professor I've ever had, you absolutely MUST take a class with him!",04/30/2008,3.0,3.0,,5,Really into it,5.0,5.0,1,Yes,1209589007000,N/A,1040,N/A,,N/A,[],people,people
N/A,good,average,good,0,14283278,0,,awesome,5,COMP15,"Hescott is everything a good teacher should be. He's incredibly clear, helpful, friendly, caring, and AMAZING. His Comp15 class is not the easiest thing ever, but he will help you every step of the way. If you need to take a computer science course, take  ANYTHING with him! Absolutely stellar professor, one of my favorite teachers ever.",04/13/2008,3.0,3.0,,5,Really into it,5.0,5.0,1,No,1208049947000,N/A,1040,N/A,,N/A,[],people,people
N/A,good,good,good,0,14275615,0,,awesome,5,CS15,"amazing professor. the best i have had at tufts. super friendly, jokes in class all the time, comes up with really creative ways of explaining things. always available to help outside of class. don't be intimidated if you feel a bit overwhelmed during lecture because it all becomes clear in the labs and hws. the labs and hws are pretty challenging.",04/11/2008,4.0,4.0,,5,Low,5.0,5.0,1,No,1207877937000,N/A,1040,N/A,,N/A,[],people,people
N/A,good,average,good,0,14186690,0,,awesome,5,COMP11,"An all-around great and funny prof. He's an energetic lecturer and always available for help, which is a good thing because the class is pretty fast-paced. Highly highly recommended - awesome teacher!",03/20/2008,3.0,3.0,,5,Sorta interested,5.0,5.0,1,No,1206052398000,N/A,1040,N/A,,N/A,[],people,people
N/A,good,average,good,0,13543533,0,,awesome,5,COMP11,"Professor Hescott is an excellent professor and lecturer. He's so friendly, and always very helpful. Wonderful class.",10/20/2007,3.0,3.0,,5,Really into it,5.0,5.0,1,Yes,1192904414000,N/A,1040,N/A,,N/A,[],people,people
