attendance,clarityColor,easyColor,helpColor,helpCount,id,notHelpCount,onlineClass,quality,rClarity,rClass,rComments,rDate,rEasy,rEasyString,rErrorMsg,rHelpful,rInterest,rOverall,rOverallString,rStatus,rTextBookUse,rTimestamp,rWouldTakeAgain,sId,takenForCredit,teacher,teacherGrade,teacherRatingTags,unUsefulGrouping,usefulGrouping
Mandatory,average,average,average,0,31156722,0,,average,3,EE14,Chang is clearly trying his best and he seems set in his ways. Get ready for packet upon packet of information (he is probably single-handedly killing the environment with the amount of paper he gives out). Beware of SPECIFICS. Really pay attention to homework problems and weekly quizzes and the exams should be OK. Lectures are sort of boring.,12/26/2018,3.0,3.0,,3,N/A,3.0,3.0,3,Yes,1545837119000,No,1040,Yes,,Not sure yet,[],people,people
N/A,good,average,good,1,29659239,0,,awesome,5,EE14,"Prof. Chang is super nice and caring. While he does write pretty fast, his notes are generally very organized. He gives weekly quizzes, but he's very generous with points. EE 14 is honestly not a hard class, especially if you've taken Comp40. You might be lost at first, but if you go to his office hours, you'll realize it's not that difficult.",03/16/2018,2.0,2.0,,5,N/A,5.0,5.0,1,Yes,1521162511000,Yes,1040,Yes,,N/A,"['Respected', 'Caring', 'Accessible outside class']",people,person
N/A,average,good,poor,3,24456808,3,,poor,2,EE14,"after the class you learn nothing about microprocessor architecture or anything apply-able , but some useless  and old assembly language.",03/12/2015,4.0,4.0,,1,Meh,1.5,1.5,1,Yes,1426187418000,N/A,1040,Yes,,N/A,"['Tough grader', 'Get ready to read']",people,people
N/A,average,good,poor,2,24435671,2,,poor,2,EE14,"The way it is taught is absolutely outdated. For embedded system programming, nobody uses assembly language anymore... but it is still what is taught... U learn nothing out of it except some grammar of assembly... Comp40 covers all of it and much more... don't waste time on this, take comp40",03/05/2015,4.0,4.0,,1,Meh,1.5,1.5,1,Yes,1425568337000,N/A,1040,Yes,,N/A,['Lecture heavy'],people,people
N/A,good,good,good,2,24366076,1,,good,4,E14,"His class is ok . I asked him for reference when looking for job, he agreed nicely and he gave  very bad reference. ",02/06/2015,4.0,4.0,,4,Sorta interested,4.0,4.0,1,Yes,1423261911000,N/A,1040,N/A,,N/A,[],person,people
N/A,average,good,good,1,19718447,2,,good,3,EE14,"His lectures are decent, nothing super special. Chang really cares about his students and if you ask him about helping in internship searches and for recommendations, he's more than happy to help.",01/12/2012,4.0,4.0,,5,Really into it,4.0,4.0,1,No,1326388884000,N/A,1040,N/A,,N/A,[],people,person
N/A,good,poor,good,0,18254764,2,,awesome,5,EE26,"Professor Chang is one of the few gems in the EE/CompE department.  If you are a physics or electrical engineer and have some extra credits you need to fill, ee14 and ee26 are great.",03/07/2011,1.0,1.0,,5,It's my life,5.0,5.0,3,Yes,1299461716000,N/A,1040,N/A,,N/A,[],people,people
N/A,good,good,good,0,16124606,2,,awesome,5,EE26,Prof. Chang is a god!,08/16/2009,4.0,4.0,,5,It's my life,5.0,5.0,1,Yes,1250422289000,N/A,1040,N/A,,N/A,[],people,people
N/A,good,good,good,0,14864955,2,,awesome,5,EE26,Prof. Chang is god. His notes is logical and crystal clear. Very nice person.,10/12/2008,4.0,4.0,,5,It's my life,5.0,5.0,1,Yes,1223845068000,N/A,1040,N/A,,N/A,[],people,people
N/A,good,poor,good,0,11803920,0,,awesome,4,EE26EE126,"He is a very nice and hard working professor.  Whenever you need help, you can always find him in his office and ask for help.  His class is easy to follow and always ends up learn a lot of new information.",05/02/2006,1.0,1.0,,5,It's my life,4.5,4.5,1,N/A,1146572941000,N/A,1040,N/A,,N/A,[],people,people
N/A,good,average,good,0,11803727,0,,awesome,4,EE26EE126,"Professor Chang cares about his students as much as any professor I have ever met.  He places emphasis on learning, and grades very generously. He does give a lot of material, however, especially at the end of the semester.  As mentioned previously, his accent makes him difficult to understand at first, but you'll get used to it!",05/02/2006,3.0,3.0,,5,Really into it,4.5,4.5,1,N/A,1146571316000,N/A,1040,N/A,,N/A,[],people,people
N/A,good,good,good,0,2508408,0,,awesome,4,EE,"Gives you a ton of information to learn, writes on the board very fast.  The accent takes some getting used to, but after a couple classes, you can understand. Just make a good cheat sheet for exams!",09/30/2004,5.0,5.0,,5,It's my life,4.5,4.5,1,N/A,1096556806000,N/A,1040,N/A,,N/A,[],people,people
N/A,average,average,average,0,864988,0,,average,3,EE26,No Comments,04/22/2003,3.0,3.0,,3,N/A,3.0,3.0,1,N/A,1051008543000,N/A,1040,N/A,,N/A,[],people,people
