attendance,clarityColor,easyColor,helpColor,helpCount,id,notHelpCount,onlineClass,quality,rClarity,rClass,rComments,rDate,rEasy,rEasyString,rErrorMsg,rHelpful,rInterest,rOverall,rOverallString,rStatus,rTextBookUse,rTimestamp,rWouldTakeAgain,sId,takenForCredit,teacher,teacherGrade,teacherRatingTags,unUsefulGrouping,usefulGrouping
Not Mandatory,good,good,good,0,32181501,0,,awesome,5,ED001,"Truly an incredible professor. He is extremely passionate about the topic and is welcoming to students who want to come to office hours. He will not hand out As easily, but I felt very fulfilled from his class.",08/19/2019,4.0,4.0,,5,N/A,5.0,5.0,1,No,1566176290000,Yes,1040,Yes,,B+,"['Respected', 'Get ready to read', 'Gives good feedback']",people,people
N/A,good,average,good,0,31491758,0,,awesome,5,ED1,I am convinced Steve Cohen is the most amazing professor at Tufts. He is so insanely smart and kind and connects with each student.,03/28/2019,2.0,2.0,,5,N/A,5.0,5.0,1,Yes,1553743689000,Yes,1040,Yes,,N/A,[],people,people
Not Mandatory,good,average,good,0,29827506,0,,awesome,5,ED1,"Steve Cohen is the best prof I've ever had. He is so funny and kind. He cares about his students very deeply and writes almost a whole page of feedback for every assignment, even one page reading responses. Lots of reading but its well worth it. He knows sooo much about literally everything and is such an engaging lecturer. 100% would recommend",04/17/2018,3.0,3.0,,5,N/A,5.0,5.0,1,No,1524005095000,Yes,1040,Yes,,N/A,"['Hilarious', 'Get ready to read', 'Gives good feedback']",people,people
Mandatory,good,average,good,0,27331289,0,,awesome,5,ED11,"Cohen is such an amazing professor! He's very open to new ideas and loves it when you incorporate your own personal experiences and personality into the class. Waking up at 6:00AM isn't ideal, but it's worth it (have to go to Charlestown HS one of the mornings). Worth it because you get to talk to and get to know your peers more.",12/05/2016,2.0,2.0,,5,N/A,5.0,5.0,1,No,1480903000000,Yes,1040,Yes,,A,"['Respected', 'Caring', 'Inspirational']",people,people
N/A,good,average,good,0,23784193,0,,awesome,5,ED11,"Steve is the best professor I've had the privilege of getting to know at Tufts. He is brilliant, hilarious, warm, encouraging, patient, approachable and humble. Gets to know u. V personalized feedback, feels like REAL learning.  40 years of exp, totally knows how to teach - pushing you to ask even more hard questions. It's a joy to be his student.",11/10/2014,2.0,2.0,,5,It's my life,5.0,5.0,1,Yes,1415663444000,N/A,1040,Yes,,N/A,"['Caring', 'Hilarious', 'Inspirational']",people,people
N/A,good,average,good,0,16804534,0,,awesome,5,ED1,Top 3 lecturers Tufts. You cannot leave without having taking his ED01 class.,02/14/2010,2.0,2.0,,5,Really into it,5.0,5.0,1,No,1266185434000,N/A,1040,N/A,,N/A,[],people,people
N/A,good,average,good,0,15987654,0,,good,4,ED1,Steve is down to earth and his lectures are more like casual conversations. Assignments are challenging but eye opening. Most of the reading is good. I highly recommend this class.,06/23/2009,3.0,3.0,,4,Really into it,4.0,4.0,1,Yes,1245794042000,N/A,1040,N/A,,N/A,[],people,people
N/A,good,average,good,0,12986962,0,,awesome,4,ED01,You can't leave Tufts without taking his Ed-1 class. His class discussions are incredible and he is a great lecturer. Very creative and always willing to help. Most of the work is easy except for the midterm paper. The final project is fun and go into the class open minded. You will learn so much from him and the material!,04/09/2007,2.0,2.0,,5,Really into it,4.5,4.5,1,No,1176121861000,N/A,1040,N/A,,N/A,[],people,people
N/A,good,average,good,0,12320756,0,,awesome,5,ED1,absolutely wonderful professor. he cares about students and makes an effort to get to know everybody. course is extremely relevant and interesting. classes are very discussion based. awesome and challenging final project. take any class he teaches.,10/26/2006,3.0,3.0,,5,Really into it,5.0,5.0,1,Yes,1161874595000,N/A,1040,N/A,,N/A,[],people,people
N/A,good,average,good,0,10595456,0,,awesome,5,ED1,"great guy, really helpful",10/16/2005,3.0,3.0,,5,Really into it,5.0,5.0,1,N/A,1129501673000,N/A,1040,N/A,,N/A,[],people,people
Mandatory,good,average,good,0,10731848,1,,awesome,5,EDUCATION,No Comments,10/02/2005,3.0,3.0,,5,It's my life,5.0,5.0,1,N/A,1128277177000,N/A,1040,N/A,,N/A,[],person,people
N/A,good,average,good,0,10474964,0,,awesome,5,ED1,"Great class!  Steve Cohen is a great prof as well.  You'll learn more than you knew there was to learn.  Highly recommended as an elective, even if you have no interest going into education.",09/09/2005,3.0,3.0,,4,Really into it,4.5,4.5,1,N/A,1126271563000,N/A,1040,N/A,,N/A,[],people,people
N/A,good,average,good,0,4042412,0,,awesome,5,HST2,The best teacher I have ever had in my life.  Incredible lecturer.  Caring individual.,06/28/2005,3.0,3.0,,5,It's my life,5.0,5.0,1,N/A,1119994816000,N/A,1040,N/A,,N/A,[],people,people
N/A,poor,poor,poor,1,2844683,3,,awful,1,ED,UGH!,11/27/2004,1.0,1.0,,1,Sorta interested,1.0,1.0,1,N/A,1101599540000,N/A,1040,N/A,,N/A,[],people,person
N/A,good,average,good,0,2388110,0,,awesome,5,ED101,"AMAZING class!  It's not just about education, but human nature, society and eerythign in between.  You will want to go to every class- they are so exciting and interesting.  he really pushes you to think on your own!",08/13/2004,2.0,2.0,,5,N/A,5.0,5.0,1,N/A,1092413564000,N/A,1040,N/A,,N/A,[],people,people
N/A,good,average,good,0,1928638,0,,awesome,5,ED001,"Great guy, really funny, great course!",04/09/2004,2.0,2.0,,5,N/A,5.0,5.0,1,N/A,1081510590000,N/A,1040,N/A,,N/A,[],people,people
N/A,good,average,good,1,1888201,0,,awesome,5,EDUC,There should be a bouncer and a 2-drink-minimum at Steve's lectures.,04/02/2004,3.0,3.0,,5,N/A,5.0,5.0,1,N/A,1080866279000,N/A,1040,N/A,,N/A,[],people,person
N/A,good,average,good,1,1501849,0,,awesome,5,ED99,best teacher i've ever had in my whole life    you can't graduate without taking a class with him    he's so caring and passionate about education   definitely the greatest teacher,12/13/2003,2.0,2.0,,5,N/A,5.0,5.0,1,N/A,1071356962000,N/A,1040,N/A,,N/A,[],people,person
N/A,good,average,good,0,1199821,0,,awesome,5,EDU,Best history teacher you will ever have.  Learned more in a workshop weekend than ever had in HS!,10/18/2003,3.0,3.0,,5,N/A,5.0,5.0,1,N/A,1066488313000,N/A,1040,N/A,,N/A,[],people,people
N/A,good,average,good,0,1079796,0,,awesome,4,EDUCATION,"Great teacher, great person, great class.",08/07/2003,3.0,3.0,,5,N/A,4.5,4.5,1,N/A,1060251735000,N/A,1040,N/A,,N/A,[],people,people
N/A,good,average,good,0,875870,0,,awesome,4,ED01,So enthusiastic about course!  Really interesting final group project to creat your idea high school.  I actually looked forward to doing the reading because they were so interesting.,04/23/2003,2.0,2.0,,5,N/A,4.5,4.5,1,N/A,1051131722000,N/A,1040,N/A,,N/A,[],people,people
N/A,good,average,good,0,865818,0,,awesome,5,ED0001,No Comments,04/22/2003,2.0,2.0,,5,N/A,5.0,5.0,1,N/A,1051015552000,N/A,1040,N/A,,N/A,[],people,people
N/A,poor,average,poor,0,865566,0,,poor,1,ED1,lame,04/22/2003,3.0,3.0,,2,N/A,1.5,1.5,3,N/A,1051013597000,N/A,1040,N/A,,N/A,[],people,people
N/A,good,average,good,0,865565,0,,awesome,5,ED001,"Great class, Prof. Cohen is awesome!",04/22/2003,3.0,3.0,,5,N/A,5.0,5.0,1,N/A,1051013594000,N/A,1040,N/A,,N/A,[],people,people
N/A,good,good,good,0,762812,0,,awesome,5,CIS150,by far one of the best professors i've had at tufts. funny and easygoing and brilliant all at once. you have to see his teaching style to believe it. you will remember any course you take with this man.,03/30/2003,4.0,4.0,,5,N/A,5.0,5.0,1,N/A,1049024381000,N/A,1040,N/A,,N/A,[],people,people
N/A,good,average,good,0,606614,0,,awesome,5,ED001,No Comments,02/20/2003,2.0,2.0,,5,N/A,5.0,5.0,1,N/A,1045776167000,N/A,1040,N/A,,N/A,[],people,people
N/A,good,average,good,0,553141,0,,awesome,5,ED0001,"Great professor, with engaging techniques...I'm enjoying the course!",02/09/2003,2.0,2.0,,5,N/A,5.0,5.0,1,N/A,1044832375000,N/A,1040,N/A,,N/A,[],people,people
N/A,good,poor,good,0,549626,0,,awesome,5,ED0001,"Wonderful professor, engaging and friendly, humorous and intelligent",02/07/2003,1.0,1.0,,5,N/A,5.0,5.0,1,N/A,1044642972000,N/A,1040,N/A,,N/A,[],people,people
N/A,good,average,good,0,544228,0,,awesome,5,001,No Comments,02/05/2003,2.0,2.0,,5,N/A,5.0,5.0,1,N/A,1044480851000,N/A,1040,N/A,,N/A,[],people,people
N/A,good,poor,good,0,542380,0,,awesome,5,ED1,No Comments,02/05/2003,1.0,1.0,,5,N/A,5.0,5.0,1,N/A,1044441817000,N/A,1040,N/A,,N/A,[],people,people
