attendance,clarityColor,easyColor,helpColor,helpCount,id,notHelpCount,onlineClass,quality,rClarity,rClass,rComments,rDate,rEasy,rEasyString,rErrorMsg,rHelpful,rInterest,rOverall,rOverallString,rStatus,rTextBookUse,rTimestamp,rWouldTakeAgain,sId,takenForCredit,teacher,teacherGrade,teacherRatingTags,unUsefulGrouping,usefulGrouping
Not Mandatory,average,good,average,1,29162961,0,,average,3,COMP15,Partha means well &amp; will definitely help you with assignments (including over the phone or via google doc). But his lectures aren't very clear &amp; he tends to focus on minutia rather than fundamentals. He assumes and teaches math concepts which are not taught until discrete math or algorithms (and which aren't really necessary for COMP15).,12/12/2017,4.0,4.0,,3,N/A,3.0,3.0,1,Yes,1513111941000,No,1040,Yes,,A-,"['Lecture heavy', 'Lots of homework']",people,person
Not Mandatory,good,good,good,2,27878632,2,,awesome,5,COMP15,"First programming  course is to take data structure  with professor Partha, the lecture is well organized, the lab and homework assignment is very helpful ,  apply notes into programming and gain experience.   The professor is also very nice with good patience.",03/04/2017,4.0,4.0,,5,N/A,5.0,5.0,1,Yes,1488667435000,Yes,1040,Yes,,A,"['EXTRA CREDIT', 'Amazing lectures', 'Gives good feedback']",people,people
Mandatory,good,average,good,0,27873665,1,,awesome,5,COMP15,Professor Biswas is amazing. I have really enjoyed his Data structure class. It has been organized very well and efficiently. He used many practical examples and assignments to make the course connected to the real world. He also gave good feedbacks on homework and labs. He is easy to approach and very helpful and patient with our questions.,03/02/2017,3.0,3.0,,5,N/A,5.0,5.0,1,No,1488488227000,Yes,1040,Yes,,N/A,"['Gives good feedback', 'Inspirational', 'Amazing lectures']",person,people
Mandatory,good,average,good,1,27868080,1,,good,4,COMP15,"Partha was a good lecturer and managed to fit a lot of content into an abbreviated summer course. He closely followed the content of the textbook, which was helpful, and the grading criteria was clearly explained in the assignments. He seemed to be flexible with people that had extenuating circumstances come up. Helpful in lab and w/ HW (online).",03/01/2017,3.0,3.0,,4,N/A,4.0,4.0,1,Yes,1488374981000,Yes,1040,Yes,,A-,"['Hilarious', 'Lecture heavy', ""Skip class? You won't pass.""]",person,person
N/A,good,average,good,2,27864540,1,,awesome,5,COMP15,"Taking data structure with Prof. Biswas is an great experience. He is devoted to the class and gives fair grades. For each assignment, he will give extra challenges and you can earn bonus  by completing them. Moreover he is a professor from industry. Therefore his lectures and exams are very practical, which is good for job interviews.",02/28/2017,3.0,3.0,,5,N/A,5.0,5.0,1,Yes,1488294048000,Yes,1040,Yes,,A+,"['Gives good feedback', 'Clear grading criteria', 'Caring']",person,people
Not Mandatory,good,average,good,1,27864484,1,,awesome,5,COMP0015,"I learned a lot from the class. The projects are hard, but very practical and helpful. Prof. Biswas is also very helpful.",02/28/2017,3.0,3.0,,5,N/A,5.0,5.0,3,No,1488293278000,Yes,1040,Yes,,A+,"['Accessible outside class', 'Lecture heavy']",person,person
Not Mandatory,good,average,good,2,27863840,2,,awesome,5,COMP15,"Prof. Biswas is a very good lecturer. And his slides for data structure is very useful in job hunting. I always review his slides when I need to prepare the interview. The concept he introduced including lot of things are used in real world, like smart pointer.. I really recommend to take the comp15 with Prof. Biswas.",02/28/2017,3.0,3.0,,5,N/A,5.0,5.0,3,No,1488283940000,Yes,1040,Yes,,A+,"['Respected', 'Amazing lectures', 'Accessible outside class']",people,people
