attendance,clarityColor,easyColor,helpColor,helpCount,id,notHelpCount,onlineClass,quality,rClarity,rClass,rComments,rDate,rEasy,rEasyString,rErrorMsg,rHelpful,rInterest,rOverall,rOverallString,rStatus,rTextBookUse,rTimestamp,rWouldTakeAgain,sId,takenForCredit,teacher,teacherGrade,teacherRatingTags,unUsefulGrouping,usefulGrouping
N/A,poor,good,poor,0,16001025,0,,awful,1,PHYS101,"Worst Professor at Tufts. He is unclear, frequently makes mistakes during class, and shows absolutely no interest in the success of his students. He has no business teaching at institution like Tufts.",06/29/2009,4.0,4.0,,1,Meh,1.0,1.0,1,No,1246277172000,N/A,1040,N/A,,N/A,[],people,people
N/A,good,average,good,0,15399158,0,,good,4,PHY2,"Prof Guertin gets a really bad rap.  For students who are motivated and work hard, he shows a great deal of concern regarding their progress, and is genuinely happy when his students do well. His problem sets are indicative of his exam problems and you will do well if you make the effort.",01/21/2009,3.0,3.0,,4,Low,4.0,4.0,1,Yes,1232551968000,N/A,1040,N/A,,N/A,[],people,people
N/A,poor,good,poor,0,15266170,0,,awful,1,PHYS1,"Worst instructor that I had while at Tufts. Lectures are incomprehensible and he is often confused, unprepared or distracted. He spends way more time adding noises and flying shapes to his PowerPoint presentations than he does teaching. Take Physics 11 instead.",12/22/2008,5.0,5.0,,1,Really into it,1.0,1.0,1,Yes,1229978917000,N/A,1040,N/A,,N/A,[],people,people
N/A,poor,average,poor,0,12479244,0,,awful,1,PHYS001,"He is a horrible professor.  He has no idea how to teach physics, he doesnt not really know the subject himself.  He makes mistakes on tests and is too stubborn to look at them when you submit them for regrade.  He doesn't like to help students.  Many people take physics 11, despite the fact that it's harder, just cause Tobin is better than Guertin",11/28/2006,3.0,3.0,,1,Meh,1.0,1.0,1,Yes,1164710703000,N/A,1040,N/A,,N/A,[],people,people
N/A,good,good,good,0,11652223,0,,good,4,PHYSICSI,Professor was very caring and funny. Class was interesting and tests were hard but fair.,04/03/2006,4.0,4.0,,4,Really into it,4.0,4.0,1,N/A,1144100770000,N/A,1040,N/A,,N/A,[],people,people
N/A,average,good,average,0,11329281,0,,poor,2,PHY1,he doesn't really even teach anything.  class is useless for the most part.,01/09/2006,4.0,4.0,,2,Sorta interested,2.0,2.0,1,N/A,1136814108000,N/A,1040,N/A,,N/A,[],people,people
N/A,average,average,poor,0,2749252,0,,poor,2,PHYS1,Booooooooooooooring,11/16/2004,3.0,3.0,,1,Sorta interested,1.5,1.5,1,N/A,1100598603000,N/A,1040,N/A,,N/A,[],people,people
N/A,average,good,average,0,1288416,0,,average,2,PHYSICS1,He is a bit impatient with students and doesn't make concepts clear.  He also give VERY little time on tests.,11/09/2003,4.0,4.0,,3,N/A,2.5,2.5,1,N/A,1068386603000,N/A,1040,N/A,,N/A,[],people,people
N/A,average,average,poor,0,1166305,0,,poor,2,PHYS1,not very helpful at all,10/02/2003,3.0,3.0,,1,N/A,1.5,1.5,1,N/A,1065131216000,N/A,1040,N/A,,N/A,[],people,people
N/A,poor,good,poor,0,874071,0,,poor,1,PHYS32,No Comments,04/23/2003,4.0,4.0,,2,N/A,1.5,1.5,1,N/A,1051115745000,N/A,1040,N/A,,N/A,[],people,people
N/A,poor,good,poor,0,549000,0,,awful,1,PHYS1,No Comments,02/07/2003,5.0,5.0,,1,N/A,1.0,1.0,1,N/A,1044625280000,N/A,1040,N/A,,N/A,[],people,people
