attendance,clarityColor,easyColor,helpColor,helpCount,id,notHelpCount,onlineClass,quality,rClarity,rClass,rComments,rDate,rEasy,rEasyString,rErrorMsg,rHelpful,rInterest,rOverall,rOverallString,rStatus,rTextBookUse,rTimestamp,rWouldTakeAgain,sId,takenForCredit,teacher,teacherGrade,teacherRatingTags,unUsefulGrouping,usefulGrouping
Mandatory,good,good,good,0,26950923,0,,good,4,PSY106,"Tests were extremely hard and your whole grade is based on the midterm, final, and optional 10 page extra credit paper. You need to pay attention in class to do well. There is a crazy amount of reading (about 200 pages per week) but you'll come out at the end of it with a deep knowledge of psychotherapy. A challenge, but I'm glad I made it.",09/02/2016,4.0,4.0,,4,N/A,4.0,4.0,1,Yes,1472810020000,Yes,1040,Yes,,B+,"[""Skip class? You won't pass."", 'Get ready to read', 'Graded by few things']",people,people
N/A,good,average,good,0,21290927,1,,awesome,5,PSY12A,Awesome overall and good looking in an unconventional way.,01/24/2013,3.0,3.0,,4,Really into it,4.5,4.5,1,Yes,1358989083000,N/A,1040,N/A,,N/A,[],person,people
N/A,average,average,average,0,19757566,0,,average,3,PSY12,"Prof. Harder is soo boring. He obviously knows a lot about psych though, which I respect. I didn't put enough effort into this class, but if I had I would have enjoyed it a lot more. Definitely bring caffeine to class.",01/22/2012,3.0,3.0,,3,It's my life,3.0,3.0,1,No,1327240767000,N/A,1040,N/A,,N/A,[],people,people
N/A,poor,good,poor,0,18207268,0,,awful,1,PSY0012,INCREDIBLY boring and monotone. Goes on tangents and contradicts himself. The material is incredibly interesting yet miraculously he manages to make it incredibly dull and basically takes all the life of the subject. Avoid if at all possible.,02/03/2011,4.0,4.0,,1,Meh,1.0,1.0,1,No,1296737101000,N/A,1040,N/A,,N/A,[],people,people
N/A,average,good,average,0,16884900,0,,good,3,PSY106,"His tests are hard because his teaching style belies his testing style: his seminar is very conversational, and he does occasionally mumble important points, but if you take good notes you will do well. Big grading curve. He is also reasonable if you have questions about your test- if you have a good argument he may give you back a point or two.",03/18/2010,4.0,4.0,,4,It's my life,3.5,3.5,1,No,1268927003000,N/A,1040,N/A,,N/A,[],people,people
N/A,average,good,average,0,15554623,0,,average,3,PSY0012,"I was so excited to take this class, but he is a terrible professor. He lectures over material that is often not related to the readings. His tests are extremely difficult, but he does grade on a curve. He knows a lot about the topic, but his lecture nearly put me to sleep every day. Avoid him if you can.",03/22/2009,4.0,4.0,,2,Really into it,2.5,2.5,1,Yes,1237724323000,N/A,1040,N/A,,N/A,[],people,people
N/A,average,good,average,0,4060575,0,,poor,2,PSY12,"sounded like such an interesting class, but he bored me to death [unless he went on a tangent, and in that case wasn't very much help for exams], and his exams were multiple choice and quite vague [especially since lecture did not clear this up].",07/05/2005,4.0,4.0,,2,It's my life,2.0,2.0,1,N/A,1120596282000,N/A,1040,N/A,,N/A,[],people,people
N/A,good,good,good,1,3520544,0,,awesome,5,PSY106,"Harder's voice is monotone and he doesn't make an effort to bring the class in or motivate interest.  I like him because he does a great job of answering questions; but I am facinated  by psych, so it is not hard for me to pay attention.  If you are not interested in psych, don't take this class.",03/29/2005,5.0,5.0,,5,It's my life,5.0,5.0,1,N/A,1112115432000,N/A,1040,N/A,,N/A,[],people,person
N/A,good,good,good,1,3239989,0,,awesome,5,PSY12,"I found this class to be interesting, probably because I was interested in the material. He is a bit dry, but I still enjoyed the class and learned a lot. His tests are pretty hard, but he grades with a huge curve. You have to take excellent notes and study hard to do well.",01/18/2005,4.0,4.0,,4,It's my life,4.5,4.5,1,N/A,1106063728000,N/A,1040,N/A,,N/A,[],people,person
N/A,average,good,average,0,943286,0,,poor,2,PSY12,"Omg, sooo boring! I could hardly stand to go to the lectures! Luckily the Daily crossword kept me awake.. ;)",05/09/2003,4.0,4.0,,2,N/A,2.0,2.0,1,N/A,1052442166000,N/A,1040,N/A,,N/A,[],people,people
N/A,average,good,average,0,903469,1,,poor,2,PSY12,....snore....,04/29/2003,4.0,4.0,,2,N/A,2.0,2.0,1,N/A,1051651238000,N/A,1040,N/A,,N/A,[],person,people
N/A,poor,average,poor,1,869026,0,,awful,1,PSY12,"So incredibly boring it is frightening. Studying abnormal psych under his guise made me wish for narcolepsy as the only way to bear his class is to sleep through it. Terrible knowledge of the material too. Still, he seems like a nice chap. Shame really.",04/22/2003,3.0,3.0,,1,N/A,1.0,1.0,1,N/A,1051042471000,N/A,1040,N/A,,N/A,[],people,person
N/A,good,good,good,0,865430,0,,awesome,5,PSY129,"This was a really difficult class, but I learned a LOT and really enjoyed it.  I highly recommend going to the graduate meetings as well as regular class, because it will give you more background.",04/22/2003,4.0,4.0,,4,N/A,4.5,4.5,1,N/A,1051012454000,N/A,1040,N/A,,N/A,[],people,people
N/A,good,average,average,0,750792,0,,average,4,PSY12,"Boring lectures, clings to stale ideas, long tests",03/27/2003,3.0,3.0,,2,N/A,3.0,3.0,1,N/A,1048732315000,N/A,1040,N/A,,N/A,[],people,people
N/A,average,good,average,0,621317,0,,poor,2,PSY12,goes off on tangents; hard tests,02/23/2003,4.0,4.0,,2,N/A,2.0,2.0,1,N/A,1046044449000,N/A,1040,N/A,,N/A,[],people,people
