attendance,clarityColor,easyColor,helpColor,helpCount,id,notHelpCount,onlineClass,quality,rClarity,rClass,rComments,rDate,rEasy,rEasyString,rErrorMsg,rHelpful,rInterest,rOverall,rOverallString,rStatus,rTextBookUse,rTimestamp,rWouldTakeAgain,sId,takenForCredit,teacher,teacherGrade,teacherRatingTags,unUsefulGrouping,usefulGrouping
Mandatory,average,average,average,0,31819612,0,,average,3,REL21,"Extremely easy to pass. She's so nice she gives B's to people who deserve F's, but she'll be really sad if you don't try (will cry at home, and tell you about it). Extremely knowledgeable, but doesn't come through very well: she's so quiet you almost can't hear a word of her lectures. Forget the syllabus: we didn't even get 20% of the way through.",05/09/2019,2.0,2.0,,3,N/A,3.0,3.0,1,Yes,1557368711000,No,1040,Yes,,A,"['Get ready to read', 'Caring']",people,people
Not Mandatory,good,average,good,0,31511033,0,,awesome,5,REL104,"She is incredibly knowledgeable and passionate about the content, as well as accommodating for students of different viewpoints. She doesn't give out a syllabus for the entire semester for fem theo, but instead chooses the next readings based on what we've talked about the previous class.",04/01/2019,3.0,3.0,,5,N/A,5.0,5.0,1,No,1554149633000,Yes,1040,Yes,,N/A,"['Caring', 'Get ready to read', 'Accessible outside class']",people,people
N/A,good,average,good,0,27750008,0,,awesome,5,REL021,Peggy is a wonderful professor with a unique teaching style. She lectures based off of student questions -- so come to class prepared. If you are looking for a lot of writing feedback you won't get it (we didn't even receive grades on our midterms). Intro to old testament taught me a lot and I look forward to taking more classes with Peggy.,01/18/2017,2.0,2.0,,5,N/A,5.0,5.0,1,Yes,1484757942000,Yes,1040,Yes,,A,"['Participation matters', 'Get ready to read', 'Graded by few things']",people,people
N/A,average,good,good,0,23219903,0,,good,3,REL104,"While feminist theologies is probably the best class I have ever taken, the final essays are ridiculous. She assigned 3 separate 7-10 page essays (1.5 space) in the middle of finals week (well after the last class). The essays weren't due until the 13th of May after the dorms close. Other than that it is a great class.",05/11/2014,4.0,4.0,,5,Really into it,4.0,4.0,1,No,1399818430000,N/A,1040,N/A,,N/A,[],people,people
Mandatory,good,good,good,1,22457878,0,,awesome,5,REL104,Take this class. Peggy has provided me with the strongest and most inclusive learning environment I've ever had the privilege to experience. She is incredibly thoughtful and intelligent. Fem Theo is not your ordinary class. It has been foundational in my academic work and has informed my worldview in so many unexpected yet delightful ways.,12/06/2013,4.0,4.0,,5,It's my life,5.0,5.0,1,Yes,1386359289000,N/A,1040,N/A,,A-,[],people,person
N/A,average,average,average,0,22201800,0,,average,3,FEMINISTTHEO,"Very closed-minded to other opinions, very unwilling to discuss topics other than Judaism and Christianity (mainly Catholicism), and overall I only gained annoyance from this course",10/22/2013,2.0,2.0,,2,It's my life,2.5,2.5,1,Yes,1382450318000,N/A,1040,N/A,,N/A,[],people,people
N/A,good,average,good,0,21973242,0,,awesome,4,REL104,"Peggy is a wonderful instructor. Not only is she extremely enthusiastic about feminism in theology, she is willing to personally engage you in the subject. Naturally, controversy will be generated, so be ready. I did not consider myself a feminist before & now I have a new appreciation for these ideas. Not afraid to now say I believe in equality!",07/16/2013,2.0,2.0,,5,Low,4.5,4.5,1,Yes,1373992767000,N/A,1040,N/A,,N/A,[],people,people
N/A,good,average,good,0,21827552,0,,awesome,4,REL22,"Peggy is a stellar professor, and the most wonderful advisor & person. Miss out on one of her classes at Tufts, and you've missed out on a lot! Her grading method is a little different but she is always honest and fair. I would definitely say she is my favorite professor at Tufts; I'd specifically recommend REL 22 - Intro to New Testament.",05/25/2013,3.0,3.0,,5,It's my life,4.5,4.5,1,Yes,1369518532000,N/A,1040,N/A,,N/A,[],people,people
N/A,good,average,good,0,17606273,0,,good,4,REL021,"I really like Peggy - she is one of the best professors/lecturers at Tufts. However, if you are even a bit open minded, you will be frustrated by the number of close-minded, **** and conservative students in this class. They will stubbornly argue with you and personally attack you if you even suggest a feminist interpretation of anything.",09/21/2010,3.0,3.0,,4,Really into it,4.0,4.0,1,Yes,1285108707000,N/A,1040,N/A,,N/A,[],people,people
N/A,good,average,good,0,17606267,0,,awesome,5,REL104,Feminist Theologies changed my life and my academic and career trajectory. It is the most amazing class I have taken at Tufts.,09/21/2010,3.0,3.0,,5,Really into it,5.0,5.0,1,No,1285108557000,N/A,1040,N/A,,N/A,[],people,people
N/A,average,average,average,0,17311463,0,,good,3,REL104,"If you are at all considering this class, TAKE IT. You won't regret it.",06/07/2010,2.0,2.0,,4,Low,3.5,3.5,1,Yes,1275928895000,N/A,1040,N/A,,N/A,[],people,people
N/A,good,average,good,0,16336912,0,,awesome,5,INTRHBIB,"Peggy is a Great teacher! Intro to Hebrew bible was my favorite class.  It opened my eyes to new things and every class was fun to go to.  At times her feminist theology students and her get in the way of the discussions but usually the discussion based classes are great! LOTS of reading, but it's interesting.",11/09/2009,2.0,2.0,,5,Low,5.0,5.0,1,Yes,1257781289000,N/A,1040,N/A,,N/A,[],people,people
N/A,good,poor,good,1,15776174,1,,awesome,5,REL21,She's the BOMB,05/06/2009,1.0,1.0,,5,It's my life,5.0,5.0,1,Yes,1241610424000,N/A,1040,N/A,,N/A,[],person,person
N/A,good,average,good,0,14444324,0,,awesome,4,FEMINTHEO,I wish I knew how to sum up how amazing Peggy is.  She gives tons of reading but understands when you get behind. The final is very long but there isn't a lot of other mandatory work. This class will open your mind and make you think in ways you never thought possible. TAKE THIS CLASS IF YOU DO NOTHING ELSE WITH YOUR LIFE. the end.,05/10/2008,3.0,3.0,,5,It's my life,4.5,4.5,1,No,1210444353000,N/A,1040,N/A,,N/A,[],people,people
N/A,good,average,good,0,11966500,0,,awesome,5,CR22NT,"Professor Hutaff is wonderful.  She is passionate and knowledgable about the material.  She is an expert at, rather than lecturing on the &quot;right&quot; way to interpret things, asking thought-provoking questions and encouraging students to keep an open mind.  There is a good deal of reading, but she is not a strict grader.  Very sweet and understanding!",06/01/2006,2.0,2.0,,5,Really into it,5.0,5.0,1,N/A,1149199481000,N/A,1040,N/A,,N/A,[],people,people
N/A,good,average,good,0,11395952,0,,awesome,4,HEBREWBIBLE,"Great class and professor. She is the best for this topic. She is not a tough grader. It is possible for all to get an A. Lots of reading. Be ready to write a lot on exams (midterm and final). Otherwise, she had us write only one short paper, and two or three short quizzes which are not graded.",01/20/2006,3.0,3.0,,5,It's my life,4.5,4.5,1,N/A,1137770459000,N/A,1040,N/A,,N/A,[],people,people
N/A,good,average,good,0,3814598,0,,awesome,4,FEMINISTTHEOLO,"She's so unbelievably sweet. She brings cookies to class every day and baked a cheesecake for our class on the final day. She assigns A LOT of reading, so be prepared for that. There aren't a lot of grades either, our only grade was our final paper.",05/08/2005,2.0,2.0,,5,Sorta interested,4.5,4.5,1,N/A,1115588085000,N/A,1040,N/A,,N/A,[],people,people
N/A,good,average,good,0,3805814,0,,awesome,5,CR22,"Professor Hutaff is amazing!  I have personally heard more than one student tell her that she is their favorite teacher ever, and is certainly was mine.  I found New Testament to be a great introductory class with interesting material. =) P.S. Not for the religiously closed minded.",05/06/2005,3.0,3.0,,5,Really into it,5.0,5.0,1,N/A,1115419058000,N/A,1040,N/A,,N/A,[],people,people
N/A,average,average,good,0,888943,0,,good,3,CR22,"super nice teacher, but i was frustrated by her lack of organization. she focused less on theology and more on the historical situtation of the bible.",04/26/2003,2.0,2.0,,5,N/A,4.0,4.0,1,N/A,1051352863000,N/A,1040,N/A,,N/A,[],people,people
N/A,good,average,good,0,868295,0,,awesome,4,CR22,"The nicest person you'll ever meet -- brings in cookies to class, flexible about late assignments, and always available outside of class.  Her lectures tend to be a bit disorganized, and religiously conservative folk might not like her class.",04/22/2003,3.0,3.0,,5,N/A,4.5,4.5,1,N/A,1051035643000,N/A,1040,N/A,,N/A,[],people,people
N/A,good,average,good,0,866696,0,,awesome,5,CR22,One of the best professors I've ever had!,04/22/2003,2.0,2.0,,5,N/A,5.0,5.0,1,N/A,1051022239000,N/A,1040,N/A,,N/A,[],people,people
N/A,good,average,good,0,864486,0,,awesome,5,CR21,"She is a fabulous Professor.  Some students have difficulty with her courses because she does not like to grade, but she lets you know if you are doing poorly.  She is always available outside of class, and she is the best advisor I ever could have picked",04/22/2003,3.0,3.0,,5,N/A,5.0,5.0,1,N/A,1051000750000,N/A,1040,N/A,,N/A,[],people,people
