attendance,clarityColor,easyColor,helpColor,helpCount,id,notHelpCount,onlineClass,quality,rClarity,rClass,rComments,rDate,rEasy,rEasyString,rErrorMsg,rHelpful,rInterest,rOverall,rOverallString,rStatus,rTextBookUse,rTimestamp,rWouldTakeAgain,sId,takenForCredit,teacher,teacherGrade,teacherRatingTags,unUsefulGrouping,usefulGrouping
Mandatory,average,average,average,0,27749345,0,,average,3,CLS007501,"I took Classical Mythology, and the class was okay--certainly not as quirky as I thought it would be, but it was still interesting. I bought a textbook, and I regretted it because I didn't read from it once. The info for the pop quizzes can all be found in your notes.  She's a really sweet person, who is willing to make time for you!",01/18/2017,3.0,3.0,,3,N/A,3.0,3.0,1,No,1484751727000,No,1040,Yes,,A-,"['Beware of pop quizzes', 'Group projects', 'Caring']",people,people
N/A,poor,good,poor,0,27612056,1,,awful,1,CLS75,Your grade is mostly based on whether you get a hard or easy TA.  The grading criteria is vague and you're never given a clear description of what is expected so it is extremely difficult to succeed unless you already know a great deal of Mythology and are knowledgable in classics.,12/23/2016,5.0,5.0,,1,N/A,1.0,1.0,1,Yes,1482502546000,No,1040,Yes,,N/A,"['Group projects', 'Beware of pop quizzes']",person,people
Mandatory,good,average,good,0,26282445,0,,awesome,5,GRK7,"Professor Beaulieu is amazing! In my class there a lot of vocab memorization (which ended up being super helpful), but she is always willing to help through email or office hours. Her lectures are clear and fun. She's spunky and just overall a great prof.",04/12/2016,3.0,3.0,,5,N/A,5.0,5.0,1,No,1460489124000,Yes,1040,Yes,,A+,"['Respected', 'Caring']",people,people
N/A,good,average,good,0,26045704,0,,good,4,CLS75,"She knows her stuff and clearly enjoys teaching. The final paper is a lot of work, but a really interesting assignment. I only had a passing interest in mythology but I always looked forward to this class.",02/10/2016,2.0,2.0,,4,Low,4.0,4.0,1,Yes,1455119734000,N/A,1040,Yes,,B+,"['Clear grading criteria', 'Beware of pop quizzes', 'So many papers']",people,people
Mandatory,good,average,good,0,25613699,0,,awesome,5,CLS007501,"LOVE her. She's my advisor, which is why I took the class in the first place, and it was amazing. The cool thing about this class is that Beaulieu shows you how to do good research without making it seem daunting. Really interesting, and can honestly say I learned so much.",12/09/2015,3.0,3.0,,5,Sorta interested,5.0,5.0,1,No,1449686042000,N/A,1040,Yes,,B,"[""Skip class? You won't pass."", 'Beware of pop quizzes', 'Amazing lectures']",people,people
Mandatory,good,average,good,0,25578380,0,,awesome,5,CLS75,Prof Beaulieu is the sweetest professor ever. She's such a nerd for Classics and loves what she teaches. I had her two semesters in a row and I don't regret it.,12/07/2015,3.0,3.0,,4,Really into it,4.5,4.5,1,No,1449515555000,Yes,1040,Yes,,B,"['Beware of pop quizzes', 'Respected']",people,people
N/A,good,average,good,0,25286696,0,,awesome,5,CLS 65 AND 75,"I absolutely love Professor Beaulieu! I highly recommend taking a class with her. She's interesting, funny, enthusiastic, and CLS 65 & 75 have been my favorite classes so far. Always willing to help and really cares that you do well. Also a great advisor.",10/23/2015,3.0,3.0,,5,It's my life,5.0,5.0,1,No,1445638587000,Yes,1040,Yes,,N/A,"['Beware of pop quizzes', 'Amazing lectures']",people,people
N/A,good,average,good,7,24490278,1,,awesome,5,65,"I took Mythology last semester and thought that Beaulieu was already a great prof. But after taking Journey of the Hero, I love her even more. The class focuses on fairy tales and legends across the ages and focuses on classics like the grimm's tales, Harry Potter, Star Wars and Lord of the Rings. Such an interesting class and a must take class!",03/23/2015,2.0,2.0,,5,Really into it,5.0,5.0,1,No,1427125840000,N/A,1040,Yes,,N/A,"['Hilarious', 'Group projects', 'Amazing lectures']",person,people
Mandatory,good,average,good,0,24113942,1,,awesome,5,CLS007501,"Professor Beaulieu was incredible. Her lectures are interesting and engaging, even if she goes off on a brief tangent, it's relevant and she knows exactly what she's talking about. The ""pop"" quizzes are mostly based on the lectures even small details but the majority of your grade is a group research paper. I highly recommend any of her courses.",12/17/2014,2.0,2.0,,5,It's my life,5.0,5.0,1,No,1418781886000,Yes,1040,Yes,,N/A,"['Inspirational', 'Amazing lectures']",person,people
N/A,good,average,good,0,22266406,1,,awesome,4,CLS75,"She's really nice, but her lectures are quite unorganized. I would highly recommend recording / making HIGHLY detailed notes on the lectures. Talk to the TAs and her if you have help, she's always ready to help you if you're stuck on something.",11/06/2013,3.0,3.0,,5,Sorta interested,4.5,4.5,1,Yes,1383743689000,N/A,1040,N/A,,N/A,[],person,people
N/A,good,average,good,0,19622219,0,,awesome,4,GRK7,"I loved this class, Professor Beaulieu is very enthusiastic and interesting.  The class requires a lot of participation which motivated me to try hard and helped me grasp the material.  I hope to take another class with her in the future!!",12/26/2011,3.0,3.0,,5,Really into it,4.5,4.5,1,No,1324896531000,N/A,1040,N/A,,N/A,[],people,people
N/A,good,average,good,0,19461249,0,,awesome,5,CLS75,"Very fun professor with a cute accent and appearance. Very straight forward teaching and testing. If she talks about it, it will probably be on the exam.",12/11/2011,2.0,2.0,,5,It's my life,5.0,5.0,1,Yes,1323626062000,N/A,1040,N/A,,N/A,[],people,people
N/A,good,average,good,0,18508704,0,,awesome,5,CLA101,Professor Beaulieu is one of my favorite professors at Tufts. She is extremely encouraging and enthusiastic about the material. I definitely recommend visiting her office hours she is always willing to help students. Her courses are also well organized and students are always well prepared for exams. All around great professor!,05/02/2011,3.0,3.0,,5,Really into it,5.0,5.0,1,No,1304355604000,N/A,1040,N/A,,N/A,[],people,people
