attendance,clarityColor,easyColor,helpColor,helpCount,id,notHelpCount,onlineClass,quality,rClarity,rClass,rComments,rDate,rEasy,rEasyString,rErrorMsg,rHelpful,rInterest,rOverall,rOverallString,rStatus,rTextBookUse,rTimestamp,rWouldTakeAgain,sId,takenForCredit,teacher,teacherGrade,teacherRatingTags,unUsefulGrouping,usefulGrouping
Mandatory,good,good,good,0,29810113,0,,awesome,5,EC206,"In the beginning I thought his lectures were snoozy, but once I started paying attention, it all made sense. He's actually really funny and wants his students to do well. He's really helpful in office hours too!",04/16/2018,4.0,4.0,,5,N/A,5.0,5.0,1,Yes,1523842473000,Yes,1040,Yes,,N/A,"['Group projects', 'Caring', 'Gives good feedback']",people,people
Mandatory,good,average,good,2,27813262,0,,awesome,5,EC15,"Professor Bianconi is an extremely talented teacher and an incredibly caring man. I took both EC 13 and EC 15 with him and would recommend him to anybody looking to take econometrics. He breaks down the concepts into easily digestible terms and combines the chalkboard, PowerPoints, and Stata into his lectures.  Tests are very fair- study the psets!",02/08/2017,3.0,3.0,,5,N/A,5.0,5.0,1,Yes,1486547479000,Yes,1040,Yes,,N/A,"['Caring', 'Clear grading criteria', 'Respected']",people,people
Mandatory,good,average,good,0,27471466,0,,good,4,EC154,"Prof Bianconi is so knowledgeable, and does a great job of breaking down tough, quantitative concepts. He definitely is a great professor for advanced economics students who are eager to learn.",12/13/2016,3.0,3.0,,4,N/A,4.0,4.0,1,No,1481646464000,Yes,1040,Yes,,A-,"['Amazing lectures', 'Caring', 'Graded by few things']",people,people
N/A,poor,good,poor,0,23179490,0,,poor,1,EC18,"Doesn't really understand the material. Literally said things that were completely wrong. Exam questions were right off the study guide, but he never posted answers so you could never figure out if you were wrong.",05/06/2014,4.0,4.0,,2,Really into it,1.5,1.5,1,Yes,1399400058000,N/A,1040,N/A,,N/A,[],people,people
N/A,poor,average,poor,0,21943170,0,,poor,1,EC12,"Hands down the worst professor I've ever had. He is incredibly hard to understand and his notes and lectures are simply appalling. When I showed up to office hours, he made it painfully obvious he had better things to do. His tests do not adequately reflect the material. Tufts should be embarrassed to have hired this man. AVOID HIM AT ALL COSTS.",07/03/2013,3.0,3.0,,2,Really into it,1.5,1.5,1,Yes,1372860646000,N/A,1040,N/A,,N/A,[],people,people
N/A,good,average,average,0,21931106,0,,good,4,EC0013A,"He's fairly clear with his lectures. However unlike all the other ratings this is a summer course for stats. His exams are either hard or easy, and he grade somewhat subjectively.",06/28/2013,3.0,3.0,,3,Sorta interested,3.5,3.5,1,Yes,1372382163000,N/A,1040,N/A,,N/A,[],people,people
N/A,poor,good,poor,0,21403685,0,,awful,1,EC12,"Does not care about his students at all. Grades seem random and unfairly harsh, he is extremely difficult to understand in class and is not impressively knowledgable about material even when meeting one on one. Tufts econ department is just so bad...",03/12/2013,4.0,4.0,,1,Really into it,1.0,1.0,1,No,1363048335000,N/A,1040,N/A,,N/A,[],people,people
N/A,good,average,good,1,16259982,0,,good,4,EC15,Not sure why this guy takes so much flack on these message boards. He's actually a good professor who is rather lenient in his grading. I liked him because he teaches the class around the main concepts of the subject rather than plowing through every chapter in the book. Take his class if you can!,10/21/2009,3.0,3.0,,4,It's my life,4.0,4.0,1,Yes,1256152461000,N/A,1040,N/A,,N/A,[],people,person
N/A,poor,average,poor,0,11383971,0,,awful,1,EC107,"just a terrible professor, take econometrics with someone else if at all possible",01/18/2006,3.0,3.0,,1,Really into it,1.0,1.0,1,N/A,1137602267000,N/A,1040,N/A,,N/A,[],people,people
N/A,poor,poor,poor,0,1867416,0,,awful,1,EC154,"You can't read his notes on the overhead because he stands in the way. His attempts at explaining don't help, which was okay since he didn't expect us to learn anything.",03/30/2004,1.0,1.0,,1,N/A,1.0,1.0,1,N/A,1080606583000,N/A,1040,N/A,,N/A,[],people,people
N/A,poor,poor,poor,0,1825276,0,,awful,1,EC149,The class is a joke because he doesn't know how to teach. Assignments are easy but not always clear and grades seem arbitrary.,03/19/2004,1.0,1.0,,1,N/A,1.0,1.0,1,N/A,1079724285000,N/A,1040,N/A,,N/A,[],people,people
N/A,average,average,average,0,1815090,0,,poor,2,EC107,he is okay. assignments are not clear. garman is a better econometrics prof.,03/17/2004,3.0,3.0,,2,N/A,2.0,2.0,1,N/A,1079490463000,N/A,1040,N/A,,N/A,[],people,people
N/A,average,average,average,0,865869,0,,poor,2,EC2,"Very hard to understand, better luck with Abdullah.",04/22/2003,3.0,3.0,,2,N/A,2.0,2.0,1,N/A,1051015942000,N/A,1040,N/A,,N/A,[],people,people
N/A,good,average,good,0,741996,0,,awesome,5,ECON,Go to class and take notes.   This guy is alot of fun,03/25/2003,2.0,2.0,,5,N/A,5.0,5.0,1,N/A,1048594879000,N/A,1040,N/A,,N/A,[],people,people
N/A,average,average,average,0,545658,0,,good,3,EC2,No Comments,02/06/2003,2.0,2.0,,4,N/A,3.5,3.5,1,N/A,1044537062000,N/A,1040,N/A,,N/A,[],people,people
