attendance,clarityColor,easyColor,helpColor,helpCount,id,notHelpCount,onlineClass,quality,rClarity,rClass,rComments,rDate,rEasy,rEasyString,rErrorMsg,rHelpful,rInterest,rOverall,rOverallString,rStatus,rTextBookUse,rTimestamp,rWouldTakeAgain,sId,takenForCredit,teacher,teacherGrade,teacherRatingTags,unUsefulGrouping,usefulGrouping
Mandatory,average,average,average,0,28934475,0,,average,3,IT0002,"She's the worst Italian professor that I've had at Tufts. Not amazing at explaining grammar. Could be worse, though.",11/19/2017,3.0,3.0,,3,N/A,3.0,3.0,1,Yes,1511104729000,No,1040,Yes,,A-,[],people,people
N/A,good,poor,good,0,19429329,0,,awesome,4,IT22,"It's a pretty straightforward and easy class. She's patient and will explain everything. However, I was mostly bored. She's not a native italian speaker which is a pet peeve of mine. Overall though, the exams and grammatical quizzes are straightforward - no surprises.",12/08/2011,1.0,1.0,,5,Really into it,4.5,4.5,1,No,1323366127000,N/A,1040,N/A,,N/A,[],people,people
N/A,good,average,good,0,18122154,0,,awesome,5,ITAL3,"Very patient. She's not a huge fan of drills and busywork exercises, so learn it on your own outside of class. Class is just for speaking!",01/11/2011,3.0,3.0,,4,Sorta interested,4.5,4.5,1,Yes,1294771941000,N/A,1040,N/A,,N/A,[],people,people
N/A,average,good,average,0,544885,0,,good,3,ITAL,No Comments,02/06/2003,4.0,4.0,,4,N/A,3.5,3.5,1,N/A,1044492039000,N/A,1040,N/A,,N/A,[],people,people
N/A,good,average,good,0,536503,0,,awesome,5,ITAL,DiSilvio is very nice and helpful,02/03/2003,3.0,3.0,,5,N/A,5.0,5.0,1,N/A,1044273981000,N/A,1040,N/A,,N/A,[],people,people
