attendance,clarityColor,easyColor,helpColor,helpCount,id,notHelpCount,onlineClass,quality,rClarity,rClass,rComments,rDate,rEasy,rEasyString,rErrorMsg,rHelpful,rInterest,rOverall,rOverallString,rStatus,rTextBookUse,rTimestamp,rWouldTakeAgain,sId,takenForCredit,teacher,teacherGrade,teacherRatingTags,unUsefulGrouping,usefulGrouping
Not Mandatory,good,good,good,1,31788377,0,,good,4,PS061,"I had her for Introduction to International Relations. There were 4-5 readings every class and they were very hit-or-miss. Some of the readings were really interesting and helpful, others were redundant or really specific. Class lectures were mostly very engaging and interesting. She is extremely knowledgeable and intelligent and it shows.",05/06/2019,5.0,5.0,,4,N/A,4.0,4.0,1,Yes,1557179384000,Yes,1040,Yes,,B-,"['Graded by few things', 'Test heavy', 'Get ready to read']",people,person
Mandatory,average,good,average,0,29851548,0,,average,3,PS0176,"The readings were extremely long and boring. There was not much point in reading them as they were essentially summarized on the powerpoint in class. Each assignment was too heavily weighted and harsh grading, with not enough chances to be graded or participate (same voices every class).",04/20/2018,4.0,4.0,,3,N/A,3.0,3.0,1,Yes,1524226852000,Yes,1040,Yes,,N/A,"['Get ready to read', 'Graded by few things', 'Lecture heavy']",people,people
Mandatory,good,good,good,0,29777621,0,,awesome,5,PS161,I'm blown away.,04/10/2018,4.0,4.0,,5,N/A,5.0,5.0,1,No,1523382610000,Yes,1040,Yes,,N/A,"['Respected', 'Get ready to read', 'Inspirational']",people,people
Mandatory,average,good,average,0,27981145,0,,average,3,PS61,"Professor Greenhill is very intelligent and she gave great insight to the world of IR, but she is a terrible intro-level professor. She skipped over the basics and used so much jargon that the lectures went right over my head most of the time. For intro to IR, look for a different professor. I imagine she's amazing in a smaller, high-level setting.",04/02/2017,4.0,4.0,,3,N/A,3.0,3.0,1,Yes,1491140945000,Yes,1040,Yes,,N/A,"['Lecture heavy', 'Get ready to read']",people,people
Not Mandatory,good,good,good,1,27109787,0,,awesome,5,PS0061,"While I agree that Greenhill makes you work for your grade, I would argue that it's definitely worth it. I feel inspired every time I leave the lecture hall, but if you aren't interested in the subject matter, you won't enjoy the class. It can get frustrating with the immense amount of reading, but she is one of my favorite professors at Tufts.",11/01/2016,4.0,4.0,,5,N/A,5.0,5.0,1,Yes,1478025037000,Yes,1040,Yes,,N/A,"['Amazing lectures', 'Get ready to read', ""Skip class? You won't pass.""]",people,person
Mandatory,good,good,good,0,26244386,0,,good,5,PS142,"Second class with Greenhill (and Evrigenis). Absolutely the most stimulating class that I've taken at Tufts. Greenhill is a rock star (seriously, google her), and I'd highly recommend any of her courses. They're not ""easy,"" but if you're interested, it's not hard to do the work.",04/06/2016,4.0,4.0,,3,N/A,4.0,4.0,1,Yes,1459968047000,N/A,1040,Yes,,A-,"[""Skip class? You won't pass."", 'Respected', 'Inspirational']",people,people
N/A,good,good,average,0,25246845,0,,good,4,PS61,Really great teacher- This is a difficult class gradewise but if you put in the work you'll be okay. ,10/12/2015,4.0,4.0,,3,Really into it,3.5,3.5,1,Yes,1444682117000,N/A,1040,Yes,,N/A,[],people,people
N/A,good,good,good,3,24513979,0,,awesome,5,PS61,"Kelly Greenhill has carefully built up a core following of students over the past few years who are lucky enough to really ""get"" her. As any of them (myself included) about her, and they will gush for hours about how amazing she is.  Tough grader, most people average a B in her classes, but the experience of taking a class with her is well worth ",03/28/2015,4.0,4.0,,5,It's my life,5.0,5.0,1,Yes,1427557080000,N/A,1040,Yes,,N/A,"['Participation matters', 'Tough grader']",people,people
N/A,good,good,good,2,21170427,0,,good,4,PS165,"KG is awesome - she's brilliant, witty and poses many interesting questions. Some might not like her style (she sometimes deliberately contradicts herself to get you to think a different way about a problem), but if you ""get"" KG, you will enjoy her class. She's difficult but also not impossible - you just have to know the readings really well.",12/26/2012,4.0,4.0,,4,It's my life,4.0,4.0,1,Yes,1356543506000,N/A,1040,N/A,,N/A,[],people,people
N/A,average,good,average,0,20455920,0,,average,3,PS0108,"She's well versed but an extremely hard grader. She doesn't really go over readings and many of the overlap the same ideas making it hard to ID readers on tests. She teaches interesting material though, but I would only recommend as a pass/fail course.",06/29/2012,5.0,5.0,,2,It's my life,2.5,2.5,1,Yes,1341011209000,N/A,1040,N/A,,N/A,[],people,people
N/A,good,good,good,1,20178076,0,,good,4,PS189,"Greenhill is very enthusiastic.  You need to do the readings.  She plays devils advocate every chance she gets, so if you decided to talk be prepared to back up your statements.  Very focused on semantics (i.e. many people vs. most people vs. some).  Overall excellent professor and definitely worth taking a class with her.",05/02/2012,4.0,4.0,,4,Really into it,4.0,4.0,1,Yes,1335979088000,N/A,1040,N/A,,N/A,[],people,person
N/A,good,average,average,0,18594425,0,,good,4,PS61,"I'm a politics geek, so I couldn't help but like Intro to IR. However, I wasn't at all impressed with Greenhill. Although smart and well versed, she reads straight from the slides, which makes her lectures boring and useless. She hardly explains the readings. The best things about this experience: my TA and the take home final exam.",05/13/2011,3.0,3.0,,3,It's my life,3.5,3.5,1,No,1305285055000,N/A,1040,N/A,,N/A,[],people,people
N/A,poor,good,poor,1,18503340,4,,poor,1,INTRO61,By far the worst class I've taken at Tufts.,05/01/2011,4.0,4.0,,2,Really into it,1.5,1.5,1,No,1304281999000,N/A,1040,N/A,,N/A,[],people,person
N/A,average,average,average,0,15642440,0,,average,2,PS161,"Greenhill is really lively and a fair, nice professor but personally, it was hard to stay awake in class when the whole lecture was taught from the slides. I found it difficult to keep motivated and focused when I was trying to read the slides while she was explaining them at the same time. Good person but an eh teacher.",04/13/2009,3.0,3.0,,4,Really into it,3.0,3.0,1,Yes,1239629732000,N/A,1040,N/A,,N/A,[],people,people
N/A,good,average,good,2,15641067,0,,good,4,PS0061,"Overall solid professor. Charismatic, powerpoint outlines are systematic and helpful. Unfortunate side effect of large PoliSci class though is same 10 students asking questions. Readings are great, you'll learn a boatload. Bonus-watch how she incorporates her scarf into lectures.",04/13/2009,2.0,2.0,,4,Really into it,4.0,4.0,1,Yes,1239585057000,N/A,1040,N/A,,N/A,[],people,people
N/A,good,good,good,1,15299889,0,,awesome,4,PS61,"Really smart, engaging, and accessible. Greenhill did great starting class discussions, even with 200 people, and learned a lot of people's names. Lots of reading, and she counts on you to connect the lecture concepts with the readings. Sometimes her powerpoints were confusing, but for the most part a great professor. I highly recommend her class.",12/31/2008,4.0,4.0,,5,Really into it,4.5,4.5,1,Yes,1230731649000,N/A,1040,N/A,,N/A,[],people,person
N/A,good,average,good,0,15158498,1,,awesome,5,PS61,"Greenhill is an excellent and approachable professor.  She is very well-versed in the material, and it shows in her lectures.  If you put the effort in (meaning do the readings and study for the midterms), you will learn a lot.  Considering this is the typical intro-level weed out class, she is a very fair grader.  Recommended with enthusiasm.",12/10/2008,3.0,3.0,,5,It's my life,5.0,5.0,1,Yes,1228949951000,N/A,1040,N/A,,N/A,[],person,people
N/A,poor,good,poor,0,15141889,1,,awful,1,PS061,"wow, this was by far my worst educational experience.  Greenhill is a great person, but she really needs to tone it down with the pseudo-intellectual act.  I mean what good is being intelligent if no none gets you, especially in an intro class.  the material we read was never discussed and her lectures are very boring.  good luck with this one.",12/09/2008,4.0,4.0,,1,Really into it,1.0,1.0,1,No,1228837728000,N/A,1040,N/A,,N/A,[],person,people
N/A,average,average,average,1,14967047,1,,average,3,INTROIR,"She teaches solely using slides, and sometimes they are incoherent and ordered oddly.  She is a decent teacher.  The class is somewhat long but its interesting.  There is a lot of reading and the midterms are challenging.  The recitations are very helpful.",11/10/2008,3.0,3.0,,2,Really into it,2.5,2.5,1,Yes,1226337815000,N/A,1040,N/A,,N/A,[],person,person
N/A,good,good,good,1,14964123,0,,awesome,5,PS188,The best professor at Tufts,11/10/2008,4.0,4.0,,5,Really into it,5.0,5.0,1,Yes,1226305804000,N/A,1040,N/A,,N/A,[],people,person
N/A,good,good,good,1,14756102,0,,good,4,PS188,"Prof. Greenhill will teach a hard class, there is no doubt about that, but she knows her stuff well and makes it clear in her presentations and assignments. I found her to be very helpful with questions outside of class, and felt she was truly interested in my progress and understanding. If you want to learn a lot and work for it, take her class.",08/19/2008,4.0,4.0,,4,Really into it,4.0,4.0,1,Yes,1219170563000,N/A,1040,N/A,,N/A,[],people,person
N/A,good,average,average,0,14640614,1,,average,4,PS65,"Extrememly hard grader. I found her class to be boring, but some of my peers felt just the opposite since she let the same three people  mouth off about their domestic political stances in a foreign policy class. Didn't really learn anything that wasn't covered in Intro to IR.",07/07/2008,3.0,3.0,,2,Really into it,3.0,3.0,1,Yes,1215453050000,N/A,1040,N/A,,N/A,[],person,people
N/A,good,good,average,0,13989741,1,,average,4,PS165,she's pretty difficult no help when it came to asking her how to improve her exams are difficult but she let us do a take home i wouldnt really recommend this teacher,01/13/2008,4.0,4.0,,2,Really into it,3.0,3.0,1,No,1200223459000,N/A,1040,N/A,,N/A,[],person,people
