attendance,clarityColor,easyColor,helpColor,helpCount,id,notHelpCount,onlineClass,quality,rClarity,rClass,rComments,rDate,rEasy,rEasyString,rErrorMsg,rHelpful,rInterest,rOverall,rOverallString,rStatus,rTextBookUse,rTimestamp,rWouldTakeAgain,sId,takenForCredit,teacher,teacherGrade,teacherRatingTags,unUsefulGrouping,usefulGrouping
N/A,average,average,average,0,16416113,0,,average,3,UEP284,"Julian is a blow hard. Super nice guy, a little arrogant, but very friendly. Class is next to worthless even though he has his students in the palm of his hand: we're all in that class because we believe in sustainability and doing something about it. Unfortunately, it teaches you almost nothing.",11/23/2009,3.0,3.0,,2,It's my life,2.5,2.5,1,Yes,1258977067000,N/A,1040,N/A,,N/A,[],people,people
N/A,good,good,good,0,11283141,0,,awesome,5,EJSUSCOMM,"Julian is one of the best professors I have had the pleasure of learning from. His enthusiasm and energy inspire. And despite his wealth of acumen, he never talks down to students. It is an amazing gift for a professor to have: to be able to make his students feel as if their comments are just as valuable as his. And oh yeah, he is super hot too!",12/31/2005,4.0,4.0,,5,It's my life,5.0,5.0,1,N/A,1136052338000,N/A,1040,N/A,,N/A,[],people,people
N/A,good,average,good,0,11213395,0,,good,4,ENVJ,"good class discussions, challenging teacher, somewhat idealistic and could be more practical",12/19/2005,2.0,2.0,,4,It's my life,4.0,4.0,1,N/A,1135008324000,N/A,1040,N/A,,N/A,[],people,people
N/A,average,average,average,0,1418628,0,,poor,2,UEP250,Tricky if you are not into his thing.  Challenges you if you hold different beliefs.,12/02/2003,3.0,3.0,,2,N/A,2.0,2.0,1,N/A,1070365442000,N/A,1040,N/A,,N/A,[],people,people
N/A,good,average,good,0,1397617,0,,awesome,5,FOUNDATION,"Class was a great intro to public policy. Good connections between environmental and social policy issues. Lots of good debate and discussion, moderated and supported by Agyeman. Oh yeah, and he is pretty gorgeous....",11/26/2003,3.0,3.0,,5,N/A,5.0,5.0,1,N/A,1069833630000,N/A,1040,N/A,,N/A,[],people,people
N/A,good,average,good,0,1333748,0,,awesome,5,UEP284,i can't believe we're all talking about the same prof! this guy is an expert. he has a position which he makes clear at the outset; he invites criticism and he really challenged my assumptions and biases. he's what grad school is about..,11/16/2003,3.0,3.0,,5,N/A,5.0,5.0,1,N/A,1068995358000,N/A,1040,N/A,,N/A,[],people,people
N/A,average,good,poor,0,1280225,0,,poor,2,UEP,"Well-liked teacher and is caring.  However, standards are low and he is extremely ideological.  Not open to alternative views.  Grades are based on whether you agree with his agenda.",11/07/2003,4.0,4.0,,1,N/A,1.5,1.5,1,N/A,1068202234000,N/A,1040,N/A,,N/A,[],people,people
N/A,average,average,average,0,1018270,0,,average,2,UEP250,"Class was useless, but Agyeman was good.",06/18/2003,2.0,2.0,,3,N/A,2.5,2.5,1,N/A,1055962811000,N/A,1040,N/A,,N/A,[],people,people
