attendance,clarityColor,easyColor,helpColor,helpCount,id,notHelpCount,onlineClass,quality,rClarity,rClass,rComments,rDate,rEasy,rEasyString,rErrorMsg,rHelpful,rInterest,rOverall,rOverallString,rStatus,rTextBookUse,rTimestamp,rWouldTakeAgain,sId,takenForCredit,teacher,teacherGrade,teacherRatingTags,unUsefulGrouping,usefulGrouping
Not Mandatory,good,average,good,0,30881003,0,,good,4,SPN030,Her lectures can be a little dense some times but she is super helpful and chill if you show that you care. Go to her office hours!!! She is so helpful and really takes the time to talk to you in office hours. During class she is super chill and casual.,12/05/2018,3.0,3.0,,4,N/A,4.0,4.0,1,Yes,1544031987000,Yes,1040,Yes,,A-,"['Lecture heavy', 'Get ready to read', 'Caring']",people,people
Mandatory,average,average,average,0,30512434,0,,poor,2,SPAN31,"In Spanish 31, class proceeded as follows. She kicks it off by lecturing about the reading, its history and own her personal analysis for like 30 mins. Then for the rest you either have to watch your classmates' shoddy presentations or have vague, unengaging conversation questions directed at you. She's knowledgeable and passionate, but boring.",09/20/2018,3.0,3.0,,2,N/A,2.0,2.0,1,No,1537446674000,No,1040,Yes,,A-,['Get ready to read'],people,people
Mandatory,good,good,good,0,30035448,0,,awesome,5,SPN192,"Profe Nina is probably the reason why I am studying Spanish at Tufts. She is genuinely passionate about the course material, and her enthusiasm for the subject is contagious. She makes the class a very approachable environment for different levels and is always available at office hours to talk about Spanish or life in general. A true gem!",05/09/2018,4.0,4.0,,5,N/A,5.0,5.0,1,Yes,1525855480000,Yes,1040,Yes,,A-,"['Amazing lectures', 'Accessible outside class', 'Get ready to read']",people,people
N/A,average,good,good,2,23687084,0,,good,3,SPN034,"She's so sweet and really cares about her students. She has such a passion for the material that she makes it interesting (even stuff that seemed boring in the reading outside of class). She will go out of her way to meet with you  help you grasp anything you're struggling with. Really knows her stuff, too! Interesting & great lady!",10/23/2014,4.0,4.0,,5,Sorta interested,4.0,4.0,1,Yes,1414071164000,N/A,1040,Yes,,N/A,"['Caring', 'Tough grader', 'Participation matters']",people,people
N/A,good,average,good,0,15864156,0,,awesome,5,SPAN34,"professor gerassi-navarro is great! you should definitely take a class with her because she is enthusiastic and makes you want to learn about latin american literature. i really enjoyed her class and i think the more interested you are in the subject, the better you will do.",05/19/2009,2.0,2.0,,5,Sorta interested,5.0,5.0,1,Yes,1242697028000,N/A,1040,N/A,,N/A,[],people,people
