attendance,clarityColor,easyColor,helpColor,helpCount,id,notHelpCount,onlineClass,quality,rClarity,rClass,rComments,rDate,rEasy,rEasyString,rErrorMsg,rHelpful,rInterest,rOverall,rOverallString,rStatus,rTextBookUse,rTimestamp,rWouldTakeAgain,sId,takenForCredit,teacher,teacherGrade,teacherRatingTags,unUsefulGrouping,usefulGrouping
N/A,average,average,average,0,19718424,0,,average,3,EE11,"Her lectures sometimes move much too quickly, especially at the beginning. Either you or someone in the class should be asking clarifying questions. Once she moves away from Powerpoint and onto the board, she slows down and is actually a pretty darn good professor.",01/12/2012,3.0,3.0,,3,Really into it,3.0,3.0,1,Yes,1326388711000,N/A,1040,N/A,,N/A,[],people,people
N/A,average,good,average,0,18629407,0,,average,2,EE01,"She's very enthusiastic about the material but tends to forget that her students aren't experts! Lectures are rushed and disorganized, homeworks and quizzes were riddled with errors.",05/18/2011,5.0,5.0,,3,Really into it,2.5,2.5,1,No,1305748958000,N/A,1040,N/A,,N/A,[],people,people
N/A,average,good,average,0,16764052,0,,average,2,ES3,"Prof. Joyner means well, and really wants to help students, but is just not one of the best professors I've had at Tufts.  She's new to teaching, and seems nervous and disorganized in class.  She is pretty accessible outside of class, if you make an effort.",01/27/2010,4.0,4.0,,3,Sorta interested,2.5,2.5,1,Yes,1264629432000,N/A,1040,N/A,,N/A,[],people,people
N/A,good,good,good,0,15654284,0,,awesome,5,ENGINB19N,GREAT PROFESSOR,04/15/2009,4.0,4.0,,5,Sorta interested,5.0,5.0,1,Yes,1239800843000,N/A,1040,N/A,,N/A,[],people,people
N/A,average,good,poor,0,13546319,0,,poor,2,B194,No Comments,10/21/2007,4.0,4.0,,1,Really into it,1.5,1.5,1,No,1193010635000,N/A,1040,N/A,,N/A,[],people,people
N/A,average,average,good,0,10856095,0,,good,3,INDEPENDENTSTU,Great at relating concepts to what you're working on. Very flexible!,11/08/2005,3.0,3.0,,5,It's my life,4.0,4.0,1,N/A,1131479509000,N/A,1040,N/A,,N/A,[],people,people
