attendance,clarityColor,easyColor,helpColor,helpCount,id,notHelpCount,onlineClass,quality,rClarity,rClass,rComments,rDate,rEasy,rEasyString,rErrorMsg,rHelpful,rInterest,rOverall,rOverallString,rStatus,rTextBookUse,rTimestamp,rWouldTakeAgain,sId,takenForCredit,teacher,teacherGrade,teacherRatingTags,unUsefulGrouping,usefulGrouping
Not Mandatory,good,average,good,0,26277636,0,,awesome,5,ENG21,"Would recommend English and non-English majors to take one class with her. She is nice, well-spoken, funny, and gives interesting lectures. If you do the readings (Which are not difficult) and give good effort for essays, you will do well. Enjoyed my time in her class as a budding English major.",04/12/2016,2.0,2.0,,4,N/A,4.5,4.5,1,Yes,1460459523000,N/A,1040,Yes,,A+,"['Gives good feedback', 'Caring', 'Hilarious']",people,people
Mandatory,good,average,good,0,26213543,0,,awesome,4,ENG51,"I really like Haber! The class was pretty small but she really got to know the students, and was really good about listening to everyone. She's a pretty reasonable grader and is reasonable with giving extensions. Furthermore she is incredibly understanding when it comes to missed classes as long as you email in advance.",03/31/2016,3.0,3.0,,5,N/A,4.5,4.5,1,Yes,1459459602000,N/A,1040,Yes,,N/A,"['Get ready to read', 'Participation matters', 'Gives good feedback']",people,people
Mandatory,average,good,average,0,25892041,0,,good,3,ENG21,"I wasn't sure about renaissance lit, but Professor Haber made it comprehensible. She gives detailed feedback on essays and gets excited during lectures. She doesn't just talk, she asks students what they think, and most of the time she's receptive to new ideas. If you come to class, take notes, and show an interest, she wants you to succeed.",01/06/2016,4.0,4.0,,4,Really into it,3.5,3.5,1,Yes,1452116329000,N/A,1040,Yes,,A-,"[""Skip class? You won't pass."", 'Gives good feedback', 'Get ready to read']",people,people
N/A,good,poor,good,1,23671656,3,,awesome,5,113,Brilliant teacher.  Makes difficult works comprehensible. Very helpful and nice.,10/20/2014,1.0,1.0,,5,Really into it,5.0,5.0,1,Yes,1413798730000,N/A,1040,Yes,,N/A,"['Inspirational', 'Gives good feedback', 'Hilarious']",people,person
N/A,good,average,good,0,20213461,0,,good,4,ENG110,"She's dedicated and extremely intelligent. Initially she comes off as very intense. Over time you will discover that her passion comes from a deeply rooted understanding of the material. She will occasionally call people out, but she cares about her students and her class is fun at the end of the day. Plus, the reading is really interesting.",05/07/2012,2.0,2.0,,4,Really into it,4.0,4.0,1,Yes,1336356631000,N/A,1040,N/A,,N/A,[],people,people
N/A,average,average,average,0,14913986,1,,average,3,ENG110,"She really knows her stuff, though she can be pretty intimidating. If you get past that though, you see she's quite nice and really wants you to do well.",10/29/2008,3.0,3.0,,3,It's my life,3.0,3.0,1,Yes,1225283627000,N/A,1040,N/A,,N/A,[],person,people
N/A,good,good,good,0,13727935,1,,awesome,5,ENG68,"I am guessing the comment below arose from a misunderstanding.  She is one of the nicest professors I've ever had--always eager to help students, will spend HOURS talking in her office with you (really)!  Plus, she's really smart and interesting.  Love her!",11/30/2007,4.0,4.0,,5,It's my life,5.0,5.0,1,Yes,1196434702000,N/A,1040,N/A,,N/A,[],person,people
N/A,good,good,average,0,13718129,0,,good,4,ENG110,"I very much appreciate her enthusiasm & she makes Renaissance lit very comprehensible. On the other hand, she's made me cry twice. She singled me out in class as not having done an assignment, even though I did, and if you're not an avid participant you can tell she doesn't think highly of you. A so-so teacher overall.",11/29/2007,4.0,4.0,,3,It's my life,3.5,3.5,1,Yes,1196300826000,N/A,1040,N/A,,N/A,[],people,people
N/A,good,good,good,0,11870163,0,,awesome,5,RENDRAM,"This is a very difficult, reading intesive class.  The readings are not for the faint of heart.  That being said, she definitely succeeds at leading fascinating discussions about very dense course material, much denser than any Shakespeare.  She encourages and often requires active participation and always tries to keep everyone's comments in mind.",05/11/2006,4.0,4.0,,5,Sorta interested,5.0,5.0,1,N/A,1147362975000,N/A,1040,N/A,,N/A,[],people,people
N/A,average,good,average,0,11659734,0,,average,2,SURVENGLIT,"really nice lady, but the class was boring and very hard to sit through.",04/05/2006,5.0,5.0,,3,It's my life,2.5,2.5,1,N/A,1144198916000,N/A,1040,N/A,,N/A,[],people,people
N/A,average,average,poor,0,3609099,0,,poor,2,SHAKESPEARE,"I was extremely disappointed by this class. Haber is intense but her lectures were uninteresting. Seemed to miss the point on why we still read Shakespeare. If you think the only reason to study Shakespeare is to search for phallic symbols and talk about sexuality, then this is the class for you.",04/12/2005,3.0,3.0,,1,Really into it,1.5,1.5,1,N/A,1113315657000,N/A,1040,N/A,,N/A,[],people,people
N/A,average,average,average,0,3607260,1,,poor,2,ENG51,"decent class with dull material, but haber is aloof, stomping around the room and making ridiculous claims about imbedded pseudosexual inferences.  only wants to hear her own ideas repeated.",04/12/2005,2.0,2.0,,2,Really into it,2.0,2.0,1,N/A,1113305175000,N/A,1040,N/A,,N/A,[],person,people
N/A,good,good,good,1,3325865,0,,awesome,4,GRAD,"Just an amazing teacher.  I always looked forward to class.  Tons of reading, but that's a plus.  Amazingly generous with her time.  Truly one of the greatest professors I have every worked with.",02/05/2005,4.0,4.0,,5,It's my life,4.5,4.5,1,N/A,1107608153000,N/A,1040,N/A,,N/A,[],people,person
N/A,good,average,good,0,3150406,0,,good,4,ENG51,"Prof Haber is always full of energy and very enthusiastic...plus she is personable.  there are only a few papers, and the reading assignments are generally not bad.  the material is not always the best, but she makes most of it at least bearable.  the final sucks, but it's not as bad as it could be.",01/03/2005,3.0,3.0,,4,Low,4.0,4.0,1,N/A,1104793146000,N/A,1040,N/A,,N/A,[],people,people
N/A,good,average,good,0,2928539,0,,good,4,ENG291,"An awesome professor with lots of passion -- if you're not interested in the topic, her ethusiasm and talent are wasted on you,go get cliff notes or something.  my only gripe is if sitting next to her in a SMALL classroom, watch out for those flying elbows.",12/06/2004,3.0,3.0,,4,It's my life,4.0,4.0,1,N/A,1102375735000,N/A,1040,N/A,,N/A,[],people,people
N/A,good,average,good,0,2338733,0,,awesome,4,ENG68,"a great prof who knows her stuff - if ever overwhelmed in class, stop listening to all sound for one minute and just stare at haber's body expressions - its quite amusing",07/24/2004,2.0,2.0,,5,N/A,4.5,4.5,1,N/A,1090636085000,N/A,1040,N/A,,N/A,[],people,people
N/A,good,good,good,0,2247819,0,,awesome,5,ENG68,Agree with last person.  Brilliant--and really makes you think,06/15/2004,4.0,4.0,,5,N/A,5.0,5.0,1,N/A,1087293004000,N/A,1040,N/A,,N/A,[],people,people
N/A,good,good,good,0,2233349,0,,awesome,5,68SHAKES,"If you demand oversimplified ideas, don't take this, but if you're ready to be challenged and interested, you're in for a treat!  She's great!",06/09/2004,4.0,4.0,,5,N/A,5.0,5.0,1,N/A,1086795081000,N/A,1040,N/A,,N/A,[],people,people
N/A,poor,average,poor,0,2176404,0,,poor,1,SHAKESPEAR,Please disregard all positive reviews of this woman. She's nice but incredibly insane- more insane than anyone I've ever seen. Discussions about the greatest writer ever quickly descended into a fog of chaos and confusion. God speed if you're in this clas,05/22/2004,3.0,3.0,,2,N/A,1.5,1.5,1,N/A,1085245582000,N/A,1040,N/A,,N/A,[],people,people
N/A,good,average,good,0,2112555,0,,awesome,4,RENLIT,"Very intense, in-your-face lecturing. Has interesting ideas and lectures, very keen on keeping discussion going. LOTS of reading, so don't take this class unless you're really into English.",05/08/2004,2.0,2.0,,5,N/A,4.5,4.5,1,N/A,1084059656000,N/A,1040,N/A,,N/A,[],people,people
N/A,good,average,average,0,2044163,0,,average,4,ENG67,"Tons of reading, lectures boring as hell. PHEW",04/27/2004,3.0,3.0,,2,N/A,3.0,3.0,1,N/A,1083093451000,N/A,1040,N/A,,N/A,[],people,people
N/A,good,good,good,0,1250769,0,,awesome,5,RENLIT,The best,11/02/2003,5.0,5.0,,5,N/A,5.0,5.0,1,N/A,1067793018000,N/A,1040,N/A,,N/A,[],people,people
N/A,good,average,good,0,891898,0,,awesome,5,ENGLISH69,"Professor Haber is extremely nice, very hyper, which makes Shakespeare go by faster than it can with a boring professor.",04/27/2003,3.0,3.0,,5,N/A,5.0,5.0,1,N/A,1051446317000,N/A,1040,N/A,,N/A,[],people,people
N/A,good,good,good,0,868271,0,,awesome,5,ENG68,"Wonderfully manic and incredibly intelligent.  Her Shakespeare class was based far more on discussions than lectures, but she was always ready to lead the class if it faltered, rather than expecting the students to carry the class.  I adored her class.",04/22/2003,4.0,4.0,,5,N/A,5.0,5.0,1,N/A,1051035320000,N/A,1040,N/A,,N/A,[],people,people
N/A,average,average,average,0,866062,0,,average,3,RENASSANCE,she's weird.  a little nuts...enthusiastic but still doesn't lift the class from being boring as hell...,04/22/2003,3.0,3.0,,3,N/A,3.0,3.0,1,N/A,1051017486000,N/A,1040,N/A,,N/A,[],people,people
N/A,good,average,good,0,865879,0,,good,4,RENLIT,"Enthusiastic, intelligent, really fun",04/22/2003,3.0,3.0,,4,N/A,4.0,4.0,1,N/A,1051015996000,N/A,1040,N/A,,N/A,[],people,people
