attendance,clarityColor,easyColor,helpColor,helpCount,id,notHelpCount,onlineClass,quality,rClarity,rClass,rComments,rDate,rEasy,rEasyString,rErrorMsg,rHelpful,rInterest,rOverall,rOverallString,rStatus,rTextBookUse,rTimestamp,rWouldTakeAgain,sId,takenForCredit,teacher,teacherGrade,teacherRatingTags,unUsefulGrouping,usefulGrouping
N/A,poor,good,poor,0,18078187,0,,awful,1,PJS0001,"This class was a waste of my time. Matt is arrogant, self-obsessed, and unable to see alternative view-points. Class time was spent with a different brainstorm topic every class, and he often shot discussion participants down instantly, discouraging others to join in. While Matt is passionate, he does not create a productive learning environment.",01/03/2011,4.0,4.0,,1,It's my life,1.0,1.0,1,No,1294056556000,N/A,1040,N/A,,N/A,[],people,people
N/A,average,good,poor,0,17878861,0,,poor,2,PJS0001,"Unprofessional and unqualified. In Intro to Peace and Justice studies, we spent 95% of the time &quot;brainstorming&quot; what was meant by &quot;peace,&quot; &quot;war,&quot; and &quot;justice.&quot; It felt more like he was surveying us than teaching us anything. Coupled with three 8-10 page papers, which he very harshly graded, this was a waste of my time and a GPA killer.",12/07/2010,4.0,4.0,,1,It's my life,1.5,1.5,1,No,1291742013000,N/A,1040,N/A,,N/A,[],people,people
N/A,average,poor,average,0,17766161,0,,good,2,PJS1,"Matt is definitely a very engaging teacher who makes class all about discussions. As for the material, it is hard to follow the focus of the class and where he is going in lectures. Overall, great guy to talk to outside of class.",11/14/2010,1.0,1.0,,5,Really into it,3.5,3.5,1,No,1289735600000,N/A,1040,N/A,,N/A,[],people,people
N/A,good,poor,good,0,17642216,0,,awesome,4,SOC01,Pretty easy class. Good readings recommended but not mandatory. I'd recommend it.,10/08/2010,1.0,1.0,,5,Sorta interested,4.5,4.5,1,No,1286582175000,N/A,1040,N/A,,N/A,[],people,people
N/A,good,average,good,0,14256996,0,,good,4,SOC01,"I really enjoyed Matt's class and his assignments were interesting, but it's true that he's a little arrogant. If you actually devote time to thinking about the material on your own, it can be really fulfilling. If you only go to class, you won't get as much out of it as you could. You basically make it what you want. Overall, I'd recommend it.",04/08/2008,3.0,3.0,,4,Really into it,4.0,4.0,1,No,1207614401000,N/A,1040,N/A,,N/A,[],people,people
N/A,good,average,good,0,13650411,0,,good,4,SOC1,"Class is pretty simple, lots of readings but none are required. Only work is a midterm and essay. Matt is engaging and cares what his students think. Very liberal and a self proclaimed Marxist. A little self-serving.",11/14/2007,2.0,2.0,,4,Sorta interested,4.0,4.0,1,No,1195042126000,N/A,1040,N/A,,N/A,[],people,people
N/A,good,average,good,0,12947592,0,,awesome,5,SOC135,"A great class, and a great teacher. Very interesting, a dynamic lecturer. Reasonable with his grades, good grades definitely attainable if you work and put in the time.",03/28/2007,2.0,2.0,,4,It's my life,4.5,4.5,1,Yes,1175087376000,N/A,1040,N/A,,N/A,[],people,people
N/A,average,good,average,0,11100039,0,,average,3,SOC1,"This is a worthless class. The information is so basic and he gets it all directly from the book, so why anyone would attend this awful class is strange to me...unless, of course, you LIKE hearing the teacher talk about himself and ask superficially philosophical questions, only to negate them by saying, &quot;We'll get into that later.&quot;",12/09/2005,4.0,4.0,,2,Sorta interested,2.5,2.5,1,N/A,1134121368000,N/A,1040,N/A,,N/A,[],people,people
N/A,good,average,good,0,10662291,0,,good,4,SOCIALTHEORY,First time I had any int,10/29/2005,3.0,3.0,,4,Meh,4.0,4.0,1,N/A,1130604488000,N/A,1040,N/A,,N/A,[],people,people
N/A,average,good,average,0,10595450,0,,average,3,SOC1,"great lecturer, interesting guy who clearly knows a lot about his subject. lots of reading and hard exam.",10/16/2005,4.0,4.0,,3,Really into it,3.0,3.0,1,N/A,1129501601000,N/A,1040,N/A,,N/A,[],people,people
N/A,average,average,poor,0,3688917,0,,poor,2,SOC0001,"Prof. Gregory is the WORST professor I've ever had.  He made a mistake on my grade and after contacting him 10 times, emailing him w/o getting responses, and finally getting in touch with him, he admitted to his mistake.  I had to go to the Chair of the dept. & she had to override the grade HERSELF.",04/22/2005,3.0,3.0,,1,Really into it,1.5,1.5,1,N/A,1114185718000,N/A,1040,N/A,,N/A,[],people,people
N/A,average,average,poor,0,3146011,0,,poor,2,ANTH001,"Very unorganized, has trouble getting back to you when you try to contact him. Was a very good lecturer, but didn't spend as much time and effort in grading projects.",01/03/2005,3.0,3.0,,1,Low,1.5,1.5,1,N/A,1104755490000,N/A,1040,N/A,,N/A,[],people,people
N/A,good,average,average,0,2744532,0,,good,4,SOC001,"Great professor, his lectures are always engaging and interesting. The projects are easy but thought provoking, and the reading selections are good.",11/15/2004,2.0,2.0,,3,Sorta interested,3.5,3.5,1,N/A,1100550782000,N/A,1040,N/A,,N/A,[],people,people
N/A,average,good,average,0,1929699,0,,average,3,SOC001,"He's a great guy, and really wants to help you think about soc within the context of your life. Some really neat projects/food for thought. for objetcive knowledge he's not so good like we didn't learn the book ...exam is hard, specific, and not relevant",04/09/2004,4.0,4.0,,3,N/A,3.0,3.0,1,N/A,1081524855000,N/A,1040,N/A,,N/A,[],people,people
N/A,average,poor,average,0,1679684,0,,average,3,SOC135,Very intelligible/interesting. But he is very unorganized. He is in a learning stage. He will improve with honest feedback and not people saying they can't stand him. He tries. I have had two classes with him. He is very liberal and concerned about all.,02/03/2004,1.0,1.0,,3,N/A,3.0,3.0,1,N/A,1075795430000,N/A,1040,N/A,,N/A,[],people,people
N/A,average,average,average,0,1501858,0,,average,3,SOC135,sooo damn cocky  always talks about himself and his stupid motorcycle    can't stand him,12/13/2003,2.0,2.0,,3,N/A,3.0,3.0,1,N/A,1071357084000,N/A,1040,N/A,,N/A,[],people,people
N/A,average,average,average,0,1334613,0,,average,2,SOC1,He spends way too much time talking about himself and the class is too unstructured for an intro to the subject,11/16/2003,3.0,3.0,,3,N/A,2.5,2.5,1,N/A,1069008143000,N/A,1040,N/A,,N/A,[],people,people
N/A,average,average,average,0,903135,0,,poor,2,SOCMOVMNTS,"not as liberal as he pretends to be, extremely arrogant, tries too hard to be your friend",04/29/2003,3.0,3.0,,2,N/A,2.0,2.0,1,N/A,1051647189000,N/A,1040,N/A,,N/A,[],people,people
N/A,poor,average,average,0,877406,0,,poor,1,SC120,No Comments,04/24/2003,3.0,3.0,,3,N/A,2.0,2.0,1,N/A,1051149678000,N/A,1040,N/A,,N/A,[],people,people
N/A,good,average,good,0,867670,0,,awesome,4,SOC120,"Class is intersting.  Lots of discussion, lots of reading (but you don't have to do it all), kind of disorganized, also very liberal.",04/22/2003,2.0,2.0,,5,N/A,4.5,4.5,1,N/A,1051029811000,N/A,1040,N/A,,N/A,[],people,people
N/A,good,average,average,0,545783,0,,good,4,SOC1,He makes class interesting.,02/06/2003,3.0,3.0,,3,N/A,3.5,3.5,1,N/A,1044539326000,N/A,1040,N/A,,N/A,[],people,people
