attendance,clarityColor,easyColor,helpColor,helpCount,id,notHelpCount,onlineClass,quality,rClarity,rClass,rComments,rDate,rEasy,rEasyString,rErrorMsg,rHelpful,rInterest,rOverall,rOverallString,rStatus,rTextBookUse,rTimestamp,rWouldTakeAgain,sId,takenForCredit,teacher,teacherGrade,teacherRatingTags,unUsefulGrouping,usefulGrouping
Mandatory,poor,good,poor,0,29319092,0,,awful,1,BIOL101,"I am an A,B student but this class gave my a challenge like I've never before seen. In all my other classes I didn't extremely well but this class lets just say I have to retake it. If you can avoid this teacher at all cost. I am good friends with a large amount of people in this class and they said they have to retake this class again as well.",12/22/2017,5.0,5.0,,1,N/A,1.0,1.0,1,Yes,1513968137000,No,1040,Yes,,F,"['Tough grader', 'Lecture heavy']",people,people
Mandatory,poor,good,poor,0,29318991,0,,awful,1,BIOL101,When going in to this class I didn't expect her to be hard but boy was I wrong. I studied almost all day everyday and I went to her office hours but that didn't help. She gives quizzes every week and says that they are based on the week before material. But when you get the quizzes they have no correlation with the material.,12/22/2017,5.0,5.0,,1,N/A,1.0,1.0,1,Yes,1513967237000,No,1040,Yes,,F,"[""Skip class? You won't pass."", 'Tough grader']",people,people
N/A,average,good,average,0,27726952,0,,poor,2,BIO041,It was somewhat obvious that she had never taught a college class before and her lectures were highly unhelpful and she didn't really know how to structure topics so that we could understand them. The powerpoints are highly unorganized and seem out of order. I didn't use the textbook but I think that the textbook is probably the best study material,01/13/2017,4.0,4.0,,2,N/A,2.0,2.0,1,No,1484309335000,No,1040,Yes,,B,[],people,people
Mandatory,average,good,average,0,27705988,0,,poor,2,BIO41,"Her powerpoints look organized to begin with, but then u realize theyre just an outline of the book, which is soo disorganized. Prepare before lecture by deciphering the book and when her powerpoint slides transition to different topics. She reads directly off the powerpoint. learning catalytics questions are vague and simple (nothing like test)",01/10/2017,4.0,4.0,,2,N/A,2.0,2.0,1,Yes,1484019717000,No,1040,Yes,,A,"['Tough grader', 'Test heavy', 'Get ready to read']",people,people
