attendance,clarityColor,easyColor,helpColor,helpCount,id,notHelpCount,onlineClass,quality,rClarity,rClass,rComments,rDate,rEasy,rEasyString,rErrorMsg,rHelpful,rInterest,rOverall,rOverallString,rStatus,rTextBookUse,rTimestamp,rWouldTakeAgain,sId,takenForCredit,teacher,teacherGrade,teacherRatingTags,unUsefulGrouping,usefulGrouping
N/A,good,average,good,0,17674329,0,,good,4,EC11,"Fairly mathy. Problem sets are online and include practice sets before the graded ones. It may be time consuming, but it is easy to succeed if you put in the effort. Exams are equally straightforward. This class has no surprises - try hard, do well.",10/20/2010,2.0,2.0,,4,Really into it,4.0,4.0,1,No,1287578518000,N/A,1040,N/A,,N/A,[],people,people
N/A,average,good,average,0,15844362,0,,good,3,EC011,"Lectures dragged on some times (2 75-minute classes) and it was hard to stay focussed. She lectures very well and having a small class was nice. Definitely read the chapters before class, it helps a lot. 2 problem sets every week (including practice ones that help prep). Exams are extremely difficult but all of them were curved a lot.",05/15/2009,4.0,4.0,,4,Sorta interested,3.5,3.5,1,Yes,1242389200000,N/A,1040,N/A,,N/A,[],people,people
N/A,good,good,good,0,15609006,0,,awesome,4,EC02,No Comments,04/05/2009,4.0,4.0,,5,Really into it,4.5,4.5,1,Yes,1238945935000,N/A,1040,N/A,,N/A,[],people,people
N/A,good,average,good,0,15479084,0,,awesome,4,EC11,She's a wonderful professor who has a very clear enthusiasm for the course.,02/21/2009,2.0,2.0,,5,Sorta interested,4.5,4.5,1,No,1235235095000,N/A,1040,N/A,,N/A,[],people,people
