attendance,clarityColor,easyColor,helpColor,helpCount,id,notHelpCount,onlineClass,quality,rClarity,rClass,rComments,rDate,rEasy,rEasyString,rErrorMsg,rHelpful,rInterest,rOverall,rOverallString,rStatus,rTextBookUse,rTimestamp,rWouldTakeAgain,sId,takenForCredit,teacher,teacherGrade,teacherRatingTags,unUsefulGrouping,usefulGrouping
Not Mandatory,good,average,good,28,31100764,0,,good,4,EC60,"Prof. Brown's lectures are pretty interesting-- she talks a lot about the history and political context surrounding the concepts she discusses, which really puts everything into perspective. Exams were extremely easy if you do the problem sets and the practice exams. She genuinely wants her students to succeed.",12/19/2018,2.0,2.0,,4,N/A,4.0,4.0,1,No,1545241912000,Yes,1040,Yes,,N/A,"['Lecture heavy', 'Clear grading criteria', 'Caring']",people,people
N/A,good,average,good,0,30900293,0,,good,4,EC60,"Professor Brown is extremely kind and clearly passionate about her subject. I enjoyed my class with her. If you show up to class and do the (very short) weekly problem-sets, you can easily get an A in this class. Sometimes lecture can feel a bit slow, but just show up, do the minimal homework, take notes, and you'll be golden.",12/06/2018,2.0,2.0,,4,N/A,4.0,4.0,1,No,1544122378000,Yes,1040,Yes,,N/A,[],people,people
Not Mandatory,good,average,good,0,30881073,0,,good,4,EC60,She is an easy grader who gives a lot of softballs. Her exams come from her power points and she will sometimes repeat questions from past exams. She is passionate about what she does and makes the content pretty digestible and wants to make sure you know it.,12/05/2018,2.0,2.0,,4,N/A,4.0,4.0,1,No,1544032208000,No,1040,Yes,,B+,"['Caring', 'Lecture heavy']",people,people
N/A,good,average,good,0,26529351,0,,good,4,EC60,"Really passionate about the material and you can tell she's not ""out to get"" students and her exams are straightforward. Extremely helpful if you take the initiative  and reach out.",05/10/2016,3.0,3.0,,4,N/A,4.0,4.0,1,No,1462899251000,Yes,1040,Yes,,N/A,"['Caring', 'Inspirational']",people,people
Not Mandatory,average,average,average,0,25992658,0,,good,3,EC161,"She's really nice and knowledgeable. The material she teaches is very interesting and the class really helped me gain an in-depth understanding of international trade. Her voice  can be hard to hear sometimes, so I'd recommend to sit close to the front row.",01/25/2016,3.0,3.0,,4,It's my life,3.5,3.5,1,No,1453763785000,N/A,1040,Yes,,A-,[],people,people
Mandatory,average,average,average,0,24768323,0,,average,2,INTR92,"I took this class as a freshman, which likely altered my experience as I did not have a clear direction for the research project, the goal of the class. I learned a lot about gender issues and economics, and while her work was really interesting, the class was not well organized and depended on student proactivity.",05/07/2015,3.0,3.0,,3,Sorta interested,2.5,2.5,1,No,1431014384000,N/A,1040,Yes,,N/A,"['Lots of homework', 'Respected']",people,people
N/A,poor,good,poor,1,22782360,0,,awful,1,EC60,"disorganized. Used recitations as test and quiz taking times. Quizzes were totally random, and graded unfairly. Class was boring. Avoid this class and Drusilla.",01/22/2014,5.0,5.0,,1,Meh,1.0,1.0,1,No,1390409918000,N/A,1040,N/A,,N/A,[],people,person
Not Mandatory,average,average,average,1,22589837,0,,poor,2,EC60,"I do not recommend taking EC60 with Professor Brown. It was very disorganized, lectures were boring and confusing, quiz/test questions were impossible to predict, and quizzes were in Friday recitation! Professor Brown is a genuinely nice person but this class was a complete mess.",12/17/2013,3.0,3.0,,2,Meh,2.0,2.0,1,No,1387300286000,N/A,1040,N/A,,N/A,[],people,person
N/A,good,average,average,0,18102213,0,,average,4,EC161,"Echoing a previous comment, Professor Brown is very knowledgable, but she is often hurried and frantic during interactions outside of class.  If you schedule a meeting with her, remember to email her earlier that day to remind her, otherwise she will forget.  Also, assume that she will arrive to the meeting at least ten minutes late.",01/08/2011,3.0,3.0,,2,Really into it,3.0,3.0,1,Yes,1294487467000,N/A,1040,N/A,,N/A,[],people,people
N/A,good,good,good,0,17674308,0,,good,4,EC60,LOVE. Succeeding in this class isn't hard when you know the tricks. Read the &quot;boxes&quot; in the textbook with real-world examples. She loves those. Also the people who come up with the theories matter as much as the theories. She always stops for questions. This is a really cool class. Don't let the exam take you by surprise.,10/20/2010,4.0,4.0,,4,Really into it,4.0,4.0,1,Yes,1287578168000,N/A,1040,N/A,,N/A,[],people,people
N/A,average,good,average,1,15966836,0,,average,3,EC60,"Drusilla's class will, in fact, kill your dreams.  Exams are unpredictable and are graded arbitrarily by TA's.  Professor Brown is extremely knowledgeable, and can explain anything 1 on 1 - the problem is getting to that scenario with 100 kids in the class.",06/16/2009,4.0,4.0,,3,Really into it,3.0,3.0,1,Yes,1245176960000,N/A,1040,N/A,,N/A,[],people,person
N/A,average,good,average,1,15617140,0,,poor,2,EC60,"Probably her first time teaching this course. She was enthusiastic about the material, but wasn't able to explain it well to the class. She moves very fast, which ends up with a lot of puzzled and lost faces in the lecture. The class average for the first exam was a D-. The exam material was 10X more specific. They call her Drusilla the Dream Killa",04/07/2009,5.0,5.0,,2,Sorta interested,2.0,2.0,1,Yes,1239100253000,N/A,1040,N/A,,N/A,[],people,person
N/A,good,average,good,0,12953916,1,,good,5,EC17,"Great Professor. She knows A LOT about economics. Class starts out a little slow but picks up later on. Exam questions are out of the blue sometimes, but not overly difficult.",03/30/2007,3.0,3.0,,3,Really into it,4.0,4.0,1,Yes,1175263955000,N/A,1040,N/A,,N/A,[],person,people
N/A,good,average,good,0,12228668,0,,awesome,5,ECON16,"She is great.  The only thing I would say is that the problems on test are sometimes odd choices.  It's not like it's something you haven't learned, or that is particularly difficult, it's just weird.  She is really smart and fun though and I am asking her to be my advisor.",09/12/2006,2.0,2.0,,5,It's my life,5.0,5.0,1,Yes,1158092901000,N/A,1040,N/A,,N/A,[],people,people
N/A,average,average,poor,1,11648116,0,,poor,2,EC17,"She was horrible, the least helpful prof i've seen thus far.",04/03/2006,3.0,3.0,,1,Really into it,1.5,1.5,1,N/A,1144054710000,N/A,1040,N/A,,N/A,[],people,person
N/A,poor,good,poor,1,10556213,0,,awful,1,EC17,No Comments,10/05/2005,4.0,4.0,,1,Really into it,1.0,1.0,1,N/A,1128541857000,N/A,1040,N/A,,N/A,[],people,person
N/A,average,average,average,1,4062377,0,,average,3,EC17,"She can be a little mean sometimes untentionally, by picking on students in class.  Some lectures are unclear, and her tests are poorly conceived.  She is not very helpful in her office hours, and his very little time.  She does have enthusiam for the subject, however.",07/06/2005,3.0,3.0,,2,Really into it,2.5,2.5,1,N/A,1120656284000,N/A,1040,N/A,,N/A,[],people,person
N/A,good,good,good,0,3113919,1,,awesome,5,EC191,"The class I had with her was about globalization and labor standards. She was extremely knowledgeable on the subject and communicated ideas, theories, and facts effectively. Great upper-level research paper class.",12/25/2004,4.0,4.0,,5,Sorta interested,5.0,5.0,1,N/A,1104018001000,N/A,1040,N/A,,N/A,[],person,people
N/A,average,average,average,0,2734553,0,,poor,2,EC17,"She often asks students to check her arithmetic...she wants her students to do well but doesn't always communicate the material well. Problem sets, 3 midterms, optional final.",11/14/2004,2.0,2.0,,2,Really into it,2.0,2.0,1,N/A,1100474872000,N/A,1040,N/A,,N/A,[],people,people
N/A,average,average,average,0,1935252,0,,average,2,EC17,"A nice person, but going to office hours doesn't really help.",04/11/2004,3.0,3.0,,3,N/A,2.5,2.5,1,N/A,1081695879000,N/A,1040,N/A,,N/A,[],people,people
N/A,good,average,average,0,789853,0,,good,4,EC17,Always seems to busy to help much,04/04/2003,3.0,3.0,,3,N/A,3.5,3.5,1,N/A,1049482456000,N/A,1040,N/A,,N/A,[],people,people
N/A,good,average,good,0,545663,0,,awesome,5,EC161,No Comments,02/06/2003,2.0,2.0,,5,N/A,5.0,5.0,1,N/A,1044537116000,N/A,1040,N/A,,N/A,[],people,people
