attendance,clarityColor,easyColor,helpColor,helpCount,id,notHelpCount,onlineClass,quality,rClarity,rClass,rComments,rDate,rEasy,rEasyString,rErrorMsg,rHelpful,rInterest,rOverall,rOverallString,rStatus,rTextBookUse,rTimestamp,rWouldTakeAgain,sId,takenForCredit,teacher,teacherGrade,teacherRatingTags,unUsefulGrouping,usefulGrouping
Mandatory,good,good,good,0,27185080,1,,awesome,5,PHY11,"best, hardest &most rewarding class I have ever taken. Prof Hammer really wants his students to succeed, very accessible, explains it to you in crazy ways to help you understand, easy to talk to about physics or life. unconventional class but you ACTUALLY learn, disliked by ppl who just want to use equations & not understand.  tough but worth it 3",11/14/2016,4.0,4.0,,5,N/A,5.0,5.0,1,No,1479154211000,Yes,1040,Yes,,N/A,"['Accessible outside class', 'Caring', 'Gives good feedback']",person,people
Mandatory,poor,average,poor,1,25308030,0,,poor,1,PHY11,"Hammer is into physics education reform, which is great, but the execution of these changes is mostly unsuccessful. Lectures and the notes are not insightful, labs are graded completely haphazardly, and the class as a whole doesn't prepare you for a thorough understanding of kinematics. I agree with the previous poster about the condescending tone.",10/28/2015,3.0,3.0,,2,Low,1.5,1.5,1,No,1446071381000,N/A,1040,Yes,,A,[],people,person
N/A,poor,good,poor,1,23658370,0,,awful,1,PHY11,He does an awful job of explaining and he's very condescending. Avoid if you can!,10/15/2014,4.0,4.0,,1,Sorta interested,1.0,1.0,1,No,1413385169000,N/A,1040,Yes,,N/A,[],people,person
N/A,good,good,good,0,20712967,1,,awesome,4,PHYS11,"He's from the Education Department, but he knows his stuff. His lecture style is hard to get use to, but I feel like I learned physics and why things work the way they do. He is SO extremely helpful outside of class as well. Take Physics 11 with him!",10/18/2012,4.0,4.0,,5,Really into it,4.5,4.5,1,No,1350562451000,N/A,1040,N/A,,N/A,[],person,people
N/A,average,good,average,1,20030105,0,,average,2,PHYS11,"Seems to want students to succeed, but grading system seems set up almost to set up students to do poorly. Lectures could be more clear, and recitations leave more questions asked than answers explained",04/11/2012,5.0,5.0,,3,Really into it,2.5,2.5,1,No,1334143511000,N/A,1040,N/A,,N/A,[],people,person
N/A,average,good,poor,1,20021553,0,,poor,2,PHY11,"Easiness: Exams are curved to 65s with the average being a C. The grading scheme is also... bizarre. Clarity: Uh... yeah. Not much. Interest level: It WAS very high but not anymore. Textbook Use: Not existent. Concepts are stressed more than math, but much of the reasoning behind everything is lost without the mathematics component. Very confusing.",04/10/2012,5.0,5.0,,1,Really into it,1.5,1.5,1,No,1334022237000,N/A,1040,N/A,,N/A,[],people,person
N/A,good,average,good,0,19909121,0,,awesome,5,PHYSK,"He's one of the nicest professors I've met here at Tufts. Extremely accessible and stresses understanding the concepts above just memorizing formulas. On the problem sets, even if you get the question completely wrong, he's more concerned with you being able to reason with your answer and being able to explain and critique your way of thinking.",03/14/2012,3.0,3.0,,5,Sorta interested,5.0,5.0,1,No,1331720389000,N/A,1040,N/A,,N/A,[],people,people
N/A,good,average,good,0,18480706,0,,awesome,4,PHYS011,"Hammer makes himself very available to help and is genuinely concerned with students' progress. He stressed conceptual understanding over formula memorization on his exams, which did frustrate some people. There was a short video to watch for each class, and a weekly problem set. Overall a very good teacher with a difficult but rewarding class.",04/27/2011,3.0,3.0,,5,Low,4.5,4.5,1,Yes,1303936680000,N/A,1040,N/A,,N/A,[],people,people
