attendance,clarityColor,easyColor,helpColor,helpCount,id,notHelpCount,onlineClass,quality,rClarity,rClass,rComments,rDate,rEasy,rEasyString,rErrorMsg,rHelpful,rInterest,rOverall,rOverallString,rStatus,rTextBookUse,rTimestamp,rWouldTakeAgain,sId,takenForCredit,teacher,teacherGrade,teacherRatingTags,unUsefulGrouping,usefulGrouping
N/A,average,average,average,0,30001352,0,,average,3,PS99,"Friendly prof especially in office hours, but very strange about essay grading criteria and gives super unclear prompts. I was able to get a good grade but it was a process of stress, trying to somehow discern what he wanted, last minute emailing and freaking out in office hours. Very nice to talk to though and does want his students to succeed.",05/06/2018,3.0,3.0,,3,N/A,3.0,3.0,1,No,1525614356000,Yes,1040,Yes,,N/A,"['Accessible outside class', 'So many papers']",people,people
Mandatory,average,good,average,0,29916565,0,,poor,2,PS131,"Not the best of Tufts' PS department. Harsh grader, and does not know how to design good essay questions. He has not let us out on time a single time this semester. Does not know how to structure class time well. 'Discussions' are you just parroting the readings, and not actually thinking/discussing. Content is interesting but I can't recommend.",04/27/2018,4.0,4.0,,2,N/A,2.0,2.0,1,No,1524855181000,No,1040,Yes,,N/A,"['Get ready to read', 'Tough grader']",people,people
Mandatory,average,good,average,9,26548531,0,,average,2,PS131,Difficult professor - unclear what he wants on essays and a very harsh grader. Would not recommend.,05/11/2016,4.0,4.0,,3,N/A,2.5,2.5,1,No,1463009411000,N/A,1040,Yes,,N/A,[],people,people
N/A,average,good,good,5,20581921,4,,good,3,GOVS20,"I took Fujihira's comparative politics class during the summer as a highschooler. It was interesting, engaging, and well taught; nevertheless, the course-load seemed excessive. The class felt as if all the material from the semester class was crammed into a 7 week regiment. Still, Fujihira is a wonderful. Grade wise, it seems as if maybe 20% got As",08/16/2012,4.0,4.0,,5,Really into it,4.0,4.0,1,Yes,1345157704000,N/A,1040,N/A,,N/A,[],people,people
N/A,good,average,good,1,19652430,0,,awesome,5,GOVT20,"(cont'd) He includes interesting videos and jokes in his lectures. He organises all his lecture points clearly on a handout. He offers to read through essay drafts and his comments clarifies his expectations well. If you follow all his comments on your draft, you should do well. He is prompt on returning homework.",01/02/2012,3.0,3.0,,5,Really into it,5.0,5.0,1,Yes,1325509171000,N/A,1040,N/A,,N/A,[],people,person
N/A,good,average,good,2,19652412,0,,awesome,5,GOVT20,"A very good professor who is very knowledgeable. He is really passionate about what he teaches. Although it was formatted as a lecture, he encouraged much discussion, being deliberate about leaving time for it and engaging seriously with students' points.",01/02/2012,3.0,3.0,,5,Really into it,5.0,5.0,1,Yes,1325508960000,N/A,1040,N/A,,N/A,[],people,people
N/A,average,average,average,1,18980108,0,,good,3,GOVT20,READ READ READ and you will do well. I didnt read half of his lectures and didnt do that well (B-)....,09/05/2011,3.0,3.0,,4,Low,3.5,3.5,1,Yes,1315264713000,N/A,1040,N/A,,N/A,[],people,person
N/A,good,good,good,4,13616265,0,,awesome,4,PS131,"Definitely knows his material, and is very helpful, easygoing, etc. Assigns very interesting readings. Some may consider his speaking style to be boring. The only problem is that he tends to give long-winded answers to questions asked during discussions, but if you can get past that he's a very good teacher.",11/07/2007,4.0,4.0,,5,It's my life,4.5,4.5,1,No,1194470952000,N/A,1040,N/A,,N/A,[],people,people
N/A,good,average,good,2,13279734,0,,awesome,5,PS131,"I love this guy. Dem&Capt in Japan is amazing! The course is SO informative and fascinating, on culture, history, politics of East Asia, and Fuj is hilarious and keeps it interesting. He gives multiple grading opportunities - not common for a PS course at Tufts - and is really understanding about extensions and such. Don't miss this class.",06/20/2007,2.0,2.0,,5,Really into it,5.0,5.0,1,No,1182352616000,N/A,1040,N/A,,N/A,[],people,people
N/A,good,average,average,0,13132160,0,,average,4,PS21,"pretty good professor, knows his stuff well.  powerpoints contain all the information, most of the exam questions are given to you beforehand so no reason anyone can't get an A or B in the class",05/08/2007,3.0,3.0,,2,Really into it,3.0,3.0,1,No,1178661741000,N/A,1040,N/A,,N/A,[],people,people
N/A,good,good,good,0,10921376,0,,awesome,5,PS21COMPPOL,"He is an excelent professor. I found him extremely knowledgable in the Comparative Politics course, and perticurally so on South Asia as that is his area of concentration. The reading load is heavy, though worth it, and the lectures (always in a structured powerpoint) really help make sense of them. He was helpful, insightful, organized + flexible.",11/16/2005,4.0,4.0,,5,Really into it,5.0,5.0,1,N/A,1132145647000,N/A,1040,N/A,,N/A,[],people,people
N/A,good,average,good,0,3259925,0,,awesome,4,PS21,"fujihira is a good lecturer, organized and extremely knowledgeable, but he tends to allow certain members of the class to dominate the discussion.  also, his TAs are all huge pricks, but fujihira is a genuinely nice guy who will be a big help if you seek him out.",01/21/2005,3.0,3.0,,5,Really into it,4.5,4.5,1,N/A,1106327699000,N/A,1040,N/A,,N/A,[],people,people
N/A,average,average,average,1,2734142,0,,average,2,COMPARATIVEPOL,"The material could be interesting, but he is pretty boring.  There is a ton of reading for comparative politics, but not all of it has too be done.  He goes over a lot in class, but is not clear, so note-taking can be confusing.  He is very devoted to the course which is good",11/14/2004,3.0,3.0,,3,Really into it,2.5,2.5,1,N/A,1100472052000,N/A,1040,N/A,,N/A,[],people,person
N/A,good,average,good,0,864978,0,,awesome,4,PS131,No Comments,04/22/2003,3.0,3.0,,5,N/A,4.5,4.5,1,N/A,1051008368000,N/A,1040,N/A,,N/A,[],people,people
