attendance,clarityColor,easyColor,helpColor,helpCount,id,notHelpCount,onlineClass,quality,rClarity,rClass,rComments,rDate,rEasy,rEasyString,rErrorMsg,rHelpful,rInterest,rOverall,rOverallString,rStatus,rTextBookUse,rTimestamp,rWouldTakeAgain,sId,takenForCredit,teacher,teacherGrade,teacherRatingTags,unUsefulGrouping,usefulGrouping
N/A,average,poor,average,1,24913618,0,,good,2,WL007101,"Her most worthwhile class by far is Scandinavian Literature, and it was one of the best classes I've taken. It was somewhat disorganized, had no clear grading policy, and would have been easy to skate by in. However, she picks a truly amazing set of readings, and then expects you to be an adult and learn something from them. Feels like grad school.",05/28/2015,1.0,1.0,,5,It's my life,3.5,3.5,1,Yes,1432824189000,Yes,1040,Yes,,N/A,[],people,person
N/A,poor,poor,poor,0,22424406,0,,awful,1,GER153,"Prof. Ascher is a wonderful, understanding, kind, sweet person. That said, her teaching style leaves a lot to be desired. I really feel like we didn't learn that much about the subject, and there was very little organization or focus in the course's direction. Readings are long and can be arduous. Don't take GER 153 with her.",12/03/2013,1.0,1.0,,1,Really into it,1.0,1.0,1,Yes,1386095697000,N/A,1040,N/A,,N/A,[],people,people
N/A,average,average,poor,1,21549578,0,,poor,2,SCANDLIT,"Clearly passionate about her subject, but disorganized. Class does not follow the schedule: spends several weeks on a single book, realizes we are way behind and is rushes through the rest. Few readings, two tests, and a ""freestyle"" project. No clear grading, which makes things difficult. Very hard to get her attention in class.",04/17/2013,3.0,3.0,,1,Really into it,1.5,1.5,1,Yes,1366166599000,N/A,1040,N/A,,N/A,[],people,person
N/A,average,good,average,0,20212436,1,,poor,2,WL78,"Prof Ascher is a nice enough woman.. but as a teacher her grading is a little unclear, and she doesn't pace the course very well. The first few weeks have no work whatsoever, but by the last few, you'll be expected to cram read 5 books for the final. Nice woman, but somewhat unorganized- still, the material was interesting",05/06/2012,4.0,4.0,,2,Sorta interested,2.0,2.0,1,Yes,1336346907000,N/A,1040,N/A,,N/A,[],person,people
N/A,average,poor,good,1,17642252,0,,good,3,SCNDWL71,"Gloria is a great teacher and a very sweet person. Her genuine interest in Scandinavian literature made me fall in love with it as well. Easy to pass and easy to love. Unforgettable class, read a lot of good books. I highly recommend it",10/09/2010,1.0,1.0,,5,Sorta interested,4.0,4.0,1,Yes,1286583778000,N/A,1040,N/A,,N/A,[],people,person
N/A,poor,average,poor,0,15734728,1,,awful,1,SPN91,Worst teacher alive.  I am fluent in Spanish and I failed the midterm.  This class is completely useless and unorganized.  I feel stupider after taking this class.  STAY AWAY!,04/29/2009,3.0,3.0,,1,Low,1.0,1.0,3,Yes,1241049301000,N/A,1040,N/A,,N/A,[],person,people
N/A,good,poor,good,0,15006911,0,,awesome,5,WL71,"Professor Ascher is the sweetest professor I've had at Tufts and certainly my favorite.  Her passion for the subject material makes the class fun to attend and the subject matter interesting. She starts every class by showing you pictures/articles of Iceland and viking related things for about 30 min.  Take a class with her, you won't regret it.",11/17/2008,1.0,1.0,,5,Low,5.0,5.0,1,Yes,1226889058000,N/A,1040,N/A,,N/A,[],people,people
N/A,good,poor,good,0,15006910,0,,awesome,5,WL0071,"I love Gloria Ascher. Her passion for her subject is infectious. Sclit has never been so interesting.  She loved any participation and class began with show and tell. Prof. Ascher is approachable and very sweet. Not all the readings were that interesting, but Ascher knows how to convince you that you liked them. Take this class for  Thor's sake!",11/17/2008,1.0,1.0,,5,Meh,5.0,5.0,1,Yes,1226889054000,N/A,1040,N/A,,N/A,[],people,people
N/A,poor,poor,poor,0,13570151,0,,poor,1,WL72,"This class was absolutely terrible.  The majority of the semester was spent on one text, and then 4 were crammed in the last week of class. It usually took her between 20-40 minutes to actually start class, she rambled, and the class was extremely repetitive.  Extremely easy to get an A, really wonderful person, but horrible horrible class.",10/29/2007,1.0,1.0,,2,Sorta interested,1.5,1.5,1,No,1193622626000,N/A,1040,N/A,,N/A,[],people,people
N/A,average,poor,average,0,13202054,0,,average,3,JW01,"Possibly the sweetest woman alive, but the class can be... a little painful to sit through. She's wonderful but because she is easygoing a lot of people take her class just to fool around, and she doesnt hear that well so she doesn't always know... have a heart, people. Anyway, don't expect to learn a lot, but it IS an easy A, and she's sweet.",05/22/2007,1.0,1.0,,2,It's my life,2.5,2.5,1,No,1179874383000,N/A,1040,N/A,,N/A,[],people,people
N/A,good,poor,good,0,10686890,0,,awesome,5,SCANDINAVIANLI,her class is awesome and prof. asches is just really nice. the class was amazing and not too demanding other than the readings which are actually really cool. midterm and final were extremely easy. i seriously recommend this class because it is AWESOME. one of those classes you won't forget.,11/02/2005,1.0,1.0,,5,Low,5.0,5.0,1,N/A,1130955288000,N/A,1040,N/A,,N/A,[],people,people
N/A,good,poor,good,0,10715692,0,,awesome,5,JEWISHWOMEN,No Comments,09/27/2005,1.0,1.0,,5,It's my life,5.0,5.0,1,N/A,1127854989000,N/A,1040,N/A,,N/A,[],people,people
N/A,good,average,good,0,2859567,0,,good,4,SEPHARDICLIT,"She is so sweet and very passionate about the subject. She invited the class to her house to learn more about Ladino and Sephardic Jewish culture. She's a little spacey, but lectures are still very interesting.",11/30/2004,2.0,2.0,,4,It's my life,4.0,4.0,1,N/A,1101808875000,N/A,1040,N/A,,N/A,[],people,people
N/A,average,poor,good,0,2109569,0,,good,3,LADINO1,she is the hottest professor.,05/08/2004,1.0,1.0,,5,N/A,4.0,4.0,1,N/A,1083976653000,N/A,1040,N/A,,N/A,[],people,people
N/A,good,poor,good,0,938682,0,,good,4,LADINO1,"She's absolutely a nut but has a real passion for the class and really wants you to love it too. Projects are creative, fun and easy. And she wears purple shoes. We think she made up the language.",05/08/2003,1.0,1.0,,4,N/A,4.0,4.0,1,N/A,1052357838000,N/A,1040,N/A,,N/A,[],people,people
N/A,good,good,good,0,874655,0,,awesome,5,WL71,Scandinavian literature was very interesting and she had great enthusiasm and knowledge for the subject matter.,04/23/2003,4.0,4.0,,4,N/A,4.5,4.5,1,N/A,1051120980000,N/A,1040,N/A,,N/A,[],people,people
N/A,average,poor,average,0,865907,0,,poor,2,JS73,No Comments,04/22/2003,1.0,1.0,,2,N/A,2.0,2.0,1,N/A,1051016240000,N/A,1040,N/A,,N/A,[],people,people
N/A,average,poor,average,0,865385,0,,poor,2,JS78,"She loves the subject, but she's a horrible teacher.  Sitting through her lectures is torture.  She couldn't hold the class' attention because she rambled and mumbled far too often.  She gives an easy A, but it's hellish to go to class.",04/22/2003,1.0,1.0,,2,N/A,2.0,2.0,1,N/A,1051012126000,N/A,1040,N/A,,N/A,[],people,people
N/A,good,average,good,0,656612,0,,awesome,4,WL,Scandanavian Literature was the best course I took at Tufts.,02/28/2003,2.0,2.0,,5,N/A,4.5,4.5,1,N/A,1046474908000,N/A,1040,N/A,,N/A,[],people,people
N/A,average,average,average,0,548975,0,,poor,2,JS,No Comments,02/07/2003,2.0,2.0,,2,N/A,2.0,2.0,1,N/A,1044624909000,N/A,1040,N/A,,N/A,[],people,people
N/A,average,poor,average,0,543765,0,,average,2,JS73,"sweet woman, wonderful reading assignments, lectures were boring",02/05/2003,1.0,1.0,,3,N/A,2.5,2.5,1,N/A,1044472790000,N/A,1040,N/A,,N/A,[],people,people
