attendance,clarityColor,easyColor,helpColor,helpCount,id,notHelpCount,onlineClass,quality,rClarity,rClass,rComments,rDate,rEasy,rEasyString,rErrorMsg,rHelpful,rInterest,rOverall,rOverallString,rStatus,rTextBookUse,rTimestamp,rWouldTakeAgain,sId,takenForCredit,teacher,teacherGrade,teacherRatingTags,unUsefulGrouping,usefulGrouping
Mandatory,good,average,good,1,30547889,0,,awesome,5,EC114,"Total competence, so easy to get along with, the only professor who sent out a form asking what we wanted her to do, and what we wanted out of the classes, and what we thought about the tests. One of those classes that if you show up, and participate you will do well on the test - because she makes it just that easy. She is a queen. I always enjoy",10/06/2018,3.0,3.0,,5,N/A,5.0,5.0,1,No,1538837576000,Yes,1040,Yes,,N/A,"['Accessible outside class', 'Respected', 'Amazing lectures']",people,person
Mandatory,good,good,good,2,27052610,0,,awesome,5,EC11,"Laura Gee is by far the ONLY competent Economics professor at Tufts. Other professors are intelligent, but are unable to convey this intelligence to students. Prof. Gee manages to do exactly this, while making her classes interesting and even entertaining. I hope that she is the future of the Econ department, leaving the other professors behind.",10/19/2016,4.0,4.0,,5,N/A,5.0,5.0,1,Yes,1476836560000,Yes,1040,Yes,,A-,"['Caring', 'Respected', 'Accessible outside class']",people,people
Mandatory,good,average,good,4,25246857,0,,awesome,5,EC11,Great teacher- Very clear. Exams can be hard but its mostly from notes you take in class so its fine,10/12/2015,3.0,3.0,,4,Low,4.5,4.5,1,Yes,1444682292000,N/A,1040,Yes,,N/A,[],people,people
N/A,good,average,good,5,24716079,0,,awesome,5,EC191,"This class was definitely one of the most interesting I have taken. She's very nice, enthusiastic, and incredibly clear in explaining the class material. Tests, grading, and assignments are fair. Take good notes in class and you will be fine. I highly recommend taking any classes with her. This was my second class with her, I wish she taught more.",05/01/2015,3.0,3.0,,5,Really into it,5.0,5.0,1,No,1430489316000,N/A,1040,Yes,,N/A,[],people,people
N/A,good,average,good,4,24712862,0,,awesome,5,EC191,"One of the most interesting and engaging Econ classes I've taken at Tufts. Lectures are very clear and understandable, tests can throw a few curveballs but very fair overall. Problem sets are useful practice and generally pretty doable. ",05/01/2015,3.0,3.0,,4,It's my life,4.5,4.5,1,No,1430440016000,Yes,1040,Yes,,N/A,"['Clear grading criteria', 'Respected']",people,people
N/A,good,average,good,1,23966663,0,,awesome,5,EC11,"Professor Gee is really clear with the lectures, doesn't go too fast, and is very willing to explain any confusing concepts. However, if you're comfortable with doing algebra and simple derivatives, the class can be really boring and slow. Tests, grading, and assignments are all very fair.",12/06/2014,2.0,2.0,,5,Low,5.0,5.0,1,No,1417829337000,N/A,1040,N/A,,N/A,"['Respected', 'Clear grading criteria']",people,person
Mandatory,average,good,average,0,23728443,2,,average,2,EC11,"Im a very confused by the past reviews.  To put it frank, Laura Gee is not a good teacher.  Her class is the most dreadfully boring one I have ever taken at Tufts, her notes are rather disorganized, and her teaching style is really poor.  Expect to take simple notes ping ponging from subject to subject and then an exam she has not  prepared u for!",11/02/2014,4.0,4.0,,3,Sorta interested,2.5,2.5,1,No,1414955820000,N/A,1040,Yes,,A-,"['Lecture heavy', 'Tough grader']",people,people
Mandatory,good,average,good,3,23229805,0,,good,4,EC11,"Very kind and very caring professor, goes very far for her students and wants them to do well. I recommend for Micro!",05/12/2014,3.0,3.0,,4,It's my life,4.0,4.0,1,Yes,1399922681000,N/A,1040,N/A,,N/A,[],people,people
N/A,good,average,good,3,23197261,0,,awesome,5,EC11,"Prof. Gee is probably the best economics professor at Tufts. I highly recommend taking any classes with her. Her teaching style is really clear and you know what to expect on the exams. She is also very clear about where she expects the median of the class to be, so you can gauge your performance relative to the class. Strongly recommend this prof!",05/08/2014,2.0,2.0,,5,Sorta interested,5.0,5.0,1,Yes,1399550808000,N/A,1040,N/A,,N/A,[],people,people
Mandatory,average,average,average,2,23180795,6,,average,3,EC11,"She is HORRIBLE at giving partial credit. Beware.. Likes to pretend to care but lets her TA grade everything and her TA is clearly gives everything a precursory glance or Laura does not clearly write out how to give partial credit. Really disappointing. I took her bc I heard she was a good teacher, i didnt care if she was hard, but not that great",05/06/2014,3.0,3.0,,3,It's my life,3.0,3.0,1,Yes,1399408321000,N/A,1040,N/A,,N/A,[],people,people
Mandatory,good,average,good,3,22766174,0,,awesome,5,EC191,"The class was a really interesting crossover between psychology and economics and definitely presented a different perspective than other econ classes at Tufts. Professor Gee was very enthusiastic, receptive, and extremely clear in her presentation of the material",01/17/2014,2.0,2.0,,5,It's my life,5.0,5.0,1,Yes,1389969767000,N/A,1040,N/A,,A,[],people,people
Mandatory,good,average,good,2,22766173,0,,awesome,5,EC191,"This was Professor Gee's first time teaching the course, and I thought she did a great job with it! I only rarely used the textbook- if you pay attention to class and keep track of the handouts, you should do fine. Behavioral economics is a fairly new and evolving field as well, so it's an interesting class to take!",01/17/2014,2.0,2.0,,5,Really into it,5.0,5.0,1,No,1389969752000,N/A,1040,N/A,,A-,[],people,people
Not Mandatory,good,poor,good,2,22575258,1,,good,4,EC11,Take notes in class and do the problem sets diligently and you're guaranteed a good grade.,12/16/2013,1.0,1.0,,4,Really into it,4.0,4.0,1,No,1387215538000,N/A,1040,N/A,,N/A,[],person,people
Mandatory,average,average,average,2,22304437,0,,good,3,,As long as you take good notes and solve the problem sets on your own - you shall do well. She's a great teacher for this course!,11/12/2013,2.0,2.0,,4,Really into it,3.5,3.5,1,No,1384299218000,N/A,1040,N/A,,N/A,[],people,people
N/A,good,average,good,4,22255249,0,,awesome,5,0716759756,"Love professor Gee. Really good notes, and there is no need to self-teach like with other bad teachers. Helpful in office hours, and actually enthusiastic about teaching. Good class notes, fair tests. Not an easy A but definitely obtainable.",11/04/2013,3.0,3.0,,5,Sorta interested,5.0,5.0,1,Yes,1383599144000,N/A,1040,N/A,,N/A,[],people,people
Mandatory,good,average,good,0,22243928,0,,awesome,4,EC11,"Chill teacher, just copy her notes, no need to actually listen in class",11/01/2013,2.0,2.0,,5,Really into it,4.5,4.5,1,No,1383328624000,N/A,1040,N/A,,N/A,[],people,people
