attendance,clarityColor,easyColor,helpColor,helpCount,id,notHelpCount,onlineClass,quality,rClarity,rClass,rComments,rDate,rEasy,rEasyString,rErrorMsg,rHelpful,rInterest,rOverall,rOverallString,rStatus,rTextBookUse,rTimestamp,rWouldTakeAgain,sId,takenForCredit,teacher,teacherGrade,teacherRatingTags,unUsefulGrouping,usefulGrouping
Mandatory,good,average,good,0,28878186,0,,awesome,5,SPAN121,"The kindest professor you'll ever have, she really cares about her students, their stress levels, and their understanding. If you ask for an extension, she will give it to you. Exams are very fair and reasonable, and she tells you exactly what you need to know ahead of time. The class has a fair amount of work but she grades very nicely.",11/12/2017,3.0,3.0,,5,N/A,5.0,5.0,1,Yes,1510495176000,Yes,1040,Yes,,A,"['Participation matters', 'Respected', 'Caring']",people,people
Mandatory,good,average,good,0,28376833,0,,awesome,5,SPN22X,"I also took 121 with her. She is so passionate, supportive, helpful, always available, and understanding. She makes adjustments so class time is extremely valuable and discussions are well-structured. Topics and culture are always v interesting. Her 22 cine class is an amazing alternative to regular Spanish 22. The content is 7 films and a novela.",05/24/2017,3.0,3.0,,5,N/A,5.0,5.0,1,Yes,1495646984000,Yes,1040,Yes,,A,"['Inspirational', 'Caring', 'Participation matters']",people,people
Mandatory,good,average,good,0,27392166,0,,awesome,5,SP22,"Amazing teacher! So thoughtful and kind. You will need to do the homework and participate in order to get a good grade, but I believe that she is very forgiving with grammatical mistakes in writing. She cares more about content and quality of ideas. Readings can be difficult, but she helps us understand better in class. Again, a wonderful teacher!",12/08/2016,3.0,3.0,,5,N/A,5.0,5.0,1,Yes,1481210818000,Yes,1040,Yes,,A,"['Caring', 'Participation matters', 'Gives good feedback']",people,people
Mandatory,good,average,good,0,25782380,0,,awesome,4,SPN22,"Professor Davis was really wonderful. I struggled a lot in her class and she was always happy to offer extra help. I took SPN-22-X, which is a film class, and she was incredibly passionate and informed about everything that we studied. I hate Spanish, but was very glad to take my last class with her.",12/20/2015,3.0,3.0,,5,Meh,4.5,4.5,1,Yes,1450631460000,N/A,1040,Yes,,N/A,['Caring'],people,people
N/A,good,average,good,0,24787513,0,,awesome,5,SPAN121,"This class was a lot of work, a lot more than Spanish 22. Profesora Davis is super sweet and helpful, though, which made me stick with the class.  She is very approachable and wants the best for all of her students and if you put in the extra work, you'll do fine in the class. ",05/09/2015,3.0,3.0,,5,Really into it,5.0,5.0,1,Yes,1431210815000,N/A,1040,Yes,,N/A,"['Gives good feedback', 'Lots of homework', 'Caring']",people,people
Mandatory,good,good,good,1,24014841,0,,awesome,5,SP22,Conchita is such a nice and friendly professor. I felt like my writing in Spanish really improved by following the assignments and grammar practice. The quizzes were hard but if you study for them and do the work you should be fine.,12/10/2014,4.0,4.0,,4,Sorta interested,4.5,4.5,1,Yes,1418209772000,N/A,1040,Yes,,N/A,"['Tough grader', 'Clear grading criteria', 'Gives good feedback']",people,person
N/A,good,average,good,0,22899382,0,,awesome,5,SPN22,"Really nice, understanding, and helpful professor. Grades fairly and makes class interesting. Love Conchita!",03/10/2014,3.0,3.0,,5,Sorta interested,5.0,5.0,1,Yes,1394464357000,N/A,1040,N/A,,N/A,[],people,people
N/A,good,average,good,0,18656652,0,,awesome,4,SPAN21,"Great professor, wonderful asset to the Romance Language Department. She's small and spunky and dresses really well, doesn't look her age. AT ALL. Wonderful professor, though class, by nature, is dull.",05/24/2011,2.0,2.0,,5,Sorta interested,4.5,4.5,1,Yes,1306238005000,N/A,1040,N/A,,N/A,[],people,people
N/A,good,average,good,0,17085998,0,,awesome,5,SPN21,Davis is a great teacher. She is extremely nice and helpful - I would definitely recommend taking spanish with her.,04/29/2010,2.0,2.0,,5,Low,5.0,5.0,1,Yes,1272556532000,N/A,1040,N/A,,N/A,[],people,people
N/A,average,poor,average,0,15644838,0,,average,3,SPN22,sweetheart,04/13/2009,1.0,1.0,,3,Sorta interested,3.0,3.0,1,Yes,1239656391000,N/A,1040,N/A,,N/A,[],people,people
N/A,good,average,good,0,14333974,0,,awesome,4,SPAN21,she's really helpful and just a great teacher.,04/23/2008,2.0,2.0,,5,Really into it,4.5,4.5,1,Yes,1208948417000,N/A,1040,N/A,,N/A,[],people,people
N/A,good,poor,good,0,11571711,0,,awesome,5,SP21,"Aw, I love Conchita. She is SO helpful and understanding, and I got so much better at Spanish. I mean, when I was sick during a test she told me I should take it another time and brought me water...and just gave us an extension on our composition b/c everyone has so much work this week. She's lovely, I totally recommend!",03/14/2006,1.0,1.0,,5,Really into it,5.0,5.0,1,N/A,1142354143000,N/A,1040,N/A,,N/A,[],people,people
N/A,good,average,good,0,3221806,0,,awesome,5,SPAN21,"Caring and helpful professor! Easy to contact, even outside of office hours. Gives students extensions if necessary (like when all of your exams seem to be on the same day but you have that spanish paper to write). Understands that her class is not the only one you're taking! Such a sweet woman :)",01/14/2005,2.0,2.0,,5,It's my life,5.0,5.0,1,N/A,1105702178000,N/A,1040,N/A,,N/A,[],people,people
N/A,good,average,good,1,2764761,1,,awesome,5,SPN021,Really enthusiastic and is good at being clear and explaining things.  Best Spanish teacher I've had.,11/17/2004,2.0,2.0,,5,Really into it,5.0,5.0,1,N/A,1100693416000,N/A,1040,N/A,,N/A,[],person,person
Mandatory,good,poor,good,1,1818038,1,,awesome,5,SPN22,"She's so sweet that it hurts. Seriously, sweetness for your life",03/17/2004,1.0,1.0,,4,N/A,4.5,4.5,1,N/A,1079557667000,N/A,1040,N/A,,A+,[],person,person
N/A,good,average,good,1,1361379,0,,awesome,5,SPN22,"Professor Davis is an excellent teacher who gets to know her students well, and cares about how they do.  She helps us to understand Spanish better and motivates us to enjoy the language.",11/19/2003,2.0,2.0,,5,N/A,5.0,5.0,1,N/A,1069277105000,N/A,1040,N/A,,N/A,[],people,person
N/A,good,average,good,0,880728,0,,awesome,5,SPAN22,she's wonderful! smart and encouraging and genuinely cares about her students.,04/24/2003,3.0,3.0,,5,N/A,5.0,5.0,1,N/A,1051209486000,N/A,1040,N/A,,N/A,[],people,people
N/A,good,average,good,0,868155,0,,awesome,5,SP21,Profesor Davis is a great teacher. She is enthusiastic for class and loves teaching. She is a fair grader and respectful of people's opinions.,04/22/2003,2.0,2.0,,4,N/A,4.5,4.5,1,N/A,1051034266000,N/A,1040,N/A,,N/A,[],people,people
N/A,good,average,good,0,543653,0,,awesome,5,SPN21,No Comments,02/05/2003,3.0,3.0,,5,N/A,5.0,5.0,1,N/A,1044470402000,N/A,1040,N/A,,N/A,[],people,people
