attendance,clarityColor,easyColor,helpColor,helpCount,id,notHelpCount,onlineClass,quality,rClarity,rClass,rComments,rDate,rEasy,rEasyString,rErrorMsg,rHelpful,rInterest,rOverall,rOverallString,rStatus,rTextBookUse,rTimestamp,rWouldTakeAgain,sId,takenForCredit,teacher,teacherGrade,teacherRatingTags,unUsefulGrouping,usefulGrouping
Not Mandatory,average,average,average,0,22218619,0,,good,3,ME37,"He can be confusing and vague, and the class is really boring but he is helpful if you just ask and he does care about how well you understand the material.",10/26/2013,3.0,3.0,,4,Sorta interested,3.5,3.5,1,Yes,1382817602000,N/A,1040,N/A,,N/A,[],people,people
Mandatory,good,average,good,0,22199493,0,,good,4,ME37,At first very intimidating but really cares about his students and their understanding of the material. Responds well to feedback.,10/21/2013,3.0,3.0,,4,Sorta interested,4.0,4.0,1,No,1382391626000,N/A,1040,N/A,,A+,[],people,people
N/A,average,good,poor,0,16435817,0,,poor,2,ME37,By far the worst professor I've had at Tufts. His lack of effort in presenting material and creating exams is evident: his midterms are two randomly selected books problems (avg. of 1st midterm was 34%) and lectures him reading off pre-made notes from the projector. He does not give partial credit either.,11/29/2009,5.0,5.0,,1,Low,1.5,1.5,1,No,1259508709000,N/A,1040,N/A,,N/A,[],people,people
N/A,good,good,average,0,14850628,0,,average,4,ME150,"good teacher, straight to the point.  very understanding",10/05/2008,4.0,4.0,,2,Sorta interested,3.0,3.0,1,Yes,1223174627000,N/A,1040,N/A,,N/A,[],people,people
N/A,average,average,average,0,13356993,3,,poor,3,ME37,"Prof Kachanov is a nasty guy. He is not nice and is bitter, mean, and ill-spirited. He hates America, Americans, and students who don't understand instantly. Steer clear.",07/26/2007,3.0,3.0,,1,Really into it,2.0,2.0,1,No,1185473130000,N/A,1040,N/A,,N/A,[],people,people
N/A,average,average,poor,0,13217632,1,,poor,2,ME150,"Prof. Kachanov does not teach the material well.  He knows what he is talking about and wants to see students succeed, but he has no idea how to break down the material into simpler concepts.  I also sought him out multiple times, and he was either unavailable, stood me up, or completely unhelpful.  DO NOT waste your time in his class.",05/27/2007,2.0,2.0,,1,Sorta interested,1.5,1.5,1,Yes,1180301404000,N/A,1040,N/A,,N/A,[],person,people
N/A,average,average,average,0,866465,0,,average,3,ME150,No Comments,04/22/2003,2.0,2.0,,2,N/A,2.5,2.5,1,N/A,1051020720000,N/A,1040,N/A,,N/A,[],people,people
