attendance,clarityColor,easyColor,helpColor,helpCount,id,notHelpCount,onlineClass,quality,rClarity,rClass,rComments,rDate,rEasy,rEasyString,rErrorMsg,rHelpful,rInterest,rOverall,rOverallString,rStatus,rTextBookUse,rTimestamp,rWouldTakeAgain,sId,takenForCredit,teacher,teacherGrade,teacherRatingTags,unUsefulGrouping,usefulGrouping
Mandatory,good,good,good,0,31750098,0,,awesome,5,MUS58,"I took MUS58 with Professor Auner in the fall and enjoyed every class. He is a brilliant guy who knows how to develop a theme over the course of a few weeks. The readings and musical selections we studied were perfectly selected, and really helped me synthesize the lectures. Overall the class was very well thought out and made me think in new ways",05/02/2019,4.0,4.0,,5,N/A,5.0,5.0,1,No,1556827126000,Yes,1040,Yes,,A,"['Get ready to read', 'Amazing lectures', 'Inspirational']",people,people
Not Mandatory,good,poor,good,0,31321685,0,,good,4,MUS58,"This class was an easy A he's a very easy grader and essay assignments were interesting and not too difficult. However, I emerged from the class not really knowing what I was supposed to have gotten from it. It had the potential to be really cool, but lectures felt disorganized and there was no overarching theme of the course.",01/30/2019,1.0,1.0,,4,N/A,4.0,4.0,1,No,1548888081000,Yes,1040,Yes,,A,"['Caring', 'Respected']",people,people
N/A,good,average,good,2,23811976,2,,awesome,5,MUS33,"Prof Auner is a really great guy. Loves teaching and is super knowledgeable and passionate about the material. There is a lot of reading, but most of it is interesting and you will get good grades if you try and care about your work. Even for me, who hates writing, the papers weren't nearly as torturous as most and the topics were very intereting.",11/13/2014,2.0,2.0,,5,Really into it,5.0,5.0,1,No,1415920844000,N/A,1040,Yes,,N/A,[],people,people
Mandatory,good,average,good,1,23747072,2,,good,4,001,"Not a strong student and did very well in his class. Prof. Auner is a great guy, and is extremely funny. Attendance is key for this class. He really wants to get to know you as a student and if he does you will do fine. ",11/05/2014,2.0,2.0,,4,Low,4.0,4.0,1,No,1415181974000,N/A,1040,Yes,,N/A,[],people,person
Not Mandatory,good,average,good,1,22298246,0,,awesome,5,MUS0033,"Awesome professor! I took music, technology and the digital culture with him. Class focused on the philosophy of technology more than expected, but was very interesting. Auner is very knowledgeable about the subject and always shows a deep passion for what he is teaching. Great guy to talk to, makes for a solid class.",11/12/2013,2.0,2.0,,5,It's my life,5.0,5.0,1,No,1384254640000,N/A,1040,N/A,,N/A,[],people,person
N/A,good,average,good,0,22283322,0,,awesome,5,MUS001,He's a great teacher. You'll always find yourself laughing at something in class. He's very lenient when it comes to grading. It's crystal clear what exams will be about. You'll never find yourself saying that a question was unfair. The papers are pretty fun to write.,11/08/2013,2.0,2.0,,4,Really into it,4.5,4.5,1,Yes,1383941394000,N/A,1040,N/A,,N/A,[],people,people
Mandatory,good,average,good,0,22243377,0,,awesome,5,MUS0001,Auner is a great professor. He really knows what he's talking about and presents the material clearly. He also casually makes hilarious comments if you pay attention. Definitely would recommend the class if you're interested in music history.,11/01/2013,2.0,2.0,,5,It's my life,5.0,5.0,1,Yes,1383319188000,N/A,1040,N/A,,N/A,[],people,people
N/A,good,average,good,0,18251755,0,,good,5,MUS33,"While he does assign reading and a response each week that you are meant to retain both for discussions and exams, Auner is an easy grader and his class is dynamic and interesting all the time. His humor is indeed dry.",03/05/2011,2.0,2.0,,3,It's my life,4.0,4.0,3,Yes,1299349438000,N/A,1040,N/A,,N/A,[],people,people
N/A,good,average,good,0,18012391,0,,awesome,5,MUS33,"Tremendous professor, very knowledgeable and engages students in his dynamic lectures. Dry and funny humor, a class I truly enjoyed. The type who cares more about learning than grades. Contrary to the previous review, I didn't find the homework to be excessive, but readings were sometimes long, and important for class discussion. Very fair grading.",12/21/2010,2.0,2.0,,5,Really into it,5.0,5.0,1,Yes,1292925183000,N/A,1040,N/A,,N/A,[],people,people
N/A,good,good,good,0,17603531,1,,awesome,4,MUS33,"Extremely informative and funny teacher, interesting and overall awesome class. However, an abnormal amount of homework (especially for a music class), long readings and writing papers.",09/20/2010,4.0,4.0,,5,Really into it,4.5,4.5,1,Yes,1285005931000,N/A,1040,N/A,,N/A,[],person,people
N/A,good,average,good,0,13603592,0,,awesome,5,MUS25,Professor Auner is very knowledgeable and very entertaining.  I would highly recommend taking anything with him.,11/06/2007,2.0,2.0,,5,Sorta interested,5.0,5.0,1,Yes,1194342266000,N/A,1040,N/A,,N/A,[],people,people
