attendance,clarityColor,easyColor,helpColor,helpCount,id,notHelpCount,onlineClass,quality,rClarity,rClass,rComments,rDate,rEasy,rEasyString,rErrorMsg,rHelpful,rInterest,rOverall,rOverallString,rStatus,rTextBookUse,rTimestamp,rWouldTakeAgain,sId,takenForCredit,teacher,teacherGrade,teacherRatingTags,unUsefulGrouping,usefulGrouping
N/A,poor,good,poor,0,24593310,0,,awful,1,ECON102,I can't understand what he says half the time because of his thick accent. His classes are boring and the tests are hard. He makes no sense. Haven't learned anything. Do not take his class!,04/14/2015,5.0,5.0,,1,Meh,1.0,1.0,1,Yes,1429020230000,N/A,1040,Yes,,N/A,"['Lecture heavy', ""Skip class? You won't pass."", 'Tough grader']",people,people
N/A,average,poor,average,0,15634535,0,,average,2,EC11,Straight off of the textbook mainly.,04/10/2009,1.0,1.0,,3,Really into it,2.5,2.5,1,Yes,1239372806000,N/A,1040,N/A,,N/A,[],people,people
N/A,average,average,average,0,15345922,0,,average,3,ECON5,"Yikes, this guy's boring! Staying awake is a painful and unecessary battle, as reading the book is a much more efficient way of learning the material.",01/09/2009,3.0,3.0,,2,Low,2.5,2.5,1,Yes,1231500757000,N/A,1040,N/A,,N/A,[],people,people
N/A,average,average,average,0,15325101,0,,poor,2,EC5,"The Dummy's Guide to Doing Well in Abdullah's EC5 Class-- 1. don't go to class, complete waste of your time 2. read the textbook!(easy to read) 3.do well on quizzes in recitation. no joke.",01/06/2009,2.0,2.0,,2,Really into it,2.0,2.0,1,Yes,1231241403000,N/A,1040,N/A,,N/A,[],people,people
N/A,poor,good,poor,0,14771417,0,,awful,1,MICRO101,Dont take his class. Boring! Test is ticky and tough!,08/25/2008,5.0,5.0,,1,Meh,1.0,1.0,1,Yes,1219660678000,N/A,1040,N/A,,N/A,[],people,people
N/A,average,average,average,0,14640577,0,,average,3,ECON5,"Waste of time. He recycles the same jokes each year and gets the same easily amused freshman to laugh at them. For a school with such a revered Economics program, he is an embarassment. I hated this class.",07/07/2008,3.0,3.0,,2,Low,2.5,2.5,1,Yes,1215452512000,N/A,1040,N/A,,N/A,[],people,people
N/A,average,average,poor,0,13642999,0,,poor,2,ECON005,"Very useless when students have a problem in class. Class generally is fun, its ok if you dont attend class because the tests are multiple choice and all from the book. A teacher who   really doesnt like teaching and you dont learn that much in class.",11/13/2007,3.0,3.0,,1,Low,1.5,1.5,1,Yes,1194948000000,N/A,1040,N/A,,N/A,[],people,people
N/A,good,average,average,0,13588317,0,,average,4,ECON05,"Sid is one of the best profs I've had...he's funny, witty, and charming.  It's true that he isn't very helpful, although I haven't approached him for help and his lectures are the same every year, so you know what you're getting.  Highly recommended if you want to take Econ 5.",11/02/2007,2.0,2.0,,2,Sorta interested,3.0,3.0,1,No,1193965132000,N/A,1040,N/A,,N/A,[],people,people
N/A,good,average,average,0,13450326,0,,good,4,EC5,"Okay, this professor is actually really cool. Despite the other comments, he is hilarious and a really nice guy. It's true that u don't have to go to the class but read the textbook for sure and all tests/quizzes come straight from there. the course is interesting and his examples are funny as well as helpful.  he's a funny guy and a good teacher.",08/31/2007,2.0,2.0,,3,Really into it,3.5,3.5,1,Yes,1188561527000,N/A,1040,N/A,,N/A,[],people,people
N/A,average,good,poor,0,13320611,0,,poor,2,EC5,"Definitely a waste of time. He taught at 2 other colleges and used the same exams for every school. Didn't care to put time into his students' progress. You definitely have to teach yourself, and it's not easy.",07/10/2007,4.0,4.0,,1,Low,1.5,1.5,1,Yes,1184027987000,N/A,1040,N/A,,N/A,[],people,people
N/A,poor,average,poor,0,13050014,0,,awful,1,ECON1,"Funny, but incredibly lousy. Better off teaching yourself from the book.  Go to class a few tuimes for his jokes and whimsy, but after that go to Tisch and learn it.",04/23/2007,3.0,3.0,,1,Sorta interested,1.0,1.0,1,Yes,1177349578000,N/A,1040,N/A,,N/A,[],people,people
N/A,poor,average,poor,0,12985578,0,,awful,1,EC5,"He has a thick accent and could care less about his students. His final barely related to the material, and he ended up discarding the grades from the finals.",04/08/2007,3.0,3.0,,1,It's my life,1.0,1.0,1,Yes,1176072865000,N/A,1040,N/A,,N/A,[],people,people
N/A,average,average,poor,0,12970901,1,,poor,2,EC5,A waste of my time,04/04/2007,3.0,3.0,,1,Sorta interested,1.5,1.5,1,Yes,1175689864000,N/A,1040,N/A,,N/A,[],person,people
N/A,good,average,good,0,12927669,0,,good,4,EC5,"Sid was a good  prof, very funny. TAscould have been a lot better.",03/17/2007,2.0,2.0,,4,Really into it,4.0,4.0,1,Yes,1174097585000,N/A,1040,N/A,,N/A,[],people,people
N/A,average,average,average,0,12734845,0,,good,3,EC005,"Prof Abdullah is really nice and pretty funny, but he's not the best teacher. Reading the book is a lot more helpful than coming to class. The tests are kind of tricky though.",01/07/2007,3.0,3.0,,4,Sorta interested,3.5,3.5,1,Yes,1168178804000,N/A,1040,N/A,,N/A,[],people,people
N/A,good,average,average,0,12729400,0,,good,4,ECON05,"Prof. Abdullah had good intensions and definitely tried to impart what he could on the class during lectures...but you could really just read the textbook and understand the material better. Just watch out, sometimes things he finds important aren't stressed in the book like banking and you get caught on the tests. Not hard if you read the textbook",01/05/2007,2.0,2.0,,3,It's my life,3.5,3.5,1,Yes,1168035744000,N/A,1040,N/A,,N/A,[],people,people
N/A,average,average,average,0,12693029,0,,poor,2,ECON5,"The classes and recitations don't help at all, just read the book and tests are fine.",12/28/2006,3.0,3.0,,2,Really into it,2.0,2.0,1,Yes,1167320514000,N/A,1040,N/A,,N/A,[],people,people
N/A,average,poor,average,0,12376452,0,,good,3,EC005,"I like Sid. He is a pretty easy prof, you don't have to go to rec but I do anyway because once in a while he will crack a joke and I wouldn't want to miss that. Tests are pretty straightforward, read the book and you'll be fine. I wish he had better TAs though. I still strongly recommend him for EC5",11/07/2006,1.0,1.0,,4,It's my life,3.5,3.5,1,Yes,1162930176000,N/A,1040,N/A,,N/A,[],people,people
N/A,good,average,good,0,12330764,0,,good,4,EC5,"He's really funny.  For anyone who wants to take Intro to Econ, try to take it with Sid.",10/29/2006,3.0,3.0,,4,It's my life,4.0,4.0,1,Yes,1162165726000,N/A,1040,N/A,,N/A,[],people,people
N/A,good,poor,good,0,12228622,0,,awesome,5,ECON5,Easy class.  Skipped two quizzes and still got an A-.  You must do one of two things: read the book or go to class.  Take your pick and stick to it and you'll be set.,09/12/2006,1.0,1.0,,5,It's my life,5.0,5.0,1,Yes,1158091733000,N/A,1040,N/A,,N/A,[],people,people
N/A,average,good,average,0,12007208,0,,poor,2,EC60INTECON,"Can hardly understand this man when he speaks.  Tried to email him several times and never received responses.  Covers material way too fast. Not a very engaging lecturer.  Every now and then, he makes a decent joke.",06/15/2006,4.0,4.0,,2,Really into it,2.0,2.0,1,N/A,1150377612000,N/A,1040,N/A,,N/A,[],people,people
N/A,good,average,average,0,11685429,0,,average,4,ECONOMICS5,"Great professor. Very entertaining, loved his rap MR=MC. Once you read the book prior to class he clarifies many misconceptions. Love his class, only idiots usually do badly on the test because they are very fair and incorporate only the lessons learned in class and in the book.",04/10/2006,3.0,3.0,,2,It's my life,3.0,3.0,1,N/A,1144675493000,N/A,1040,N/A,,N/A,[],people,people
N/A,average,poor,average,0,11647404,0,,average,3,EC05,"This is such an easy class. I have never taken economics before, and although I skipped more than 50% of the lectures, Sid is great. Occasionally his lectures are boring, but then so is econ. The tests are so easy, most people who fail are morons who don't read the book. No homework either, making it even better. If you skip class, at least read",04/03/2006,1.0,1.0,,3,Sorta interested,3.0,3.0,1,N/A,1144026062000,N/A,1040,N/A,,N/A,[],people,people
N/A,good,good,average,0,11590955,0,,good,4,INTLECON,"He is a good lecturer, sometimes completely cracking himself up, which is entertaining. If you study well, the tests aren't too bad. You learn a fair amount, and most of it is interesting.",03/20/2006,4.0,4.0,,3,It's my life,3.5,3.5,1,N/A,1142868492000,N/A,1040,N/A,,N/A,[],people,people
N/A,poor,average,poor,0,11331250,0,,awful,1,EC5,horrible. horrible. really disorganized and unfair tests.,01/09/2006,3.0,3.0,,1,Really into it,1.0,1.0,1,N/A,1136826789000,N/A,1040,N/A,,N/A,[],people,people
N/A,poor,good,poor,0,11324325,0,,awful,1,EC60,"Confusing lectures, confusing tests, boring classes... Nobody should take int'l econ from Abdullah- it's a waste of time for econ majors and non-econ majors alike, and you'll learn next to nothing.",01/08/2006,4.0,4.0,,1,It's my life,1.0,1.0,1,N/A,1136745343000,N/A,1040,N/A,,N/A,[],people,people
N/A,good,average,good,0,10909678,0,,good,4,EC5,"His lectures are entertaining, and his class ends up being one that you end up looking forward to and not dreading, which is sweet. His teachings can get a little crazy and off topic, but if you stick to the reading it makes sense. Sid's the man.",11/15/2005,2.0,2.0,,4,It's my life,4.0,4.0,1,N/A,1132058955000,N/A,1040,N/A,,N/A,[],people,people
N/A,poor,good,poor,0,10905788,0,,awful,1,EC5,"Abdullah teaches his own biased opinions as if they were economic doctrine, everyone walks out thinking that what they've heard is standard--It's not, he's actually quite ignorant of the field, just a part-time very mediocre professor.  If you've read the text he's worthless (doesn't add anything), and if you haven't his lectures don't make sense.",11/14/2005,4.0,4.0,,1,Really into it,1.0,1.0,1,N/A,1132009246000,N/A,1040,N/A,,N/A,[],people,people
N/A,poor,average,poor,0,10869133,0,,poor,1,EC10,"Don't do it.  Just don't do it.  Or if you're going to do it, find a tutor.  Siddiq is a great guy, but he wont teach you the things you need to know.",11/09/2005,3.0,3.0,,2,Really into it,1.5,1.5,1,N/A,1131575529000,N/A,1040,N/A,,N/A,[],people,people
Mandatory,poor,average,poor,0,10844132,0,,awful,1,ECON5,"This man may be brilliant or he may be a moron, noone knows. The main point is that the way he teaches makes me feel that I'm smarter than him",11/07/2005,3.0,3.0,,1,Sorta interested,1.0,1.0,1,N/A,1131383888000,N/A,1040,N/A,,N/A,[],people,people
Mandatory,average,good,average,0,10690816,0,,average,2,EC5,"hard tests, don't bother going to class, just read the text.",11/03/2005,4.0,4.0,,3,Really into it,2.5,2.5,3,N/A,1130984505000,N/A,1040,N/A,,A+,[],people,people
N/A,good,poor,good,0,10630567,0,,awesome,5,ECON5,"Sid is adorable! If you've read the material, his explanations are so helpful. The quizzes/exams are right out of the book, which is really clear and easy to understand. No problem sets! He's absolutely hilarious, we always applaud his funny remarks in class, and one time he even did a rap, which earned him a standing ovation. Take it, it's easy!",10/24/2005,1.0,1.0,,5,It's my life,5.0,5.0,1,N/A,1130165119000,N/A,1040,N/A,,N/A,[],people,people
N/A,average,good,poor,0,3729148,0,,poor,2,EC5,Total lack of organization and clarity in class.  Do  not take Economics 5 with this professor unless you have background in Economics.,04/27/2005,4.0,4.0,,1,Sorta interested,1.5,1.5,1,N/A,1114639949000,N/A,1040,N/A,,N/A,[],people,people
N/A,average,good,average,0,3269784,0,,poor,2,ECON5,Tests are pretty difficult and have material not always covered. Lectures are sometimes confusing and boring.,01/24/2005,4.0,4.0,,2,Sorta interested,2.0,2.0,1,N/A,1106574365000,N/A,1040,N/A,,N/A,[],people,people
N/A,poor,average,poor,0,3046618,0,,awful,1,ECON5,"The professor is awful. His lectures are jumbled up. The quizzes are on things that he has never touched on, or if he did.. very briefly. You are basically learning from the book more than from him. His lectures are pretty worthless.",12/16/2004,3.0,3.0,,1,Really into it,1.0,1.0,1,N/A,1103210881000,N/A,1040,N/A,,N/A,[],people,people
N/A,good,good,good,0,2763434,0,,awesome,5,EC0005,"He explains everything cleary. The book is great so going to class isnt always nesecarry. No problem sets. He tries to make jokes that arent that funny but the fact that he does is, also indian accent very funny (but dont worry yuo can still understand him) Downside: tricky tests.",11/17/2004,4.0,4.0,,4,Sorta interested,4.5,4.5,1,N/A,1100687095000,N/A,1040,N/A,,N/A,[],people,people
N/A,average,good,average,0,2733582,0,,average,3,ECON5,"no problem sets, tons of reading beacause of the new combined course.  Test usually consist of 10 chapters of material (pretty tricky sometimes).  Class is boring esp. if you haven;t read the material. -",11/14/2004,4.0,4.0,,3,Low,3.0,3.0,1,N/A,1100468158000,N/A,1040,N/A,,N/A,[],people,people
N/A,good,average,good,0,2707915,0,,awesome,5,ECON5,"he's very helpful and clear in class, repetitive even to the point of being patronizing, but he teaches the simple rules really well.",11/11/2004,3.0,3.0,,4,Really into it,4.5,4.5,1,N/A,1100170211000,N/A,1040,N/A,,N/A,[],people,people
N/A,average,average,average,0,2632959,0,,poor,3,ECON5,"no problem sets, just reading. pretty easy in class, but exams are not as easy. you basically learn from the book instead of from him. he tries to throw out some econ jokes once in a while, but his lectures are generally boring.",11/02/2004,2.0,2.0,,1,Sorta interested,2.0,2.0,1,N/A,1099357103000,N/A,1040,N/A,,N/A,[],people,people
N/A,average,poor,average,0,2627278,0,,average,2,EC01,Easy. Raps like Biggie with the flow of pac.,11/01/2004,1.0,1.0,,3,Sorta interested,2.5,2.5,1,N/A,1099313523000,N/A,1040,N/A,,N/A,[],people,people
N/A,average,average,average,0,2074874,0,,average,3,ECON01,"He was sweet and would always crack jokes.  Plus the book was really clear, so going to class wasn't always neccesary!",05/02/2004,3.0,3.0,,3,N/A,3.0,3.0,1,N/A,1083535572000,N/A,1040,N/A,,N/A,[],people,people
N/A,average,good,average,0,2061190,0,,good,3,EC01,"nice, funny, cool guy, but not a very clear/precise teacher. tests are difficult.",04/29/2004,4.0,4.0,,4,N/A,3.5,3.5,1,N/A,1083277351000,N/A,1040,N/A,,N/A,[],people,people
N/A,average,average,average,0,1991315,0,,average,3,EC01,"He is a very intelligent and entertaining man, but he doesn't communicate very well and the tests can be tough.",04/19/2004,3.0,3.0,,2,N/A,2.5,2.5,1,N/A,1082413918000,N/A,1040,N/A,,N/A,[],people,people
N/A,good,average,good,0,1892055,0,,good,5,MICROECON,"He is pretty funny, and mostly clear. He never uses the whole period. I thought tests and quizes were pretty easy.",04/02/2004,2.0,2.0,,3,N/A,4.0,4.0,1,N/A,1080930674000,N/A,1040,N/A,,N/A,[],people,people
N/A,good,average,good,0,1882255,0,,good,4,ECON001,Wacky/funny.  Get to know him and the class becomes easier.,04/01/2004,2.0,2.0,,4,N/A,4.0,4.0,1,N/A,1080815124000,N/A,1040,N/A,,N/A,[],people,people
N/A,average,average,average,0,1711219,0,,good,3,EC60,"Somewhat hard to understand sometimes, but a solid, funny lecturer who knows his stuff.",02/11/2004,3.0,3.0,,4,N/A,3.5,3.5,1,N/A,1076538764000,N/A,1040,N/A,,N/A,[],people,people
N/A,average,average,average,0,1676203,0,,average,3,EC1,"He's tough, but also smart, understanding and quite funny.",02/02/2004,3.0,3.0,,3,N/A,3.0,3.0,1,N/A,1075722644000,N/A,1040,N/A,,N/A,[],people,people
N/A,good,good,average,0,1238941,0,,good,4,EC0001,"ABDULLAH is hilarious, but his lectures can be a little confusing and he isn't that accessible to students. He really plays to the crowd well. His Exams are SOOOOOOOO HARD!",10/29/2003,5.0,5.0,,3,N/A,3.5,3.5,1,N/A,1067465071000,N/A,1040,N/A,,N/A,[],people,people
N/A,good,average,good,0,1130508,0,,awesome,5,MICROECON,"Great class -- Abdullah is funny, caring and clear. As long as one stays up with the reading and goes to class, you will do fine in the course. A lot of fun.",09/12/2003,2.0,2.0,,4,N/A,4.5,4.5,1,N/A,1063348727000,N/A,1040,N/A,,N/A,[],people,people
N/A,average,good,average,0,893740,0,,poor,2,MICROECON,"He did not explain lecture material well, although the book was very clear. Also, he gave very difficult exams that did not relate to the text's level of difficulty at all. He cracks funny jokes several times during class, which keeps you awake though.",04/27/2003,4.0,4.0,,2,N/A,2.0,2.0,1,N/A,1051479676000,N/A,1040,N/A,,N/A,[],people,people
N/A,average,average,average,0,889267,0,,average,3,EC01,No Comments,04/26/2003,3.0,3.0,,3,N/A,3.0,3.0,1,N/A,1051360928000,N/A,1040,N/A,,N/A,[],people,people
N/A,good,good,average,0,881746,0,,good,4,EC01,"His lectures were great, but when I took his class his tests were out of control!!",04/24/2003,5.0,5.0,,3,N/A,3.5,3.5,1,N/A,1051220458000,N/A,1040,N/A,,N/A,[],people,people
N/A,good,average,good,0,880337,0,,awesome,5,EC001,No Comments,04/24/2003,3.0,3.0,,5,N/A,5.0,5.0,1,N/A,1051205204000,N/A,1040,N/A,,N/A,[],people,people
N/A,good,average,good,0,880179,0,,awesome,5,ECON01,"He's a great teacher, the subject is a bit dry, but what do you expect.",04/24/2003,3.0,3.0,,5,N/A,5.0,5.0,1,N/A,1051203496000,N/A,1040,N/A,,N/A,[],people,people
N/A,poor,average,poor,0,875126,0,,awful,1,EC1,No Comments,04/23/2003,3.0,3.0,,1,N/A,1.0,1.0,1,N/A,1051125094000,N/A,1040,N/A,,N/A,[],people,people
N/A,good,average,good,0,872364,0,,awesome,5,EC1,No Comments,04/23/2003,3.0,3.0,,4,N/A,4.5,4.5,1,N/A,1051100099000,N/A,1040,N/A,,N/A,[],people,people
N/A,average,good,average,0,871376,0,,average,3,EC1,No Comments,04/23/2003,4.0,4.0,,3,N/A,3.0,3.0,1,N/A,1051084182000,N/A,1040,N/A,,N/A,[],people,people
N/A,good,average,good,0,869928,0,,good,4,ECON01,No Comments,04/22/2003,3.0,3.0,,4,N/A,4.0,4.0,1,N/A,1051049956000,N/A,1040,N/A,,N/A,[],people,people
N/A,good,average,good,0,869895,0,,awesome,5,EC1,I thought that intro to microecon was a great class.  Siddiq's lectures were interesting and fun.  He interacted well with the class to keep it interesting and he even had his own economics rap.,04/22/2003,2.0,2.0,,4,N/A,4.5,4.5,1,N/A,1051049686000,N/A,1040,N/A,,N/A,[],people,people
N/A,good,average,good,0,866673,0,,good,4,EC1EC12,No Comments,04/22/2003,2.0,2.0,,4,N/A,4.0,4.0,1,N/A,1051022124000,N/A,1040,N/A,,N/A,[],people,people
N/A,good,average,good,0,865323,0,,awesome,5,EC001,No Comments,04/22/2003,2.0,2.0,,5,N/A,5.0,5.0,1,N/A,1051011637000,N/A,1040,N/A,,N/A,[],people,people
N/A,good,average,good,0,865016,0,,good,5,EC1,makes lectures interesting,04/22/2003,2.0,2.0,,3,N/A,4.0,4.0,1,N/A,1051008831000,N/A,1040,N/A,,N/A,[],people,people
N/A,average,average,average,0,864970,0,,poor,2,EC01,No Comments,04/22/2003,3.0,3.0,,2,N/A,2.0,2.0,1,N/A,1051008227000,N/A,1040,N/A,,N/A,[],people,people
N/A,average,poor,average,0,864553,0,,average,3,EC1,No Comments,04/22/2003,1.0,1.0,,2,N/A,2.5,2.5,1,N/A,1051002672000,N/A,1040,N/A,,N/A,[],people,people
N/A,average,good,poor,0,864503,0,,poor,2,EC60,No Comments,04/22/2003,4.0,4.0,,1,N/A,1.5,1.5,1,N/A,1051001136000,N/A,1040,N/A,,N/A,[],people,people
N/A,average,average,average,0,860037,0,,poor,2,ECON1,same bad jokes every day.  got more from reading the book.  and I didn't read the book.,04/21/2003,2.0,2.0,,2,N/A,2.0,2.0,1,N/A,1050928564000,N/A,1040,N/A,,N/A,[],people,people
N/A,good,average,good,0,831475,0,,good,4,MICROECON,"good professor -- enjoyable class, witty -- lectures are interesting",04/14/2003,2.0,2.0,,4,N/A,4.0,4.0,1,N/A,1050316828000,N/A,1040,N/A,,N/A,[],people,people
N/A,good,good,good,0,806517,0,,good,5,EC1,No Comments,04/08/2003,4.0,4.0,,3,N/A,4.0,4.0,1,N/A,1049832901000,N/A,1040,N/A,,N/A,[],people,people
N/A,good,poor,good,0,790741,0,,good,5,EC1,No Comments,04/04/2003,1.0,1.0,,3,N/A,4.0,4.0,1,N/A,1049498843000,N/A,1040,N/A,,N/A,[],people,people
N/A,good,average,good,0,789839,0,,good,4,EC02,Lots of fun,04/04/2003,2.0,2.0,,4,N/A,4.0,4.0,1,N/A,1049482255000,N/A,1040,N/A,,N/A,[],people,people
N/A,good,average,good,0,561325,0,,awesome,5,EC1,very good lecturer!!,02/12/2003,3.0,3.0,,4,N/A,4.5,4.5,1,N/A,1045091987000,N/A,1040,N/A,,N/A,[],people,people
N/A,good,average,good,0,550976,0,,good,5,EC1,No Comments,02/08/2003,3.0,3.0,,3,N/A,4.0,4.0,1,N/A,1044720453000,N/A,1040,N/A,,N/A,[],people,people
N/A,poor,average,poor,0,548411,0,,awful,1,EC60,No Comments,02/07/2003,3.0,3.0,,1,N/A,1.0,1.0,1,N/A,1044608309000,N/A,1040,N/A,,N/A,[],people,people
N/A,good,average,average,0,544324,0,,average,4,001,No Comments,02/05/2003,2.0,2.0,,2,N/A,3.0,3.0,1,N/A,1044482682000,N/A,1040,N/A,,N/A,[],people,people
N/A,average,average,average,0,540767,0,,good,3,EC01,No Comments,02/04/2003,3.0,3.0,,4,N/A,3.5,3.5,1,N/A,1044390308000,N/A,1040,N/A,,N/A,[],people,people
N/A,good,average,average,0,540591,0,,good,4,ECON001,i really enjoyed his lecture,02/04/2003,2.0,2.0,,3,N/A,3.5,3.5,1,N/A,1044387138000,N/A,1040,N/A,,N/A,[],people,people
