attendance,clarityColor,easyColor,helpColor,helpCount,id,notHelpCount,onlineClass,quality,rClarity,rClass,rComments,rDate,rEasy,rEasyString,rErrorMsg,rHelpful,rInterest,rOverall,rOverallString,rStatus,rTextBookUse,rTimestamp,rWouldTakeAgain,sId,takenForCredit,teacher,teacherGrade,teacherRatingTags,unUsefulGrouping,usefulGrouping
Not Mandatory,good,average,good,0,31355325,0,,good,4,CLS37,"Every class is listening to him lecture. No notes projected. HW is 2 readings: Readings in greek history. Need this for recitation discussions. Other TB is just additional info (never read it). Course grade is 1/3 midterm, 1/3 final, and 1/3 recitation participation. Both exams all writing but lots of room for you to chose prompt. Lenient grader.",02/12/2019,3.0,3.0,,4,N/A,4.0,4.0,1,Yes,1550013293000,Yes,1040,Yes,,A-,"['Get ready to read', 'Graded by few things', 'Lecture heavy']",people,people
N/A,good,average,good,0,30759618,0,,good,4,CLS143,"Good professor, engaging lectures, not too tough. No real downsides.",11/19/2018,2.0,2.0,,4,N/A,4.0,4.0,1,No,1542670951000,Yes,1040,Yes,,A-,['Amazing lectures'],people,people
N/A,good,average,good,1,24287601,0,,awesome,5,CLS37,"Professor Hirsch always begins and ends class right on time. His lectures are crystal clear, and it is obvious that he has an extraordinary knowledge of the classical world. While lectures can get boring, he does try to throw a joke in every once in a while. Recitations are all discussion (less boring). Fair grader; wants his students to do well.",01/14/2015,3.0,3.0,,5,Really into it,5.0,5.0,1,Yes,1421251777000,Yes,1040,Yes,,A-,"['Lecture heavy', 'Respected']",people,person
N/A,good,average,good,1,23238565,0,,awesome,5,CLS0047,"Professor Hirsch is fantastic! Super passionate about what he teaches, which really shows. If you like history lectures, you'll love the class. Readings aren't too bad, and he goes over everything you need to know in class. Exams aren't too bad either if you show up for class everyday.",05/13/2014,2.0,2.0,,5,Really into it,5.0,5.0,1,Yes,1400003440000,N/A,1040,N/A,,N/A,[],people,person
N/A,good,average,good,0,20720543,0,,good,4,HIST55,"Lectures are fairly parallel to the readings. Three papers, two tests are the only grades or assignments throughout the class. If you go to class or do the reading, you'll do well. A bit dull for non-history majors, but not too hard. Really nice prof!",10/21/2012,2.0,2.0,,4,It's my life,4.0,4.0,1,Yes,1350824648000,N/A,1040,N/A,,N/A,[],people,people
N/A,good,average,good,1,19679798,0,,awesome,5,HIS55,"History of Ancient Greece.  Professor Hirsch really knows his stuff.  Class lecture is informative but largely what you read from the textbook with focus on what needs to be known for the mid term and final. Can be a little boring,but mostly because it is taught in longer class block.  Highly recommeneded professor.",01/06/2012,3.0,3.0,,4,It's my life,4.5,4.5,1,Yes,1325847584000,N/A,1040,N/A,,N/A,[],people,person
N/A,good,average,good,0,19622213,0,,awesome,5,CLS37,"A great lecturer, occasionally very funny.  I liked the structure of the class and the essays on problems in Greek history were interesting to write.  Sometimes this class got boring, but overall it was a good class.",12/26/2011,2.0,2.0,,5,Really into it,5.0,5.0,1,Yes,1324896323000,N/A,1040,N/A,,N/A,[],people,people
N/A,average,good,average,0,18162540,0,,average,2,CLS47,"Greece, Rome, and China is an extremely difficult course. Not to be taken lightly. The lectures are tedious, the readings are dense, and the exams are difficult.",01/20/2011,5.0,5.0,,3,Really into it,2.5,2.5,1,No,1295515379000,N/A,1040,N/A,,N/A,[],people,people
N/A,good,average,good,0,17936098,0,,awesome,5,CLS37,Great professor. Extremely passionate. Knows his stuff and is always willing to take/answer questions.,12/14/2010,3.0,3.0,,4,Really into it,4.5,4.5,1,Yes,1292329109000,N/A,1040,N/A,,N/A,[],people,people
N/A,average,good,average,0,14010732,0,,average,3,CLS37,"History of Greece: Lectures are usually boring, but typical for a history class (if you like that sort of thing.) Must do the reading, should go to class. Exams are graded somewhat strictly. Hirsch is funny whenever possible. He is extremely intelligent, which is probably why the exams are so specific.",01/16/2008,4.0,4.0,,3,Sorta interested,3.0,3.0,1,Yes,1200509828000,N/A,1040,N/A,,N/A,[],people,people
N/A,average,average,average,0,11415820,0,,good,3,CLS91,"Greece, Rome, and China.  This was the first time he taught the class, so it was somewhat disorganized, but still good.  There's a lot of reading to do, but the exams are not very difficult.  I think it's a good course for someone who may want to know more about Chinese history w/out taking a full-blown course in it.",01/25/2006,2.0,2.0,,4,Really into it,3.5,3.5,1,N/A,1138197564000,N/A,1040,N/A,,N/A,[],people,people
Mandatory,good,average,good,0,10016533,0,,awesome,5,GREEKBARBARIAN,"Great Guy... Lectures are tedious, but if you go to class he will help you get a good grade.",07/12/2005,3.0,3.0,,5,Sorta interested,5.0,5.0,1,N/A,1121130223000,N/A,1040,N/A,,N/A,[],people,people
N/A,good,average,good,0,3601518,1,,awesome,5,CLS37,Prof Hirsch is wonderful!,04/11/2005,3.0,3.0,,4,It's my life,4.5,4.5,1,N/A,1113239424000,N/A,1040,N/A,,N/A,[],person,people
N/A,good,average,good,0,3567564,0,,awesome,5,CLS37,"Always pleasant, available to discuss class work",04/06/2005,3.0,3.0,,4,Really into it,4.5,4.5,1,N/A,1112777835000,N/A,1040,N/A,,N/A,[],people,people
N/A,good,average,good,0,2193232,0,,awesome,5,CLASSICS,Most interesting clsdd ever!,05/27/2004,3.0,3.0,,5,N/A,5.0,5.0,1,N/A,1085658087000,N/A,1040,N/A,,N/A,[],people,people
N/A,good,average,good,0,869639,2,,awesome,5,LAT3,No Comments,04/22/2003,3.0,3.0,,5,N/A,5.0,5.0,1,N/A,1051047536000,N/A,1040,N/A,,N/A,[],people,people
