attendance,clarityColor,easyColor,helpColor,helpCount,id,notHelpCount,onlineClass,quality,rClarity,rClass,rComments,rDate,rEasy,rEasyString,rErrorMsg,rHelpful,rInterest,rOverall,rOverallString,rStatus,rTextBookUse,rTimestamp,rWouldTakeAgain,sId,takenForCredit,teacher,teacherGrade,teacherRatingTags,unUsefulGrouping,usefulGrouping
Not Mandatory,good,average,good,0,24627630,0,,awesome,5,ROME,"Very interesting lecturer, definitely knows a lot about the subject",04/20/2015,2.0,2.0,,4,Really into it,4.5,4.5,1,No,1429528688000,N/A,1040,Yes,,A+,"['Participation matters', 'Amazing lectures']",people,people
N/A,good,poor,good,1,24561406,0,,awesome,4,CLS003801,"Absolutely amazing professor. I had him for History of Ancient Rome as well as a Lecturer in a traveling seminar, and he really brought the history to life. He is passionate about what he teaches, and if you care about the subject he would like you. There are only a few papers and maybe a project, so not too overwhelming. Great course overall.",04/08/2015,1.0,1.0,,5,It's my life,4.5,4.5,1,No,1428494261000,Yes,1040,Yes,,N/A,"['Inspirational', 'Amazing lectures']",people,person
Not Mandatory,good,poor,average,1,23452392,0,,good,4,HIST51,"Hitcher's class is interesting and fairly easy. The class was a large lecture and recitation sections with a TA. There were three tests (blue book essay, IDs) which were easy - helped if you were a good writer. The reading is not necessary except for two page papers due every week in recitation (very easy and not graded hard)",07/17/2014,1.0,1.0,,3,Sorta interested,3.5,3.5,1,Yes,1405601273000,N/A,1040,N/A,,A+,[],people,person
N/A,good,poor,good,0,20758433,0,,awesome,5,CLS0037,Fantastic professor. Great with lectures and knows the material very well. Highly recommended. I'm planning on taking more classes with him and I've told my friends to do the same.,10/31/2012,1.0,1.0,,5,Really into it,5.0,5.0,1,Yes,1351683839000,N/A,1040,N/A,,N/A,[],people,people
N/A,good,average,good,0,20158119,0,,awesome,5,CLS038,Absolutely brilliant. Highly recommend taking a class from him. Really could not have been better. Great guy as well.,04/30/2012,2.0,2.0,,5,Sorta interested,5.0,5.0,1,Yes,1335815296000,N/A,1040,N/A,,N/A,[],people,people
N/A,good,average,good,0,20064913,1,,awesome,5,HIST167,"Simply the best professor I've ever had. Bruce Hitchner can make any topic in the world fascinating to listen to for any amount of time. Furthermore, he is an awesome guy and is very helpful with whatever you need. His large courses are excellent, but I'd suggest taking a small class with him if you ever get the chance- he's fantastic.",04/17/2012,3.0,3.0,,5,Really into it,5.0,5.0,1,No,1334673678000,N/A,1040,N/A,,N/A,[],person,people
N/A,good,average,good,0,18279029,0,,awesome,5,HIST1,Good professor knows almost everything there is to know about the roman world,03/15/2011,3.0,3.0,,5,Really into it,5.0,5.0,1,Yes,1300208353000,N/A,1040,N/A,,N/A,[],people,people
N/A,good,average,average,0,14289049,0,,good,4,CLS38,"History of Rome - This is exactly what you'd expect from this class. It's a history class, so lectures will be a little boring. The grading was very fair, because the TAs grade the tests and he regrades them all to make sure everything is as it should be (usually to the student's benefit!) If you like Rome or history, this class is fine.",04/14/2008,3.0,3.0,,3,Really into it,3.5,3.5,1,Yes,1208186208000,N/A,1040,N/A,,N/A,[],people,people
N/A,good,average,average,0,13117272,0,,good,4,HIST38,Hitchner is a good professor. Lectures can get kinda boring (it IS a history class...) Grading is extremely fair because your TA grades the exams but then Hitchner regrades them all to make sure everything is fair. I would take another class with him. He is a little intimidating but he seems like a nice guy.,05/06/2007,3.0,3.0,,3,Really into it,3.5,3.5,1,Yes,1178466030000,N/A,1040,N/A,,N/A,[],people,people
