attendance,clarityColor,easyColor,helpColor,helpCount,id,notHelpCount,onlineClass,quality,rClarity,rClass,rComments,rDate,rEasy,rEasyString,rErrorMsg,rHelpful,rInterest,rOverall,rOverallString,rStatus,rTextBookUse,rTimestamp,rWouldTakeAgain,sId,takenForCredit,teacher,teacherGrade,teacherRatingTags,unUsefulGrouping,usefulGrouping
N/A,poor,poor,poor,0,18065276,0,,poor,1,CH184,"The Talloires course- he didn't bring up the readings in class, so why should we have done them&#63; The discussions floated all over the place, full of generalizations and imprecise statements that he did nothing to control. He is better as a scholar or academic- he spoke much more clearly about his work than when he &quot;guided&quot; discussions.",12/30/2010,1.0,1.0,,2,It's my life,1.5,1.5,1,No,1293730560000,N/A,1040,N/A,,N/A,[],people,people
N/A,good,average,average,0,17408462,0,,good,4,SOC188,"It was a great class for Talloires, but he really didn't engage the reading material. It might have been because we had a seminar with a range of disciplines and backgrounds, but there was a lot of potential for in depth discussion and he let the conversations run themselves. A very nice man overall and interesting material for the course.",07/11/2010,2.0,2.0,,3,Really into it,3.5,3.5,1,No,1278837152000,N/A,1040,N/A,,N/A,[],people,people
N/A,average,average,average,0,14484235,0,,average,3,CH99,"tests were not bad, if you read the book and attended class especially for guest lectures. the essays however were tricky... he had a very specific idea as to what he wanted our essays to be, but had trouble getting that through to students. so that was unclear. and i can't say that anyone was too happy with his grading system either (for papers).",05/16/2008,3.0,3.0,,2,Really into it,2.5,2.5,1,Yes,1210978479000,N/A,1040,N/A,,N/A,[],people,people
N/A,good,average,good,0,1932619,0,,awesome,4,CHSOC188,"Hyatt encourages students to discuss and formulate their own responses to the material while introducing key ideas periodically to push the analysis further.  The loose structure seems appropriate for the seminar setting.  Interesting, enjoyable class.",04/10/2004,3.0,3.0,,5,N/A,4.5,4.5,1,N/A,1081608973000,N/A,1040,N/A,,N/A,[],people,people
N/A,poor,average,poor,0,1518121,0,,poor,1,SOC141,No Comments,12/16/2003,3.0,3.0,,2,N/A,1.5,1.5,1,N/A,1071591850000,N/A,1040,N/A,,N/A,[],people,people
N/A,poor,average,poor,0,1288002,0,,poor,1,SOC141,"This is a discussion class - yet he's terrible at clarifying where his discussion wants to go.  He asks questions that, even if you DO the reading, have no direction, and no clear answers.  Very confusing and unclear.",11/09/2003,3.0,3.0,,2,N/A,1.5,1.5,1,N/A,1068378680000,N/A,1040,N/A,,N/A,[],people,people
