attendance,clarityColor,easyColor,helpColor,helpCount,id,notHelpCount,onlineClass,quality,rClarity,rClass,rComments,rDate,rEasy,rEasyString,rErrorMsg,rHelpful,rInterest,rOverall,rOverallString,rStatus,rTextBookUse,rTimestamp,rWouldTakeAgain,sId,takenForCredit,teacher,teacherGrade,teacherRatingTags,unUsefulGrouping,usefulGrouping
Mandatory,good,average,good,0,32088790,0,,awesome,5,AMER94,"I took American Youth Revolt and Revolution with Prof. Abowd, learned a ton, really enjoyed the class. It was a mix of lecture, class discussions, and smaller group discussions that made great connections between reading material and more current content. I don't know if it's being offered again, but I would absolutely take this class again!",07/10/2019,3.0,3.0,,5,N/A,5.0,5.0,1,Yes,1562781535000,Yes,1040,Yes,,N/A,"['Respected', 'So many papers', 'Get ready to read']",people,people
Not Mandatory,average,average,average,7,30462799,5,,poor,2,ANTH0149,so far capricious and weird political agenda - seems anti US. i don't feel comfortable,08/26/2018,3.0,3.0,,2,N/A,2.0,2.0,1,Yes,1535299013000,No,1040,Yes,,N/A,[],people,people
Mandatory,poor,average,poor,6,30379570,2,,awful,1,ANTH0149,"Was expecting politically engaged dynamic class, instead Prof. Abowd would just drone on repeating info from readings and then call on one of his few favorites, not bothering to engage the others. After third session, most students stopped trying, spent classes surfing web and daydreaming. Shame, the class could have been so much better. Not good.",07/27/2018,2.0,2.0,,1,N/A,1.0,1.0,1,No,1532704481000,No,1040,Yes,,A,[],people,people
Mandatory,good,good,good,3,28442810,6,online,good,4,AMER180,*thumbs up*,06/11/2017,4.0,4.0,,4,N/A,4.0,4.0,1,No,1497179126000,Yes,1040,Yes,,N/A,"['Gives good feedback', 'Caring', 'Accessible outside class']",people,people
Mandatory,good,good,good,3,26815201,4,,awesome,5,ARB0091,Intense lecturer and excellent scholar/activist!,07/19/2016,4.0,4.0,,5,N/A,5.0,5.0,1,Yes,1468886410000,Yes,1040,Yes,,A-,"['Tough grader', 'Respected', 'Gives good feedback']",people,people
N/A,good,average,good,3,24840923,4,,awesome,5,AMER149,superb teacher --hard but great with students,05/15/2015,3.0,3.0,,5,It's my life,5.0,5.0,1,Yes,1431704421000,N/A,1040,Yes,,N/A,"['Gives good feedback', 'Inspirational', 'Respected']",people,people
Mandatory,average,good,average,4,24212505,3,,good,3,ARB0091,"This class is not only hard, it fails to provide nuanced perspective on Human Rights in the Middle East. The big themes are FranceAlgeria, veils and Israeli as a colonizer. I would not recommend this class for anyone outside of the IR security major. Even within it, I would suggest taking another culture requirement i.e. Warrior Nations.",01/01/2015,4.0,4.0,,4,Really into it,3.5,3.5,1,Yes,1420119482000,N/A,1040,Yes,,A-,"['Gives good feedback', 'Tough grader', ""Skip class? You won't pass.""]",people,people
Mandatory,good,average,good,4,23436755,3,,awesome,4,ARB092,"Deeply passionate about the subject as his students. He is perhaps a bit too thorough with critiques and grading and nitpicks over small grammatical details, but it is clear that he nitpicks because he truly cares about the students and their understanding of the material. His classes are always interactive and enjoyable.",07/10/2014,3.0,3.0,,5,It's my life,4.5,4.5,1,Yes,1405007515000,N/A,1040,N/A,,A,[],people,people
Mandatory,good,average,good,3,23436739,2,,awesome,4,ARB092,"Abowd deeply cares about his students and subject matter. He will far out of his way (despite how busy he is) to assist his students. His very thorough grading and nitpicky comments can be annoying (especially in electives), but it is clear that he nitpicks because he cares.  If you put in the effort you will absolutely be rewarded.",07/10/2014,3.0,3.0,,5,It's my life,4.5,4.5,1,Yes,1405007064000,N/A,1040,N/A,,A,[],people,people
N/A,good,average,good,3,21567309,2,,awesome,5,ANTH25,Great teacher--always helpful--charasmatic.,04/19/2013,2.0,2.0,,5,It's my life,5.0,5.0,1,Yes,1366392544000,N/A,1040,N/A,,N/A,[],people,people
N/A,good,good,good,3,21272334,2,,good,4,ANTH0025,"He is truly a passionate professor and you will walk out of class inspired every time. Do take a class with him if you can. It is difficult to earn a good grade--you really need to put the work in, but he chooses such fascinating material that this is no problem at all.",01/17/2013,4.0,4.0,,4,Sorta interested,4.0,4.0,1,No,1358449837000,N/A,1040,N/A,,N/A,[],people,people
N/A,good,good,good,3,20651666,2,,awesome,5,ANTH27,"Abowd is really, really tough grader but his human rights course was amazing. I learned so much but had to work so hard just to get a B. Take the course but only if you have the time to devote to it.",09/19/2012,5.0,5.0,,5,Really into it,5.0,5.0,1,Yes,1348064315000,N/A,1040,N/A,,N/A,[],people,people
N/A,good,good,good,3,19941067,2,,awesome,5,ANTH27,"A professor who actually cares about students. The class was sometimes too demanding but you will learn so much if you work. Nice guy, too.",03/23/2012,4.0,4.0,,5,It's my life,5.0,5.0,1,Yes,1332486772000,N/A,1040,N/A,,N/A,[],people,people
N/A,average,good,average,4,19430452,1,,good,3,ANTH27,"The material for this class is really interesting, and some of the ethnographies are great. However, Abowd's lectures are inconsistent and can be scattered. He's a pretty tough grader; so much of your grade depends on the final. More than willing to meet and talk at any point. Definitely go to office hours!",12/08/2011,4.0,4.0,,4,Really into it,3.5,3.5,1,Yes,1323370700000,N/A,1040,N/A,,N/A,[],person,people
N/A,average,good,average,2,19234510,1,,average,3,HIST177,"Good teacher but hard to follow sometimes, classes often disorganized. Really listens to students and office hours were helpful.",11/14/2011,4.0,4.0,,3,Low,3.0,3.0,1,No,1321291042000,N/A,1040,N/A,,N/A,[],person,people
N/A,good,good,good,3,19077382,1,,awesome,5,ANTH149,pop culture class was very interesting. This professor was strong.,10/16/2011,4.0,4.0,,5,Really into it,5.0,5.0,1,Yes,1318803692000,N/A,1040,N/A,,N/A,[],person,people
N/A,good,good,good,3,18866799,1,,awesome,5,ANT27,This course on human rights rights was spectacular. Abowd is really good lecturer and nice guy. The course was difficult though and it was a lot of work just to get a B. Recommended.,07/30/2011,5.0,5.0,,5,Really into it,5.0,5.0,1,Yes,1312044965000,N/A,1040,N/A,,N/A,[],person,people
N/A,good,average,good,4,18653605,1,,awesome,5,ANTH27,Superb teacher. He involves students in class discussion and encourages open debate (even if you disagree with his mostly radical views on politics). Very tough but usually fair.,05/23/2011,3.0,3.0,,5,Really into it,5.0,5.0,1,Yes,1306178504000,N/A,1040,N/A,,N/A,[],person,people
N/A,good,good,good,3,18452445,1,,awesome,5,ANTH27,Amazing professor who showed respect for all. The readings were challenging but they were also great.,04/22/2011,4.0,4.0,,5,Really into it,5.0,5.0,1,Yes,1303469341000,N/A,1040,N/A,,N/A,[],person,people
N/A,good,average,good,5,18406827,0,,awesome,4,ANTH27,I don't know what this other reviewer is thinking. Abowd is my favorite professor. He is so dedicated to getting to know his students and always willing to clarify anything in office hours. He genuinely respects what his students have to say and the class is very discussion based. He uses a variety of media and the readings are long but great.,04/13/2011,2.0,2.0,,5,Really into it,4.5,4.5,1,Yes,1302734279000,N/A,1040,N/A,,N/A,[],people,people
