attendance,clarityColor,easyColor,helpColor,helpCount,id,notHelpCount,onlineClass,quality,rClarity,rClass,rComments,rDate,rEasy,rEasyString,rErrorMsg,rHelpful,rInterest,rOverall,rOverallString,rStatus,rTextBookUse,rTimestamp,rWouldTakeAgain,sId,takenForCredit,teacher,teacherGrade,teacherRatingTags,unUsefulGrouping,usefulGrouping
Not Mandatory,average,good,average,0,23738502,0,,poor,2,COMP160,Blumer knows his stuff; he's just bad at articulating it to his students. Read the textbook chapters before you head to class and things will make a lot more sense. He grades pretty hard and his homeworks are tough and can take a long time. Algorithms is a good thing to learn for CS so definitely try to make the most of it.,11/04/2014,4.0,4.0,,2,Sorta interested,2.0,2.0,1,Yes,1415096138000,N/A,1040,Yes,,B+,"['Lecture heavy', 'Tough grader']",people,people
Not Mandatory,average,good,average,0,23273152,0,,average,2,COMP160,"He knows his stuff, but poorly articulates it. If you are able to listen to what he says and recognize when to apply it, you'll do fine. It's just very boring and hard to maintain interest. The textbook helps a lot which solidifying what Blumer talks about. Classes aren't too helpful, neither are sections. Not my favorite CS class.",05/18/2014,4.0,4.0,,3,Sorta interested,2.5,2.5,1,Yes,1400422141000,N/A,1040,N/A,,B+,[],people,people
N/A,good,average,good,0,2068611,0,,awesome,5,COMP160,"smart, perhaps to a fault b/c at times doesn't understand when/why students have a problem following. clear and concise explanations, but can get carried away with boardwork. strict and uncompromising.  surprisingly subtle and dry sense of humor.",05/01/2004,2.0,2.0,,5,N/A,5.0,5.0,1,N/A,1083407483000,N/A,1040,N/A,,N/A,[],people,people
N/A,average,average,good,0,925258,0,,good,3,COMP160,"He is very fair in grading, though his tests are difficult.  He is very helpful when approached with questions, and seems concerned for the wellfare of students.  Occasionally his lectures are a little difficult to follow.",05/05/2003,2.0,2.0,,5,N/A,4.0,4.0,1,N/A,1052129045000,N/A,1040,N/A,,N/A,[],people,people
N/A,average,good,average,0,870005,0,,poor,2,COMP160,He is not good at answering questions because he can't seem to see what the students don't understand.,04/22/2003,4.0,4.0,,2,N/A,2.0,2.0,1,N/A,1051050516000,N/A,1040,N/A,,N/A,[],people,people
N/A,poor,average,poor,0,868557,1,,poor,1,COMP160,No Comments,04/22/2003,3.0,3.0,,2,N/A,1.5,1.5,1,N/A,1051037822000,N/A,1040,N/A,,N/A,[],person,people
N/A,average,average,average,0,866403,0,,average,3,COMP20,"He was filling in for Couch when I took him, but I feel like I missed out on a lot in that class.",04/22/2003,3.0,3.0,,2,N/A,2.5,2.5,1,N/A,1051020226000,N/A,1040,N/A,,N/A,[],people,people
N/A,poor,average,poor,0,865635,0,,poor,1,COMP160,No Comments,04/22/2003,3.0,3.0,,2,N/A,1.5,1.5,1,N/A,1051014077000,N/A,1040,N/A,,N/A,[],people,people
N/A,average,average,poor,0,542280,0,,poor,2,COMP20,No Comments,02/05/2003,2.0,2.0,,1,N/A,1.5,1.5,1,N/A,1044439310000,N/A,1040,N/A,,N/A,[],people,people
