attendance,clarityColor,easyColor,helpColor,helpCount,id,notHelpCount,onlineClass,quality,rClarity,rClass,rComments,rDate,rEasy,rEasyString,rErrorMsg,rHelpful,rInterest,rOverall,rOverallString,rStatus,rTextBookUse,rTimestamp,rWouldTakeAgain,sId,takenForCredit,teacher,teacherGrade,teacherRatingTags,unUsefulGrouping,usefulGrouping
N/A,good,average,good,0,21261575,0,,awesome,5,MATH0034,Pretty funny person.  Explains most of the concepts well - though the tests in this class were a fair bit more difficult than the homeworks would have made me expect.,01/15/2013,2.0,2.0,,5,Really into it,5.0,5.0,1,Yes,1358254982000,N/A,1040,N/A,,N/A,[],people,people
N/A,good,average,good,0,19868162,0,,awesome,5,MATH12,"Presents the material using mostly examples which is really helpful for learning the math.  Funny guy, highly recommend taking this class with him.",03/01/2012,2.0,2.0,,5,It's my life,5.0,5.0,1,Yes,1330563845000,N/A,1040,N/A,,N/A,[],people,people
N/A,good,average,good,0,19647228,0,,good,4,MATH12,"Christensen is very clear and organized. He teaches you what you need to know on tests (although the final exam was a little trickier than the midterms). He has a good sense of humor but doesn't get off track much so he doesn't always show it. Go to class, and you'll be fine.",12/31/2011,2.0,2.0,,4,Sorta interested,4.0,4.0,1,No,1325359734000,N/A,1040,N/A,,N/A,[],people,people
N/A,good,average,good,0,19091864,0,,awesome,4,MATH0012,Very clear and very easy going. He knows how to teach and he's hilarious without trying which makes those early classes easier to stay awake during.,10/21/2011,3.0,3.0,,5,Sorta interested,4.5,4.5,1,No,1319203620000,N/A,1040,N/A,,N/A,[],people,people
