attendance,clarityColor,easyColor,helpColor,helpCount,id,notHelpCount,onlineClass,quality,rClarity,rClass,rComments,rDate,rEasy,rEasyString,rErrorMsg,rHelpful,rInterest,rOverall,rOverallString,rStatus,rTextBookUse,rTimestamp,rWouldTakeAgain,sId,takenForCredit,teacher,teacherGrade,teacherRatingTags,unUsefulGrouping,usefulGrouping
N/A,good,average,good,2,19132056,0,,awesome,5,PHILA,"Nancy Bauer is one of the smartest professors at Tufts, yet remains incredibly humble and approachable. If you have the chance, definitely take her class, Feminist Philosophy. She is a genius and should win every prize in the world. She is an academic powerhouse that you also wish was your best friend.",10/31/2011,2.0,2.0,,5,Really into it,5.0,5.0,1,No,1320062839000,N/A,1040,N/A,,N/A,[],people,people
N/A,good,average,good,0,18351183,0,,awesome,5,PHIL48,"Professor Bauer was AMAZING! I loved her class. She is fascinating and intelligent and I can't wait to take another class with her. She will make you think so much, in the best possible way. Definitely take her Feminist Philosophy class!",04/03/2011,3.0,3.0,,5,Sorta interested,5.0,5.0,1,Yes,1301874525000,N/A,1040,N/A,,N/A,[],people,people
N/A,good,average,good,0,10906195,0,,awesome,5,INTROTOETHICS,"great professor, makes a big lecture seem like a small class.",11/14/2005,3.0,3.0,,4,Sorta interested,4.5,4.5,1,N/A,1132012726000,N/A,1040,N/A,,N/A,[],people,people
N/A,good,average,good,0,3941385,0,,awesome,5,ETHICS,"Great professor, truly interested and cares about the material and her students wether she knows you personally or not. Really warm and friendly, believes in the importance of philosophy, etc. However, I'm a little angry that I recieved a B+ after getting A's on all the essays...how does that happen",05/30/2005,3.0,3.0,,5,Sorta interested,5.0,5.0,1,N/A,1117483865000,N/A,1040,N/A,,N/A,[],people,people
N/A,good,average,average,0,3903843,0,,good,4,PHIL24,Prof. Bauer focuses on her students learning the material and not on grades.  She is cool... but the use of movies takes away from our understanding of the already difficult ethicist philosophies.  Grading may be fair but is very tough.,05/22/2005,3.0,3.0,,3,Sorta interested,3.5,3.5,1,N/A,1116755749000,N/A,1040,N/A,,N/A,[],people,people
N/A,poor,poor,poor,0,3824493,0,,awful,1,PHIL24,"Nancy Bauer's Intro to Ethics class was the most pointless class I have taken at Tufts. She goes through the readings incredibly slowly and explains them condescendingly so that any interest one might have in the material is destroyed by her lectures. She gave me headaches. It is very easy, though.",05/10/2005,1.0,1.0,,1,Really into it,1.0,1.0,1,N/A,1115687237000,N/A,1040,N/A,,N/A,[],people,people
N/A,good,average,good,0,2859629,0,,awesome,5,FEMINISTPHIL,"Nancy is amazing. Very articulate, engaging, and passionate about the subject. The readings were all the important readings you'd want to have and the assignments were fair, relevant, and interesting. Fabulous class!",11/30/2004,3.0,3.0,,5,It's my life,5.0,5.0,1,N/A,1101809328000,N/A,1040,N/A,,N/A,[],people,people
N/A,good,average,good,0,2639154,0,,awesome,5,PHIL186,"amazing professor, incredibly intelligent. take every class she teaches",11/02/2004,2.0,2.0,,5,It's my life,5.0,5.0,1,N/A,1099433369000,N/A,1040,N/A,,N/A,[],people,people
N/A,good,average,good,0,2488367,0,,awesome,5,PHIL24,"Upholds philosophy department's amazing reputation. Take this course, both easy and extremely informative",09/22/2004,2.0,2.0,,5,It's my life,5.0,5.0,1,N/A,1095872726000,N/A,1040,N/A,,N/A,[],people,people
N/A,good,poor,good,0,2307302,0,,awesome,5,PHIL21,very dedicated. excellent teacher.,07/11/2004,1.0,1.0,,5,N/A,5.0,5.0,1,N/A,1089515863000,N/A,1040,N/A,,N/A,[],people,people
N/A,good,poor,good,0,2226572,0,,awesome,5,ETHICS,Amazing teacher.  Her lectures were always very interesting and emphasizes more of what you think rather than focusing on grades.  Great class.,06/07/2004,1.0,1.0,,5,N/A,5.0,5.0,1,N/A,1086625673000,N/A,1040,N/A,,N/A,[],people,people
N/A,good,good,good,0,1477322,0,,awesome,5,FEMPHIL,"this woman is a gifted thinker, teacher, and isn't socially autistic. in fact, she's incredibly cool. best thing is you'll learn how to write.",12/10/2003,4.0,4.0,,5,N/A,5.0,5.0,1,N/A,1071076804000,N/A,1040,N/A,,N/A,[],people,people
N/A,good,average,good,0,1356229,0,,awesome,4,PHIL24,"I graduated a year ago and i still think about how great her Intro to Ethics class was.  Great role model, great teacher, great all around.",11/19/2003,3.0,3.0,,5,N/A,4.5,4.5,1,N/A,1069246345000,N/A,1040,N/A,,N/A,[],people,people
N/A,average,average,average,0,871210,0,,good,3,PHIL91,No Comments,04/23/2003,3.0,3.0,,4,N/A,3.5,3.5,1,N/A,1051066639000,N/A,1040,N/A,,N/A,[],people,people
N/A,good,average,good,0,865928,0,,awesome,5,ETHICSFEM,No Comments,04/22/2003,3.0,3.0,,5,N/A,5.0,5.0,1,N/A,1051016393000,N/A,1040,N/A,,N/A,[],people,people
N/A,good,average,good,0,733385,0,,awesome,5,PHIL904,nancy is the best!! her classes are great--she shows so much passion for the material...its a pleasure being in her class,03/22/2003,3.0,3.0,,5,N/A,5.0,5.0,1,N/A,1048296451000,N/A,1040,N/A,,N/A,[],people,people
N/A,good,average,good,0,621389,0,,awesome,5,ETHICS,No Comments,02/24/2003,3.0,3.0,,5,N/A,5.0,5.0,1,N/A,1046045237000,N/A,1040,N/A,,N/A,[],people,people
N/A,good,average,good,0,541168,0,,awesome,5,PHIL24,No Comments,02/04/2003,3.0,3.0,,5,N/A,5.0,5.0,1,N/A,1044397033000,N/A,1040,N/A,,N/A,[],people,people
