attendance,clarityColor,easyColor,helpColor,helpCount,id,notHelpCount,onlineClass,quality,rClarity,rClass,rComments,rDate,rEasy,rEasyString,rErrorMsg,rHelpful,rInterest,rOverall,rOverallString,rStatus,rTextBookUse,rTimestamp,rWouldTakeAgain,sId,takenForCredit,teacher,teacherGrade,teacherRatingTags,unUsefulGrouping,usefulGrouping
Mandatory,average,average,average,0,25869442,0,,average,3,BIO054,"Prof. Freudenreich is a brilliant scientist and wanted us all to start thinking like a researcher. The class was engaging and hands-on. Although it may seem like you failed when she gives you feedback, she is a very lenient grader and just wants you to succeed and think critically about your work. Most of your grade is a final paper.",01/04/2016,2.0,2.0,,3,Really into it,3.0,3.0,1,No,1451896226000,N/A,1040,Yes,,A,[],people,people
N/A,good,good,good,0,14697119,0,,awesome,4,BIO041,Learned a lot!,07/29/2008,4.0,4.0,,5,Really into it,4.5,4.5,1,Yes,1217346055000,N/A,1040,N/A,,N/A,[],people,people
N/A,average,good,average,0,11940201,0,,average,2,BIO,You'll work pretty hard to pass her class,05/25/2006,5.0,5.0,,3,Sorta interested,2.5,2.5,1,N/A,1148543170000,N/A,1040,N/A,,N/A,[],people,people
N/A,average,good,average,0,11573288,0,,average,2,GENETICS,Research is her priority--not teaching,03/14/2006,5.0,5.0,,3,It's my life,2.5,2.5,1,N/A,1142375907000,N/A,1040,N/A,,N/A,[],people,people
N/A,good,good,good,0,11487943,0,,awesome,5,BIOLOGY41,She will help you a lot if you just go and ask.  it is really challenging but she is nice and friendly,02/15/2006,5.0,5.0,,5,Sorta interested,5.0,5.0,1,N/A,1140038042000,N/A,1040,N/A,,N/A,[],people,people
N/A,average,good,average,0,11477678,1,,average,3,GENETICS,This class is really hard,02/12/2006,5.0,5.0,,3,It's my life,3.0,3.0,1,N/A,1139747688000,N/A,1040,N/A,,N/A,[],person,people
N/A,average,good,average,0,11431187,0,,good,3,BIO41,Wow--pretty tough class but she tries hard to teach us...,01/29/2006,5.0,5.0,,4,Low,3.5,3.5,1,N/A,1138543273000,N/A,1040,N/A,,N/A,[],people,people
N/A,good,good,average,0,11356526,1,,good,4,GENETICS,She is decent,01/12/2006,5.0,5.0,,3,Sorta interested,3.5,3.5,1,N/A,1137105420000,N/A,1040,N/A,,N/A,[],person,people
N/A,good,good,average,0,11294035,0,,average,4,BIO41,"Preferable to Siegel. Fairly straightforward although her tests are very difficult. She gets flustered if you ask her questions, and can't always respond correctly.",01/03/2006,4.0,4.0,,2,Really into it,3.0,3.0,1,N/A,1136298320000,N/A,1040,N/A,,N/A,[],people,people
N/A,poor,average,poor,0,1432970,0,,awful,1,BIO41,Take genetics with Siegel.  Freudenreich appears to have little concern for student progress and is much more focused on her own research than on teaching.,12/03/2003,3.0,3.0,,1,N/A,1.0,1.0,1,N/A,1070493513000,N/A,1040,N/A,,N/A,[],people,people
N/A,average,good,average,0,960066,0,,poor,2,BIO44,No Comments,05/14/2003,5.0,5.0,,2,N/A,2.0,2.0,1,N/A,1052936734000,N/A,1040,N/A,,N/A,[],people,people
N/A,poor,good,poor,0,875630,0,,poor,1,BIO41,soo bad,04/23/2003,5.0,5.0,,2,N/A,1.5,1.5,1,N/A,1051129432000,N/A,1040,N/A,,N/A,[],people,people
N/A,poor,good,poor,0,548996,0,,awful,1,BIO41,No Comments,02/07/2003,4.0,4.0,,1,N/A,1.0,1.0,1,N/A,1044625233000,N/A,1040,N/A,,N/A,[],people,people
N/A,poor,good,average,0,541013,0,,poor,1,BIO41,No Comments,02/04/2003,4.0,4.0,,3,N/A,2.0,2.0,1,N/A,1044395028000,N/A,1040,N/A,,N/A,[],people,people
