attendance,clarityColor,easyColor,helpColor,helpCount,id,notHelpCount,onlineClass,quality,rClarity,rClass,rComments,rDate,rEasy,rEasyString,rErrorMsg,rHelpful,rInterest,rOverall,rOverallString,rStatus,rTextBookUse,rTimestamp,rWouldTakeAgain,sId,takenForCredit,teacher,teacherGrade,teacherRatingTags,unUsefulGrouping,usefulGrouping
N/A,average,average,average,1,30246291,0,,poor,2,COMP135,Couldnt get pass first HW. Lectures are dry to say the least. Homework seems pointless (programming part). Don't recommend.,06/08/2018,3.0,3.0,,2,N/A,2.0,2.0,1,Yes,1528482699000,No,1040,No,,N/A,['Lecture heavy'],people,person
Mandatory,good,good,good,0,29609768,0,,awesome,5,COMP135,"Roni somehow manages to teach a wide range of machine learning topics in depth, which is great. I am a grad student and upon finishing the class I was able to apply the concepts directly to my research. My advise is to read the material before each class.",03/01/2018,4.0,4.0,,5,N/A,5.0,5.0,1,Yes,1519902463000,Yes,1040,Yes,,A,"['Lots of homework', 'Get ready to read', 'Respected']",people,people
N/A,average,good,average,5,25356034,1,,average,2,COMP135,"Literally 7 textbooks assigned! Lecture slides are sketchy leaving out much detail. Although this course is supposed to cover the how of Machine Learning, the professor more interested in theory and does not spend much time on the algorithms. Programming assignments are lengthy.",11/05/2015,4.0,4.0,,3,Sorta interested,2.5,2.5,1,Yes,1446767132000,N/A,1040,Yes,,N/A,"['Lots of homework', 'Get ready to read', 'Tough grader']",person,people
N/A,good,average,good,0,24841541,2,,awesome,5,INTRO101,"fair grader, helpful",05/15/2015,2.0,2.0,,4,Really into it,4.5,4.5,1,Yes,1431709499000,N/A,1040,Yes,,N/A,"['Inspirational', 'Caring', 'Respected']",people,people
N/A,average,good,poor,4,17896727,0,,poor,2,COMP135,"Terribly unfair. Higher, important concepts ignored on the final exam in favor of very specific information recall. Seems to grade with a checklist rather than determining quality of answers. Avoid if at all possible.",12/09/2010,5.0,5.0,,1,Low,1.5,1.5,1,Yes,1291902617000,N/A,1040,N/A,,N/A,[],people,people
N/A,average,good,average,2,14378041,0,,poor,2,COMP80,"Boring lectures and a pretty tough grader for what I've heard should have been a more reasonable class. If he's teaching the only class you want that's offered, WAIT until another semester and take it with someone else or you won't have a good experience!",04/30/2008,4.0,4.0,,2,Really into it,2.0,2.0,1,No,1209588758000,N/A,1040,N/A,,N/A,[],people,people
N/A,good,average,good,1,12795973,2,,good,4,COMP80,"Nice guy, quiet, lectures were always easy to understand. Fair grader.",01/19/2007,2.0,2.0,,4,Low,4.0,4.0,1,No,1169210674000,N/A,1040,N/A,,N/A,[],people,person
N/A,poor,good,poor,2,11395585,0,,awful,1,COMP150ML,"Horrible and Unfair, Never take a class with this man.",01/20/2006,5.0,5.0,,1,Meh,1.0,1.0,1,N/A,1137765789000,N/A,1040,N/A,,N/A,[],people,people
N/A,average,good,average,0,2319810,0,,poor,3,COMP80,Terrible professor.  Unfair.,07/15/2004,4.0,4.0,,1,N/A,2.0,2.0,1,N/A,1089927861000,N/A,1040,N/A,,N/A,[],people,people
