attendance,clarityColor,easyColor,helpColor,helpCount,id,notHelpCount,onlineClass,quality,rClarity,rClass,rComments,rDate,rEasy,rEasyString,rErrorMsg,rHelpful,rInterest,rOverall,rOverallString,rStatus,rTextBookUse,rTimestamp,rWouldTakeAgain,sId,takenForCredit,teacher,teacherGrade,teacherRatingTags,unUsefulGrouping,usefulGrouping
Mandatory,good,average,good,0,31321022,0,,awesome,5,CHEM0051,"This man needs to be teaching Orgo 2. I understand he must be doing important research on his own, but his incredible teaching talent shouldn't go to waste!",01/30/2019,3.0,3.0,,5,N/A,5.0,5.0,1,No,1548878271000,Yes,1040,Yes,,N/A,"['Hilarious', 'Amazing lectures']",people,people
Mandatory,good,good,good,0,31140441,0,,awesome,5,CHEM0051,"In a lecture class, it is easy to feel lost, esp in OChem. Kritzer's dedication is unmatched. He is one the most kindest, understanding, and intelligent professors you will ever have. Never once did he lose my attention in a 75 min lecture about chem (a huge feat). You must take a class with him. Orgo is hard, but he makes it easier to learn.",12/22/2018,4.0,4.0,,5,N/A,5.0,5.0,1,No,1545514044000,Yes,1040,Yes,,N/A,"['Inspirational', 'Amazing lectures', ""Skip class? You won't pass.""]",people,people
N/A,good,good,good,0,31044942,0,,awesome,5,CH0051,Kritzer is honestly an incredible human being who really cares about his students. I absolutely love orgo because of him,12/15/2018,4.0,4.0,,5,N/A,5.0,5.0,1,No,1544907531000,Yes,1040,Yes,,A,"['Amazing lectures', 'Accessible outside class', 'Inspirational']",people,people
Not Mandatory,good,average,good,1,30979851,0,,awesome,5,CHEM0051,"I'm a freshman and did really well without opening the book. That's how good his lectures are. Office hours and recitations were super helpful. Soooo many practice exams, just doing them all was more than enough studying. If you don't have to take the lab at the same time or at all, DON'T because it actually doesn't even remotely compare to CHEM51.",12/12/2018,3.0,3.0,,5,N/A,5.0,5.0,1,Yes,1544577513000,Yes,1040,Yes,,A+,"['Amazing lectures', ""Skip class? You won't pass."", 'Accessible outside class']",people,person
N/A,good,average,good,0,30944427,0,,awesome,5,CHEM0051,"I love Dr. Kritzer! He truly cares about the wellbeing of his students and is always looking for ways to help them do better. He made orgo fun for me, which I definitely wasn't expecting to happen!",12/10/2018,3.0,3.0,,5,N/A,5.0,5.0,1,Yes,1544449046000,Yes,1040,Yes,,N/A,"['Respected', 'Caring', 'Amazing lectures']",people,people
Not Mandatory,good,good,good,0,30935610,0,,awesome,5,CHEM0051,"Dr. Kritzer is one of the top profs at Tufts. He is passionate and knowledgeable and is a good teacher. Most professors profess, but Dr. Kritzer is a true TEACHER. He is constantly looking for feedback and working to tailor his course to his students needs. Has high (but reasonable) expectations. I love chemistry and he made organic the best.",12/09/2018,4.0,4.0,,5,N/A,5.0,5.0,1,Yes,1544389263000,Yes,1040,Yes,,B,"[""Skip class? You won't pass."", 'Caring', 'Amazing lectures']",people,people
Not Mandatory,good,good,good,0,30933542,0,,awesome,5,CHEM0051,"Kritzer is the best professor I've had at Tufts, in the most daunting course I've taken. He's so caring, gives a ton of time/energy to students, and is a super fair professor. The class requires a lot of time/energy, but is really manageable (and possible to do well in!) if you can put in that time. The lab sucks, but that's not his fault",12/09/2018,4.0,4.0,,5,N/A,5.0,5.0,1,Yes,1544379150000,Yes,1040,Yes,,N/A,"['Get ready to read', 'Accessible outside class', 'Caring']",people,people
Not Mandatory,good,good,good,0,30925698,0,,awesome,5,CHEM0051,BEST PROFESSOR I HAVE EVER HAD!! He made organic chem so much less daunting and his lectures were soo organized and fun! I always looked forward to his class. He is very caring and jokes too and very approachable. You can talk to him about anything and he will understand you!! Def take his class.,12/08/2018,4.0,4.0,,5,N/A,5.0,5.0,1,No,1544297335000,Yes,1040,Yes,,A,"['Caring', 'Amazing lectures', 'Respected']",people,people
Mandatory,good,average,good,0,30924061,0,,awesome,5,CH0051,"Kritzer is a great lecturer -- he is very funny and explains things in a way that is very easy to grasp, even if they aren't. There are also plenty of practice materials to prepare for exams.",12/08/2018,3.0,3.0,,5,N/A,5.0,5.0,1,No,1544286614000,Yes,1040,Yes,,Not sure yet,"['Amazing lectures', 'Hilarious']",people,people
Mandatory,good,good,good,0,30923549,0,,awesome,5,CHEM0051,"Great professor and even greater person. He genuinely cares about how you're feeling/doing in the class. A testament to how hard he works to help his students succeed: he responds to piazza questions faster than my friends reply to my texts. In all seriousness, orgo is challenging but there's no better prof to take orgo with than Kritzer!",12/08/2018,4.0,4.0,,5,N/A,5.0,5.0,1,Yes,1544283636000,Yes,1040,Yes,,N/A,"['Accessible outside class', 'Caring', 'Respected']",people,people
N/A,good,good,good,0,30916148,0,,awesome,5,CHEM0051,"An excellent professor. He goes fast, so it is helpful to look at the material before lecture. If you do and are able to keep up, he makes the material very accessible and interesting. Exams and grading is very fair, as is the course overall.",12/07/2018,4.0,4.0,,5,N/A,5.0,5.0,1,Yes,1544211141000,Yes,1040,Yes,,N/A,"['Amazing lectures', 'Inspirational', 'Caring']",people,people
Not Mandatory,good,average,good,0,30914563,0,,awesome,5,CH0051,"Kritzer is the one of the best professors at Tufts. Taking organic chemistry with him was a great experience. Lectures are very helpful and he provides tons of resources to excel in the course. His way of teaching makes it easy to grasp the challenging material. If you intend to take organic chemistry at some point, Take it with Kritzer.",12/07/2018,3.0,3.0,,5,N/A,5.0,5.0,1,Yes,1544203077000,Yes,1040,Yes,,Not sure yet,"['Amazing lectures', 'Accessible outside class', 'Caring']",people,people
Mandatory,good,good,good,0,30907254,0,,awesome,5,CHEM0051,"1. Piazza is a lifesaver and all professors should do this too. 2. Nicest professor ever and I thought I already met all the awesome ones but apparently I was wrong 3. Organic chemistry changed my life 4. ATTEND RECITATION, PREVIEW LECTURE! REVIEW DAILY 5. This class will require lots of work and you might &quot;fail&quot; but IT IS OKAY!",12/07/2018,5.0,5.0,,5,N/A,5.0,5.0,1,Yes,1544168593000,Yes,1040,Yes,,B,"['Respected', 'Accessible outside class', ""Skip class? You won't pass.""]",people,people
Not Mandatory,good,average,good,0,30902569,0,,awesome,5,CHEM51,Professor Kritzer works INCREDIBLY hard for his students and I'm so happy he was my introduction to orgo. The material is super hard but he truly goes above and beyond to provide resources for students. Makes me happy I came to this school.,12/06/2018,3.0,3.0,,5,N/A,5.0,5.0,1,Yes,1544131004000,Yes,1040,Yes,,N/A,"['Caring', 'Hilarious', 'Clear grading criteria']",people,people
Not Mandatory,good,good,good,0,30895731,0,,awesome,5,CHEM0051,"Professor Kritzer is the best professor I've had at Tufts. A lot of people are so fearful of organic chemistry, but he makes the class as interesting as possible to every student. He answers questions on Piazza in 15 minutes max, and his office hours are great. You have to work hard, but you are provided all of the resources you need to do well!",12/06/2018,4.0,4.0,,5,N/A,5.0,5.0,1,Yes,1544108486000,Yes,1040,Yes,,N/A,"['Accessible outside class', 'Respected', 'Amazing lectures']",people,people
Mandatory,good,good,good,0,30886635,0,,awesome,5,CH0051,"Professor Kritzer is literally the best professor I've ever had. He's incredibly smart and good at teaching organic chemistry. Obviously orgo is hard, but Kritzer's enthusiasm for the subject is contagious. He really wants his students to succeed. If all professors were like Kritzer learning in college would be so much better.",12/05/2018,4.0,4.0,,5,N/A,5.0,5.0,1,Yes,1544051503000,Yes,1040,Yes,,N/A,"['Amazing lectures', 'Caring', 'Hilarious']",people,people
Mandatory,good,average,good,0,30557788,0,,awesome,5,CHEM0051,"Really great lecturer. He knows how to explain concepts in easy to grasp ways, such that attending lecture is more valuable than thoroughly reading the textbook. Exams are fair and there are plenty of practice materials. With him, Orgo is NOT scary. Chem was much more difficult.",10/10/2018,3.0,3.0,,5,N/A,5.0,5.0,1,No,1539179212000,Yes,1040,Yes,,N/A,"['Amazing lectures', 'Hilarious']",people,people
Mandatory,good,average,good,0,29629307,0,,awesome,5,CHEM0051,"Orgo has a scary reputation and Kritzer does a phenomenal job of changing that around. As long as you keep up with the work, the class is genuinely not that bad. There are a ton of practice tests, problems done in class, and explanations to do just fine. If you keep up with the quizzes they become free points and they make you stay up to date.",03/07/2018,3.0,3.0,,5,N/A,5.0,5.0,3,Yes,1520414686000,Yes,1040,Yes,,A,"['Caring', 'Accessible outside class', 'Clear grading criteria']",people,people
Not Mandatory,good,average,good,0,29463084,0,,awesome,5,CH0051,i was super nervous about orgo but he's a great guy and made it as easy as possible,01/16/2018,3.0,3.0,,5,N/A,5.0,5.0,3,No,1516136650000,Yes,1040,Yes,,A-,"['Hilarious', 'Gives good feedback']",people,people
Mandatory,good,average,good,0,29413549,0,,awesome,5,CHEM0051,The greatest professor that I have ever had. He had extremely interesting lectures and I was always intrigued. He helped to making Organic Chemistry interesting and fun. He was always accessible and easy to talk to when need be. Really cared about the students and their success.,01/08/2018,3.0,3.0,,5,N/A,5.0,5.0,1,Yes,1515430489000,Yes,1040,N/A,,N/A,"['Amazing lectures', 'Respected', 'Caring']",people,people
N/A,good,good,good,2,29338274,0,,awesome,5,CHEM0051,"Truly the best science professor I've ever had. Really wants his students to understand the material and do well, even though there was close to 300-400 of us! I was pretty unconfident in my science ability after chem 1/ 2, but Kritzer made me confident that I can actually do science. He's always willing to help, super intelligent, just the best!",12/26/2017,4.0,4.0,,5,N/A,5.0,5.0,1,Yes,1514300560000,Yes,1040,Yes,,A-,[],people,people
Not Mandatory,good,average,good,0,29228064,0,,awesome,5,CHEM0051,"To Mama Kritzer: Professor Kritzer is doing a great job, you should be proud!! Kritzer is fun to listen to, relatable, and makes orgo as seamless as it could be. His impressive 30 min Piazza response time shows how much he cares and how willing he is to help. Would definitely recommend using the textbook as a learning aid (its amazing).",12/15/2017,3.0,3.0,,5,N/A,5.0,5.0,1,Yes,1513375456000,Yes,1040,Yes,,N/A,"['Accessible outside class', 'Caring', 'Amazing lectures']",people,people
N/A,good,good,good,0,29127304,0,,awesome,5,CHEM0051,"I was soo happy taking Orgo 1 with Kritzer! He made class quite enjoyable and his lectures combined with Klein readings (the textbook was also surprisingly great) taught me an immense amount of interesting material. He provides alot of tools for you to do well in this class, you just gotta but in the hard work.",12/11/2017,4.0,4.0,,5,N/A,5.0,5.0,1,Yes,1512986077000,Yes,1040,Yes,,N/A,"['Clear grading criteria', 'Respected', 'Gives good feedback']",people,people
Mandatory,good,good,good,0,29123534,0,,awesome,5,CHEM0051,"Read the textbook before the lectures and do what he tells you to do, and if you need help go to his office hours. Orgo is hard, but if you're going to take it you should take it with Kritzer. You might not get an A, but you'll actually learn and you'll have one of the best professors. This guy was meant to teach!",12/10/2017,4.0,4.0,,5,N/A,5.0,5.0,1,Yes,1512944791000,Yes,1040,Yes,,N/A,"[""Skip class? You won't pass."", 'Accessible outside class', 'Caring']",people,people
Not Mandatory,good,good,good,0,29117098,0,,awesome,5,CHEM0051,"Kritzer is the best professor I have ever had. Organic chemistry is a daunting class, but he makes it manageable. He loves chemistry and is excited to share his passion. He is incredibly accessible on Piazza and during office hours. It's a hard class, no doubt, but Kritzer made me love orgo. I really hope I get to take another class with him!",12/10/2017,4.0,4.0,,5,N/A,5.0,5.0,1,Yes,1512912438000,Yes,1040,Yes,,Not sure yet,"['Caring', 'Accessible outside class', 'Amazing lectures']",people,people
Mandatory,good,good,good,1,28008374,0,,awesome,5,CHEM0051,"Kritzer is AMAZING! Every lecture was so engaging, and I honestly had fun taking Organic Chemistry (which I would have never ever expected). Slides are super helpful, expectations are super well laid out, and he genuinely cares about his students. Go to lecture and use his practice materials, and the class is totally doable!",04/06/2017,4.0,4.0,,5,N/A,5.0,5.0,1,Yes,1491496836000,Yes,1040,Yes,,N/A,"['Clear grading criteria', 'Caring', 'Amazing lectures']",people,person
Not Mandatory,good,average,good,1,27873205,0,,awesome,5,CH0051,"He was an incredible professor. Organic chemistry is generally considered one of the bear classes of any STEM major, but he made it both easy and straightforward. His lectures are well organized and cohesive, homework is a strong indicator of test difficulty.  Overall he is very patient, passionate and if you need help he is excellent.",03/02/2017,3.0,3.0,,5,N/A,5.0,5.0,1,Yes,1488480028000,Yes,1040,Yes,,A+,"['Amazing lectures', 'Gives good feedback', 'Accessible outside class']",people,person
Mandatory,good,good,good,0,27711466,0,,awesome,5,CHEM0051,"One of the best professors I've had at Tufts! Lectures are super straightforward and interesting. He also plays music before the lectures, which I thought was a nice touch. Organic Chemistry is known for being a tough class but if you do all of the optional practice he provides you'll do fine!",01/10/2017,4.0,4.0,,5,N/A,5.0,5.0,1,Yes,1484082485000,Yes,1040,Yes,,N/A,"['Gives good feedback', 'Hilarious', 'Respected']",people,people
Not Mandatory,good,average,good,0,27639593,0,,awesome,5,CHEM0051,"Kritzer - fantastic lecturer with very clear expectations that are laid out for you for the class (and you'll know what ""Kritzer don't care"" about). Although orgo is known as THE pre-med weeder class, this class doesn't feel like a weeder class thanks to Kritzer's class set up. Honestly, this course was more understandable than general chemistry.",12/29/2016,3.0,3.0,,5,N/A,5.0,5.0,1,Yes,1482992556000,Yes,1040,Yes,,A+,"['Accessible outside class', 'Caring', 'Clear grading criteria']",people,people
Mandatory,good,good,good,0,27612634,0,,awesome,5,CHEM0051,"One of the best professors I've had at Tufts! This class was a huge amount of work, but such is the nature of organic chemistry. Professor Kritzer made it as enjoyable as it could be. I went into the class hating chemistry after gen chem, but came out loving it.",12/23/2016,4.0,4.0,,5,N/A,5.0,5.0,1,Yes,1482507636000,Yes,1040,Yes,,N/A,"['Hilarious', 'Amazing lectures', 'Caring']",people,people
Not Mandatory,good,average,good,0,27584022,0,,good,4,CHEM0051,"Kritzer does as good a job as he possibly can, given the large amount of course material he needs to get through and the massive class sizes. His slides do a good job introducing material and especially explaining the concepts behind the material so that it doesn't all feel like memorization. His mid-lecture questions are also helpful for learning.",12/20/2016,3.0,3.0,,4,N/A,4.0,4.0,1,Yes,1482259924000,Yes,1040,Yes,,A,"['Caring', 'Gives good feedback', 'Clear grading criteria']",people,people
Mandatory,good,good,good,0,27558133,0,,awesome,5,CHEM0051,"Absolutely my favorite professor so far at Tufts! He is incredibly engaging and makes such an intimidating class much more approachable. He also seems to care so much about us! If you must take orgo, take it with him.",12/18/2016,4.0,4.0,,5,N/A,5.0,5.0,1,Yes,1482091223000,Yes,1040,Yes,,N/A,"['Inspirational', 'Hilarious', 'Caring']",people,people
Mandatory,good,average,good,0,27450890,0,,awesome,5,CHEM0051,"Great teacher. Go to class, read the textbook, go to recitation, do the questions of the day, and you will be fine. He is very good at explaining mechanisms, and cares about you doing well. Take Kritzer!",12/12/2016,3.0,3.0,,5,N/A,5.0,5.0,1,Yes,1481563364000,Yes,1040,Yes,,A,"[""Skip class? You won't pass."", 'Clear grading criteria', 'Respected']",people,people
Mandatory,good,good,good,0,27449738,0,,awesome,5,CHEM0051,"Kritzer is amazing.  Lectures are great, he takes good notes on his slides and he is just the best chemistry professor one could ask for.  I would take anything he teaches.",12/12/2016,4.0,4.0,,5,N/A,5.0,5.0,1,Yes,1481559946000,Yes,1040,Yes,,N/A,"['Respected', 'Amazing lectures', 'Hilarious']",people,people
N/A,good,good,good,0,27443508,0,,awesome,5,CHEM0051,"Kritzer is honestly an amazing professor who is incredibly passionate about chemistry and really wants his students to enjoy it as much as he does. He is super personable and interactive and makes orgo fun. Definitely one of the best professors that I have ever had, and by far the best professor in the chem department!",12/12/2016,4.0,4.0,,5,N/A,5.0,5.0,1,Yes,1481542185000,Yes,1040,Yes,,N/A,"['Respected', 'Caring', 'Accessible outside class']",people,people
Not Mandatory,good,good,good,0,27438847,0,,awesome,5,CHEM0051,"Prof. Kritzer is one of the best professors I have so far in Tufts. He asks you to understand rather than remember most materials. His way of teaching makes organic chemistry a lot more intimidating to me. Though the materials are difficult and require real hard work, it is good to have Kritzer to teach you these stuff.",12/11/2016,4.0,4.0,,5,N/A,5.0,5.0,1,Yes,1481498011000,Yes,1040,Yes,,N/A,"['Inspirational', 'Amazing lectures', 'Accessible outside class']",people,people
Mandatory,good,good,good,0,27420712,0,,awesome,5,CHEM0051,"During each class, slides were annotated by the professor with a tablet using all sorts of magical colors. It was nice. But more usefully, these slides really captured key ideas and proved a crucial tool when studying for tests.  Professor Kritzer is one of the most accessible professors due to his use of a question and answer tool.",12/10/2016,4.0,4.0,,5,N/A,5.0,5.0,1,Yes,1481372530000,Yes,1040,Yes,,N/A,"['Accessible outside class', 'Respected', 'Hilarious']",people,people
N/A,good,good,good,0,27377943,0,,awesome,5,CH0051,"Great lecturer! Very clear and concise, and obviously incredibly knowledgeable. Slides are very well thought out and systematic, bringing you step-by-step to the solutions and reasoning.  The course in itself is fair and okay in difficulty. As long as you don't slack and keep things fresh in your head, you should be able to succeed.",12/07/2016,4.0,4.0,,5,N/A,5.0,5.0,1,Yes,1481142708000,Yes,1040,Yes,,N/A,"['Amazing lectures', 'Caring', 'Hilarious']",people,people
Mandatory,good,good,good,0,27373139,0,,awesome,5,CHEM0051,"Kritzer is a caring and articulate teacher. He is very dedicated to explaining concepts fully and in a way that makes them accessible. Organic chemistry is not easy, so if you're not willing to do the work then you won't enjoy anything about the class. If you come ready to work and dig in, though, I guarantee you'll appreciate him and learn a lot.",12/07/2016,4.0,4.0,,5,N/A,5.0,5.0,1,Yes,1481128498000,Yes,1040,Yes,,N/A,"['Caring', 'Lots of homework', 'Inspirational']",people,people
Mandatory,good,good,good,0,27332288,0,,awesome,5,CHEM0051,"I wish Kritzer taught all my classes! He's very clear, very thorough and very accessible outside of class. He definitely makes sure you have the tools to succeed, but you will have to work for it! The class definitely moves as a fast pace, but I don't know if  that can be helped with organic chemistry.",12/05/2016,4.0,4.0,,5,N/A,5.0,5.0,1,Yes,1480931063000,Yes,1040,Yes,,B,"['Amazing lectures', ""Skip class? You won't pass."", 'Caring']",people,people
Not Mandatory,good,good,good,0,27327604,0,,awesome,5,CHEM0051,"Kritzer is the man. His class isn't easy, but his enthusiasm for the material he teaches is contagious and he truly cares how well his students learn the material. I can't imagine having taken Orgo without him.",12/04/2016,4.0,4.0,,5,N/A,5.0,5.0,1,Yes,1480877245000,Yes,1040,Yes,,Not sure yet,"['Clear grading criteria', 'Amazing lectures', 'Hilarious']",people,people
Not Mandatory,good,good,good,0,27319447,0,,awesome,5,CHEM0051,"Kritzer is a good professor. He's engaging in lectures and has a lot of good insight. Teaches the important stuff, leaves out unnecessary fluff. Textbook is really good too. Definitely a lot of time outside of class doing problems. Tests/quizzes/grading are fair",12/03/2016,4.0,4.0,,5,N/A,5.0,5.0,1,Yes,1480766005000,Yes,1040,Yes,,N/A,"['Amazing lectures', ""Skip class? You won't pass."", 'Clear grading criteria']",people,people
Not Mandatory,good,good,good,0,27307863,0,,awesome,5,CH0051,"Organic chemistry will consume your life, but Kritzer's accessibility and passion for the material make it almost okay.",12/01/2016,5.0,5.0,,5,N/A,5.0,5.0,1,Yes,1480635036000,Yes,1040,Yes,,N/A,"['Amazing lectures', 'Accessible outside class', 'Lots of homework']",people,people
Mandatory,good,good,good,0,27203953,0,,awesome,5,CHEM0051,He is super responsive and wants to help you learn.,11/16/2016,4.0,4.0,,5,N/A,5.0,5.0,1,Yes,1479318902000,Yes,1040,Yes,,B+,['Get ready to read'],people,people
Mandatory,good,average,good,1,25962154,0,,awesome,5,CHEM0051,"Kritzer is a really great professor and highly recommended for any chemistry/biochemistry course. His lectures are helpful and he gives plenty of resources to succeed. Orgo is tough, but with hard work you can definitely do well. He is also very helpful at office hours. Attendance wasn't mandatory but his lectures were clear and useful.",01/19/2016,3.0,3.0,,5,Really into it,5.0,5.0,1,Yes,1453205041000,Yes,1040,Yes,,N/A,"['Caring', 'Tough grader']",people,person
Mandatory,good,good,good,0,25917756,0,,awesome,4,CHEM0051,Kritzer is an amazing professor. But there is a lot of leg work involved to actually apply what he teaches.,01/11/2016,4.0,4.0,,5,Really into it,4.5,4.5,1,Yes,1452515917000,N/A,1040,Yes,,N/A,"[""Skip class? You won't pass."", 'Caring', 'Hilarious']",people,people
N/A,average,good,average,0,25784636,0,,good,3,CHEM0051,"Clear that he's super passionate about orgo, and that made all the difference; he incited the same passion in his students. Orgo is difficult, but with Kritzer, it was (almost) fun. Great class.",12/20/2015,4.0,4.0,,4,It's my life,3.5,3.5,1,Yes,1450646765000,N/A,1040,Yes,,A,"['Amazing lectures', 'Tough grader', ""Skip class? You won't pass.""]",people,people
Not Mandatory,good,good,good,1,25410303,0,,awesome,5,CHEM51,He has a great personality! Super clear lectures. ,11/13/2015,4.0,4.0,,5,Sorta interested,5.0,5.0,1,Yes,1447435698000,N/A,1040,Yes,,N/A,['Amazing lectures'],people,person
Mandatory,average,average,average,0,24751577,4,,average,3,CHEM0051,Class runs at too fast a pace.  Clarity lost sometimes because of that.  Slow down and pay attention to the students.,05/06/2015,2.0,2.0,,3,Really into it,3.0,3.0,1,Yes,1430880269000,N/A,1040,Yes,,A,"['Tough grader', 'Lecture heavy', 'Lots of homework']",people,people
N/A,good,average,good,0,24306447,1,,awesome,5,BIOCHEM1AND2,Prof. Kritzer puts a ton of work into his classes and if you put in the work as well you will learn a lot of biochemistry. ,01/19/2015,3.0,3.0,,5,It's my life,5.0,5.0,1,Yes,1421685221000,N/A,1040,Yes,,N/A,[],person,people
N/A,average,average,average,0,22702651,0,,average,3,CH0051,"Nice lctures but the exam grading was awful.  I dont know if it was the TA's fault but too many errors on exams that were so, so easy",01/06/2014,3.0,3.0,,3,Really into it,3.0,3.0,1,Yes,1388974928000,N/A,1040,N/A,,N/A,[],people,people
N/A,average,average,average,0,19900962,0,,good,2,BIO172,Toooooooooo many slides.  Rush thru material.Pls take time to explain and ask qeustions.,03/11/2012,3.0,3.0,,5,Really into it,3.5,3.5,1,Yes,1331508248000,N/A,1040,N/A,,N/A,[],people,people
N/A,average,average,good,0,19680568,0,,good,3,CHEM171,Good teacher. the only problem is that he uses way too many slides. Makes the lectures go quickly but the main point is lost ...,01/06/2012,3.0,3.0,,5,Really into it,4.0,4.0,1,Yes,1325856484000,N/A,1040,N/A,,N/A,[],people,people
N/A,average,average,average,0,19390748,0,,average,2,BIO172,Too many slides and tells jokes at 8 AM that are not that funny.  Tough class but enjoyable.,12/05/2011,3.0,3.0,,3,Really into it,2.5,2.5,1,Yes,1323127079000,N/A,1040,N/A,,N/A,[],people,people
N/A,good,good,good,0,19009760,0,,awesome,5,CHEM171,Prof Kritzer knows his stuff and really enjoys teaching. Lectures are interesting and engaging and he tries to keep it entertaining too. Lots of work but definitely worth it.,09/19/2011,5.0,5.0,,4,It's my life,4.5,4.5,1,Yes,1316471142000,N/A,1040,N/A,,N/A,[],people,people
N/A,average,good,average,0,18890723,0,,good,3,BIO171,"Prof. Kritzer started at Tufts about a year ago&#63;  He uses lots of corny jokes, slides and rushes thru material as if we already knew it.  Tough class.",08/07/2011,5.0,5.0,,4,It's my life,3.5,3.5,1,Yes,1312689784000,N/A,1040,N/A,,N/A,[],people,people
