attendance,clarityColor,easyColor,helpColor,helpCount,id,notHelpCount,onlineClass,quality,rClarity,rClass,rComments,rDate,rEasy,rEasyString,rErrorMsg,rHelpful,rInterest,rOverall,rOverallString,rStatus,rTextBookUse,rTimestamp,rWouldTakeAgain,sId,takenForCredit,teacher,teacherGrade,teacherRatingTags,unUsefulGrouping,usefulGrouping
N/A,good,average,good,0,17581284,0,,awesome,5,CHBE114,"I loved professor Edwards.  She was clear and organized in class, and extremely generous with and helpful in her office hours.  She is, in my opinion, the best classroom teacher in the chemical engineering department.  Professor Edwards made a very difficult class, if not easy, at least crystal clear.  Thanks, Prof Edwards!",09/08/2010,3.0,3.0,,5,Really into it,5.0,5.0,1,Yes,1283961445000,N/A,1040,N/A,,N/A,[],people,people
N/A,good,average,good,0,11680220,0,,awesome,5,CHBE10,best tufts professor i've had. always prepared. always organized. never got behind/ahead on syllabus,04/09/2006,3.0,3.0,,5,It's my life,5.0,5.0,1,N/A,1144549050000,N/A,1040,N/A,,N/A,[],people,people
N/A,good,average,good,0,3148370,0,,awesome,5,CHBE10,Amazing professor. Was a pleasure to learn from her.  One of the best professors I've had at Tufts,01/03/2005,3.0,3.0,,5,It's my life,5.0,5.0,1,N/A,1104774635000,N/A,1040,N/A,,N/A,[],people,people
N/A,good,good,good,0,2967247,0,,awesome,5,CHEME10,"She is an amazing teach, best I've had at tufts.....very organized, awesome attitude, available and always willing to help. AWESOME",12/09/2004,4.0,4.0,,5,Really into it,5.0,5.0,1,N/A,1102620603000,N/A,1040,N/A,,N/A,[],people,people
N/A,average,average,average,0,1934815,0,,poor,2,CHE10LAB,while course is very easy. her teaching style consists of reading her overheads outloud. something i could do on my own and probably learn more from.,04/11/2004,2.0,2.0,,2,N/A,2.0,2.0,1,N/A,1081686750000,N/A,1040,N/A,,N/A,[],people,people
N/A,good,average,good,0,1519257,0,,awesome,5,THERMOLAB,hot in that french waif kinda way...,12/16/2003,2.0,2.0,,5,N/A,5.0,5.0,1,N/A,1071601733000,N/A,1040,N/A,,N/A,[],people,people
N/A,good,average,good,0,544709,0,,awesome,5,CHE10LAB,No Comments,02/05/2003,2.0,2.0,,5,N/A,5.0,5.0,1,N/A,1044489335000,N/A,1040,N/A,,N/A,[],people,people
