attendance,clarityColor,easyColor,helpColor,helpCount,id,notHelpCount,onlineClass,quality,rClarity,rClass,rComments,rDate,rEasy,rEasyString,rErrorMsg,rHelpful,rInterest,rOverall,rOverallString,rStatus,rTextBookUse,rTimestamp,rWouldTakeAgain,sId,takenForCredit,teacher,teacherGrade,teacherRatingTags,unUsefulGrouping,usefulGrouping
N/A,good,average,good,0,21787664,0,,awesome,4,PS188,"Amazing professor. Very knowledgable, funny. Great with office hours. Pushes you to do better, but makes it worth it. One of my favorite professors.",05/18/2013,3.0,3.0,,5,Sorta interested,4.5,4.5,1,Yes,1368880603000,N/A,1040,N/A,,N/A,[],people,people
N/A,good,average,average,0,21577416,0,,good,4,PS188,"The class has a lot of reading, but she goes over most of them in class. She's not a harsh grader and makes lectures interesting.",04/22/2013,2.0,2.0,,3,Sorta interested,3.5,3.5,1,No,1366628689000,N/A,1040,N/A,,N/A,[],people,people
N/A,average,average,average,0,21170462,1,,average,2,PS138,"Gleason is a hyperbolic, tree-hugging Sheltering Suburban Mom. You really can't challenge her narrative, and she doesn't understand anything outside her environmental realm even though she desperately tries to make the connection. The grading wasn't that hard, but the workload was tedious. If you're IR Security, her class will only frustrate you.",12/26/2012,3.0,3.0,,3,Sorta interested,2.5,2.5,1,Yes,1356543966000,N/A,1040,N/A,,N/A,[],person,people
N/A,good,poor,good,0,20161021,0,,awesome,4,PS188,I took International Environmental Negotiations with her and was THRILLED. Professor Gleason is one of the best professors at Tufts and I would highly recommend her!,05/01/2012,1.0,1.0,,5,It's my life,4.5,4.5,1,No,1335834226000,N/A,1040,N/A,,N/A,[],people,people
