attendance,clarityColor,easyColor,helpColor,helpCount,id,notHelpCount,onlineClass,quality,rClarity,rClass,rComments,rDate,rEasy,rEasyString,rErrorMsg,rHelpful,rInterest,rOverall,rOverallString,rStatus,rTextBookUse,rTimestamp,rWouldTakeAgain,sId,takenForCredit,teacher,teacherGrade,teacherRatingTags,unUsefulGrouping,usefulGrouping
Mandatory,poor,good,poor,3,28114914,2,,awful,1,MATH0061,If you go to Roger Tobin's ratemyprofessor page you'll see that I said it was the hardest class at Tufts University. That class was a joke compared to this one. By far the hardest class at Tufts University.,04/24/2017,5.0,5.0,,1,N/A,1.0,1.0,1,Yes,1493068179000,No,1040,Yes,,WD,"['Respected', 'Tough grader', ""Skip class? You won't pass.""]",people,people
Mandatory,good,good,good,3,26232661,0,,awesome,4,MATH61,"Moon is  beyond brilliant, transcending the assumed barrier between right brain and left brain. Need to understand something? Just ask her in class or shoot her an email outside of class. You'll get it with work. It's such a privilege to just see her talk about the stuff she loves. Expect to see many bitter grades along the way, but it'll work out.",04/05/2016,4.0,4.0,,5,N/A,4.5,4.5,1,Yes,1459854213000,N/A,1040,Yes,,N/A,"['Inspirational', 'Tough grader', 'Respected']",people,people
Mandatory,good,average,good,2,24894486,0,,awesome,5,MATH112,"Moon is really invested in making sure you get both the math and the history. If you have questions, or just want to talk, she does her utmost to be available and help you. There are readings to respond to and problem sets. The readings are usually pretty interesting, but some of the p-sets might be hard, find someone to work with.",05/24/2015,3.0,3.0,,5,Really into it,5.0,5.0,1,Yes,1432431212000,N/A,1040,Yes,,N/A,"['Gives good feedback', 'Caring', 'Respected']",people,people
N/A,good,good,good,1,22812619,0,,awesome,5,MATH12,"She is the best math teacher I have ever had by far and maybe even the best teacher I have ever had. She was inspiring and made math really interesting and philosophical. She's not only extremely smart, but she's a gifted teacher (two things that often don't go together)",02/02/2014,4.0,4.0,,5,Sorta interested,5.0,5.0,1,No,1391343605000,N/A,1040,N/A,,N/A,[],people,person
N/A,good,average,good,1,20712997,0,,awesome,4,MATH12,"She goes over the theory more than actual examples of problems in class, but she takes any question that you ask her and is extremely helpful during office hours. She's also very clear in her presentation of her lectures",10/18/2012,3.0,3.0,,5,Sorta interested,4.5,4.5,1,Yes,1350562895000,N/A,1040,N/A,,N/A,[],people,person
N/A,good,average,good,2,20032612,0,,awesome,5,MATH0012,She is a wonderful teacher and obviously a genius! Her explanations are so clear and she always sticks up for the students' best interest in the department. I would take another class of hers in a heartbeat.,04/11/2012,3.0,3.0,,5,Really into it,5.0,5.0,1,Yes,1334163777000,N/A,1040,N/A,,N/A,[],people,people
N/A,good,average,good,0,20016198,0,,awesome,5,CALC03,"Moon is one of the best teachers I have ever had.  I can ask her any question and she will respond with a deep and thorough explanation that not only addresses the answer, but also illustrates why it makes sense, and what is derived from.  Her availability and helpfulness are unmatched.  Every time I email her, she responds within the half-hour.",04/09/2012,3.0,3.0,,5,It's my life,5.0,5.0,1,Yes,1333967887000,N/A,1040,N/A,,N/A,[],people,people
N/A,good,good,good,0,20001376,1,,awesome,5,MATH11,:),04/05/2012,4.0,4.0,,5,It's my life,5.0,5.0,1,No,1333589555000,N/A,1040,N/A,,N/A,[],person,people
N/A,good,average,good,1,19748326,0,,awesome,5,MATH11,"Phenomenal. Moon explains clearly and extensively concepts that previous teachers made seem impossible, She makes it fascinating to come to class. She treats you like you know what you're doing and doesn't waste your time, but she also goes out of her way to make sure you understand. People go to her class who aren't even in it. Take her class.",01/19/2012,3.0,3.0,,5,Really into it,5.0,5.0,1,No,1326985667000,N/A,1040,N/A,,N/A,[],people,person
N/A,average,average,good,0,19553770,0,,good,3,MATH0011,"She shows great enthusiasm for this course and is really helpful 1 on 1. The main concern I have with her is how she teaches through  proofs. She oftentimes over-explains or goes into too great of detail, which seems like a good thing, but can over complicate a quite easy subject. Overall, a good teacher, and is good for beginners.",12/17/2011,2.0,2.0,,5,Sorta interested,4.0,4.0,1,Yes,1324143336000,N/A,1040,N/A,,N/A,[],people,people
N/A,good,average,good,0,19221631,0,,awesome,5,MATH11,The smartest and coolest teacher you'll ever have!,11/12/2011,3.0,3.0,,4,Sorta interested,4.5,4.5,1,Yes,1321095937000,N/A,1040,N/A,,N/A,[],people,people
N/A,good,average,good,0,19191915,0,,awesome,5,MATH0011,"She is an amazing teacher. She explains everything in a very clear and concise way and makes lectures interesting. She uses her own methods instead of the textbook which is helpful and often much easier to understand. Overall, a crazy good teacher.",11/08/2011,3.0,3.0,,5,Really into it,5.0,5.0,1,Yes,1320788467000,N/A,1040,N/A,,N/A,[],people,people
N/A,good,average,good,0,19160644,1,,good,4,MATH0011,"SO BRILLIANT! Wonderful teacher, but def. takes work.",11/04/2011,3.0,3.0,,4,Really into it,4.0,4.0,1,No,1320367929000,N/A,1040,N/A,,N/A,[],person,people
N/A,good,good,good,0,19091437,0,,awesome,4,CALC11,She's awesome. Really smart and very helpful.,10/21/2011,4.0,4.0,,5,Sorta interested,4.5,4.5,1,No,1319196428000,N/A,1040,N/A,,N/A,[],people,people
