attendance,clarityColor,easyColor,helpColor,helpCount,id,notHelpCount,onlineClass,quality,rClarity,rClass,rComments,rDate,rEasy,rEasyString,rErrorMsg,rHelpful,rInterest,rOverall,rOverallString,rStatus,rTextBookUse,rTimestamp,rWouldTakeAgain,sId,takenForCredit,teacher,teacherGrade,teacherRatingTags,unUsefulGrouping,usefulGrouping
Not Mandatory,good,poor,good,0,32002641,0,,awesome,5,PSY32,"DB is a funny lecturer and does his best to make the material very entertaining. Experimental psych has two group projects/papers and one individual paper. Both require lots of dedicated time and effort, but it is not hard at all. You don't have to attend lecture but would recommend. Just put in some effort, don't stress &amp; it's an easy A!",06/06/2019,1.0,1.0,,5,N/A,5.0,5.0,1,Yes,1559852196000,Yes,1040,Yes,,A,"['Group projects', 'Graded by few things']",people,people
Not Mandatory,good,poor,good,0,31997344,0,,awesome,5,PSY31,Easy A,06/05/2019,1.0,1.0,,5,N/A,5.0,5.0,1,No,1559748292000,Yes,1040,Yes,,N/A,"['Hilarious', 'Accessible outside class']",people,people
Not Mandatory,good,average,good,0,31776320,0,,awesome,5,PSY31,"Psych stats with Professor Barch is the easiest of any of the statistics classes you can take at Tufts. Professor Barch is also approachable, caring, and overall great guy. Every quiz and test is open note. Contrary to what many professors think, doing this makes students want to learn bc there's little pressure to memorize and cram :)",05/05/2019,2.0,2.0,,5,N/A,5.0,5.0,1,No,1557087109000,Yes,1040,Yes,,A,"['Caring', 'Clear grading criteria', 'Hilarious']",people,people
Not Mandatory,good,average,good,3,31105720,0,,awesome,5,PSY31,"Daniel is an absolute gem. Believe it or not, you get to learn the material and get an A at the same time... gotta love him",12/19/2018,2.0,2.0,,5,N/A,5.0,5.0,1,No,1545258031000,Yes,1040,Yes,,A,"['Hilarious', 'Caring', 'Clear grading criteria']",people,people
Not Mandatory,good,average,good,1,30752989,0,,awesome,5,PSY31,"Professor Barch is one of the easiest teachers I have ever had. He posts the lecture slides online so you only really need to go to class to turn in your homework. You can use your notes, worksheets, and book on the quizzes and exams. I would take this class a million times over again.",11/19/2018,2.0,2.0,,5,N/A,5.0,5.0,1,No,1542589258000,Yes,1040,Yes,,A,"['Clear grading criteria', 'Hilarious']",people,person
