attendance,clarityColor,easyColor,helpColor,helpCount,id,notHelpCount,onlineClass,quality,rClarity,rClass,rComments,rDate,rEasy,rEasyString,rErrorMsg,rHelpful,rInterest,rOverall,rOverallString,rStatus,rTextBookUse,rTimestamp,rWouldTakeAgain,sId,takenForCredit,teacher,teacherGrade,teacherRatingTags,unUsefulGrouping,usefulGrouping
N/A,good,good,good,0,32140488,0,,good,4,MATH51,"Prof Hasselblatt, is a cool genius, and a humble one at that, with a sense of humor nearly as good as Groucho Marx's. The math he teaches is necessary for graduate work in Engineering or Science, and he goes wicked fast because 21st century math is more interesting.",08/01/2019,4.0,4.0,,4,N/A,4.0,4.0,3,Yes,1564687827000,Yes,1040,Yes,,Not sure yet,"[""Skip class? You won't pass."", 'Inspirational', 'Lots of homework']",people,people
Not Mandatory,good,good,good,1,31824972,0,,good,4,MATH34,"He explains the materials very well and is willing to answer your questions but the structure of the lectures often is not clear and may gloss over some topics that are actually tested. Practice for exams is only regular lectures, MML, and lots of problems in the textbook that are not even similar to the actual tests.",05/09/2019,4.0,4.0,,4,N/A,4.0,4.0,1,Yes,1557419933000,Yes,1040,Yes,,N/A,"['Caring', 'Accessible outside class']",people,person
N/A,good,average,good,0,31747879,0,,awesome,5,MATH51,"Prof. Hasselblatt is one of the best professors I have ever had. He is considerate, caring, and a captivating lecturer. He explains topics very clearly and is approachable and willing to help and give advice.",05/02/2019,3.0,3.0,,5,N/A,5.0,5.0,1,Yes,1556818865000,Yes,1040,Yes,,N/A,"['Inspirational', 'Respected', 'Hilarious']",people,people
N/A,good,average,good,0,31747690,0,,awesome,5,MATH38,"Prof. Hasselblatt is one of the best professors I have ever had. He is considerate, caring, and a captivating lecturer. He explains topics very clearly and is approachable and willing to help and give advice. The differential equations course math 38, is now coded as math 51.",05/02/2019,3.0,3.0,,5,N/A,5.0,5.0,1,Yes,1556818123000,Yes,1040,Yes,,N/A,"['Respected', 'Inspirational', 'Hilarious']",people,people
Not Mandatory,average,good,average,0,31582153,0,,poor,2,MATH34,"Lectures are boring as heck and explanations are usually not clear. Very nice guy and makes a lot of puns but it can get really boring, which leads to not paying attention, which leads to it being a challenging class.",04/12/2019,4.0,4.0,,2,N/A,2.0,2.0,1,Yes,1555084549000,Yes,1040,Yes,,N/A,['Lots of homework'],people,people
Not Mandatory,good,average,good,2,29833795,0,,awesome,5,MATH32,"Amazing guy. So sweet and beyond intelligent. Makes a joke or math pun every 5min. Will do his best to help you out. 3 exams, no final. If you take the practice tests he provides, you'll be sure to do well.",04/18/2018,3.0,3.0,,5,N/A,5.0,5.0,1,Yes,1524066749000,Yes,1040,Yes,,A,"['Accessible outside class', 'Caring', 'Hilarious']",people,people
N/A,good,average,good,2,29337852,0,,awesome,5,MATH0032,"If you have to take math at 8:30 in the morning, Professor Hasselblatt is a great choice. He says puns and jokes which helps the class go by faster and keeps you engaged. He also explains concepts thoroughly. Definitely a class that is much easier if you have had calculus before--very hard if you are starting from scratch.",12/26/2017,3.0,3.0,,5,N/A,5.0,5.0,1,Yes,1514296930000,Yes,1040,Yes,,N/A,"['Caring', 'Hilarious']",people,people
Not Mandatory,good,average,good,0,27469850,0,,awesome,5,MATH32,"He was a very clear teacher, and gave good feedback",12/13/2016,3.0,3.0,,5,N/A,5.0,5.0,1,Yes,1481642557000,Yes,1040,Yes,,N/A,"['Respected', 'Clear grading criteria', 'Gives good feedback']",people,people
Mandatory,good,poor,good,0,25200781,0,,awesome,5,MATH38,The prof really went out of his way to helpful and work out any problems the students had,09/21/2015,1.0,1.0,,5,Really into it,5.0,5.0,1,Yes,1442846526000,N/A,1040,Yes,,B+,['Gives good feedback'],people,people
N/A,average,average,good,0,17369004,0,,good,3,MATH11,"Hasselblatt was a very nice prof, he was relatively clear in lecture and was not at all intimidating at office hours. The tests were tough but if you really studied hard you could do well. Calc is not an easy subject but Hasselblatt makes it manageable, which is more than the other profs can say from what I've heard. He's good, but not amazing.",06/25/2010,3.0,3.0,,5,Low,4.0,4.0,1,Yes,1277503984000,N/A,1040,N/A,,N/A,[],people,people
N/A,average,average,average,0,16592020,0,,good,3,MATH38,"Hasselblatt is definitely better than the other teachers teaching this course, but that really isnt saying much. The book was pretty bad too. Compared to the calculus sequence, DE is really poorly organized and presented. All in all, Hasselblatt is a pretty average college professor...he does try hard though",12/18/2009,3.0,3.0,,4,Sorta interested,3.5,3.5,1,Yes,1261101999000,N/A,1040,N/A,,N/A,[],people,people
N/A,good,good,good,0,16590653,0,,awesome,4,MATH38,"Professor Hasselblatt is a great professor. He has a vast and clear knowledge of differential equations. At times, he can speak somewhat softly so it might be hard to hear, but I was always able to hear him in a class of 40+. Homework due every class from the book, standard for any math class. 3 term exams and 1 final break up the material well.",12/17/2009,4.0,4.0,,5,Really into it,4.5,4.5,1,Yes,1261093249000,N/A,1040,N/A,,N/A,[],people,people
N/A,good,good,good,0,16565050,0,,good,4,MATH38,"One of the best professors I've had. His humorous puns keep the relatively tedious material a little more bearable. EXTREMELY organized lectures with clear logic and clear progression throughout the course. Teaches in a way that students can understand well. Incredibly knowledgeable, and can answer every question you throw at him.",12/15/2009,4.0,4.0,,4,Sorta interested,4.0,4.0,1,Yes,1260907082000,N/A,1040,N/A,,N/A,[],people,people
N/A,average,average,average,0,12964116,1,,good,3,MATH38,"I'd rate his clarity higher if he spoke more loudly. He's really soft at first, though his volume increases as the class goes on. His writing is extremely small, but it's somehow big enough to read most of the time. No idea why. Anyway, he explains the concepts in a simple, organized fashion. Really, really nice guy, too.",04/02/2007,3.0,3.0,,4,Sorta interested,3.5,3.5,1,No,1175549530000,N/A,1040,N/A,,N/A,[],person,people
N/A,good,average,good,0,12386726,0,,awesome,5,MATH48,"Fine teacher, works good examples, hard to take notes from.",11/09/2006,2.0,2.0,,5,It's my life,5.0,5.0,1,Yes,1163075724000,N/A,1040,N/A,,N/A,[],people,people
N/A,good,average,good,0,11667736,0,,awesome,4,MATH38,"Very good teacher.  Ridiculously smart, and often funny. Always available to explain and clarify.",04/06/2006,3.0,3.0,,5,It's my life,4.5,4.5,1,N/A,1144325585000,N/A,1040,N/A,,N/A,[],people,people
N/A,good,average,good,0,10489165,0,,awesome,4,135,"Extremely hard class, but he did a good job with it.",09/11/2005,3.0,3.0,,5,Really into it,4.5,4.5,1,N/A,1126482608000,N/A,1040,N/A,,N/A,[],people,people
N/A,good,average,good,0,10489160,0,,awesome,4,REALANALYSIS,No Comments,09/11/2005,3.0,3.0,,5,Really into it,4.5,4.5,1,N/A,1126482572000,N/A,1040,N/A,,N/A,[],people,people
N/A,good,good,good,0,3113928,0,,awesome,5,MATH135,"I very much enjoyed this class. It was certainly difficult and time consuming, but I thought he did a good job presenting the material and explaining the difficult parts. Although expectations were set quite high, they were fair.",12/25/2004,4.0,4.0,,5,Really into it,5.0,5.0,1,N/A,1104018183000,N/A,1040,N/A,,N/A,[],people,people
N/A,good,average,good,0,3102898,0,,awesome,5,MATH38,Very personable.,12/23/2004,3.0,3.0,,5,Really into it,5.0,5.0,1,N/A,1103792395000,N/A,1040,N/A,,N/A,[],people,people
N/A,average,good,average,0,1463436,0,,average,2,MATH135,"Although he's a great guy, I did not find him to be a good professor at all. I had to drop the class because I was bombing out. He turned the course into a 3-day-a-week extended block, as well. Not an easy or very good professor.",12/08/2003,5.0,5.0,,3,N/A,2.5,2.5,1,N/A,1070925848000,N/A,1040,N/A,,N/A,[],people,people
N/A,good,good,good,0,867352,0,,good,4,MATH12,"Likes to tell bad jokes, but its funny.  Pretty Good Professor.",04/22/2003,4.0,4.0,,4,N/A,4.0,4.0,1,N/A,1051027127000,N/A,1040,N/A,,N/A,[],people,people
N/A,poor,average,poor,0,864648,0,,awful,1,MATH11,No Comments,04/22/2003,3.0,3.0,,1,N/A,1.0,1.0,1,N/A,1051004173000,N/A,1040,N/A,,N/A,[],people,people
N/A,good,average,good,0,548639,0,,awesome,5,MATH38,No Comments,02/07/2003,3.0,3.0,,4,N/A,4.5,4.5,1,N/A,1044618269000,N/A,1040,N/A,,N/A,[],people,people
