attendance,clarityColor,easyColor,helpColor,helpCount,id,notHelpCount,onlineClass,quality,rClarity,rClass,rComments,rDate,rEasy,rEasyString,rErrorMsg,rHelpful,rInterest,rOverall,rOverallString,rStatus,rTextBookUse,rTimestamp,rWouldTakeAgain,sId,takenForCredit,teacher,teacherGrade,teacherRatingTags,unUsefulGrouping,usefulGrouping
N/A,good,average,average,0,17245712,0,,good,4,ANTH05,"Awesome teacher, really good at introducing the concept of Anthropology to everybody",05/21/2010,3.0,3.0,,3,Low,3.5,3.5,1,No,1274400262000,N/A,1040,N/A,,N/A,[],people,people
N/A,good,average,good,0,16673127,0,,awesome,5,ANTH05,Prof Burtner is awesome. She is extremely smart and sometimes her classes will seem like information dump (in a good way) but think about the out of class committments before taking this class. It's not for everybody.,01/04/2010,3.0,3.0,,4,Sorta interested,4.5,4.5,1,Yes,1262589800000,N/A,1040,N/A,,N/A,[],people,people
N/A,good,good,good,0,15433139,0,,awesome,4,ANTH149,"Professor Burtner is an incredible scholar, professor, mentor and human being. I've taken three classes with her and she is HANDS DOWN the best professor in Anthropology. I still remember articles I read a year and a half ago because her teaching is so solid.",02/01/2009,4.0,4.0,,5,Really into it,4.5,4.5,1,Yes,1233514051000,N/A,1040,N/A,,N/A,[],people,people
N/A,good,good,good,0,15166959,0,,awesome,4,ANTH149,"Professor Burtner is a great professor but also a great resource. She is kindof hard to get ahold of becuase she is so involved outside of class, and it can make her hard to follow sometimes in class, but she is extremely willing to help you get involved outside of class if it's your thing. The workload is high, but very interesting and useful",12/11/2008,4.0,4.0,,5,It's my life,4.5,4.5,1,Yes,1229018517000,N/A,1040,N/A,,N/A,[],people,people
N/A,good,good,good,0,14129225,0,,awesome,4,ANTH149,No Comments,02/29/2008,4.0,4.0,,5,Sorta interested,4.5,4.5,1,No,1204247368000,N/A,1040,N/A,,N/A,[],people,people
N/A,good,good,good,0,13620164,0,,awesome,5,ANTH149,"Prof. Burnter is a wonderful teacher. She is always on high speed, but it makes for an interesting class. She requires daily homework, which is annoying, but makes you do the reading and think about it. Her classes are well organized, even if her powerpoints could use some help. I would highly recommend taking a class from her.",11/08/2007,4.0,4.0,,5,Really into it,5.0,5.0,1,Yes,1194529761000,N/A,1040,N/A,,N/A,[],people,people
