attendance,clarityColor,easyColor,helpColor,helpCount,id,notHelpCount,onlineClass,quality,rClarity,rClass,rComments,rDate,rEasy,rEasyString,rErrorMsg,rHelpful,rInterest,rOverall,rOverallString,rStatus,rTextBookUse,rTimestamp,rWouldTakeAgain,sId,takenForCredit,teacher,teacherGrade,teacherRatingTags,unUsefulGrouping,usefulGrouping
Mandatory,good,poor,good,0,29822660,0,,awesome,5,ENG05,If you follow guidelines you WILL get an A in this class. She told us we would have quizzes but we never had one. Our grade was 1 creative writing story we worked on all semester. I have minimal writing experience and found this class extremely easy. Sibyl is VERY approachable and gives a ton of feedback.,04/17/2018,1.0,1.0,,5,N/A,5.0,5.0,1,Yes,1523976545000,Yes,1040,Yes,,A,"['Accessible outside class', 'Participation matters', 'Gives good feedback']",people,people
N/A,average,average,average,0,29073310,0,,average,3,ENG005,"I found class incredibly boring as peer edited every week for three hours. She gave okay feedback on stories, but was very opinionated even though they were our own stories. I did not appreciate how we had to purchase the $70 textbook on Amazon that she wrote only to use it like three times for &quot;quizzes&quot; that did nothing to further my learning.",12/06/2017,2.0,2.0,,3,N/A,3.0,3.0,1,Yes,1512599568000,No,1040,Yes,,N/A,[],people,people
Mandatory,good,average,good,0,27781300,0,,awesome,5,ENG0005,"Sybil is very sweet, a motherly presence in the classroom. She offers great feedback, but doesn't dig for flaws if you're producing quality work.  She truly believes in the workshop model, and will rarely talk over or disagree with other students' feedback, even if hers isn't the same. Open to genre writing if you keep the focus on the characters.",01/27/2017,2.0,2.0,,5,N/A,5.0,5.0,1,Yes,1485479026000,Yes,1040,Yes,,A,"['Caring', 'Participation matters']",people,people
Mandatory,good,average,good,0,27381386,0,,awesome,5,ENG0005,"Sibyl is a joy to work with, just know that this class is workshop-based - meaning you will be expected to read and comment on other students' writing! She is an excellent facilitator of this kind of environment, offering a receptive ear and truly useful feedback herself while not dominating the discussion.",12/07/2016,2.0,2.0,,5,N/A,5.0,5.0,1,Yes,1481153618000,Yes,1040,Yes,,A+,"['Participation matters', 'Gives good feedback', 'Caring']",people,people
N/A,good,average,good,0,25719770,0,,awesome,5,ENG005,"Haters here need to go away. I was struggling with my short story and she literally helped me, until I understood the fundamentals to writing fiction so much better. She doesn't give much work. Quizzes and assignments are nothing (half of them aren't even checked) and so work on your story and ASK FOR HELP! SHE WILL AND SHE'S ALWAYS THERE FOR YOU!!",12/16/2015,3.0,3.0,,5,Really into it,5.0,5.0,1,Yes,1450243726000,N/A,1040,Yes,,N/A,[],people,people
N/A,average,poor,average,1,23047988,1,,good,3,ENG0005,"This class is great to take if you've never tried creative writing before. She basically tells you exactly what you need to do to get an A, and the workload is minimal. The class size is small - around 12 - and its fun getting to know the other writers in your class. I left this class with a greater appreciation for the writing process.",04/16/2014,1.0,1.0,,4,Really into it,3.5,3.5,1,No,1397655982000,N/A,1040,N/A,,N/A,[],person,person
Mandatory,good,poor,good,0,22552287,0,,awesome,5,ENG05,"Sybz is great. She has her opinions and you should abide by them for a good grade, but she's smart and talented so I was okay with that.",12/14/2013,1.0,1.0,,5,It's my life,5.0,5.0,1,Yes,1387027933000,N/A,1040,N/A,,A,[],people,people
N/A,average,poor,average,0,20432461,0,,good,3,ENG005,"Very unstructured, and the classes themselves were incredibly boring (because we took turns reading short stories of the textbook, a complete waste of time). Her comments and edits were helpful however. Just show effort in the class and make sure you write your drafts on time (and at least with some length), and almost guaranteed an A.",06/21/2012,1.0,1.0,,4,Sorta interested,3.5,3.5,1,Yes,1340294795000,N/A,1040,N/A,,N/A,[],people,people
N/A,average,average,average,1,18362987,0,,poor,2,ENG05,"Fairly easy, but Johnston is completely biased, which in an intro creative writing class is ridiculous. If your final result wasn't exactly what she wanted, she lowered your grade. She gave little feedback on our work and put even less effort into helping students improve their writing style. Also, if you write genre fiction, don't take Johnston.",04/05/2011,2.0,2.0,,2,It's my life,2.0,2.0,1,No,1302047315000,N/A,1040,N/A,,N/A,[],people,person
N/A,good,average,good,0,14873469,0,,awesome,5,CREAT303,"I had Sybil at Emerson. I was just thinking about her tonight, and no, not in that way. I think she came to mind because I was line-editing my fiction earlier, and was impressed with my marks on the page--this, I learned from her, an amazing line-editor. She was just lovely, so honest but so kind. It was great fortune to have been taught by her.",10/16/2008,3.0,3.0,,5,Sorta interested,5.0,5.0,1,Yes,1224121366000,N/A,1040,N/A,,N/A,[],people,people
N/A,average,average,average,0,13925470,0,,poor,2,ENG0005,She was entirely uninterested in the class and directly refused any contact with students outside of classtime.  The only good part of the class was that it got to me to write 1 story.,12/30/2007,2.0,2.0,,2,It's my life,2.0,2.0,1,No,1199048251000,N/A,1040,N/A,,N/A,[],people,people
N/A,good,average,good,0,2590155,0,,awesome,4,CW,She's all about helping students figure it out for themselves. Her class wasn't very structured but her book is worth the buy and her constructive criticism takes your work leaps and bounds.,10/25/2004,3.0,3.0,,5,Really into it,4.5,4.5,1,N/A,1098716739000,N/A,1040,N/A,,N/A,[],people,people
N/A,average,average,average,0,1929727,0,,good,2,ENG6,"Will work with you in whatever capacity for CWR, but class wasn't structured enough for my taste. Did end up writing a good story though. She is kind of spacy/vague and her teaching style wasn't that inspiring.",04/09/2004,2.0,2.0,,5,N/A,3.5,3.5,1,N/A,1081525352000,N/A,1040,N/A,,N/A,[],people,people
N/A,good,good,good,0,1138139,0,,good,4,CREATIVEW,I'm a better creative writer. Go figure.,09/17/2003,4.0,4.0,,4,N/A,4.0,4.0,1,N/A,1063801459000,N/A,1040,N/A,,N/A,[],people,people
