attendance,clarityColor,easyColor,helpColor,helpCount,id,notHelpCount,onlineClass,quality,rClarity,rClass,rComments,rDate,rEasy,rEasyString,rErrorMsg,rHelpful,rInterest,rOverall,rOverallString,rStatus,rTextBookUse,rTimestamp,rWouldTakeAgain,sId,takenForCredit,teacher,teacherGrade,teacherRatingTags,unUsefulGrouping,usefulGrouping
Mandatory,good,good,good,0,28010431,0,,awesome,5,EN1,I had him for EN1-climate change. That class convinced me to stay in engineering. He is super welcoming for first years and really cares about his students. Our projects were meaningful and hands on. He only gives work he thinks will help you learn. Definitely a hard class but he is generous with grades in the end. Very approachable. Overall great,04/06/2017,4.0,4.0,,5,N/A,5.0,5.0,1,No,1491516112000,Yes,1040,Yes,,A-,"['Accessible outside class', 'Caring', 'Group projects']",people,people
Mandatory,good,good,good,0,27556971,0,,good,4,CEE30,"Durant is a professor who is very knowledgeable about the topics he covers and is enthusiastic about getting the class to care as well. When you ask him a question in office hours or on email, be as specific as possible - Durant tends to answer a question you didn't ask if your question was too vague. He is always happy to answer emails though!",12/18/2016,4.0,4.0,,4,N/A,4.0,4.0,1,Yes,1482083994000,Yes,1040,Yes,,N/A,"['Caring', 'Hilarious', 'Accessible outside class']",people,people
N/A,good,good,good,0,23374385,0,,awesome,5,ES93,"I LOVED his climate change engineering class. It was a lot of work, but the labs were fun and I was interested in the material. Durant is slightly awkward to begin with but he was super funny by the end of the semester and always very helpful.",06/15/2014,5.0,5.0,,5,Really into it,5.0,5.0,1,No,1402860544000,N/A,1040,N/A,,N/A,[],people,people
N/A,good,average,good,0,20426815,0,,awesome,4,CEE0,A good advisor and cares about his students,06/20/2012,3.0,3.0,,5,It's my life,4.5,4.5,1,Yes,1340157601000,N/A,1040,N/A,,N/A,[],people,people
N/A,average,good,average,0,17698645,0,,average,3,ES13,I had him for an elective class about renewable energy. It was a lot harder than anyone anticipated and yet I don't feel as though I learned all that much.,10/27/2010,4.0,4.0,,2,Really into it,2.5,2.5,1,No,1288189493000,N/A,1040,N/A,,N/A,[],people,people
N/A,good,average,good,0,10756757,0,,awesome,5,CE12,No Comments,10/09/2005,3.0,3.0,,5,It's my life,5.0,5.0,1,N/A,1128876820000,N/A,1040,N/A,,N/A,[],people,people
N/A,good,average,good,0,1127891,0,,awesome,5,EN56,"funny, down to earth guy - good course",09/10/2003,3.0,3.0,,5,N/A,5.0,5.0,1,N/A,1063219175000,N/A,1040,N/A,,N/A,[],people,people
N/A,good,average,good,0,884999,0,,awesome,5,ENELECTIVE,No Comments,04/25/2003,3.0,3.0,,4,N/A,4.5,4.5,1,N/A,1051277276000,N/A,1040,N/A,,N/A,[],people,people
