attendance,clarityColor,easyColor,helpColor,helpCount,id,notHelpCount,onlineClass,quality,rClarity,rClass,rComments,rDate,rEasy,rEasyString,rErrorMsg,rHelpful,rInterest,rOverall,rOverallString,rStatus,rTextBookUse,rTimestamp,rWouldTakeAgain,sId,takenForCredit,teacher,teacherGrade,teacherRatingTags,unUsefulGrouping,usefulGrouping
Not Mandatory,good,average,good,0,26977877,0,,good,4,EC0162,"Fey is a really nice guy who loves to tell stories and go off on tangents during class. Lectures can be brutal at times and he is hard to contact outside class. Nonetheless, the material comes directly from the text, and he goes through each topic thoroughly, so if you're good at econ, you will well. A kind man, fair grader, solid professor",09/16/2016,2.0,2.0,,4,N/A,4.0,4.0,1,Yes,1474054397000,Yes,1040,Yes,,A,[],people,people
Not Mandatory,average,average,average,0,23313401,0,,average,2,EC0162,"Definitely a very boring class, but the exams are what appears in the textbook. Although he grades relatively easily, he can be subjective in some cases. I think it's one of the easier classes in the department.",05/26/2014,2.0,2.0,,3,Sorta interested,2.5,2.5,1,Yes,1401108016000,N/A,1040,N/A,,N/A,[],people,people
N/A,average,average,average,0,23015010,0,,poor,2,EC001204,"Literally reads from his slides word for word for the entire 75 minutes, stopping for an occasional anecdote that has zero relevance to the course material. Having said that, his tests are essentially the problem sets with some words shifted around, but they're graded relatively hard by the TA - class average is usually in the low 70's.",04/09/2014,3.0,3.0,,2,Really into it,2.0,2.0,1,Yes,1397073447000,N/A,1040,N/A,,N/A,[],people,people
Not Mandatory,average,average,poor,0,22964979,0,,poor,2,EC0012,"Do NOT attend Professor Fey's lectures. He drones on about the time he was consulting at AT&T in 12,000 BC and repeats the story every single lecture. Spend the time in the library reading the textbook, which his slides are word for word copied from.",03/30/2014,3.0,3.0,,1,Really into it,1.5,1.5,1,Yes,1396153908000,N/A,1040,N/A,,INC,[],people,people
N/A,good,average,good,1,20209341,0,,good,4,EC162,"Way better than all the bad things I have heard about him.  He does sit down in his chair and lecture through the slides, but he is very enthusiatic about the material.  So enthusiastic that he goes on tangents to make a specific point.",05/06/2012,3.0,3.0,,4,It's my life,4.0,4.0,1,Yes,1336319539000,N/A,1040,N/A,,N/A,[],people,person
N/A,poor,good,poor,0,17769591,0,,awful,1,EC12,Worst Teacher I have ever had. Doesn't explain anything but expects you to know it all. Will go through slides on the board but not explain any of them. He's a bad teacher and a hard grader.,11/15/2010,4.0,4.0,,1,Meh,1.0,1.0,1,Yes,1289791221000,N/A,1040,N/A,,N/A,[],people,people
N/A,average,average,poor,1,17261886,0,,poor,2,EC162,"Easily the worst professor I've had at Tufts. Professor Fey shows no interest in teaching. He goes through about 5-10 powerpoint slides per chapter, skipping through them too quickly to write down any information, and the rest of the class consists of him discussing his personal theories. You'll be teaching yourself absolutely everything.",05/24/2010,3.0,3.0,,1,Sorta interested,1.5,1.5,1,Yes,1274729924000,N/A,1040,N/A,,N/A,[],people,person
