attendance,clarityColor,easyColor,helpColor,helpCount,id,notHelpCount,onlineClass,quality,rClarity,rClass,rComments,rDate,rEasy,rEasyString,rErrorMsg,rHelpful,rInterest,rOverall,rOverallString,rStatus,rTextBookUse,rTimestamp,rWouldTakeAgain,sId,takenForCredit,teacher,teacherGrade,teacherRatingTags,unUsefulGrouping,usefulGrouping
Mandatory,good,good,good,0,30523203,0,,good,4,SOC0001,"He was such a great professor! So sad he left Tufts. He's very specific on grading, but as long as you show up to class and study for the tests, you'll be fine. The lectures are really engaging, and he does a good job of connecting the reading to lectures. If you have the chance to take a class with him, do it.",09/25/2018,4.0,4.0,,4,N/A,4.0,4.0,1,Yes,1537918495000,Yes,1040,Yes,,N/A,"[""Skip class? You won't pass."", 'Amazing lectures', 'Tough grader']",people,people
Mandatory,good,average,good,0,30126713,0,,good,4,SOC0001,"Professor Dhingra is great! His lectures are really interesting, for the most part, and he is definitely willing to talk to students about the material outside of class if you don't understand anything. The readings aren't too bad at all, but he has a course grader, and she can be very specific about what she wants while grading tests.",05/16/2018,3.0,3.0,,4,N/A,4.0,4.0,1,Yes,1526487052000,Yes,1040,Yes,,N/A,[],people,people
Not Mandatory,good,average,good,0,29902095,0,,awesome,5,SOC0001,"Really funny and engaging lecturer, definitely made me consider perspectives I had never considered before. Sometimes feels weirdly impersonal for such a sociable guy.",04/26/2018,3.0,3.0,,5,N/A,5.0,5.0,1,Yes,1524746024000,Yes,1040,Yes,,N/A,"['Hilarious', 'Group projects']",people,people
Not Mandatory,average,good,average,0,28944352,0,,average,3,SOC0001,"I really liked Professor Dhingra's lectures. He really knows his stuff and is very inspiring with the course material. He can be funny and really varies the discussion well. However, his course grader is very picky with exams. Exams are really scrutinized for details and since the exams are most of the class grade, can really impact your grade.",11/21/2017,4.0,4.0,,3,N/A,3.0,3.0,1,Yes,1511225711000,No,1040,Yes,,N/A,"['Amazing lectures', 'Tough grader']",people,people
Not Mandatory,average,good,average,1,28524093,0,,average,3,SOC0001,"Prof. Dhingra is funny, charismatic, and approachable. He's helpful, and his lectures are very entertaining. Unfortunately, his exams are graded very harshly. His grader (a TA) needlessly splits hairs over every single word written down. Soc 1 wasn't my most difficult class, but it was my lowest grade and a very frustrating experience.",07/11/2017,4.0,4.0,,3,N/A,3.0,3.0,1,Yes,1499799783000,No,1040,Yes,,B+,"['Lecture heavy', 'Hilarious', 'Tough grader']",people,person
Mandatory,average,good,average,1,28341363,0,,average,3,SOC0001,"Soc 1 is kind of a weed-out class. The class is easy day to day; you don't get that much homework and the reading is easy. Professor Dhingra is a good, comical lecturer. The worst part is the exams which are easy when you take them but graded with great detail. He wants you to memorize every detail of the readings. Not a very innovative prof too.",05/18/2017,4.0,4.0,,3,N/A,3.0,3.0,1,Yes,1495116152000,No,1040,Yes,,N/A,"['Hilarious', 'Graded by few things', 'Tough grader']",people,person
Mandatory,good,good,good,0,27960322,0,,good,4,SOC0001,Great lecturer with clear instructions. He's really friendly and is open to offering extra help. Would recommend!,03/28/2017,4.0,4.0,,4,N/A,4.0,4.0,1,Yes,1490728162000,Yes,1040,Yes,,Not sure yet,"['Hilarious', 'Respected', ""Skip class? You won't pass.""]",people,people
Not Mandatory,good,average,good,0,23803531,0,,awesome,5,SOC0001,"I love his lectures, he encourages class participation and definitely guides you through the concepts. ",11/13/2014,3.0,3.0,,4,Really into it,4.5,4.5,1,Yes,1415842914000,Yes,1040,Yes,,N/A,"['Amazing lectures', 'Hilarious']",people,people
Mandatory,average,good,average,3,23793297,2,,poor,2,SOC1,"I asked to meet one on one and he insisted I come to office hours. It was crowded, he didn't answer questions in depth, and he seemed impatient for us to leave. Not very helpful. Tests are graded toughly. ",11/12/2014,4.0,4.0,,2,It's my life,2.0,2.0,3,Yes,1415753737000,N/A,1040,N/A,,N/A,"[""Skip class? You won't pass."", 'Tough grader']",people,people
N/A,good,average,good,3,21088761,1,,good,4,SOC1,Prof. Dhingra is very enthusiastic about sociology and you can tell he likes teaching. Loves when students participate by asking questions or making comments. Uses a nice teaching style here he teaches concepts from readings. Overall I enjoyed his class and thought he was a good professor.,12/16/2012,3.0,3.0,,4,Really into it,4.0,4.0,1,Yes,1355666220000,N/A,1040,N/A,,N/A,[],person,people
