attendance,clarityColor,easyColor,helpColor,helpCount,id,notHelpCount,onlineClass,quality,rClarity,rClass,rComments,rDate,rEasy,rEasyString,rErrorMsg,rHelpful,rInterest,rOverall,rOverallString,rStatus,rTextBookUse,rTimestamp,rWouldTakeAgain,sId,takenForCredit,teacher,teacherGrade,teacherRatingTags,unUsefulGrouping,usefulGrouping
Not Mandatory,good,good,good,0,32111185,0,,good,4,MATH42,Very straightforward lectures. Fairly easy homework. Tough exams. Recitation practice problems will take you quite some time if you arent focused in class. DONT SKIP OR YOUR LIFE WILL BE MISERABLE.,07/21/2019,4.0,4.0,,4,N/A,4.0,4.0,1,Yes,1563738720000,Yes,1040,Yes,,B,"['Amazing lectures', 'Accessible outside class', 'Test heavy']",people,people
Mandatory,good,good,good,0,31984721,0,,awesome,5,MATH70,"Difficult material, but Prof. Faubion is a good teacher. Funny and helpful in lectures.",06/01/2019,4.0,4.0,,5,N/A,5.0,5.0,1,Yes,1559422386000,Yes,1040,Yes,,B-,"['Test heavy', 'Amazing lectures', 'Tough grader']",people,people
N/A,good,average,good,0,31851879,0,,awesome,5,MATH42,Prof Faubion obviously cares that we not only learn the material but we learn about the intuitions and motivations behind it. Its clear that he spends a lot of time thinking of ways to teach us the material in this intuitive way. I found this pretty helpful and I got a lot out of the lectures each day.,05/12/2019,3.0,3.0,,5,N/A,5.0,5.0,1,Yes,1557692938000,Yes,1040,Yes,,A,"['Amazing lectures', 'Clear grading criteria', ""Skip class? You won't pass.""]",people,people
Not Mandatory,good,average,good,0,31153980,0,,awesome,5,MATH0019,"Good guy, not hard, do the work and learn the material he teaches and you're good.",12/25/2018,2.0,2.0,,5,N/A,5.0,5.0,1,Yes,1545770598000,Yes,1040,Yes,,A,"['EXTRA CREDIT', 'Caring']",people,people
Not Mandatory,average,good,average,0,30993893,2,,poor,2,MATH32,One of the worst teachers at the university. He is condescending and rude makes annoying tests and doesn't know how to teach.,12/12/2018,4.0,4.0,,2,N/A,2.0,2.0,1,No,1544638166000,No,1040,Yes,,N/A,"['Lots of homework', 'Test heavy', 'Tough grader']",people,people
Not Mandatory,good,good,good,0,30796930,0,,awesome,5,MATH00034,"Professor Faubion is an amazing professor - especially if you love physics. Taking calc two with him it was clear he molds students into thinkers and higher level math students. Unfortunately, this means that the pacing in his classes is rather extreme. But it is absolutely manageable. Recitations are nearly useless.",11/27/2018,4.0,4.0,,5,N/A,5.0,5.0,1,No,1543353152000,Yes,1040,Yes,,A-,"['Caring', 'Respected', 'Accessible outside class']",people,people
Not Mandatory,good,average,good,0,30068883,1,,awesome,5,MATH0034,"One of the best teachers I've ever had! He makes math an incredibly accessible for visual learners. He's always super down to discuss any questions you might have about the material or beyond. He can seem a little intense at first, but is actually super nice and approachable.",05/11/2018,3.0,3.0,,5,N/A,5.0,5.0,1,No,1526010537000,Yes,1040,Yes,,N/A,"['Accessible outside class', 'Amazing lectures', 'Caring']",person,people
Not Mandatory,good,good,good,0,29260336,0,,good,4,MATH34,"Professor Faubion is truly passionate about math, and it shows in his lectures. He seems genuinely excited to be teaching each and every class. He is super accessible outside of class and always willing to work through any questions you have, for as long as it takes at office hours. All in all a super sweet and passionate prof.",12/18/2017,4.0,4.0,,4,N/A,4.0,4.0,1,Yes,1513611954000,Yes,1040,Yes,,B+,"['Caring', 'Accessible outside class', 'Gives good feedback']",people,people
Not Mandatory,good,average,good,0,29209224,0,,good,4,MATH36,"Faubion is a chill teacher that explains concepts very clearly. We moved at a decently fast pace and found ourselves ahead of the syllabus quite often, allowing for him to explain some cool concepts that aren't in the curriculum. Despite moving faster than other sections, I felt he taught the material very well",12/14/2017,3.0,3.0,,4,N/A,4.0,4.0,1,No,1513286519000,Yes,1040,Yes,,N/A,"['Respected', 'Amazing lectures']",people,people
Not Mandatory,good,average,good,1,29087116,0,,awesome,5,MATH61,"Zach's a great guys. Makes mistakes in lectures, but is very enthusiastic about the material. Very personable and easy to talk to outside of class. Also very attractive",12/07/2017,3.0,3.0,,5,N/A,5.0,5.0,1,Yes,1512672344000,Yes,1040,Yes,,N/A,['Accessible outside class'],people,person
Mandatory,average,average,average,1,28674798,2,,poor,2,MATH36,"I took college level calc II in high school, and by taking this class it's like I'm UNlearning junk I at least had an idea of before. He makes tons of mistakes during lectures, so it's really hard to follow and leads to a lot of wasted, confused notes that are useless for study. Best bet is to do use online resources and do a LOT of practice probs.",09/14/2017,3.0,3.0,,2,N/A,2.0,2.0,1,Yes,1505382794000,No,1040,Yes,,N/A,"['Lecture heavy', 'Get ready to read']",people,person
Not Mandatory,average,average,average,0,28542828,1,,poor,2,MATH0016,good luck,07/19/2017,3.0,3.0,,2,N/A,2.0,2.0,1,Yes,1500480082000,No,1040,Yes,,N/A,"[""Skip class? You won't pass."", 'Lots of homework', 'Graded by few things']",person,people
Not Mandatory,good,average,good,1,28427867,0,,awesome,5,MATH70COMP61,He truly wants everyone to learn the material and cares about students doing well in his class. He dedicates an hour after each lecture to office hours and is extremely enthusiastic about teaching concepts 1 on 1. His classes might not be an easy A but if you put in the effort he will help you do well and actually learn the material.,06/06/2017,3.0,3.0,,5,N/A,5.0,5.0,1,Yes,1496763934000,Yes,1040,Yes,,N/A,"['Gives good feedback', 'Accessible outside class', 'Caring']",people,person
Not Mandatory,good,average,good,0,26777650,0,,good,4,MATH36,He gives a lot of homework but he takes homework questions during the class before it is due.,07/03/2016,3.0,3.0,,4,N/A,4.0,4.0,1,Yes,1467551304000,Yes,1040,Yes,,A,"['Caring', 'Lots of homework']",people,people
Mandatory,good,average,good,1,26548720,0,,awesome,4,MATH61,I cannot emphasize enough how important office hours are. He is so helpful in office hours because he loves math so much. Will take as long as you need to explain the concept and is very reachable on email. Wants your questions and ideas. Great prof. Go to office hours - you won't regret it.,05/11/2016,3.0,3.0,,5,N/A,4.5,4.5,1,Yes,1463010279000,N/A,1040,Yes,,N/A,"['Lots of homework', 'Caring']",people,person
Not Mandatory,good,average,good,0,26279719,0,,awesome,5,MATH36MATH61,Very good at explaining hard concepts and always helps you when you need. Expect the homework to take some time.,04/12/2016,3.0,3.0,,5,N/A,5.0,5.0,1,Yes,1460471996000,N/A,1040,Yes,,A+,"['Respected', 'Caring', 'Lots of homework']",people,people
Mandatory,good,average,good,1,24627645,0,,awesome,4,MATH36,He's a very good math teacher. He messes up alot but that's because he goes through the problems very quickly. He's also very helpful and not too tough.,04/20/2015,3.0,3.0,,5,It's my life,4.5,4.5,1,Yes,1429528798000,N/A,1040,Yes,,A+,"[""Skip class? You won't pass."", 'Lots of homework']",people,person
N/A,good,average,good,0,22009112,1,online,awesome,4,MATH36,"Super helpful in office hours, fair exams that test knowledge taught in class.",07/30/2013,3.0,3.0,,5,Meh,4.5,4.5,1,Yes,1375188114000,N/A,1040,Yes,,N/A,[],person,people
N/A,good,average,good,0,22004368,0,,awesome,5,MATH000401,Professor Faubion helped me to actually like math and took so much time and patience when explaining the material that I finally understood it for once in my life. No matter what style of learner you are he caters to your specific needs and is more concerned with your understanding above all else which was the best part. I highly recommend!,07/28/2013,2.0,2.0,,5,Low,5.0,5.0,1,Yes,1375041699000,N/A,1040,N/A,,N/A,[],people,people
N/A,average,good,average,1,20775773,1,,average,2,MATH36,"Definitely loves math but sometimes loses himself in the specifics of a problem. If you like math, you'll like Faubs. If you don't, well good luck, it can be a bit frustrating sometimes when both the student and professor is lost.",11/04/2012,4.0,4.0,,4,Sorta interested,3.0,3.0,1,Yes,1352055714000,N/A,1040,N/A,,N/A,[],person,person
N/A,average,good,average,1,20761833,0,,average,2,MATH36,He's ok but its very hard sometimes when he explains things. Its like he over complicates things for no reason.,10/31/2012,4.0,4.0,,3,It's my life,2.5,2.5,1,Yes,1351727411000,N/A,1040,N/A,,N/A,[],people,person
