attendance,clarityColor,easyColor,helpColor,helpCount,id,notHelpCount,onlineClass,quality,rClarity,rClass,rComments,rDate,rEasy,rEasyString,rErrorMsg,rHelpful,rInterest,rOverall,rOverallString,rStatus,rTextBookUse,rTimestamp,rWouldTakeAgain,sId,takenForCredit,teacher,teacherGrade,teacherRatingTags,unUsefulGrouping,usefulGrouping
Not Mandatory,poor,good,poor,0,32267342,0,,awful,1,CHEM001,He's really rude.,10/07/2019,5.0,5.0,,1,N/A,1.0,1.0,1,Yes,1570453150000,No,1040,Yes,,B+,['Tough grader'],people,people
Not Mandatory,good,good,good,0,31969901,0,,awesome,5,CHEM02,"Sergiy can come across as intimidating and harsh, but he is actually very helpful . He knows that Chem 1 and 2 are weedout classes and designs the class as such but gives tons of practice tests and resources to prepare for the super hard tests. Because it's so rewarding and satisfying to do well, Kryatov's class made me really like chemistry.",05/29/2019,4.0,4.0,,5,N/A,5.0,5.0,1,Yes,1559140057000,Yes,1040,Yes,,A,"['Lots of homework', 'Accessible outside class', 'Tough grader']",people,people
Mandatory,poor,good,poor,0,31873629,2,,awful,1,CHEM001,Assigns loads of busy work that's irrelevant to exams,05/14/2019,5.0,5.0,,1,N/A,1.0,1.0,1,No,1557873968000,No,1040,Yes,,N/A,"['Tough grader', 'Lecture heavy']",people,people
Not Mandatory,good,good,good,1,31620127,0,,good,4,CHEM001,"Clear expectations and plenty of resources for students to succeed. Practice tests and answer keys are posted before every exam including the final. Many think he isn't approachable, but he's perfectly fine in office hours. With that said, lectures were dry (just him reading the slides). The course is a lot of work, but manageable.",04/18/2019,4.0,4.0,,4,N/A,4.0,4.0,1,Yes,1555563686000,Yes,1040,Yes,,A-,"['Lecture heavy', 'Accessible outside class', 'Clear grading criteria']",people,person
Not Mandatory,good,good,good,3,31315987,0,,awesome,5,CHEM01,"Kryatov is a great teacher. His lectures are usually boring and he does read straight off the slides, but if you go to him during office hours he really wants to help you and 100% knows what he's talking about. The people who complain about him are the people who don't do the work he tells you to do. Read the textbook, pay attention during class.",01/29/2019,4.0,4.0,,5,N/A,5.0,5.0,1,Yes,1548770808000,Yes,1040,Yes,,N/A,"['Accessible outside class', 'Clear grading criteria', 'Get ready to read']",people,people
Not Mandatory,poor,good,poor,0,31307993,1,,awful,1,CHEM02,"After finishing a semester without taking a kryatov course, In hindsight kryatov was such a bad professor. He had incredibly dry lectures, very little concern for his students, and he was bad at teaching. Try to avoid taking chem with this guy because he almost made me quit pre-med. He's also rude if you ask him questions. Bad all around.",01/26/2019,4.0,4.0,,1,N/A,1.0,1.0,1,No,1548527847000,No,1040,Yes,,B+,[],person,people
Not Mandatory,good,average,good,0,31269316,0,,good,4,CHEM0001,"if you put in the work, you will do well",01/16/2019,3.0,3.0,,4,N/A,4.0,4.0,1,Yes,1547662810000,Yes,1040,Yes,,A+,"['Accessible outside class', 'Clear grading criteria', 'Test heavy']",people,people
Not Mandatory,good,average,good,0,30893182,0,,good,4,CHEM01,"Chem1 covers a lot of content, and Kryatov does a good job of getting through all the material in lecture. He also teaches very closely to the textbook, which is nice. However, his explanations in lecture don't go into depth about how/why things work, so I found that I had to read the textbook a lot to fully understand things.",12/06/2018,3.0,3.0,,4,N/A,4.0,4.0,1,Yes,1544101639000,Yes,1040,Yes,,A,['Hilarious'],people,people
Not Mandatory,good,good,good,0,30893162,0,,good,4,CHEM001,"Tough class, but if you're prepared to work you'll do well. Lots of resources: problem sets, recitation problems, he releases 3 past exams before every exam. Lecture can be dry but he knows what he's talking about. Often reads directly from slides but goes more in depth; slides are posted ahead of time so you can take notes before lecture.",12/06/2018,4.0,4.0,,4,N/A,4.0,4.0,1,No,1544101578000,Yes,1040,Yes,,A,"['Lecture heavy', 'Lots of homework', 'Tough grader']",people,people
Mandatory,good,good,good,2,30764989,0,,good,4,CHEM0001,"Dr. Kryatov is a fantastic professor, but he is not perfect. He is difficult to approach, not due to lack of office hours, because he deals with bad questions badly. He moves quickly and sometimes gives unsatisfying responses. He goes above and beyond for his students; he posts answer keys to tests within 15 minutes of the tests conclusion.",11/20/2018,4.0,4.0,,4,N/A,4.0,4.0,1,Yes,1542742758000,Yes,1040,Yes,,B+,"['Lots of homework', 'Test heavy', 'Respected']",people,people
Not Mandatory,good,average,good,3,30670036,1,,awesome,5,CHEM001,He's a legend!,11/06/2018,3.0,3.0,,5,N/A,5.0,5.0,1,No,1541519853000,Yes,1040,Yes,,A+,"['Clear grading criteria', 'Respected', 'Hilarious']",person,people
Mandatory,poor,good,poor,4,30524371,1,,awful,1,CHEM01,I have never cried so much from one class. Kryatov covers the very basic material in class and explains it poorly. The material in the homework is completely different and the tests seem like theyre from another course. Expect to spend 6+ focused hours per day on chem work.,09/26/2018,5.0,5.0,,1,N/A,1.0,1.0,1,No,1537969665000,No,1040,Yes,,N/A,"['Lecture heavy', 'Tough grader']",person,people
Not Mandatory,average,good,average,3,30489339,0,,poor,2,CHEM001CHEM002,"One of the most difficult classes I've ever taken. Kryatov explains the material, but many hours of practice are required to have a chance at doing well on exams. Regardless, exams are brutal and although Kryatov is a decent lecturer, he can be downright mean. Definitely a premed weed out class. Beware.",09/08/2018,5.0,5.0,,2,N/A,2.0,2.0,1,No,1536412640000,No,1040,Yes,,A-,"['Tough grader', 'Test heavy']",people,people
Not Mandatory,poor,good,poor,2,30317650,0,,awful,1,CHEM02,"I went to Professor Kryatov several times outside of class, and there he was helpful. But, during lecture, he reads straight from his slides. Tests are challenging. But, the reason why I gave him such a row rating is becasue he was incredibly mean to a few students in my lecture and refused to answer questions he deemed &quot;pointless.&quot;",07/03/2018,4.0,4.0,,1,N/A,1.0,1.0,1,Yes,1530631448000,No,1040,Yes,,N/A,['Clear grading criteria'],people,people
Not Mandatory,good,good,good,4,30291350,4,,awesome,5,CHEM001,"Kryatov is one of my favorite professors at Tufts. Yes, he's hard. His class may be a weed out, but you learn so much. Those that are dismissing him on this forum are probably pre-medical students that struggled in the course who probably shouldn't even be doctors.",06/24/2018,4.0,4.0,,5,N/A,5.0,5.0,1,Yes,1529800456000,Yes,1040,Yes,,A,"['Amazing lectures', 'Caring', 'Hilarious']",people,people
Not Mandatory,average,good,average,0,29907962,0,,average,3,CHEM02,A combination of him and the class the lectures have a lot of material. Exams are very challenging but he does post previous exams and practice exams.,04/26/2018,5.0,5.0,,3,N/A,3.0,3.0,1,No,1524773548000,No,1040,Yes,,N/A,"['Tough grader', 'Lots of homework']",people,people
Not Mandatory,good,good,good,2,29472959,0,,good,4,CHEM0001,"Prof Kryatov is a difficult professor who values hard work. intro chemistry is very hard. he is a fair grader, but if you don't put in the time you will not do well in his course. comes off as intimidating but he's a fine guy",01/18/2018,4.0,4.0,,4,N/A,4.0,4.0,1,Yes,1516283189000,Yes,1040,Yes,,A-,"['Clear grading criteria', 'Test heavy', 'Gives good feedback']",people,people
Not Mandatory,average,good,average,4,29328199,0,,average,3,CHEM01,"Kryatov isn't very approachable Chem1 covers a ridiculous amount of material for an introductory class. His tests are fair, though, and all of his lecture powerpoints are uploaded to Trunk, so missing lecture isn't a big deal.",12/24/2017,5.0,5.0,,3,N/A,3.0,3.0,1,No,1514077745000,No,1040,Yes,,A-,"['Tough grader', 'Clear grading criteria', 'Lots of homework']",people,people
Not Mandatory,average,good,average,2,29325281,1,,poor,2,CHEM0001,"I stopped showing up to class after the first midterm, since all he does in class is just read the lecture slide available online. You know the professor is not very great when my friend hasn't showed up to class once this semester, but still got a good grade. The kid didn't even know what the professor looked like on the day of finals.",12/23/2017,4.0,4.0,,2,N/A,2.0,2.0,1,No,1514045718000,No,1040,Yes,,B-,['Test heavy'],person,people
Not Mandatory,good,good,good,0,29235444,1,,good,4,CHEM001,"Tough and boring material that is presented with great clarity and organization. Only take this class if you are willing to work hard. The resources to study are readily available, but you will need to be willing to put in lots of hours to do well. Also, labs are rough.",12/16/2017,4.0,4.0,,4,N/A,4.0,4.0,1,No,1513436720000,Yes,1040,Yes,,N/A,"['Lecture heavy', 'Tough grader']",person,people
Not Mandatory,good,good,good,0,29217365,1,,good,4,CHEM0001,"I think the curriculum is what's difficult. Since there is so much packed in there he will often say that he &quot;can't digest the material for you&quot; which is very true. I had to spend lots of time outside of class reviewing. When he has open Q&amp;A sessions before exams it shows how brilliant he is, even if he misunderstands your questions sometimes.",12/15/2017,5.0,5.0,,4,N/A,4.0,4.0,1,Yes,1513336588000,Yes,1040,Yes,,N/A,"['Lots of homework', 'Tough grader', 'Lecture heavy']",person,people
Not Mandatory,average,good,average,1,28828918,2,,average,3,CHEM001,"His class was so difficult! I went to tutoring, study group, and I pay attention in class but it makes no sense to me. The class takes up 90% of my workload and it is miserable! I find it extremely difficult, I really think you have to have taken AP Chem in high school to be able to succeed because you need a strong foundation to do well.",11/03/2017,5.0,5.0,,3,N/A,3.0,3.0,1,No,1509710903000,No,1040,Yes,,N/A,"['Respected', 'Lots of homework', 'Tough grader']",people,person
Not Mandatory,good,average,good,3,28433966,1,,awesome,5,CHEM0001,"Best professor at Tufts -- teaches with a level of detail and thoroughness seldom seen with other professors. Slides for every lecture, multiple practice exams, and curves every exam to an 80. Admittedly can be dry because he is a no BS guy. Those claiming the class is too hard realize they were wrong after taking the remaining pre med reqs.",06/08/2017,2.0,2.0,,5,N/A,5.0,5.0,1,No,1496886910000,Yes,1040,Yes,,A,"['Respected', 'Clear grading criteria', 'Lecture heavy']",person,people
Mandatory,poor,good,poor,3,28007421,8,,awful,1,CHEM01,"Sergiy thrives off of crushing the dreams of premeds, even though one-on-one he's okay.  Speeds through lectures and makes his exams KILLER.  Like yea chem is hard but pleasE this is excessive.  But the man is sassy and honestly if you don't have a life outside and sell your soul to the class you'll probably survive.",04/06/2017,5.0,5.0,,1,N/A,1.0,1.0,3,Yes,1491489455000,No,1040,Yes,,N/A,"[""Skip class? You won't pass."", 'Tough grader', 'Lots of homework']",people,people
Not Mandatory,average,good,average,0,27979463,0,,average,3,CHEM0001,"Chemistry 1 and 2 are both incredibly difficult classes but Kryatov does a pretty good job getting all the information to you. Lecture slides are always online and are usually very helpful. The tests are much more difficult than homework/lectures, and there is a lot of homework, both written and online. Lecture is pretty boring though.",04/01/2017,5.0,5.0,,3,N/A,3.0,3.0,1,Yes,1491068740000,Yes,1040,Yes,,B,"['Clear grading criteria', 'Lots of homework', 'Tough grader']",people,people
Not Mandatory,good,good,good,2,27659882,0,,awesome,5,CHEM001,"Prepare to work hard, but also be prepared to learn a lot. This class is hard, but it gives a strong foundation of chemistry. Lots of work: lectures, labs, online and paper assignments. Tests are hard, but there will always be a perfect bell curve with the middle set perfectly on a 75. Would recommend. Accent, but easy to understand. Accessible.",01/03/2017,5.0,5.0,,5,N/A,5.0,5.0,1,Yes,1483403233000,Yes,1040,Yes,,N/A,"['Test heavy', 'Tough grader', 'Lots of homework']",people,people
Not Mandatory,good,good,good,1,27651664,1,online,good,4,CHEM0001,He's a great professor- super organized and really clear in his lectures but the tests are brutal. You really have to work hard if you wanna do well.,01/01/2017,5.0,5.0,,4,N/A,4.0,4.0,1,Yes,1483275316000,Yes,1040,Yes,,N/A,"['Lecture heavy', 'Lots of homework', ""Skip class? You won't pass.""]",person,person
Mandatory,good,good,good,0,27618839,1,,good,4,CHEM0001,"The exams are much harder than the lectures and homework. In addition, they contain lots of detail-specific questions. However, your grade is not weighted heavily by the final or any one exam so if you put in effort throughout the year with lab and homework you'll do fine. It's a lot of work though.",12/24/2016,4.0,4.0,,4,N/A,4.0,4.0,1,Yes,1482611042000,Yes,1040,Yes,,B+,"['Respected', 'Lots of homework', 'Accessible outside class']",person,people
Not Mandatory,good,good,good,3,27238643,1,,awesome,5,CHEM0001,"Professor Kryatov is both caring and fair. His practice problem sets and exams are always helpful. There's a lot of material thrown at you, but he understands chemistry well and genuinely wants to see you succeed. He consistently tries to let students out on time and has great demonstrations/short experiments. Attend the many office hours offered.",11/21/2016,5.0,5.0,,5,N/A,5.0,5.0,1,Yes,1479770010000,Yes,1040,Yes,,N/A,"['Accessible outside class', 'Inspirational', 'Test heavy']",person,people
Not Mandatory,good,average,good,3,27199505,0,,awesome,5,CHEM0001,He is really responsible and his lecture is quite clear. Pay attention to the problems that he gives in class. If you understand the problems in class then most of the homework won't be a problem.,11/16/2016,3.0,3.0,,5,N/A,5.0,5.0,1,Yes,1479295491000,Yes,1040,Yes,,N/A,"['Respected', 'Lecture heavy', 'Hilarious']",people,people
N/A,good,good,good,0,27138059,0,,good,4,CHEM01,"His lectures are clear, but the tests are pretty hard. Go to his office hours.",11/06/2016,4.0,4.0,,4,N/A,4.0,4.0,1,Yes,1478455492000,Yes,1040,Yes,,N/A,['Tough grader'],people,people
Not Mandatory,good,good,good,1,27111074,0,,awesome,5,CHEM2,"Great professor. If you didn't do well in the class it was because you didn't try hard enough. He's very fair, straightforward, and will always help if you ask.",11/01/2016,4.0,4.0,,5,N/A,5.0,5.0,1,No,1478036068000,Yes,1040,Yes,,B+,[],people,person
N/A,good,average,good,0,26573796,0,,good,4,CHEM02,"Kryatov is a very clear lecturer and as long as one puts in enough effort and energy into studying for the exams they will succeed. In lecture, Kryatov tends to rush through since the course covers a bunch of different topics, but he is always ready to help in office hours.",05/14/2016,3.0,3.0,,4,N/A,4.0,4.0,1,Yes,1463230321000,N/A,1040,Yes,,A+,"['Lots of homework', ""Skip class? You won't pass."", 'Clear grading criteria']",people,people
Not Mandatory,good,good,good,2,25908974,0,,awesome,5,CHEM1,Professor Kraytov is a very fair grader and test writer. The tests are hard but not impossible. Lectures are very clear and he provides practice tests before the exams which are really helpful.,01/09/2016,4.0,4.0,,4,It's my life,4.5,4.5,1,Yes,1452361242000,N/A,1040,Yes,,N/A,"[""Skip class? You won't pass."", 'Lots of homework']",people,people
Not Mandatory,good,good,average,2,25873733,0,,good,4,CHEM01,"Kryatov is a clear lecturer but tends to overemphasize minute details and  mumbles important concepts, so its vital that you sit towards the front. There is a lot of work in the course between the problem sets, laboratory and exams, but it is possible to do very well in the course if you put in sufficient time. Overall he is a clear but hard prof",01/04/2016,4.0,4.0,,3,Sorta interested,3.5,3.5,1,Yes,1451930069000,N/A,1040,Yes,,A,"['Get ready to read', 'Lots of homework', ""Skip class? You won't pass.""]",people,people
Mandatory,good,good,average,2,25380994,1,,good,4,CHEM1,He aight ,11/10/2015,4.0,4.0,,3,Sorta interested,3.5,3.5,1,Yes,1447162925000,N/A,1040,Yes,,N/A,[],person,people
Not Mandatory,good,good,good,1,25330552,1,,awesome,5,CHEM01,"There's not a lot of individual attention because it's a big lecture class, but he's always really willing to help when needed and answers student questions fully. He doesn't speak very loud so sitting near the front would help. Also, read the text before getting to class. It makes it a lot easier to understand the material",11/03/2015,4.0,4.0,,4,Really into it,4.5,4.5,1,Yes,1446541651000,N/A,1040,Yes,,B-,"['Tough grader', 'Lots of homework', ""Skip class? You won't pass.""]",person,person
Not Mandatory,good,good,average,0,24926032,0,,good,4,CHEM0001,"Professor Kryatov delivers very clear lectures that contain all the information necessary to doing well on tests.  Assuming that you complete the onlinepaper homework and put some effort into lab reports, the only really challenging part of the class is studying hard enough to do well on the 3 tests and final (count for 70% of your grade). ",06/01/2015,4.0,4.0,,3,Sorta interested,3.5,3.5,1,Yes,1433165357000,N/A,1040,Yes,,A-,"['Clear grading criteria', 'Lots of homework', 'Tough grader']",people,people
N/A,average,good,average,1,24590590,2,,average,3,CHEM001,confusing accent and very hard tests... very hard,04/14/2015,5.0,5.0,,3,Low,3.0,3.0,1,No,1428974500000,N/A,1040,Yes,,N/A,"['Respected', 'Tough grader', 'Lots of homework']",people,person
Not Mandatory,good,good,good,0,24557273,0,,good,4,CHEM1,"Clear lectures, but ramps up the difficulty on the tests, big-time.",04/07/2015,4.0,4.0,,4,Really into it,4.0,4.0,1,Yes,1428430279000,N/A,1040,Yes,,A+,"['Tough grader', 'Respected', 'Lots of homework']",people,people
N/A,good,good,good,1,24318402,1,,awesome,5,CHEM1,"Professor Kryatov's a great guy. The material can be challenging, but that definitely is just the nature of the subject. His exams can be tough, but overall they're pretty straightforward, and no questions will be unfair. He's always available also, so if you have any kind of issue, contact him, he'll hear you out. Overall, this is a great class. ",01/21/2015,4.0,4.0,,5,It's my life,5.0,5.0,1,Yes,1421879932000,N/A,1040,Yes,,A-,[],person,person
Mandatory,average,good,good,1,24299457,0,,good,3,CHEM001,"Professor Kryatov is a smart teacher who is really engaged in what he's teaching. His dry humor really adds to the lectures which are very long and boring at times, though he does move quickly so it is important to pay attention at all times. His lectures are organized, too. Incredibly helpful one-on-one, even in a class of 300+ students.",01/16/2015,5.0,5.0,,5,Really into it,4.0,4.0,1,Yes,1421448015000,N/A,1040,Yes,,N/A,"['Gives good feedback', 'Tough grader']",people,person
Not Mandatory,average,average,good,1,24162969,0,,good,3,CHEM01,"The class can be difficult and it has a lot of work, but he's very reasonable.  He's fair with grading and curves each test. He's very accommodating, so if you have a problem or question, definitely go to him - he's a nice guy and will hear you out.  That being said, he's a bit of a monotonous lecturer.  I taught myself a lot of the content.",12/21/2014,3.0,3.0,,5,Sorta interested,4.0,4.0,1,No,1419186233000,N/A,1040,Yes,,A-,"['Lots of homework', 'Caring', 'Tough grader']",people,person
Not Mandatory,average,good,average,0,24070720,0,,average,3,CHEM1,very hard tests you must know your stuff inside and out! a lot of work ,12/14/2014,5.0,5.0,,2,Sorta interested,2.5,2.5,1,Yes,1418519955000,N/A,1040,Yes,,B-,"['Tough grader', 'Clear grading criteria']",people,people
Not Mandatory,good,average,good,3,23576717,0,,awesome,5,CHEM12,"Kryatov makes you kry. haha I'm funny. But really, I didn't any chem knowledge going into Tufts and I came out and knew my stuff. His tests are hard but not impossible- he gives three practice tests before each. Usually one is representative of the real deal and the other two are easier. The keucces here is READ THE PPTS OVER AND OVER!",09/04/2014,3.0,3.0,,5,Meh,5.0,5.0,1,No,1409846146000,N/A,1040,N/A,,N/A,[],people,people
N/A,good,good,good,0,23267278,1,,awesome,5,CHEM12,"Prof. Kryatov is pretty dry as far as lecturers go but he covers all of the topics comprehensively and provides all the necessary material you need to get a good grade. As long as you study a week or two before each class and use everything he gives you, you'll do fine. He's also a pretty funny guy on top of all that",05/16/2014,4.0,4.0,,4,Sorta interested,4.5,4.5,1,Yes,1400282500000,N/A,1040,N/A,,N/A,[],person,people
Not Mandatory,good,average,good,0,23222951,0,,awesome,5,CHEM1,Great professor! cares a lot about his students success in the class. He provides Q&A session from his personal time to help the students. I remember once he had one on a school holiday. very dedicated dude,05/11/2014,3.0,3.0,,5,It's my life,5.0,5.0,1,No,1399852546000,N/A,1040,N/A,,A,[],people,people
N/A,good,average,good,1,22734144,0,,awesome,5,CHEM1,I can't put my finger on it but he did something right. I hated chem in high school and did not do great on the AP but got an A in his class cause I went to all the lectures and paid attention. The exam prep materials he gives are super helpful. A lot of people complain about how hard the class is but it's definitely jut the nature of the subject.,01/10/2014,2.0,2.0,,4,Low,4.5,4.5,1,Yes,1389395414000,N/A,1040,N/A,,N/A,[],people,person
N/A,average,good,average,1,22467138,0,,average,3,CHEM1,"I really like Professor Kryatov and don't think people give him enough credit. Chem 1 is hard enough as it is, and people complain mainly because they aren't willing to do the work. As long as you put in the effort, study hard for about a week prior to each test, and understand this isn't a high school chem class, you really will do fine.",12/08/2013,4.0,4.0,,3,Sorta interested,3.0,3.0,1,Yes,1386497687000,N/A,1040,N/A,,N/A,[],people,person
Mandatory,good,good,good,0,22459466,0,,good,4,CHEM12,"Professor Kryatov is THE MAN. He's so funny, and his lectures are short, to the point, and he always finishes class on time. He provides tons of study materials, from practice tests to recitation sets to book problems. His class is definitely not easy, and I would consider it a weed-out class. But it's interesting, and you can do well if you work!",12/06/2013,4.0,4.0,,4,It's my life,4.0,4.0,1,Yes,1386372594000,N/A,1040,N/A,,A-,[],people,people
N/A,good,average,good,0,22225402,0,,awesome,5,CHEM12,"I'm marking Hot because of his thermodynamics lecture.  Kryatov is one of the most dedicated professors I have ever had.  I'm profoundly impressed by his ability to give clear lectures, immensely fair exams/grading, and dedication to his students.  He's great.",10/28/2013,3.0,3.0,,5,Sorta interested,5.0,5.0,1,Yes,1382996522000,N/A,1040,N/A,,N/A,[],people,people
N/A,good,good,average,0,21574318,0,,average,4,CHEM02,"His tests are SUPER hard, but he also prepares you well with the 3 practice exams. If you are willing to spend about 3 days of nonstop studying for each test, you will do fine (he also curves). They recently changed the Chem 2 syllabus to include Organic Chemistry and he rushed through SO MUCH in 2 weeks, it's awful. Besides that, good pacing.",04/21/2013,5.0,5.0,,2,Sorta interested,3.0,3.0,1,Yes,1366570084000,N/A,1040,N/A,,N/A,[],people,people
N/A,average,good,average,0,21186434,0,,average,2,CHEM1,I think if you knew chemistry going into the course you could probably do fine. However he speeds through the powerpoints and its difficult to actually learn chemistry from him. He is a strict grader when it comes to regrades and final grade cutoffs. I found him not to be too helpful during office hours as there often was a cultural divide.,12/30/2012,4.0,4.0,,3,Really into it,2.5,2.5,1,Yes,1356876798000,N/A,1040,N/A,,N/A,[],people,people
N/A,good,average,average,0,20849174,0,,good,4,CHEM1,"His lectures are very clear and straight forward. He's actually pretty funny at times and makes the whole class laugh, but you gotta be paying attention, its subtle. The tests are decently hard, but not impossible. Its an intro class, and he does a pretty good job of it. Organized and thoughtful and straight to the point.",11/16/2012,3.0,3.0,,3,Sorta interested,3.5,3.5,1,No,1353058739000,N/A,1040,N/A,,N/A,[],people,people
N/A,good,poor,good,0,20844848,0,,awesome,4,CHEM1,"Kryatov is pretty awesome. Some people find the class challenging, but he gives you plenty of past tests etc. to study from and he is super helpful during office hours. He has a great personality and is a pretty funny guy. I was not expecting to have such a good professor for an intro course.",11/15/2012,1.0,1.0,,5,It's my life,4.5,4.5,1,Yes,1353000377000,N/A,1040,N/A,,N/A,[],people,people
N/A,good,average,good,0,20844833,0,,awesome,5,CHEM001,"He can be super funny and has an awesome accent. He is extremely helpful, especially if you take the time to ask questions and go to his office hours. He has way more office hours than most professors; he is dedicated to making sure that you do well. His tests are very specific, though, and focus on small details very often.",11/15/2012,3.0,3.0,,5,Really into it,5.0,5.0,1,Yes,1353000334000,N/A,1040,N/A,,N/A,[],people,people
N/A,good,average,good,0,20755579,0,,good,5,CHEM01,he teachers right off the powerpoint he puts online and only once in a while will he add anything to them. He is very clear . He has a unique sense of humor. Basically he'll do something funny and then show no emotion. Not a bad class to take.,10/30/2012,3.0,3.0,,3,It's my life,4.0,4.0,1,Yes,1351623829000,N/A,1040,N/A,,N/A,[],people,people
N/A,good,good,good,0,20712975,0,,awesome,5,CHM1,"His lecture slides are so easy to follow and he teaches the class so clearly, so it is really helpful to go to lecture because he does problem types that show up on the tests and homework. Hard exams, but he's an awesome professor for the subject.",10/18/2012,4.0,4.0,,4,Sorta interested,4.5,4.5,1,Yes,1350562587000,N/A,1040,N/A,,N/A,[],people,people
N/A,good,good,good,0,20369566,0,,awesome,4,CHEM2,"Kryatov is a great teacher. Has all the lectures and lecture notes posted online so if you miss a class, you can catch up. Practice exams perfectly reflect the actual exams in the class. If you're in his 8:30 class, make sure you sit in the front, that way you definitely won't fall asleep (chemistry can be a bit dry)",06/01/2012,4.0,4.0,,5,Sorta interested,4.5,4.5,1,No,1338511465000,N/A,1040,N/A,,N/A,[],people,people
N/A,good,average,good,0,20316578,0,,awesome,5,CHEMMORN,"As a student who had already taken general chemistry and got a 5 on the AP test, the course was still challenging but manageable. Dr. Kryatov is a very thorough professor and wants people to do well in the class. There are always 2 problem sets every week so be prepared.",05/20/2012,3.0,3.0,,5,Low,5.0,5.0,1,Yes,1337473177000,N/A,1040,N/A,,N/A,[],people,people
N/A,good,good,good,0,20279321,0,,awesome,5,CHEM02,"Dr. Kryatov is unintentionally funny at times. The man really knows his chemistry and he'll definitely make time for you if you need to have a concept clarified. Exams are difficult, but manageable.",05/14/2012,4.0,4.0,,4,Really into it,4.5,4.5,1,Yes,1337019436000,N/A,1040,N/A,,N/A,[],people,people
N/A,good,average,good,2,20241595,0,,awesome,5,CHEM2,"Kryatov is THE best. His lectures are always absolutely crystal clear, and the amount of review material he gives you to study from is AMAZING. Although his accent may make him seem a bit intimidating at first, by the end of the semester you'll love him. The class isn't easy, but he does a great job explaining material in a fair, concise way.",05/09/2012,3.0,3.0,,4,It's my life,4.5,4.5,1,No,1336583110000,N/A,1040,N/A,,N/A,[],people,people
N/A,good,good,good,3,19718465,0,,good,5,CHEM1,"Kryatov is a great professor, but I really resent the testing. You really have to memorize every little detail from his lectures, whether it seems important or not. Luckily, it's all online in his lecture slides. But especially since this class is also for non-majors, it still digs at me to have to memorize such unimportant facts.",01/12/2012,4.0,4.0,,3,Meh,4.0,4.0,1,No,1326389023000,N/A,1040,N/A,,N/A,[],people,people
N/A,good,average,good,1,18375904,0,,awesome,5,CHEM2,"Great guy, very clear and very nice. If you read the book and his lecture slides, you will do well in this class. Tough class to teach given the amount of people in it but he does it the best of anyone I have seen.",04/07/2011,3.0,3.0,,5,Sorta interested,5.0,5.0,1,Yes,1302216357000,N/A,1040,N/A,,N/A,[],people,person
N/A,good,average,good,0,18243667,0,,awesome,4,CHEM0001,"Seems a little scary, but really very nice and concerned with students",02/27/2011,3.0,3.0,,5,Sorta interested,4.5,4.5,1,No,1298845759000,N/A,1040,N/A,,N/A,[],people,people
N/A,good,good,good,1,18221163,0,,awesome,5,CHEM1,"I was really intimidated by Kryatov towards the beginning of the semester. I eventually realized that he is pretty concerned with students' understanding and he's an overall excellent professor.  He designs the course really well, so that if you attend lectures and spend adequate time working on problem sets/studying, it is hard not to succeed.",02/09/2011,4.0,4.0,,4,Really into it,4.5,4.5,1,Yes,1297246238000,N/A,1040,N/A,,N/A,[],people,person
N/A,good,average,average,0,17970083,0,,good,4,CHEM001,Seems like a good guy. Lectures are very boring -- really you get just as much out of them by printing them out from the internet. Does a good job for it being such a large class. Chem 1 is a little bit difficult but if you do the reading and look at his powerpoints it is impossible to do poorly.,12/16/2010,3.0,3.0,,3,Really into it,3.5,3.5,1,Yes,1292529988000,N/A,1040,N/A,,N/A,[],people,people
N/A,good,average,good,1,17698659,0,,good,4,CHEM1,I had Kryatov for Gen Chem 1 & 2. Classes weren't exactly entertaining but he explained the material well. He sometimes does random fun things in class like play with dry ice or set hydrogen balloons on fire.,10/27/2010,3.0,3.0,,4,Really into it,4.0,4.0,1,Yes,1288189671000,N/A,1040,N/A,,N/A,[],people,person
N/A,good,good,good,0,17224883,0,,awesome,5,CHEM0001,"Professor Krayatov is a quality teacher. He covers a huge amount of material quickly and clearly. He can be a little distant, and don't expect him to learn your name, but he knows how to teach. Chem 1 & 2 are very hard, with a weekly online problem set and weekly paper problem set and weekly labs, but you will know chemistry by the end of it!",05/18/2010,4.0,4.0,,4,It's my life,4.5,4.5,1,Yes,1274180493000,N/A,1040,N/A,,N/A,[],people,people
N/A,good,good,good,1,16629964,0,,good,5,CHEM1,"Extremely brilliant professor, able to answer any question you may have. Knows how to teach this introductory course in a logical, coherent, and accessible manner. Practice problems are extremely helpful, and puts everything online, with detailed explanations which help for test studying. Lectures are inherently boring, unfortunately.",12/23/2009,4.0,4.0,,3,Sorta interested,4.0,4.0,1,Yes,1261566539000,N/A,1040,N/A,,N/A,[],people,person
N/A,good,poor,good,0,16417389,0,,awesome,5,CHEM1,Good class.  Crystal clear lectures--&gt;he gives you the lecture slides so thats wicked nice.  But if you don't take notes its easy to space out.,11/23/2009,1.0,1.0,,5,It's my life,5.0,5.0,1,Yes,1258990362000,N/A,1040,N/A,,N/A,[],people,people
N/A,good,average,average,0,16336854,0,,average,4,CHEM1,"Lectures are boring but comprhensive, tests are exactly like the problem sets, this class is just what you would expect from a huge lecture class",11/09/2009,2.0,2.0,,2,Low,3.0,3.0,1,Yes,1257780874000,N/A,1040,N/A,,N/A,[],people,people
N/A,good,good,good,0,16329635,0,,good,4,CHEM001,The class is a lot of work. You will always be doing something for chemistry. But that being said if you do the work you will do well. Lectures are boring BUT clear. All the info you need is there. You can tell he really loves his subject and he is open to meet with students during office hours.,11/07/2009,4.0,4.0,,4,Really into it,4.0,4.0,1,Yes,1257601896000,N/A,1040,N/A,,N/A,[],people,people
N/A,good,average,good,0,16297280,0,,awesome,4,CHEM1,"Very friendly professor, extremely clear. Prints out copies of Powerpoints for everyone and does many practice problems. Has 3 practice tests with answers for exams that are very similar to actual exams and are very helpful.  Loves chemistry and does a lot of exciting demoes that made class much more interesting. Homework was moderate.",11/01/2009,2.0,2.0,,5,It's my life,4.5,4.5,1,Yes,1257101331000,N/A,1040,N/A,,N/A,[],people,people
N/A,good,good,good,0,15985282,0,,awesome,5,CHEM01,"Overall, an outstanding professor.  Really understands the material and wants his students to as well.  The practice exams and problem sets will prepare you for the exams, which are difficult but always incredibly fair.  The online problem sets are annoying but a good way to boost your grade.  Overall, great guy.  Go see him outside of class.",06/23/2009,4.0,4.0,,5,Sorta interested,5.0,5.0,1,Yes,1245749036000,N/A,1040,N/A,,N/A,[],people,people
N/A,average,good,average,0,15979519,0,,average,2,CHEM2,"Very difficult class and even more difficult to stay awake in the morning lecture. If you're taking this, it's probably because of pre-med, so you just have to push through it. Sergei is very Ukrainian. His lecture notes are extremely helpful and he gives three practice exams with answers before each test.",06/21/2009,5.0,5.0,,4,Sorta interested,3.0,3.0,1,No,1245545410000,N/A,1040,N/A,,N/A,[],people,people
N/A,good,good,good,0,15324996,0,,good,4,CHEM001,"he's a very honest professor who prepares you well for his exams, which are fair but a bit hard just because it's chemistry. go to lectures! unless you want to memorize the book.",01/06/2009,4.0,4.0,,4,Low,4.0,4.0,1,Yes,1231240499000,N/A,1040,N/A,,N/A,[],people,people
N/A,good,average,good,0,14165860,0,,good,4,CHEM1,"He does very well preparing you for tests. He prints out lecture slides and does a lot of problems out in class. He's very knowledgeable about the class material. Practice tests really help you prepare for the tests. Online problem sets really help your grade and understanding. Paper problem sets, too. Homework is moderate for a science class.",03/14/2008,2.0,2.0,,4,Really into it,4.0,4.0,1,Yes,1205453332000,N/A,1040,N/A,,N/A,[],people,people
N/A,good,poor,good,0,13600740,0,,awesome,4,CHEM1,He's soooo sweet. The material was simple but he would do anything to make sure everyone understood. He also scales the exams so everyone gets a better grade. Pace is kinda slow sometimes so it might get a little boring but he's such a good teacher u won't regret taking his class.,11/05/2007,1.0,1.0,,5,Really into it,4.5,4.5,1,No,1194287123000,N/A,1040,N/A,,N/A,[],people,people
N/A,average,average,average,0,13325851,0,,good,3,CHEM01,"He's from the Ukraine and has an accent, but once you get past that, you see that he's a brilliant prof.  The problem and lecture sets prepare you well for his tests.  He's also really nice outside of the classroom.",07/12/2007,2.0,2.0,,4,Really into it,3.5,3.5,1,Yes,1184201023000,N/A,1040,N/A,,N/A,[],people,people
N/A,average,average,average,0,12819656,0,,good,3,CHEM11,"Psets can get pretty nasty but overall was an easy class. He gives all (or most) the notes and solves practice problems in class. Sometimes seems to pull things out of nowhere, and he might not understand students' questions, but nice when asking for help. Easiness of tests doesn't even compare to prof dewald's.",01/25/2007,2.0,2.0,,4,It's my life,3.5,3.5,1,Yes,1169760881000,N/A,1040,N/A,,N/A,[],people,people
N/A,average,good,average,0,12354201,0,,average,3,CHEM11,"One of the most boring classes I have ever taken. It doesn't help that the class is at 8:05 in the morning (ONLY section offered both semesters). He plows right on through the material, hardly ever stopping. He rarely asks if there are questions, and doesn't really explain in much detail when there are. The problem sets can be extremely tedious.",11/03/2006,4.0,4.0,,2,Sorta interested,2.5,2.5,1,Yes,1162551550000,N/A,1040,N/A,,N/A,[],people,people
N/A,good,average,good,0,12228650,0,,good,4,CHEM12,"It was hard, but he is clear and fair.  A nice guy.",09/12/2006,3.0,3.0,,4,It's my life,4.0,4.0,1,Yes,1158092397000,N/A,1040,N/A,,N/A,[],people,people
N/A,poor,good,average,0,880137,0,,average,1,CHEM999,Lots of fun to work with. Loves urea very much.,04/24/2003,5.0,5.0,,5,N/A,3.0,3.0,1,N/A,1051202993000,N/A,1040,N/A,,N/A,[],people,people
