attendance,clarityColor,easyColor,helpColor,helpCount,id,notHelpCount,onlineClass,quality,rClarity,rClass,rComments,rDate,rEasy,rEasyString,rErrorMsg,rHelpful,rInterest,rOverall,rOverallString,rStatus,rTextBookUse,rTimestamp,rWouldTakeAgain,sId,takenForCredit,teacher,teacherGrade,teacherRatingTags,unUsefulGrouping,usefulGrouping
Mandatory,good,good,good,1,28617887,0,,good,4,FAHS0101,Eulogio was an amazing prof who helped me throughout my undergrad career. Intriguing and fun lectures. He accommodates for various learning types. You will need to pay attention and take daily notes as topics move fast. Do the readings and you will be fine. He's very willing to meet 1 on 1. I have my Masters for 1 year and still read his books.,08/16/2017,4.0,4.0,,4,N/A,4.0,4.0,1,Yes,1502845149000,Yes,1040,Yes,,B,"['Tough grader', 'Gives good feedback', 'Get ready to read']",people,person
Not Mandatory,poor,good,poor,0,26485104,0,,awful,1,VISC102401,Had a terrible time with this teacher. Never been so lost in my life and cried many times. He could've been speaking in full Spanish and I'd still have the same amount of understanding. Wish I could've gotten more out of his class but it was just rambling for 3 hours straight. I honestly feel more stupid coming out than into this class.,05/05/2016,5.0,5.0,,1,N/A,1.0,1.0,1,No,1462489357000,N/A,1040,Yes,,N/A,"['Get ready to read', 'Lecture heavy', 'Tough grader']",people,people
N/A,poor,good,poor,1,26390799,0,,poor,1,VISC102401,Very much all over the place with his classes. Goes off on tangents about small aspects that are distracting from the overall lesson & makes what could be interesting topics very dry. I struggle to learn from him as do many of the classmates I've spoken with. I do well in this class but its with very little thanks to him and more to google.,04/27/2016,5.0,5.0,,2,N/A,1.5,1.5,1,No,1461751523000,N/A,1040,Yes,,N/A,"['Lecture heavy', 'Gives good feedback', 'Tough grader']",people,person
Mandatory,good,good,good,1,22096732,0,,awesome,5,FAHS0005,"Eulogio was so passionate and engaging I took three of his classes. You will be expected to work hard, do the reading and attend lectures. It is worth it. The amount of work he expects from you is not 10% of what he is putting in. Extremely generous with his time and his extensive knowledge. Very dedicated to helping you learn, & learning from you.",08/30/2013,5.0,5.0,,5,Sorta interested,5.0,5.0,1,Yes,1377888840000,N/A,1040,N/A,,A,[],people,person
N/A,good,average,good,0,20682110,0,,good,4,FAHS0101,"E is one of those professors who may be disorganized, but has such a knowledge and true love of what he is teaching that it is infectious! The man is incredibly approachable, unlike several Tufts history profs. I learned very much from him, and while he may not be the teacher for everyone, he really resonated with me. Great class too.",10/05/2012,2.0,2.0,,4,Sorta interested,4.0,4.0,1,Yes,1349455905000,N/A,1040,N/A,,N/A,[],people,people
N/A,average,average,average,0,17703081,0,,average,3,FAHS0101,"I definitely have to second what the commenter above me said--Eulogio is VERY knowledgeable but he is just too disorganized to be an effective teacher. Readings were sometimes emailed to us the night before class! And the content of the course was fascinating, but very unfocused.",10/28/2010,2.0,2.0,,3,Meh,3.0,3.0,1,No,1288270210000,N/A,1040,N/A,,N/A,[],people,people
N/A,average,good,average,1,17467418,0,,average,2,FAHS0101,"Eulogio is passionate about what he teaches, but he is disorganized. readings were given as copies, after he promised us a reader.  He's unclear about what he wants in presentations, and grades are based on favoritism.  I passed everything in on time and got a B+, while others passed things in late and got an A. Wouldn't take another class from him",07/31/2010,4.0,4.0,,3,Really into it,2.5,2.5,1,No,1280577219000,N/A,1040,N/A,,N/A,[],people,person
