attendance,clarityColor,easyColor,helpColor,helpCount,id,notHelpCount,onlineClass,quality,rClarity,rClass,rComments,rDate,rEasy,rEasyString,rErrorMsg,rHelpful,rInterest,rOverall,rOverallString,rStatus,rTextBookUse,rTimestamp,rWouldTakeAgain,sId,takenForCredit,teacher,teacherGrade,teacherRatingTags,unUsefulGrouping,usefulGrouping
Mandatory,average,average,good,0,23686904,0,,good,3,FAM96,She's a champion - let me in almost half way through the semester and was very supportive for the rest of it,10/23/2014,2.0,2.0,,5,Really into it,4.0,4.0,1,No,1414069222000,Yes,1040,Yes,,N/A,"['Lecture heavy', 'Caring']",people,people
Mandatory,good,average,good,0,23436509,0,,good,4,FAM64,Dore is a wonderful professor! She is a little nuts and will go on tangents which can be very amusing. If you show some interest in photography she will be very helpful. Highly recommend.,07/10/2014,3.0,3.0,,4,Sorta interested,4.0,4.0,1,No,1405001920000,N/A,1040,N/A,,A,[],people,people
N/A,good,average,good,1,17515588,0,,awesome,4,FAM0064,Dore is one of the best professors I've had at Tufts. She is a little nuts at times but it provides some comical moments and she truly cares about her students are their artistic progress. She isn't crystal clear all the time but she is always more than willing to help. She's a great person to form a relationship with a real artistic resource.,08/16/2010,2.0,2.0,,5,Really into it,4.5,4.5,1,No,1281919216000,N/A,1040,N/A,,N/A,[],people,person
N/A,average,poor,average,0,16917408,0,,average,2,FAM64,"Dore is TOTALLY insane but fantastic! Incredibly supportive, really knowledgeable, but a little wacky. Incredibly interesting class I recommend to anyone interested, but its a big time and money commitment for the darkroom. Incredibly worth it though! Dore's a hoot",03/27/2010,1.0,1.0,,4,Really into it,3.0,3.0,1,No,1269653137000,N/A,1040,N/A,,N/A,[],people,people
N/A,good,average,good,0,16591702,0,,awesome,4,FAM64,"Dore is amazing! I'm so glad I took photo with her. She's very caring and definitely becomes involved with her students as individuals. There's definitely a big time commitment for any photo class, but it's worth it! Her apparent absent-mindedness provides amusement, but when it comes down to it she provides really valid feedback.",12/18/2009,2.0,2.0,,5,Really into it,4.5,4.5,1,No,1261099378000,N/A,1040,N/A,,N/A,[],people,people
N/A,average,poor,average,0,15987531,0,,good,2,FAM64,Dore was helpful before class even started. She is very understanding and really cares about the progress of her students. She is a very experienced photographer and I am sure she is the favorite in the department.,06/23/2009,1.0,1.0,,5,Really into it,3.5,3.5,1,No,1245791983000,N/A,1040,N/A,,N/A,[],people,people
N/A,good,average,good,0,14300916,0,,awesome,5,FAMA,"Dore is the greatest! She genuinely cares about her photo students and their progress in the class. Everyone in her course ends up becoming friends, and the laid back, informal structure of classes is very relaxing and unstressful. Take her class!",04/16/2008,2.0,2.0,,5,Really into it,5.0,5.0,1,No,1208360664000,N/A,1040,N/A,,N/A,[],people,people
