attendance,clarityColor,easyColor,helpColor,helpCount,id,notHelpCount,onlineClass,quality,rClarity,rClass,rComments,rDate,rEasy,rEasyString,rErrorMsg,rHelpful,rInterest,rOverall,rOverallString,rStatus,rTextBookUse,rTimestamp,rWouldTakeAgain,sId,takenForCredit,teacher,teacherGrade,teacherRatingTags,unUsefulGrouping,usefulGrouping
N/A,good,average,good,0,22965512,0,,awesome,4,HUMANLEARNING,"She was helpful, knowledgeable and the class was fun. Too much readings though",03/30/2014,3.0,3.0,,5,Sorta interested,4.5,4.5,1,Yes,1396187640000,N/A,1040,N/A,,N/A,[],people,people
N/A,average,good,good,0,13686807,0,,good,3,EDSECT,challenging but very helpful and knowledgeable,11/21/2007,5.0,5.0,,5,Really into it,4.0,4.0,1,Yes,1195604656000,N/A,1040,N/A,,N/A,[],people,people
N/A,average,average,average,0,10200891,0,,poor,2,HUMANDEVELOP,"Seems as though she was learning material along with students. Difficulty explaining content. Assignments were good, although too much emphasis placed on research.",09/02/2005,3.0,3.0,,2,Low,2.0,2.0,1,N/A,1125675587000,N/A,1040,N/A,,N/A,[],people,people
N/A,poor,average,poor,0,991396,0,,awful,1,ED,ahhemm...at least she's a babe,05/30/2003,2.0,2.0,,1,N/A,1.0,1.0,1,N/A,1054278593000,N/A,1040,N/A,,N/A,[],people,people
N/A,average,average,average,0,989808,0,,poor,2,ED,No Comments,05/29/2003,2.0,2.0,,2,N/A,2.0,2.0,1,N/A,1054218760000,N/A,1040,N/A,,N/A,[],people,people
