attendance,clarityColor,easyColor,helpColor,helpCount,id,notHelpCount,onlineClass,quality,rClarity,rClass,rComments,rDate,rEasy,rEasyString,rErrorMsg,rHelpful,rInterest,rOverall,rOverallString,rStatus,rTextBookUse,rTimestamp,rWouldTakeAgain,sId,takenForCredit,teacher,teacherGrade,teacherRatingTags,unUsefulGrouping,usefulGrouping
Mandatory,good,average,good,0,31878901,0,,awesome,5,ENG005,"He doesn't overload you with work, but his feedback is nevertheless really useful if you have an interest in writing. If you put in an effort with your writing, it will be reflected in your grade, even if you're new to it. The class is good for the soul. Definitely do it.",05/15/2019,2.0,2.0,,5,N/A,5.0,5.0,1,No,1557924124000,Yes,1040,Yes,,A,"['Accessible outside class', 'Inspirational', 'Gives good feedback']",people,people
Mandatory,good,average,good,0,31112940,0,,awesome,5,ENG0005,"Awesome professor. Joe clearly cares a lot about his students, and he doesn't overload you with too much work. You'll get better at writing, and you'll probably feel emotionally/spiritually lifted coming out of his class.",12/20/2018,2.0,2.0,,5,N/A,5.0,5.0,1,No,1545287446000,Yes,1040,Yes,,A,"['Hilarious', 'Gives good feedback', 'Caring']",people,people
Mandatory,good,average,good,0,28509891,0,,awesome,5,ENG06,"What an amazing guy! Prof. Hurka is a rare gem- gives such great feedback, very respective and inclusive of different writing backgrounds and styles, and if you don't take his course for that, take it for his amazing anecdotes and guitar skills.",07/06/2017,2.0,2.0,,5,N/A,5.0,5.0,1,No,1499339004000,Yes,1040,Yes,,N/A,"['Hilarious', 'Respected', 'Caring']",people,people
Mandatory,good,average,good,0,27713992,0,,awesome,5,ENG0005,"I took J. Hurka over summer for Fictional Writing. It was my first fictional writing course. I learned so much about writing, analyzing and critiquing. He is a true gem at Tufts University and truly cares about his students in and out of class. He is very well connected within the writing community. A must take course, you won't be disappointed.",01/11/2017,2.0,2.0,,5,N/A,5.0,5.0,1,No,1484125157000,Yes,1040,Yes,,A,"['Gives good feedback', 'Accessible outside class', 'Caring']",people,people
N/A,good,average,good,0,22347704,2,,awesome,5,ENG05,"Joe's the best professor I've had so far at Tufts. He genuinely cares about his students and their works, takes an interest in students' life and tries to help them in as many ways as possible. His class always makes my day. And two and half hours feel too short.",11/19/2013,2.0,2.0,,5,It's my life,5.0,5.0,1,No,1384878527000,N/A,1040,N/A,,N/A,[],people,people
N/A,good,average,good,1,22303056,0,,awesome,4,ENG0005,"Joe was a fantastic teacher. Always ready to help, and mesmerizing with his personal stories. Highly knowledgeable and constructive, while being very open to all suggestions. This chili's for you, Joe!!",11/12/2013,2.0,2.0,,5,It's my life,4.5,4.5,1,No,1384289217000,N/A,1040,N/A,,N/A,[],people,person
N/A,good,average,good,0,20279732,0,,awesome,5,ENG0005,"Hurka was awesome. Definitely ask him to bring in his guitar if he doesn't offer anyways. I wish I took more initiative to meet with him, because you really get the feeling he will remember you forever. He's the best basically.",05/14/2012,2.0,2.0,,4,Sorta interested,4.5,4.5,1,No,1337022372000,N/A,1040,N/A,,N/A,[],people,people
N/A,good,average,good,0,18556209,0,,awesome,5,WR311,"Had Hurka in his last class at Emerson, one of the best writing professors and one of the best people I've had the pleasure of knowing. Serious, emotional, light-hearted guy who really cares about his students and their futures. You won't regret taking a class with him.",05/09/2011,3.0,3.0,,5,It's my life,5.0,5.0,1,Yes,1304900966000,N/A,1040,N/A,,N/A,[],people,people
N/A,good,average,good,0,17718745,0,,awesome,5,ENG106,Hurka is an awesome professor. His short stories are fantastic. He really guides you. Google him.,11/02/2010,2.0,2.0,,5,It's my life,5.0,5.0,1,No,1288662750000,N/A,1040,N/A,,N/A,[],people,people
N/A,good,average,good,1,15120642,0,,awesome,5,ENG0005,"Everyone else has pretty much said it. Joe is a wonderful professor. He really cares about helping students improve their writing. Very nice, funny guy too.",12/06/2008,2.0,2.0,,5,It's my life,5.0,5.0,1,No,1228580109000,N/A,1040,N/A,,N/A,[],people,person
N/A,good,average,good,0,13028090,0,,awesome,5,ENG05,"Encourages students to call him Uncle Joe.  Down to earth amazing professor with so much to share.  Doing work for his class is fun, not work.  Take this guys class...if you can get in.  Everyone loves Uncle Joe.",04/18/2007,2.0,2.0,,5,Sorta interested,5.0,5.0,1,Yes,1176902761000,N/A,1040,N/A,,N/A,[],people,people
N/A,good,poor,good,0,12927584,0,,awesome,5,ENG5,Awesome,03/17/2007,1.0,1.0,,5,It's my life,5.0,5.0,1,No,1174093919000,N/A,1040,N/A,,N/A,[],people,people
N/A,good,average,good,0,11112806,0,,awesome,5,ADVFICTION,"Joe is hands-down my all-time favorite professor.  He not only is engaging and intelligent, but he's a writer that deeply cares about passing on his love of writing and literature to others.  Take a class with him.  You will never regret it.",12/10/2005,3.0,3.0,,5,It's my life,5.0,5.0,1,N/A,1134238083000,N/A,1040,N/A,,N/A,[],people,people
Mandatory,good,average,good,0,10937106,0,,awesome,5,CREATIVEWRITIN,"three years out of tufts, but never forget joe hurka...still talk to him...take this man's class...he inspires",11/17/2005,2.0,2.0,,5,It's my life,5.0,5.0,1,N/A,1132243194000,N/A,1040,N/A,,A,[],people,people
Mandatory,good,average,good,0,10699244,0,,awesome,5,ENG5,"Best class (and professor) I have ever had.  This class kept me going through the semester; I looked forward to it every week.  Really comfortable atmosphere, allowed to take chances with your writing, Joe is always there to help, so inspirational, never an emphasis on grades.  I can't say enough good things.  Loved every minute of class time.",11/03/2005,3.0,3.0,,5,It's my life,5.0,5.0,1,N/A,1131062033000,N/A,1040,N/A,,N/A,[],people,people
N/A,good,average,good,0,10397527,0,,awesome,5,ENG6,"Ok, I am eight years out of Tufts, but I still remember Joe Hurka's story about a dog that humped his leg and would. not. stop.  Hilarious.  Oh, and he was also a good professor.  Engaged and engaging.",09/07/2005,3.0,3.0,,5,It's my life,5.0,5.0,1,N/A,1126108342000,N/A,1040,N/A,,N/A,[],people,people
N/A,good,good,good,0,3798185,0,,awesome,5,ENG6,"Joe is the man. His stories and experiences are really interesting. He is an actual writer and takes part in many of the in class excercises himself, genuinely interested in his students.",05/05/2005,4.0,4.0,,5,Sorta interested,5.0,5.0,1,N/A,1115334528000,N/A,1040,N/A,,N/A,[],people,people
N/A,good,average,good,0,3131786,0,,awesome,5,ENG005,"Uncle Joe is the best; his class was my favorite out of all my classes at Tufts yet. He's a very understanding, warm, fun guy who teaches fiction writing with a passion. He's also a great guitarist and a wonderful listener.",12/30/2004,2.0,2.0,,5,Really into it,5.0,5.0,1,N/A,1104398525000,N/A,1040,N/A,,N/A,[],people,people
N/A,good,average,good,0,2660954,0,,awesome,5,ENG5,Really amazing. One of the best professors/people at Tufts. Take a class with him before you leave.,11/05/2004,2.0,2.0,,5,Really into it,5.0,5.0,1,N/A,1099671073000,N/A,1040,N/A,,N/A,[],people,people
N/A,good,average,good,0,1701752,0,,awesome,5,ENG5,Fantastic Guy! A truly great/hot teacher!,02/09/2004,3.0,3.0,,5,N/A,5.0,5.0,1,N/A,1076348506000,N/A,1040,N/A,,N/A,[],people,people
N/A,good,average,good,0,1517560,0,,awesome,5,ENG5,"Uncle Joe is the most fun English teacher I've ever had, and he really knows good writing.",12/16/2003,3.0,3.0,,5,N/A,5.0,5.0,1,N/A,1071587504000,N/A,1040,N/A,,N/A,[],people,people
N/A,good,average,good,0,880675,0,,awesome,5,ENG6,No Comments,04/24/2003,2.0,2.0,,5,N/A,5.0,5.0,1,N/A,1051208779000,N/A,1040,N/A,,N/A,[],people,people
N/A,good,average,good,0,874394,0,,awesome,5,ENG06,This man is my hero.  He will gladly become your friend and mentor if you so desire.  His classes are always light and humorous and this man knows how to write fiction and to teach it.  Take him if possible.,04/23/2003,2.0,2.0,,5,N/A,5.0,5.0,1,N/A,1051118304000,N/A,1040,N/A,,N/A,[],people,people
N/A,good,average,good,0,684893,0,,good,5,ENG,No Comments,03/07/2003,3.0,3.0,,3,N/A,4.0,4.0,1,N/A,1047041398000,N/A,1040,N/A,,N/A,[],people,people
N/A,good,average,good,0,543513,0,,awesome,5,ENG005,"Go, Uncle Joe",02/05/2003,3.0,3.0,,5,N/A,5.0,5.0,1,N/A,1044467289000,N/A,1040,N/A,,N/A,[],people,people
N/A,good,average,good,0,217159,0,,awesome,5,ENG06,Uncle Joe was the best!,05/25/2002,3.0,3.0,,5,N/A,5.0,5.0,1,N/A,1022360043000,N/A,1040,N/A,,N/A,[],people,people
