attendance,clarityColor,easyColor,helpColor,helpCount,id,notHelpCount,onlineClass,quality,rClarity,rClass,rComments,rDate,rEasy,rEasyString,rErrorMsg,rHelpful,rInterest,rOverall,rOverallString,rStatus,rTextBookUse,rTimestamp,rWouldTakeAgain,sId,takenForCredit,teacher,teacherGrade,teacherRatingTags,unUsefulGrouping,usefulGrouping
Mandatory,good,average,good,1,22816541,1,,awesome,4,EC91,Tough grader but generally helpful with assignments and gives great feedback. Grades work very VERY slowly and usually you will not even know how you're performing till the week before finals (which means it will be too late to drop the class already!). Material is interesting but very poorly organized and discussed,02/03/2014,3.0,3.0,,5,It's my life,4.5,4.5,1,Yes,1391468478000,N/A,1040,N/A,,N/A,[],person,person
N/A,good,good,good,0,21530623,0,,good,4,SPECIALTOPICS,"Professor Hardman has an alphabet soup of degrees and is clearly passionate about what she teaches. However, her classes are lecture-based, which makes it hard to be engaged. Secondly, she's a terribly slow grader. She assigns many projects, but you'll be lucky if the first is graded by the end of the semester.",04/13/2013,4.0,4.0,,4,Sorta interested,4.0,4.0,1,No,1365873783000,N/A,1040,N/A,,N/A,[],people,people
N/A,good,good,good,0,1815093,0,,good,4,URBAN,"i thought she was pretty good. she uses actual economic journal papers, which is cool.",03/17/2004,4.0,4.0,,4,N/A,4.0,4.0,1,N/A,1079490585000,N/A,1040,N/A,,N/A,[],people,people
N/A,average,good,good,0,1232410,0,,good,3,EC127,"Soooo tough. Tough grader, tough class. I'm a little queasy from right now, but learning a lot I guess...",10/28/2003,5.0,5.0,,5,N/A,4.0,4.0,1,N/A,1067370545000,N/A,1040,N/A,,N/A,[],people,people
