attendance,clarityColor,easyColor,helpColor,helpCount,id,notHelpCount,onlineClass,quality,rClarity,rClass,rComments,rDate,rEasy,rEasyString,rErrorMsg,rHelpful,rInterest,rOverall,rOverallString,rStatus,rTextBookUse,rTimestamp,rWouldTakeAgain,sId,takenForCredit,teacher,teacherGrade,teacherRatingTags,unUsefulGrouping,usefulGrouping
N/A,good,good,good,0,17927884,0,,good,4,MATH117,"Hes a cool and funny guy, unfortunately Precalc is a hard subject which isnt fun to teach or learn. He is a good and helpful professor although he is kinda odd at times-he makes up for it with his humor or sarcasm. Really enjoyed his class although I didn't do well and hate precalc.",12/13/2010,4.0,4.0,,4,Sorta interested,4.0,4.0,1,Yes,1292237780000,N/A,1040,N/A,,N/A,[],people,people
N/A,average,average,average,0,17698652,0,,average,3,MATH13,"Math 13 wasn't bad, sometimes it was hard to follow but I think it was more the material than the teacher.",10/27/2010,3.0,3.0,,3,Really into it,3.0,3.0,1,Yes,1288189549000,N/A,1040,N/A,,N/A,[],people,people
N/A,good,average,good,0,17593268,0,,awesome,5,MATH117,"Mr. Hague is great. He always makes sure you understand what you're doing. He's a little quirky, but we love him for it, it just makes class that much more interesting.",09/14/2010,2.0,2.0,,4,It's my life,4.5,4.5,1,Yes,1284501775000,N/A,1040,N/A,,N/A,[],people,people
N/A,good,good,average,0,16847966,0,,good,4,MATH46,"Chuck wears many layers and always takes a sweater off during class after tucking in the shirt underneath. Yeah, he's awkward. Nonetheless, he makes even linear algebra semi-entertaining and explains the subject relatively well. Exams were fair. Did I mention he's pretty awkward&#63;",03/04/2010,4.0,4.0,,3,Sorta interested,3.5,3.5,1,Yes,1267720904000,N/A,1040,N/A,,N/A,[],people,people
N/A,average,average,average,0,16094939,0,,average,3,MATH13,"Hague is a quirky teacher, but he knows his material decently well. Many awkward silences in class. He tends to make little mistakes, and makes a big deal (repeatedly tells students to watch out for silly arithmetic errors) out of it, possibly out of embarrassment. Low level of class participation. As long as you have questions, he'll answer them.",08/05/2009,3.0,3.0,,3,Sorta interested,3.0,3.0,1,Yes,1249493122000,N/A,1040,N/A,,N/A,[],people,people
N/A,poor,poor,poor,0,15582283,0,,awful,1,MATH46,Do not take a class with this professor.  He is one of the worst teachers I have ever had.,03/29/2009,1.0,1.0,,1,Sorta interested,1.0,1.0,1,Yes,1238363478000,N/A,1040,N/A,,N/A,[],people,people
N/A,good,average,good,0,14419011,0,,awesome,4,MATH13,"I counted 8 pairs of shoes. They're mostly pumas, and they're all fashionable. This professor is extremely down to earth which is a good alternative to other slightly snobby teachers I've had. He really cares about making his students understand the material and is super nice. He's great!",05/07/2008,3.0,3.0,,5,Really into it,4.5,4.5,1,Yes,1210124097000,N/A,1040,N/A,,N/A,[],people,people
N/A,average,good,average,0,14330396,0,,good,3,MATH5,"Chuck Hague is a genuine math nerd. Nervous in front of people, strangely shaped, but earnest, he can be confusing, but is honestly involved with students and material. On day one, start counting the number of different pairs of shoes he wears/owns.",04/22/2008,4.0,4.0,,4,Low,3.5,3.5,1,Yes,1208890092000,N/A,1040,N/A,,N/A,[],people,people
N/A,average,good,average,0,13569326,0,,average,3,MATH13,"Decent teacher, but sometimes confuses himself during class. It's sometimes difficult to keep up with his notes on the board. He's not the best professor for this class, but he is really nice and tries to help students as best as possible.",10/28/2007,4.0,4.0,,3,Sorta interested,3.0,3.0,1,Yes,1193604023000,N/A,1040,N/A,,N/A,[],people,people
