attendance,clarityColor,easyColor,helpColor,helpCount,id,notHelpCount,onlineClass,quality,rClarity,rClass,rComments,rDate,rEasy,rEasyString,rErrorMsg,rHelpful,rInterest,rOverall,rOverallString,rStatus,rTextBookUse,rTimestamp,rWouldTakeAgain,sId,takenForCredit,teacher,teacherGrade,teacherRatingTags,unUsefulGrouping,usefulGrouping
Mandatory,good,average,good,0,31480605,0,,awesome,5,ELS105,"Gavin is a really cool guy who has a lot of great real-world experience. I took his marketing class and loved it! You'll learn a lot, and if you do the work, you will do well. It really depends more on the groups you are put in, but overall would recommend this class and Gavin for sure. Really nice guy too.",03/26/2019,3.0,3.0,,5,N/A,5.0,5.0,1,No,1553611300000,Yes,1040,Yes,,A,"[""Skip class? You won't pass."", 'Caring', 'Respected']",people,people
Mandatory,good,average,good,0,29609733,0,,awesome,5,ELS105,"Inspiring is the keyword. You not only learn the subject matter, but also valuable life lessons.",03/01/2018,3.0,3.0,,5,N/A,5.0,5.0,1,No,1519901864000,Yes,1040,Yes,,N/A,"['Inspirational', 'Respected', 'Participation matters']",people,people
Mandatory,good,average,good,1,25609803,0,,awesome,5,ELS105,Gavin Finn is one of the best teachers at the school. His class is incredibly realistic and he cares for and brings out the best in his students. Highly recommended.,12/09/2015,3.0,3.0,,5,It's my life,5.0,5.0,1,No,1449675421000,N/A,1040,Yes,,N/A,"['Participation matters', 'Respected', 'Caring']",people,person
N/A,good,average,good,0,25246886,0,,awesome,5,ELS105,Easily my favorite class at Tufts and the best teacher. He made me think about things in a whole new light and was constantly inspiring and interesting. A must take class for all!,10/12/2015,3.0,3.0,,5,It's my life,5.0,5.0,1,No,1444682958000,N/A,1040,Yes,,N/A,[],people,people
Mandatory,good,average,good,0,25030825,0,,awesome,5,ELS105,"Gavin Finn is a really inspiring man. He has a great back story and knows just about everything there is to know. It's wild. His lectures can be a bit long but he always spends the first hour having group discussion. Ask him anything from branding to finance, he knows it all. Group work was the bulk of the class, working with real companies",07/10/2015,3.0,3.0,,5,It's my life,5.0,5.0,1,No,1436522235000,N/A,1040,Yes,,A-,"['Lecture heavy', 'Gives good feedback', 'Respected']",people,people
N/A,good,good,good,0,18057176,0,,awesome,5,ELS105,"Great teacher, but a lot of outside the classroom group work.",12/28/2010,4.0,4.0,,5,Sorta interested,5.0,5.0,1,No,1293574990000,N/A,1040,N/A,,N/A,[],people,people
