attendance,clarityColor,easyColor,helpColor,helpCount,id,notHelpCount,onlineClass,quality,rClarity,rClass,rComments,rDate,rEasy,rEasyString,rErrorMsg,rHelpful,rInterest,rOverall,rOverallString,rStatus,rTextBookUse,rTimestamp,rWouldTakeAgain,sId,takenForCredit,teacher,teacherGrade,teacherRatingTags,unUsefulGrouping,usefulGrouping
Mandatory,good,average,good,0,29825183,0,,awesome,5,PHIL52,"The class started out on 'training wheels', as she tended to lecture without allowing criticism or commentary from students. But once her class took off, it took off. She cultivated extremely rich class discussions, and also gave THE most inspiring lecture I've ever heard at Tufts. Loves to bring up sex. French accent. Leans both left and right.",04/17/2018,2.0,2.0,,5,N/A,5.0,5.0,1,Yes,1523989957000,Yes,1040,Yes,,A,"['Inspirational', 'Hilarious', 'Participation matters']",people,people
Mandatory,good,poor,good,2,29698248,0,,awesome,5,PHIL001,"I LOVE Prof. Amir!!! She is so sweet and quirky. She gets off on tangents easily, but they're always interesting and/or inspiring. She really cares about her students and is very flexible with deadlines. Super easy grader essay assignments are a breeze as long as you take good notes in class. I never did the readings and got an A so...",03/26/2018,1.0,1.0,,5,N/A,5.0,5.0,1,No,1522081499000,Yes,1040,Yes,,A,"['Participation matters', 'Caring', 'Inspirational']",people,people
Mandatory,average,poor,average,1,29331416,0,,average,3,PHIL07,"Space cadet, but pretend to pay attention and you'll get an A.",12/24/2017,1.0,1.0,,3,N/A,3.0,3.0,1,No,1514147816000,No,1040,Yes,,A+,"['Participation matters', 'Graded by few things']",people,person
N/A,good,average,good,2,28610541,0,,awesome,5,PHIL0001,"Class discussions can be very fun if you come prepared! Professor Amir is well-informed and a wonderful teacher. Initially, I had reservations due to the comments I read on this site. However, she was wonderful. Compared to some other professors I've had, Prof. Amir expects less elegance and more straightforwardness in the writing assignments.",08/13/2017,3.0,3.0,,5,N/A,5.0,5.0,1,No,1502654003000,Yes,1040,Yes,,A+,"['Participation matters', 'Gives good feedback', 'Tough grader']",people,people
N/A,good,poor,good,2,28452515,0,,awesome,5,PHIL001,"I absolutely loved this professor. She cares so much about her students and every single lecture is fun and exciting. You never know what to expect with Lydia, she always keeps you on your toes.   Some lectures she is hilarious and others she is truly inspiring. As long as you show her you are interested in her class, you will get an A for sure.",06/14/2017,1.0,1.0,,5,N/A,5.0,5.0,1,No,1497440754000,Yes,1040,Yes,,A+,"['Inspirational', 'Caring', 'Hilarious']",people,people
Not Mandatory,poor,poor,average,8,25881479,2,,poor,1,PHIL001,"Weirdest teacher I have ever met. Could not attend classes half the semester due to a family emergency. Her lectures were fine, the majority of the students were not really interested though. Gave everyone the same grade, I seriously doubt she read our papers... Obsessed about citations, wants students to use a weird hybrid APA/MLA format...",01/05/2016,1.0,1.0,,3,Low,2.0,2.0,1,Yes,1452013973000,N/A,1040,Yes,,A-,[],people,people
