attendance,clarityColor,easyColor,helpColor,helpCount,id,notHelpCount,onlineClass,quality,rClarity,rClass,rComments,rDate,rEasy,rEasyString,rErrorMsg,rHelpful,rInterest,rOverall,rOverallString,rStatus,rTextBookUse,rTimestamp,rWouldTakeAgain,sId,takenForCredit,teacher,teacherGrade,teacherRatingTags,unUsefulGrouping,usefulGrouping
N/A,good,average,good,1,28081900,0,,good,4,CHEM61,"Knows his stuff and super nice, if you go to him for extra help he's always happy to help, which is especially useful since sometimes lecture and homework don't always correlate.  Super smart dude, sometimes a little too smart for us students, but ended up feeling like I learned what I needed to learn.",04/19/2017,2.0,2.0,,4,N/A,4.0,4.0,1,No,1492629296000,Yes,1040,Yes,,N/A,[],people,person
N/A,poor,good,poor,1,26985830,0,,awful,1,CHEM61,Nice enough dude but he literally never explains anything and the homeworks are always painfully irrelevant to what we go over in lecture. Just awful.,09/21/2016,4.0,4.0,,1,N/A,1.0,1.0,1,No,1474466514000,No,1040,Yes,,N/A,[],people,person
N/A,good,average,good,5,25164971,0,,good,4,0061,"Terry is extremely passionate, and an incredibly smart professor.  Sometimes his lectures can get a little confusing because he assumes you can think as fast as him, but usually they are clear and helpful.",09/01/2015,3.0,3.0,,4,Really into it,4.0,4.0,1,Yes,1441120079000,N/A,1040,Yes,,N/A,"['Caring', 'Respected', 'Gives good feedback']",people,people
N/A,average,good,average,0,11306880,0,,poor,2,CHEM01,Tests seemed to rely on information not in the book or problem sets or lectures at all...,01/05/2006,4.0,4.0,,2,Low,2.0,2.0,1,N/A,1136460329000,N/A,1040,N/A,,N/A,[],people,people
N/A,average,average,average,3,11064687,0,,average,3,CHEM1,"Terry has good intentions, but Terry is a little confusing.  And he doesn't curve.  So if you rely on the poor scores of others to help your grade, this is definitely the wrong class for you.",12/06/2005,3.0,3.0,,3,Sorta interested,3.0,3.0,1,N/A,1133874450000,N/A,1040,N/A,,N/A,[],people,people
N/A,average,average,average,0,10669097,0,,average,2,CHEM1,"Good teacher; sometimes class is boring, but it's not that bad. He is knows his stuff, and seems to like it a lot. Test wasn't that hard...",10/31/2005,3.0,3.0,,4,It's my life,3.0,3.0,1,N/A,1130768538000,N/A,1040,N/A,,N/A,[],people,people
N/A,average,poor,average,0,1166301,1,,average,3,CHEM61,learned nothing.  got a B+ (dangit!),10/02/2003,1.0,1.0,,2,N/A,2.5,2.5,1,N/A,1065131016000,N/A,1040,N/A,,N/A,[],person,people
N/A,average,poor,average,0,549008,0,,average,2,CHEM61,"Learned nothing, got an A.",02/07/2003,1.0,1.0,,3,N/A,2.5,2.5,1,N/A,1044625493000,N/A,1040,N/A,,N/A,[],people,people
