attendance,clarityColor,easyColor,helpColor,helpCount,id,notHelpCount,onlineClass,quality,rClarity,rClass,rComments,rDate,rEasy,rEasyString,rErrorMsg,rHelpful,rInterest,rOverall,rOverallString,rStatus,rTextBookUse,rTimestamp,rWouldTakeAgain,sId,takenForCredit,teacher,teacherGrade,teacherRatingTags,unUsefulGrouping,usefulGrouping
Mandatory,good,average,good,0,24481583,0,,awesome,4,ED164,"Deborah is amazing. So inspirational, so deeply concerned with every student's well-being and engagement with the course. One of the only professors I've had who made an active effort to know more about me than my name and graduating year. Highly recommended!",03/20/2015,2.0,2.0,,5,Really into it,4.5,4.5,1,Yes,1426858464000,N/A,1040,Yes,,N/A,"['Gives good feedback', 'Respected', 'Inspirational']",people,people
N/A,good,average,good,0,23970980,0,,awesome,4,ED164,"Deborah is a living example of Education for Peace and Justice. She is understanding and deeply invested in each of her students, and in the class as a learning community. TAKE THIS CLASS. I looked forward to class every week. It was such a wonderful environment for learning. The class was experiential with site visits, guest speaker and more!",12/06/2014,2.0,2.0,,5,It's my life,4.5,4.5,1,No,1417892398000,Yes,1040,Yes,,N/A,"['Caring', 'Participation matters']",people,people
Mandatory,good,average,good,1,22697290,1,,awesome,5,ED1,Donahue-Keegan is amazing. She's super nice and really wants students to get all they can out of the course. There's a bit of reading and a short paper each week but it's easily manageable. Loved her as a professor and want to have her again.,01/04/2014,2.0,2.0,,5,Really into it,5.0,5.0,1,Yes,1388878159000,N/A,1040,N/A,,A,[],person,person
N/A,average,average,good,1,21294513,0,,good,3,ED001,"Very nice and caring, helpful, open to suggestions. A lot of reading though, and yes you should have some interest in education though. Sometimes class seems a bit slow but she's such a sweet person.",01/25/2013,2.0,2.0,,5,It's my life,4.0,4.0,1,Yes,1359075150000,N/A,1040,N/A,,N/A,[],people,person
N/A,average,average,good,1,21088708,0,,good,3,ED164,"Prof. Donahue-Keegan is a great person, and a wonderful teacher. She's genuinely interested in her students and this class is small so she takes time to get to know each one. The class is very interesting and I learned a lot, but you definitely need to care about education to make the most of it. Great class!",12/16/2012,2.0,2.0,,5,Really into it,4.0,4.0,1,No,1355665771000,N/A,1040,N/A,,N/A,[],people,person
