attendance,clarityColor,easyColor,helpColor,helpCount,id,notHelpCount,onlineClass,quality,rClarity,rClass,rComments,rDate,rEasy,rEasyString,rErrorMsg,rHelpful,rInterest,rOverall,rOverallString,rStatus,rTextBookUse,rTimestamp,rWouldTakeAgain,sId,takenForCredit,teacher,teacherGrade,teacherRatingTags,unUsefulGrouping,usefulGrouping
N/A,good,average,good,0,29220487,0,,good,4,HIST11,"Ekbladh is a very knowledgable professor. His lectures are a little disjointed, but the project assignments give you much free-reign and are very engaging. The bulk of the coursework is based on what you're personally interested in researching, and he provides extremely useful feedback. Although his lectures are boring, he's a great professor.",12/15/2017,3.0,3.0,,4,N/A,4.0,4.0,1,No,1513347446000,Yes,1040,Yes,,N/A,[],people,people
Mandatory,good,average,good,0,28313056,1,,awesome,5,HIST090,I had Prof. Ekblahd this Spring for the Great Crisis seminar. I can't say enough great things about him. He is an encyclopedia of knowledge beyond what you can imagine and truly cares about his students. Best professor I've had at Tufts. He is also easy to communicate with and goes above and beyond to help you understand history.,05/15/2017,3.0,3.0,,5,N/A,5.0,5.0,1,Yes,1494846350000,Yes,1040,Yes,,N/A,"['Participation matters', 'Gives good feedback', 'Get ready to read']",person,people
Mandatory,poor,good,poor,1,24734693,1,,poor,1,HIST11,Prof grades for participation but in a 60+ lecture class there are few opportunities to participate. Lectures are rambling and I often have no idea what the main point he's trying to make is supposed to be. I did ok on the writing assignment (a cumulative three-part project) but received absolutely no feedback on them aside from my grade. ,05/04/2015,4.0,4.0,,2,Low,1.5,1.5,1,No,1430755748000,N/A,1040,Yes,,N/A,[],person,person
Mandatory,poor,good,poor,3,24727140,0,,awful,1,11,"Awful. Lectures are not only scattered, boring, and lacking in content, but Ekbladh is extremely arrogant and rude. Actual content that is covered in a 75 minute class could be covered in 15 minutes. No room for discussion or alternative views. Grades harshly albeit amazingly broad (and vague) prompts. Would. Not. Recommend.",05/03/2015,4.0,4.0,,1,Low,1.0,1.0,1,Yes,1430674164000,N/A,1040,Yes,,N/A,"['Tough grader', 'Lecture heavy', 'So many papers']",people,people
Mandatory,average,good,poor,2,24557417,0,,poor,2,HIST28,"Unfortunately, Ekbladh is the only negative experience I have had with a professor while at Tufts. The content of his class is good, but his lectures are jumbled and he is incredibly arrogant. He did not seem interested in helping students and was patronizing. Paper assignments are confusing, terrible feedback. If you write well you'll do well. ",04/07/2015,4.0,4.0,,1,Sorta interested,1.5,1.5,1,Yes,1428431695000,N/A,1040,Yes,,A,"['Tough grader', 'So many papers', 'Lecture heavy']",people,people
Mandatory,poor,good,poor,2,24491250,0,,awful,1,HIST101,"Unfortunately, Professor Ekbladh's lectures were neither structured nor engaging; it was as if he had come unprepared. My peers and I would often leave class wondering what the point of his lecture was. I had high hopes for Ekbladh's Int Development class before the semester started but was let down by his laziness, arrogance, and disorganization.",03/23/2015,5.0,5.0,,1,Meh,1.0,1.0,1,No,1427136575000,N/A,1040,Yes,,B+,['Tough grader'],people,people
N/A,average,good,average,1,24268282,0,,average,2,HIST28,"Lectures are pretty good if snobbish, though often very glib about historical atrocities. Nice enough during office hours.  Essay comments were EXTREMELY rude and unhelpful. The workload was OK, but what he was looking for was extremely vague, and he'd dock you for not following impossible directions.",01/11/2015,4.0,4.0,,3,Really into it,2.5,2.5,1,No,1420997513000,N/A,1040,Yes,,N/A,"['Lecture heavy', 'So many papers']",people,person
Mandatory,poor,good,poor,2,24189820,0,,awful,1,HIST28,"His lectures are painfully boring. He grades you on participation, but the class is a lecture class and does not leave room for participation. His prompts are vague and he doesn't explain them or provide direction for them, and then grades them incredibly harshly and rudely. The final is unreasonable- 3 days for 3 essays. Would recommend avoiding. ",12/26/2014,5.0,5.0,,1,Meh,1.0,1.0,1,Yes,1419616630000,N/A,1040,Yes,,N/A,"['So many papers', 'Tough grader', 'Lots of homework']",people,people
N/A,poor,good,poor,2,24074777,0,,awful,1,HIST28,"""Not to sound like a tenured radical, but............."" Papers are long and not well explained. Arrogance that rivals none. Certainly would not recommend. ",12/14/2014,4.0,4.0,,1,Sorta interested,1.0,1.0,1,Yes,1418575419000,N/A,1040,Yes,,N/A,"['So many papers', 'Lots of homework']",people,people
N/A,poor,good,poor,1,24072216,0,,awful,1,HIST0028,"Incredibly pompous.  Frequently throws around the fact that he is a tenured professor.  Likes to think that his lectures are super interesting, but really they are vague, pretentious, and not enjoyable after the first few weeks. A 15+ page research paper, an 8 page mid-term paper, a take-home final that is 3 essays over 3 days, & more. ",12/14/2014,4.0,4.0,,1,Low,1.0,1.0,1,No,1418555797000,N/A,1040,Yes,,N/A,['So many papers'],people,person
N/A,average,good,average,1,23798629,0,,average,3,HIST28,"The class itself is interesting and Ekbladh offers a different view of American history. However, his papers are not properly explained. He touches on them briefly and then returns them saying students did not listen to the prompt. The comments also are offensive. There are better ways to say that students miss the point, no matter how vague it is.",11/12/2014,4.0,4.0,,2,Really into it,2.5,2.5,1,Yes,1415810760000,N/A,1040,Yes,,N/A,[],people,person
N/A,good,average,good,0,22475827,1,,good,4,HIST28,"Incredibly knowledgable professor. Has a great passion for the subject. The course is extremely writing heavy. 7+ page paper, and then a 15+ page paper and a take home final due within a week of one another. Completely manageable if you work responsibly.",12/09/2013,3.0,3.0,,4,Sorta interested,4.0,4.0,1,Yes,1386588410000,N/A,1040,N/A,,N/A,[],person,people
N/A,good,average,good,0,19709538,1,,awesome,5,HIST0028,"Not the best history professor I've had at Tufts, but most certainly not the worst. He really cares about his subject and knows how to get a class of kids to care about even the most boring moments of U.S. History. Two final assignments due within a week of each other (20 pg. paper & 10-15 pg. take-home) was a bit extreme, but whatever.",01/11/2012,2.0,2.0,,4,Really into it,4.5,4.5,1,Yes,1326279160000,N/A,1040,N/A,,N/A,[],person,people
N/A,good,good,good,0,19564070,0,,awesome,5,HIST28,Awesome guy and obviously really into his subject. The two papers during the semester and the final were the only assignments due during the course. The first was reasonable. The second was pretty long. Overall a great class and a great prof. Just a lot of work at times.,12/18/2011,4.0,4.0,,4,Really into it,4.5,4.5,1,Yes,1324245156000,N/A,1040,N/A,,N/A,[],people,people
N/A,good,average,good,1,18211919,1,,awesome,5,HIST27,Solid Bro.,02/05/2011,3.0,3.0,,5,It's my life,5.0,5.0,1,Yes,1296904915000,N/A,1040,N/A,,N/A,[],person,person
N/A,good,average,good,0,16698335,0,,awesome,5,HIST28,"Great, helpful professor.  Very enthusiastic about the class and history in general.",01/08/2010,3.0,3.0,,5,Really into it,5.0,5.0,1,Yes,1262978797000,N/A,1040,N/A,,N/A,[],people,people
N/A,good,average,good,0,16541073,0,,good,4,HIST0028,"Engaging lecturer, good sense of humor, you can tell he loves history, not afraid to express his political views. A lot of writing with essay final. Learned a lot.",12/13/2009,3.0,3.0,,4,Really into it,4.0,4.0,1,Yes,1260717242000,N/A,1040,N/A,,N/A,[],people,people
N/A,good,average,good,0,16337547,0,,awesome,5,HIST099,"Had him for US Foreign Policy since 1900, I'm not a history major but it was my favorite class at Tufts.  Very smart guy and his jokes are actually pretty funny.  Really interesting class, doesn't call for a lot of participation, he basically teaches the class like a story, highly highly recommended",11/09/2009,3.0,3.0,,4,Sorta interested,4.5,4.5,1,Yes,1257787246000,N/A,1040,N/A,,N/A,[],people,people
