attendance,clarityColor,easyColor,helpColor,helpCount,id,notHelpCount,onlineClass,quality,rClarity,rClass,rComments,rDate,rEasy,rEasyString,rErrorMsg,rHelpful,rInterest,rOverall,rOverallString,rStatus,rTextBookUse,rTimestamp,rWouldTakeAgain,sId,takenForCredit,teacher,teacherGrade,teacherRatingTags,unUsefulGrouping,usefulGrouping
N/A,good,average,good,0,18552208,0,,awesome,5,GENED,"I took her at UMASS AMHERST for a intro to writing class. She inspired me to be the teacher I am today, and the principal I am going to be. She was a great teacher.",05/08/2011,3.0,3.0,,5,Sorta interested,5.0,5.0,1,No,1304849057000,N/A,1040,N/A,,N/A,[],people,people
N/A,average,poor,good,0,13399561,0,,good,3,PHIL1,"The best class I have taken at Tufts so far! She is so interesting, her anecdotes brilliant, and the material engaging. Got off topic a lot, but some of the conversations had in class I still think about today. Very understanding when it comes to assignments and due dates. Her classes are not to be missed!",08/12/2007,1.0,1.0,,5,Really into it,4.0,4.0,1,No,1186882913000,N/A,1040,N/A,,N/A,[],people,people
N/A,average,average,average,0,12947585,0,,poor,2,PHIL001,"She's very boring, and monotonous. Hard to listen to. Doesn't provide very good guidance.",03/28/2007,3.0,3.0,,2,Really into it,2.0,2.0,1,No,1175087241000,N/A,1040,N/A,,N/A,[],people,people
N/A,poor,poor,poor,0,12756286,0,,awful,1,PHIL205,Has no idea how to teach and is unsure of herself in front of the class.  Do not take!!!,01/10/2007,1.0,1.0,,1,It's my life,1.0,1.0,1,Yes,1168452057000,N/A,1040,N/A,,N/A,[],people,people
