attendance,clarityColor,easyColor,helpColor,helpCount,id,notHelpCount,onlineClass,quality,rClarity,rClass,rComments,rDate,rEasy,rEasyString,rErrorMsg,rHelpful,rInterest,rOverall,rOverallString,rStatus,rTextBookUse,rTimestamp,rWouldTakeAgain,sId,takenForCredit,teacher,teacherGrade,teacherRatingTags,unUsefulGrouping,usefulGrouping
Not Mandatory,average,good,average,0,25576803,0,,good,3,CEE24,He has very high expectations but he will change how you think about engineering.,12/07/2015,5.0,5.0,,4,It's my life,3.5,3.5,1,No,1449509522000,Yes,1040,Yes,,A-,"['Respected', 'Inspirational']",people,people
N/A,good,good,good,0,25576788,0,,awesome,4,CEE120,"Hines is an inspiration. Possibly the most interesting and passionate professor in the Civil department at Tufts. He knows an incredible amount of information, especially about modern architecture and structural systems. Willing to take a ton of time and talk you thought problems, as long as you ask for help.",12/07/2015,4.0,4.0,,5,It's my life,4.5,4.5,1,Yes,1449509475000,Yes,1040,Yes,,N/A,"['Tough grader', 'Gives good feedback']",people,people
Mandatory,average,good,average,0,25576748,0,,good,3,CE24,"Super interesting, super challenging.",12/07/2015,4.0,4.0,,4,Really into it,3.5,3.5,1,No,1449509345000,N/A,1040,Yes,,N/A,"['Inspirational', ""Skip class? You won't pass."", 'Respected']",people,people
Mandatory,good,good,good,0,22869355,1,,awesome,5,ENCOURSES,The most important professor I had in my undergraduate career. I learned more in Professor Hines' classes than any other class and he is the most devoted and determined professor I have encountered. Consider yourself lucky to attend his classes and be prepared to work extremely hard.,02/26/2014,5.0,5.0,,5,Really into it,5.0,5.0,1,Yes,1393423702000,N/A,1040,N/A,,A,[],person,people
N/A,good,good,good,0,20643317,0,,awesome,4,CE24,Best professor I have ever had. Also the most demanding...,09/13/2012,4.0,4.0,,5,It's my life,4.5,4.5,1,No,1347580174000,N/A,1040,N/A,,N/A,[],people,people
N/A,good,average,good,0,17270826,0,,awesome,5,EN80,"Prof. Hines is excellent. The workload is more than other EN courses but the material taught is excellent and you learn a lot. The homework is excellent and the design project is fun! Prof. Hines is very concerned, he emailed me when I fell behind on the homework and was irregular. Make friends with the senior mentors- they prove to be invaluable!",05/26/2010,3.0,3.0,,5,Really into it,5.0,5.0,1,Yes,1274883158000,N/A,1040,N/A,,N/A,[],people,people
N/A,good,good,good,0,16759296,1,,awesome,5,EN80,"Great teacher, I think I really got a lot out of this course. It was only an EN elective, so it wasn't too much work. But the work certainly was challenging. He is extremely clear and helpful. If you are considering taking this for your EN elective and are interested in structural engineering, look no further. Even if you're not interested, try it.",01/26/2010,5.0,5.0,,5,Really into it,5.0,5.0,1,No,1264524578000,N/A,1040,N/A,,N/A,[],person,people
N/A,average,good,average,0,14623845,0,,average,3,CE24,"If you can past the the time-consuming workload, this class is actually really interesting. He only gives about 5 or 6 homework assignments, but make sure you start them early because they take awhile to finish.",06/30/2008,4.0,4.0,,3,Really into it,3.0,3.0,1,No,1214827951000,N/A,1040,N/A,,N/A,[],people,people
N/A,poor,good,average,0,12905631,0,,poor,1,CE24,No Comments,03/07/2007,5.0,5.0,,3,It's my life,2.0,2.0,1,No,1173269062000,N/A,1040,N/A,,N/A,[],people,people
N/A,average,good,good,0,2313637,0,,good,3,ES09,"Prof Hines is a really great professor who cares a lot about his students. The class is really interesting and uses real world examples. The homework he assigns is difficult and time consuming, but if you put the time in, you will learn a lot.",07/13/2004,4.0,4.0,,5,N/A,4.0,4.0,1,N/A,1089746462000,N/A,1040,N/A,,N/A,[],people,people
