attendance,clarityColor,easyColor,helpColor,helpCount,id,notHelpCount,onlineClass,quality,rClarity,rClass,rComments,rDate,rEasy,rEasyString,rErrorMsg,rHelpful,rInterest,rOverall,rOverallString,rStatus,rTextBookUse,rTimestamp,rWouldTakeAgain,sId,takenForCredit,teacher,teacherGrade,teacherRatingTags,unUsefulGrouping,usefulGrouping
N/A,average,poor,good,0,22007014,0,,good,3,HEB1,Hava is a really nice woman who will give you as much extra help as you need. Not hard to do well but not class is mandatory and meets often. If you try you will do well.,07/29/2013,1.0,1.0,,5,Sorta interested,4.0,4.0,1,Yes,1375121987000,N/A,1040,N/A,,N/A,[],people,people
N/A,average,average,good,0,15324850,0,,good,3,HEB0001,"Hava is AWESOME.  She's really a great Hebrew teacher... especially for beginners.  At the end of the semester I was amazed by how much I had learned, and it's all thanks to Hava.  She always insists on helping you (even if you don't want help) and acts very maternal while you're in her class, which is good and sometimes hilarious.",01/06/2009,2.0,2.0,,5,Really into it,4.0,4.0,1,Yes,1231238851000,N/A,1040,N/A,,N/A,[],people,people
N/A,good,poor,good,0,15008532,0,,awesome,4,HEB001,"without a doubt the nicest and most caring professor at tufts. the class isn't hard, and she is very concerned with everyone's progress. if you do the homework (only takes about half an hour a night) it isn't hard to get an A.",11/17/2008,1.0,1.0,,5,Really into it,4.5,4.5,1,Yes,1226928695000,N/A,1040,N/A,,N/A,[],people,people
N/A,good,average,good,0,11569114,0,,awesome,5,HEB01,I LOVE HAVA take Heb 1 even if you don't want to learn it just to have her as a teacher! She is so sweet and only cares about her students. I wish that I could have her every semester!,03/13/2006,2.0,2.0,,5,It's my life,5.0,5.0,1,N/A,1142286825000,N/A,1040,N/A,,N/A,[],people,people
N/A,good,poor,good,0,10744444,2,,awesome,5,HEBREW1,"She is the nicest woman on campus. Also, HOTT as HELL!!! You'll find it hard to concentrate on the Hebrew because she is SO FREAKING GORGEOUS. Get ready to be amazed by her hotness. Seriously.",10/05/2005,1.0,1.0,,5,It's my life,5.0,5.0,1,N/A,1128544755000,N/A,1040,N/A,,N/A,[],people,people
N/A,good,average,good,0,3300017,0,,awesome,5,HEB1,"Great class.  She moves at a slow pace and the workload is very light (maybe the norm for an intro language class&#63;).  Yet the overall reason to take this class is Hava.  Not only is she very clear, she cares so sincerely about your individual progress and makes a real effort to know you.",01/30/2005,2.0,2.0,,5,It's my life,5.0,5.0,1,N/A,1107114977000,N/A,1040,N/A,,N/A,[],people,people
N/A,good,average,good,0,3090670,0,,awesome,5,HEBREW1,"Hava is the nicest, most caring, most qualified and sweetest language professor at Tufts (and known outside as well). She is very concerned with her students' progress and teaches very well. She is pretty and cute, a little motherly (in the good way), and very fun to take.",12/21/2004,2.0,2.0,,5,It's my life,5.0,5.0,1,N/A,1103645942000,N/A,1040,N/A,,N/A,[],people,people
N/A,good,average,good,0,2859813,0,,awesome,4,HEB1,"This is a pretty good class.  The work and tests were easy and the teacher is very helpful and just wants everyone to do well.  She's also supposedly much better than the other Hebrew 1 teacher. If you are taking this class, take it with this professor.",11/30/2004,2.0,2.0,,5,It's my life,4.5,4.5,1,N/A,1101810816000,N/A,1040,N/A,,N/A,[],people,people
N/A,good,average,good,0,1339131,0,,awesome,4,HEBREW,"She is sooo easy, and class is like a middle school class. She is also really clear, and sooo sweet. You actually learn Hebrew in a cozy, relaxed environment.",11/17/2003,2.0,2.0,,5,N/A,4.5,4.5,1,N/A,1069079196000,N/A,1040,N/A,,N/A,[],people,people
