attendance,clarityColor,easyColor,helpColor,helpCount,id,notHelpCount,onlineClass,quality,rClarity,rClass,rComments,rDate,rEasy,rEasyString,rErrorMsg,rHelpful,rInterest,rOverall,rOverallString,rStatus,rTextBookUse,rTimestamp,rWouldTakeAgain,sId,takenForCredit,teacher,teacherGrade,teacherRatingTags,unUsefulGrouping,usefulGrouping
Not Mandatory,average,average,average,0,29360407,1,,average,3,PHIL091,"Not a bad guy by any means, and he brought his dog and food sometimes which was nice. Lots of reading and it would have been nice to talk more.",12/30/2017,3.0,3.0,,3,N/A,3.0,3.0,1,Yes,1514637888000,No,1040,Yes,,N/A,"['Participation matters', 'Graded by few things', 'Lots of homework']",person,people
Not Mandatory,good,good,good,2,28524110,0,,good,4,PHIL03,"Prof. Epstein gives great lectures. He is masterfully articulate to where he can explain difficult concepts with relative ease. However, he is disorganized, and he doesn't communicate his expectations for the class effectively. There are weekly essays. Also, later on in the course, the material becomes so dense that it's hard to remain interested.",07/11/2017,4.0,4.0,,4,N/A,4.0,4.0,1,Yes,1499800344000,Yes,1040,Yes,,A,"['Lecture heavy', 'So many papers', 'Amazing lectures']",people,people
Not Mandatory,good,average,good,2,27667053,1,,awesome,5,PHIL03,"If you are interested in the material being taught, Epstein is concise, clearly brilliant, and fascinating. If the subject matter is less interesting personally, he does not do an amazing job bringing it to life. Still, I wold absolutely take a course with him again, and hope to do so while still at Tufts.",01/03/2017,2.0,2.0,,5,N/A,5.0,5.0,1,Yes,1483485970000,Yes,1040,Yes,,A,"['Amazing lectures', 'Hilarious', 'So many papers']",person,people
Mandatory,poor,good,poor,7,27066097,2,,awful,1,PHIL03,"expected a lot from this class. he is very close-minded and dismissive, and refuses to engage in any debate. Also absolutely no standard when it comes to grading system. So annoying that CBS majors have to take this idiotic class.",10/22/2016,4.0,4.0,,1,N/A,1.0,1.0,1,Yes,1477156703000,No,1040,Yes,,INC,[],people,people
Mandatory,good,poor,good,1,23780146,5,,awesome,5,PHIL03,"What a great prof! Even though it was at the time of day when I had just eaten lunch and normally fall asleep, he's super engaging and funny, and I stated awake pretty much for the most part. He's super clear and the class is really interesting. I recommend it!",11/10/2014,1.0,1.0,,5,Really into it,5.0,5.0,1,Yes,1415635430000,N/A,1040,Yes,,N/A,"['Get ready to read', 'Hilarious', 'Amazing lectures']",people,person
Not Mandatory,good,average,good,2,23097011,4,online,awesome,4,PHIL03,"Epstein is the best! Language & Mind was a great class. He moves pretty fast in lecture so don't count on taking a bunch of notes, but he's very clear. Also super responsive to emails! The weekly essays definitely require thought/time but they're graded pretty easily.",04/24/2014,2.0,2.0,,5,Really into it,4.5,4.5,1,Yes,1398379300000,N/A,1040,Yes,,A+,[],people,people
N/A,good,average,good,2,21472912,1,,awesome,5,PHIL103,"He's one of the best teachers I have ever had. Not only is he very clear, he also has a great sense of humor and is very friendly. I never felt intimidated to speak in class. He was genuinely concerned about your understanding of the material and he made the whole class enthusiastic to learn. I would take another class with him in a heartbeat.",04/01/2013,2.0,2.0,,5,Really into it,5.0,5.0,1,Yes,1364854814000,N/A,1040,N/A,,N/A,[],person,people
