attendance,clarityColor,easyColor,helpColor,helpCount,id,notHelpCount,onlineClass,quality,rClarity,rClass,rComments,rDate,rEasy,rEasyString,rErrorMsg,rHelpful,rInterest,rOverall,rOverallString,rStatus,rTextBookUse,rTimestamp,rWouldTakeAgain,sId,takenForCredit,teacher,teacherGrade,teacherRatingTags,unUsefulGrouping,usefulGrouping
Not Mandatory,good,average,good,0,27093150,0,,awesome,5,MATH70,"Absolutely love her! So grateful to have taken her class during my first semester in college. Very caring and accessible outside of classroom. Clear on the material, pretty organized lectures.  This class could have been much harder without her.",10/28/2016,3.0,3.0,,5,N/A,5.0,5.0,1,Yes,1477662453000,Yes,1040,Yes,,Not sure yet,"['Respected', 'Caring', 'Accessible outside class']",people,people
N/A,good,average,good,0,24167497,0,,awesome,5,MATH70,"This is a professor who really cares about her students, far more than most Tufts professors I've taken classes with. She is very clear in her lectures and always available to help in office hours. You can tell how much she loves teaching and it really made lectures that much more enjoyable. ",12/22/2014,3.0,3.0,,5,Really into it,5.0,5.0,1,Yes,1419250719000,N/A,1040,Yes,,N/A,"['Gives good feedback', 'Respected', 'Caring']",people,people
N/A,good,good,good,0,21577405,0,,awesome,4,MATH15002,"Difficult class with difficult assignments but doable. Go to office hours for help, she's more than willing to help anyone.",04/22/2013,4.0,4.0,,5,Sorta interested,4.5,4.5,1,No,1366628605000,N/A,1040,N/A,,N/A,[],people,people
N/A,good,average,good,1,17979998,0,,awesome,5,MATH46,"Really good lecturer - very clear and organized. Very sweet, cares a lot about the material and uses good examples of linear algebra applications. Very good class.",12/17/2010,2.0,2.0,,5,Really into it,5.0,5.0,1,Yes,1292600076000,N/A,1040,N/A,,N/A,[],people,person
N/A,good,good,good,0,13896466,0,,awesome,4,COMP128,"I will quote professor kilmer who said on the first day, &quot;when I took linear algebra I didn't like it very much, but when I took numerical linear algebra everything changed&quot; or something like that",12/22/2007,4.0,4.0,,5,Really into it,4.5,4.5,1,Yes,1198321203000,N/A,1040,N/A,,N/A,[],people,people
N/A,good,average,good,0,12636323,0,,awesome,5,MATH12,Very Clear lecturer,12/18/2006,3.0,3.0,,5,It's my life,5.0,5.0,1,Yes,1166455408000,N/A,1040,N/A,,N/A,[],people,people
N/A,good,average,good,0,11320182,0,,awesome,5,MATH12,"Prof. Kilmer is an awesome professor to have for Math 12. I heard my friends complain about the other professors, but she is extremely clear and helpful in explaining the difficult parts of the class and homework problems.",01/07/2006,3.0,3.0,,5,Sorta interested,5.0,5.0,1,N/A,1136655278000,N/A,1040,N/A,,N/A,[],people,people
N/A,good,average,good,0,11187566,0,,good,4,MATH12,Very very nice!!!!!! Good lecturer too!,12/16/2005,2.0,2.0,,4,Sorta interested,4.0,4.0,1,N/A,1134747597000,N/A,1040,N/A,,N/A,[],people,people
N/A,average,average,good,0,2337605,0,,good,3,MTH12,Very nice and caring professor. Always willing to help.,07/23/2004,3.0,3.0,,5,N/A,4.0,4.0,1,N/A,1090593783000,N/A,1040,N/A,,N/A,[],people,people
N/A,average,poor,good,0,869301,0,,good,3,MATH11,No Comments,04/22/2003,1.0,1.0,,5,N/A,4.0,4.0,1,N/A,1051044451000,N/A,1040,N/A,,N/A,[],people,people
N/A,good,poor,good,0,865904,2,,awesome,5,MATH46,Hot!,04/22/2003,1.0,1.0,,4,N/A,4.5,4.5,1,N/A,1051016228000,N/A,1040,N/A,,N/A,[],people,people
