attendance,clarityColor,easyColor,helpColor,helpCount,id,notHelpCount,onlineClass,quality,rClarity,rClass,rComments,rDate,rEasy,rEasyString,rErrorMsg,rHelpful,rInterest,rOverall,rOverallString,rStatus,rTextBookUse,rTimestamp,rWouldTakeAgain,sId,takenForCredit,teacher,teacherGrade,teacherRatingTags,unUsefulGrouping,usefulGrouping
Mandatory,average,average,average,0,29979375,0,,average,3,FR22,"Gillette is a really good professor and an interesting person, but her classes are extremely vocab heavy and she often doesn't clearly outline what she expects of you. Grade-wise, it is fine, but just a lot of busy work and a never ending supply of new words to learn and small tasks to do.",05/03/2018,3.0,3.0,,3,N/A,3.0,3.0,1,Yes,1525377157000,No,1040,Yes,,N/A,[],people,people
Mandatory,good,average,good,0,29277736,0,,awesome,5,FR21,"If you speak up during class and participate, you'll get a good grade. Overall she's a great professor, and she does a good job explaining the grammar concepts.",12/19/2017,3.0,3.0,,5,N/A,5.0,5.0,1,Yes,1513697922000,Yes,1040,Yes,,N/A,"['Accessible outside class', 'Participation matters', 'Gives good feedback']",people,people
Mandatory,good,average,good,0,28855466,0,,awesome,5,FR21,"Easy grader, easy A. Great person. but grammar is kind of boring.",11/08/2017,2.0,2.0,,5,N/A,5.0,5.0,1,Yes,1510100467000,No,1040,Yes,,A,[],people,people
N/A,good,average,good,0,27981166,0,,good,4,FR21,"Mme Gillette is a great French teacher. She treats her students like adults, but still wants to help them succeed. She's a fair grader and paying attention in class gives you everything you need to know to succeed. Definitely recommend her!",04/02/2017,3.0,3.0,,4,N/A,4.0,4.0,1,Yes,1491141271000,Yes,1040,Yes,,N/A,"['Participation matters', 'Gives good feedback', 'Caring']",people,people
N/A,good,average,good,0,21492897,0,,awesome,5,FR22,"She is a phenomenal teacher and encourages her students to discuss everything from grammar, to the books read in class, to the movies watched or just French life and culture (like how to deal with forward French men). She's amazing and definitely my favourite professor at Tufts so far!",04/05/2013,2.0,2.0,,5,Really into it,5.0,5.0,1,Yes,1365188489000,N/A,1040,N/A,,N/A,[],people,people
N/A,good,average,good,0,21464055,0,,awesome,5,FRENCH4,"Marie Gillette is pretty much the nicest lady ever. She really cares about how well her students do, and she is always available for help. She is a strict but fair grader, and if you study, you should easily get a good grade. Plus, she has an awesome Parisian accent!  :)",03/29/2013,3.0,3.0,,5,Really into it,5.0,5.0,1,Yes,1364586093000,N/A,1040,N/A,,N/A,[],people,people
N/A,good,poor,good,0,21198824,0,,awesome,5,FR4,"Gillette's a very clear and helpful teacher. She speaks very clearly. The class is pretty easy, except that I find it hard to participate enough.",01/02/2013,1.0,1.0,,5,It's my life,5.0,5.0,1,Yes,1357158468000,N/A,1040,N/A,,N/A,[],people,people
N/A,good,average,good,0,20832058,0,,awesome,4,FR22,"Mme Gillette is everything a french teacher should be. She is always in a good mood, makes weird facial expressions, and encourages the class to speak in class. She is very forgiving about work, and is a pretty fair grader. The only things I could ever complain about are that she is usually a few minutes late, and doesn't emphasize vocab enough.",11/14/2012,3.0,3.0,,5,Really into it,4.5,4.5,1,Yes,1352889503000,N/A,1040,N/A,,N/A,[],people,people
N/A,good,average,good,0,20186373,0,,awesome,5,FR3,"Gillette is such a nice teacher and explains things well.  She loves participation, so make sure to speak up.  It was a good pace for me, but for more ambitious french learners, her class may not be challenging enough.",05/03/2012,2.0,2.0,,4,It's my life,4.5,4.5,1,Yes,1336049682000,N/A,1040,N/A,,N/A,[],people,people
N/A,good,average,good,0,19231034,0,,awesome,5,FRENCFR04,"Mme Gillette est une merveilleuse professeure. She's very enthusiastic, warm, and motivated-- I really got the sense that she cares about her teaching and you as a student. She's French, so has a great accent, but she is still really clear about explaining grammar to language-learners. I would definitely recommend taking her class!",11/14/2011,2.0,2.0,,5,Really into it,5.0,5.0,1,Yes,1321271664000,N/A,1040,N/A,,N/A,[],people,people
N/A,good,average,good,0,17980016,0,,awesome,5,FR21,"She is a wonderful teacher, also enthusiastic. A good deal of work but that's expected. Definitely take her class!",12/17/2010,2.0,2.0,,5,Really into it,5.0,5.0,1,Yes,1292600193000,N/A,1040,N/A,,N/A,[],people,people
N/A,good,average,good,0,14970874,0,,awesome,4,FR0004,"Mme Gillette is by far the best French professor I've had at Tufts. I think one of the best aspects of hte class was that she is FRENCH so it was great to learn how they really speak in Paris. She uses the book a lot, so be sure to do your homework...but a lot of the time she lets students ask whatever questions they want if they don't understand..",11/11/2008,3.0,3.0,,5,It's my life,4.5,4.5,1,Yes,1226381316000,N/A,1040,N/A,,N/A,[],people,people
N/A,good,good,good,0,13046274,0,,awesome,5,FR2,"It's amazing to learn French from an actual French person.  She uses the book a lot, but she explains everything clearly, and is extremely fair.",04/22/2007,4.0,4.0,,5,Really into it,5.0,5.0,1,Yes,1177273509000,N/A,1040,N/A,,N/A,[],people,people
N/A,good,good,good,0,3319972,0,,awesome,5,FRENCH3,"Great professor, helpful, warm and very friendly. easy to talk to, always willing to see you or help out, i really enjoyed french class. tests are quite hard though, you need to know everything, and you need to be prepared for classes by reading over the material and knowing it very well.",02/03/2005,4.0,4.0,,5,It's my life,5.0,5.0,1,N/A,1107459610000,N/A,1040,N/A,,N/A,[],people,people
N/A,good,average,good,0,2044740,0,,awesome,5,FRENCH1,Enthusiastic and clear. made sure the students understood the material. made the class fun. would definitely take her class again,04/27/2004,3.0,3.0,,5,N/A,5.0,5.0,1,N/A,1083097503000,N/A,1040,N/A,,N/A,[],people,people
N/A,average,average,good,0,1973775,0,,good,3,FRENCH1,"I agree that she is extremely nice and cares about the students, but I found that the course clarity isn't so good.  I find that she grades a little too harsh on orals for elementary french I.",04/16/2004,3.0,3.0,,5,N/A,4.0,4.0,1,N/A,1082119205000,N/A,1040,N/A,,N/A,[],people,people
N/A,good,average,good,0,1953877,0,,awesome,5,FR12,"She's a very gifted teacher and super knowledgable of language. Orals do count a lot, but she actually wants you to speak French rather than just write it.",04/14/2004,2.0,2.0,,5,N/A,5.0,5.0,1,N/A,1081902090000,N/A,1040,N/A,,N/A,[],people,people
N/A,good,average,good,0,1091870,0,,awesome,5,FR2,"awesome, so helpful and so nice",08/17/2003,2.0,2.0,,5,N/A,5.0,5.0,1,N/A,1061154716000,N/A,1040,N/A,,N/A,[],people,people
N/A,good,average,good,0,892496,0,,awesome,4,FRENCH2,"so helpful.  native of France, so knows language very well and can help you w/ everything you don't understand.  very nice and caring as well",04/27/2003,3.0,3.0,,5,N/A,4.5,4.5,1,N/A,1051459433000,N/A,1040,N/A,,N/A,[],people,people
N/A,good,average,good,0,868242,0,,awesome,5,FRENCH1,"Fantastic teacher -- clear, energetic, and always willing to review and explain, as well as drop in tidbits of French culture.",04/22/2003,3.0,3.0,,5,N/A,5.0,5.0,1,N/A,1051035067000,N/A,1040,N/A,,N/A,[],people,people
N/A,average,poor,average,0,866373,0,,average,3,FRENCH2,"soo nice. Not the clearest in the world, but you can get by with a decent grade.  Just know that orals count a lot.",04/22/2003,1.0,1.0,,3,N/A,3.0,3.0,1,N/A,1051019939000,N/A,1040,N/A,,N/A,[],people,people
