attendance,clarityColor,easyColor,helpColor,helpCount,id,notHelpCount,onlineClass,quality,rClarity,rClass,rComments,rDate,rEasy,rEasyString,rErrorMsg,rHelpful,rInterest,rOverall,rOverallString,rStatus,rTextBookUse,rTimestamp,rWouldTakeAgain,sId,takenForCredit,teacher,teacherGrade,teacherRatingTags,unUsefulGrouping,usefulGrouping
N/A,good,good,good,0,32222239,0,,good,4,BIO108,"Took this class as a non-bio major. While I enjoyed the material, the questions on the exams can be really random. This course is definitely not an easy A, but you can come away with a solid B if you put in the effort. Ellmore is hilarious and it is an experience to be in a class with him.",09/11/2019,4.0,4.0,,4,N/A,4.0,4.0,1,No,1568162126000,Yes,1040,Yes,,N/A,"['Lecture heavy', ""Skip class? You won't pass."", 'Hilarious']",people,people
Not Mandatory,good,average,good,0,32031369,0,,awesome,5,ENV0105,"George Ellmore is hilarious and an incredible professor. He puts up a facade of being nonchalant and chill, but, in reality, he cares so much about his students' wellbeing. Flowers of the Alps is easy; lots of memorization, but, if you put in just a bit of time, you will have a super fun experience and will get a good grade.",06/16/2019,2.0,2.0,,5,N/A,5.0,5.0,1,No,1560681462000,Yes,1040,Yes,,N/A,"['Caring', 'Hilarious', 'Graded by few things']",people,people
Mandatory,poor,good,poor,0,31908090,0,,awful,1,BIO0010,"If you're taking this class for a science requirement, find a different class- do not take this under any circumstances.",05/18/2019,5.0,5.0,,1,N/A,1.0,1.0,1,No,1558201359000,No,1040,Yes,,N/A,"[""Skip class? You won't pass."", 'Tough grader']",people,people
N/A,average,good,average,3,30423718,1,,poor,2,BIO10,You know how you think teachers are out to get you? I truly believe this guy did not want a single student to pass. Rambles on in lectures and puts the most surprising details on tests. You will never know what kind of questions he will put on the test. Never take a class with this guy.,08/11/2018,4.0,4.0,,2,N/A,2.0,2.0,1,No,1533973119000,No,1040,Yes,,WD,"[""Skip class? You won't pass."", 'Tough grader', 'Lecture heavy']",person,people
Not Mandatory,good,poor,good,1,29013516,0,,awesome,5,BIO14,What a guy I love him. Have tea with him in office hours.,12/01/2017,1.0,1.0,,5,N/A,5.0,5.0,1,No,1512139882000,Yes,1040,Yes,,A,[],people,person
Not Mandatory,average,average,average,2,28382017,0,,average,3,BIO14,He's wild. It's fun for a couple of classes but I'd imagine it would get tiring if you had to listen to him for an entire semester. Makes plants as fun as they can be. Test questions on the final were stupidly hard in comparison to his exam during the semester.,05/25/2017,3.0,3.0,,3,N/A,3.0,3.0,1,No,1495723277000,No,1040,Yes,,A-,"['Lecture heavy', 'Hilarious']",people,people
Not Mandatory,good,average,good,1,28230972,0,,good,4,BIO14,"He's a character and incredibly passionate about plants. Lectures are really interesting, but the material can be a bit confusing.",05/06/2017,3.0,3.0,,4,N/A,4.0,4.0,1,No,1494069040000,Yes,1040,Yes,,N/A,"['Amazing lectures', 'Hilarious', 'Respected']",people,person
Mandatory,good,good,good,1,27203652,1,,awesome,5,BIO118,"Ellmore made me love plants, best lecturer I've had.  Teaches through example studies that are really interesting and all have a point even though they sound like stories. Write down every word he says and know your notes (especially graphs) inside out for exams. Psychedelic teas are great if you go to office hours.",11/16/2016,4.0,4.0,,5,N/A,5.0,5.0,1,No,1479317305000,Yes,1040,Yes,,B,"['Test heavy', ""Skip class? You won't pass."", 'Amazing lectures']",person,person
Mandatory,average,good,average,6,26884436,1,,average,3,BIO0010,"Very good lectures. Brilliant guy. Exams are difficult and not always 100% relevant to lecture material, which makes studying returns uneven. Also just horrible to interact with. Not respectful or at all grateful to have an inquisitive student come with questions.",08/11/2016,4.0,4.0,,3,N/A,3.0,3.0,1,No,1470914870000,Yes,1040,Yes,,N/A,"['Tough grader', 'Amazing lectures', 'Test heavy']",person,people
Not Mandatory,good,average,good,0,26861237,0,,awesome,5,BIO0010,"SO QUIRKY. Definite yes if you need the science credit. It sucked that there were only 3 tests and a final, no homework AKA each weighed so much more. But his lectures were so interestingly taught and it was fun looking back on my notes; everything was basically a diagram. I wish bio had been taught like that in grade school; it made so more sense.",08/03/2016,3.0,3.0,,5,N/A,5.0,5.0,1,No,1470263537000,Yes,1040,Yes,,B,"['Hilarious', 'Graded by few things', 'Amazing lectures']",people,people
N/A,good,good,average,1,26644476,0,,good,4,BIO0010,"Professor Ellmore cares more about his subject than any other professor I've yet had at Tufts. His lectures are equal parts informative and joking. He is VERY funny. The three tests throughout the semester were extremely difficult, though. Studying is important, but you really need to have some prior botany knowledge if you want to get an A.",05/24/2016,4.0,4.0,,3,N/A,3.5,3.5,1,No,1464100958000,N/A,1040,Yes,,N/A,"[""Skip class? You won't pass."", 'Hilarious']",people,person
N/A,good,average,good,0,26622234,0,,awesome,5,BIO14,His love and enthusiasm for plants is infectious. Test questions can be kind of strange/ tricky.,05/20/2016,3.0,3.0,,4,N/A,4.5,4.5,1,No,1463710900000,N/A,1040,Yes,,B,['Inspirational'],people,people
Not Mandatory,good,average,good,0,26498745,0,,awesome,5,BIO14,"Ellmore is the kind of professor who inspires and infects students with his passion. Really funny guy, would take another class with him in a heart beat. Favorite prof at tufts so far!1",05/07/2016,3.0,3.0,,5,N/A,5.0,5.0,1,No,1462632326000,N/A,1040,Yes,,A+,"['Inspirational', 'Amazing lectures', 'Hilarious']",people,people
N/A,average,average,average,0,26399340,0,,average,3,BIO14,He is so passionate about plants!! But his lectures were very straightforward. His enthusiasm is definitely worth taking the class for though,04/27/2016,3.0,3.0,,3,N/A,3.0,3.0,1,No,1461794932000,N/A,1040,Yes,,N/A,[],people,people
Mandatory,average,good,average,0,25782266,0,,average,3,BIO0001,"This was a really dumb class (entirely taught by students, don't take it) but Ellmore is amazing. I wish that he taught something other than Bio so that I could take more with him. He's hilarious, engaging, and really cares about his students' learning.",12/20/2015,4.0,4.0,,3,Meh,3.0,3.0,1,No,1450630652000,N/A,1040,Yes,,N/A,"['Hilarious', 'Participation matters', 'Amazing lectures']",people,people
Mandatory,good,average,average,0,24533082,0,,good,4,BIO108,"Plant development was one of the best classes I've taken at Tufts, purely because of how great Ellmore is. It's not extremely hard, but also not an easy A. His lectures are interesting, clear, and he's hilarious. His passion for the subject is contagious. Definitely recommend!",04/01/2015,3.0,3.0,,3,It's my life,3.5,3.5,1,No,1427913622000,N/A,1040,Yes,,A-,"['Hilarious', 'Amazing lectures', ""Skip class? You won't pass.""]",people,people
Mandatory,good,average,good,1,24456044,1,,awesome,5,BIO14,"Elmer is a very interesting funny professor. He honestly made me fall in love with my plants and I really enjoyed the material more than I thought I ever would. However, one caveat is that his exam questions can be very random, obscure and vague so be sure to know the material inside and out!",03/12/2015,3.0,3.0,,5,It's my life,5.0,5.0,1,Yes,1426175304000,N/A,1040,Yes,,Not sure yet,"['Participation matters', 'Hilarious', ""Skip class? You won't pass.""]",person,person
Mandatory,average,good,average,0,23968252,0,,average,3,BIO0010,"Professor Ellmore is a really entertaining lecturer. I feel like I learned a lot. BUT the tests are absolute bull. You can study as hard as you want and still not be prepared for the weird curve ball questions. If you want to learn about plants, this class is a great fit. If you want an easy A science credit, drop it ASAP. ",12/06/2014,4.0,4.0,,3,Sorta interested,3.0,3.0,1,No,1417869407000,N/A,1040,Yes,,B-,"['Tough grader', ""Skip class? You won't pass.""]",people,people
N/A,average,average,good,1,23334754,1,,good,3,BIO14,"Ellmore is an interesting guy. He's very enthusiastic about teaching and is pretty funny on top of that. However, he doesn't really stick to his powerpoints, goes off on tangents and rarely ever finishes lectures so make sure you go to class.",06/01/2014,2.0,2.0,,5,Low,4.0,4.0,1,Yes,1401628527000,N/A,1040,N/A,,N/A,[],person,person
N/A,good,good,good,0,22971503,0,,awesome,4,BIO14,"Professor Ellmore is a great guy, and a great professor! He will make you love plants. Not only is he a very clear lecturer, but he is incredibly funny without meaning to be. Great guy. Take his classes!",03/31/2014,4.0,4.0,,5,Sorta interested,4.5,4.5,1,Yes,1396299633000,N/A,1040,N/A,,N/A,[],people,people
N/A,good,poor,good,0,21803597,0,,awesome,4,BIO14,"Ellmore is hilarious. He'll go on long tangents but he always comes back around to the material. His tests are super easy - just study the main ideas and you'll do fine. However, if you go to office hours, beware: he might go on a 2-hour tangent about the magical teas he has in his office.",05/21/2013,1.0,1.0,,5,Sorta interested,4.5,4.5,1,No,1369143708000,N/A,1040,N/A,,N/A,[],people,people
N/A,good,average,good,1,19429465,0,,good,5,BIO108,"Ellmore is the man! Hilarious. He makes plants awesome. I loved this class and I want to take every class he teaches. No textbook - just go to class and take notes. The exams are straightforward if you go to every class. As a person, he loves to do his own thing and not be bothered but he'll gladly talk to you if you want to talk about plants.",12/08/2011,2.0,2.0,,3,It's my life,4.0,4.0,1,No,1323366701000,N/A,1040,N/A,,N/A,[],people,person
N/A,good,good,good,0,18971972,0,,good,4,BIO10,"Ellmore is such a great lecturer. There is no textbook use in this class. Come to class, take notes, and then there are three exams. The exams are extremely complicated and difficult, but it's worth it. Ellmore is hilarious and fascinating. I don't like science and this was a great way to fulfill the requirement. You'll start your day laughing.",09/01/2011,4.0,4.0,,4,Sorta interested,4.0,4.0,1,No,1314882558000,N/A,1040,N/A,,N/A,[],people,people
N/A,good,poor,good,0,18275963,0,,awesome,4,BIO14,"FREAKING HILARIOUS! This guy makes biology lectures enjoyable to listen to. He doesn't load his lectures up with detail but rather makes sure you understand the core concepts very well. He also has very easy exam and masteringbio questions. HIGHLY recommended, although unfortunately you can't take him in Bio14 without Prof. Chew.",03/14/2011,1.0,1.0,,5,Really into it,4.5,4.5,1,Yes,1300131899000,N/A,1040,N/A,,N/A,[],people,people
N/A,good,good,average,0,17218714,0,,good,4,BIO10,"this is a very interesting class and i definitely learned more it in than others, but don't take it if you're hoping for an easy natural science credit. there is no textbook or out of class work so you must go to/pay attention to every class. the tests are pretty hard and they are graded even harder.",05/17/2010,4.0,4.0,,3,Low,3.5,3.5,1,No,1274107869000,N/A,1040,N/A,,N/A,[],people,people
N/A,good,average,good,0,17118540,1,,good,5,BIO10,"Extremely entertaining and recaps things to help review them. If you don't go to lecture, you're screwed because there is no outside work besides studying for exams. Class is based on 3 exams. He can be kind of cold when you approach him for help. I learned a lot of interesting facts and this class helped me decide to be a bio/env double major.",05/04/2010,2.0,2.0,,3,It's my life,4.0,4.0,3,No,1272986138000,N/A,1040,N/A,,N/A,[],person,people
N/A,average,average,average,0,16972141,0,,poor,2,NANA,"I have not taken a class with Ellmore and I don't plan too. He is my env sci major advisor. As an advisor he has been very unapproachable and unhelpful. You absolutely have do drag information out of him. He is a pleasant guy, but he makes no effort to relate to me.",04/09/2010,3.0,3.0,,2,Really into it,2.0,2.0,1,No,1270824405000,N/A,1040,N/A,,N/A,[],people,people
N/A,good,poor,good,0,16924132,0,,good,5,BIO14,"This is just regarding Ellmore's teaching in Bio14, but he was a GREAT professor - especially after Professor Chew (not that she wasn't nice her test just kicked people's asses) but most people do really well and he's hilarious and I recommend going to his review sessions because everything becomes even more concrete. Easiest part of Bio14 by far.",03/29/2010,1.0,1.0,,3,Low,4.0,4.0,1,No,1269870531000,N/A,1040,N/A,,N/A,[],people,people
N/A,good,good,average,0,16668762,0,,good,4,BIO10,"good class, but hard",01/03/2010,5.0,5.0,,3,Really into it,3.5,3.5,1,No,1262484917000,N/A,1040,N/A,,N/A,[],people,people
N/A,good,good,average,0,16584527,0,,good,5,BIOPH,"One of the best lecturers at Tufts, not the most approachable guy but if you go to class, take good notes, and study hard for the Tests you'll do well. I'd recommend the class.",12/17/2009,4.0,4.0,,2,Low,3.5,3.5,1,No,1261058747000,N/A,1040,N/A,,N/A,[],people,people
N/A,poor,poor,poor,0,16003357,0,,awful,1,BIO10,"well SIR, guess did not care much about your plants&quot;&quot;&quot;&quot;&quot;&quot;&quot;&quot;&quot;&quot;&quot;&quot;&quot;&quot;&quot;&quot;&quot;&quot;&quot;&quot;&quot;&quot;&quot;&quot;&quot;  have a good life&quot;&quot;&quot;&quot;&quot;&quot;&quot;&quot;&quot;&quot;&quot;&quot;&quot;&quot;&quot;&quot;&quot;&quot;&quot;&quot;&quot;&quot;&quot;&quot;&quot;&quot;  A+",06/30/2009,1.0,1.0,,1,Low,1.0,1.0,1,No,1246329020000,N/A,1040,N/A,,N/A,[],people,people
N/A,average,good,poor,1,15751606,1,,poor,2,BIO10,"AVOID BIO 10 at all costs. The class is a complete waste of time for both majors and non- majors, and Prof. Ellmore does not care about his students or how they do on exams or anything other than how some obscure plant group relates to whatever he decides to relate it to. This class and teacher frustrated me beyond belief and ruined my GPA.",05/02/2009,4.0,4.0,,1,Low,1.5,1.5,1,No,1241284279000,N/A,1040,N/A,,N/A,[],person,person
N/A,poor,good,poor,2,15681970,0,,awful,1,BIO10,extremely unfair,04/21/2009,4.0,4.0,,1,Really into it,1.0,1.0,1,No,1240317365000,N/A,1040,N/A,,N/A,[],people,people
N/A,good,average,good,0,15642476,0,,good,4,BIO10,"hysterical guy, the lectures are interesting enough to wake you up in the morning. tends to go off on tangents, but they're well worth the distraction. the one problem is that the tests are graded really hard and you have to take incredibly detailed notes to do well on them since there's no book. recommend a tape recorder and attending every class",04/13/2009,3.0,3.0,,4,Low,4.0,4.0,3,No,1239630108000,N/A,1040,N/A,,N/A,[],people,people
N/A,good,poor,average,0,15592404,0,,good,4,BIO14,his test is the easiest bio test you will ever take at tufts,03/31/2009,1.0,1.0,,3,It's my life,3.5,3.5,1,No,1238541215000,N/A,1040,N/A,,N/A,[],people,people
N/A,good,good,good,0,13106736,0,,good,4,BIO10,No Comments,05/03/2007,5.0,5.0,,4,Sorta interested,4.0,4.0,1,No,1178231910000,N/A,1040,N/A,,N/A,[],people,people
N/A,good,average,average,0,11969461,0,,good,4,BIO10,"George Ellmore is a great guy!Charismatic and funny, he definitely keeps the lectures entertaining. I would beware, however, of thinking the class is easy because it is designed for non-science majors. There is no text book, so all the information must come from personal notes.  Tests are difficult and you must be very meticulous about note taking.",06/02/2006,3.0,3.0,,3,Sorta interested,3.5,3.5,1,N/A,1149273778000,N/A,1040,N/A,,N/A,[],people,people
N/A,good,good,average,0,11826171,0,,average,4,FLOWERSALPS,"i took this class in talloires. if you are good at memorizing, its great - if not, you'll struggle a little. interesting to learn about flowers when youre in their natural habitat. interesting teaching style, funny professor, blunt to his students and respects it when you are blunt back. knows EVERYTHING you could possibly want to know abt plants..",05/04/2006,4.0,4.0,,1,Sorta interested,2.5,2.5,1,N/A,1146786421000,N/A,1040,N/A,,N/A,[],people,people
N/A,good,poor,good,1,10823785,0,,awesome,5,BIO14,everyone says he shags the students,10/29/2005,1.0,1.0,,5,It's my life,5.0,5.0,1,N/A,1130602259000,N/A,1040,N/A,,N/A,[],people,person
N/A,good,poor,good,0,10440369,0,,awesome,5,PLANTDEV,"I love him! Only 1.5 hour class I've been able to stay completly awake for and not wanted to shoot myself by the end. Tests arn't that hard if you study. And again, I love this guy!",09/22/2005,1.0,1.0,,5,It's my life,5.0,5.0,1,N/A,1127428393000,N/A,1040,N/A,,N/A,[],people,people
N/A,good,average,good,0,3814698,0,,awesome,5,BIO14,"AHHH- he's so good! He's clear and concise, plus he's hilarious. Best part of BIO 14. I'm not even that interested in plants, but he made it a really interesting subject.",05/08/2005,2.0,2.0,,5,Sorta interested,5.0,5.0,1,N/A,1115588947000,N/A,1040,N/A,,N/A,[],people,people
N/A,good,average,good,1,3728166,0,,awesome,5,BIO14,"I LOVE HIM...if he weren't so old, i'd propose =o)",04/27/2005,2.0,2.0,,5,Low,5.0,5.0,1,N/A,1114634434000,N/A,1040,N/A,,N/A,[],people,person
N/A,good,average,good,0,3555444,0,,awesome,5,BIO10,amazing lecturer,04/04/2005,3.0,3.0,,4,Sorta interested,4.5,4.5,1,N/A,1112639068000,N/A,1040,N/A,,N/A,[],people,people
N/A,good,average,good,0,2496397,0,,good,4,BIO10,No Comments,09/25/2004,3.0,3.0,,4,Low,4.0,4.0,1,N/A,1096155246000,N/A,1040,N/A,,N/A,[],people,people
N/A,good,good,good,0,2357970,0,,awesome,4,BIO14,i thought he was by far the best lecturer in Bio 14. He made me want to stay awake in class and actually come. He is very interesting and i actually learned stuff about plants instead of cramming it and then forgeting it all. I liked him a lot!,08/01/2004,4.0,4.0,,5,N/A,4.5,4.5,1,N/A,1091363614000,N/A,1040,N/A,,N/A,[],people,people
N/A,good,average,good,0,2328677,0,,awesome,4,PLANTPHYS,"Kept his lectures entertaining and relevant in a subject that could be really boring.  Tests weren't bad...but you have to study.  Really funny, all-around nice guy!",07/20/2004,3.0,3.0,,5,N/A,4.5,4.5,1,N/A,1090319515000,N/A,1040,N/A,,N/A,[],people,people
N/A,good,average,good,0,2238342,0,,awesome,5,BIO10,Lectures are something to really look forward to.  Tests are a bit difficult but not so bad that you can't study and do well.  Great class all around.,06/10/2004,3.0,3.0,,5,N/A,5.0,5.0,1,N/A,1086911707000,N/A,1040,N/A,,N/A,[],people,people
N/A,good,average,good,0,2206117,0,,awesome,5,BIO10,"Clear, Funny, and engaging.",05/31/2004,3.0,3.0,,5,N/A,5.0,5.0,1,N/A,1086015509000,N/A,1040,N/A,,N/A,[],people,people
N/A,average,average,average,0,1991340,0,,average,3,BIO10,He is an amazing prof!  His class is very fun and his lectures are great.  The tests are a lot harder than you think they are going to be and he is a rough grader.,04/19/2004,3.0,3.0,,3,N/A,3.0,3.0,1,N/A,1082414089000,N/A,1040,N/A,,N/A,[],people,people
N/A,good,good,good,0,1942948,0,,awesome,5,BIO10,"Very funny and clear, I always look forward to his class. While there's little work for the class, the tests quite difficult.",04/12/2004,4.0,4.0,,4,N/A,4.5,4.5,1,N/A,1081796517000,N/A,1040,N/A,,N/A,[],people,people
N/A,good,average,good,0,1804213,0,,good,4,BIO14,"He says the funniest things.  Very enthusiastic about plants, and a great teacher.  Definitely memorable.",03/13/2004,3.0,3.0,,4,N/A,4.0,4.0,1,N/A,1079188022000,N/A,1040,N/A,,N/A,[],people,people
Not Mandatory,average,average,average,0,1753029,0,,average,3,BIO,No Comments,02/25/2004,3.0,3.0,,2,N/A,2.5,2.5,1,N/A,1077744813000,N/A,1040,N/A,,N/A,[],people,people
N/A,good,average,good,0,1159633,0,,good,4,ENV,he was really cool and knew his stuff,09/29/2003,3.0,3.0,,4,N/A,4.0,4.0,1,N/A,1064866057000,N/A,1040,N/A,,N/A,[],people,people
N/A,good,good,good,0,1060386,0,,awesome,5,PLANTPHYS,I had Ellmore over ten years ago and he is one of the only teachers I remember from Tufts. I now teach Biology myself and when I teach plants I say to my kids what he once said in his plant phys. class - &quot;Plants do everything we do...only much much s,07/23/2003,4.0,4.0,,4,N/A,4.5,4.5,1,N/A,1058922914000,N/A,1040,N/A,,N/A,[],people,people
N/A,average,good,average,0,920092,0,,average,3,BIO14,really hot,05/03/2003,5.0,5.0,,3,N/A,3.0,3.0,1,N/A,1051971701000,N/A,1040,N/A,,N/A,[],people,people
N/A,good,average,good,0,876939,0,,good,4,BIO108,"This man can be very funny and keeps his lectures upbeat and useful.  He is extremely smart and knows his stuff very well.  Unfortunately, his tests seem inordinately difficult and unfair when compared to the material.  Also, he is greedy with grading.",04/24/2003,3.0,3.0,,4,N/A,4.0,4.0,1,N/A,1051142435000,N/A,1040,N/A,,N/A,[],people,people
N/A,good,average,average,0,875552,0,,average,4,ENVBIO,"who cares if he is hot he is an ass, and often too sarcastic",04/23/2003,2.0,2.0,,2,N/A,3.0,3.0,1,N/A,1051128938000,N/A,1040,N/A,,N/A,[],people,people
N/A,poor,good,poor,0,871189,0,,poor,1,BIO,No Comments,04/23/2003,4.0,4.0,,2,N/A,1.5,1.5,1,N/A,1051065830000,N/A,1040,N/A,,N/A,[],people,people
N/A,good,average,good,0,868744,0,,awesome,5,BIO10,No Comments,04/22/2003,3.0,3.0,,4,N/A,4.5,4.5,1,N/A,1051039749000,N/A,1040,N/A,,N/A,[],people,people
N/A,good,average,good,0,867652,0,,awesome,5,BIO10,Take this just to be around Ellmore.  He's one of those profs that you will remember after you graduate.,04/22/2003,3.0,3.0,,5,N/A,5.0,5.0,1,N/A,1051029683000,N/A,1040,N/A,,N/A,[],people,people
N/A,good,average,good,0,866674,0,,awesome,5,BIO10,No Comments,04/22/2003,3.0,3.0,,4,N/A,4.5,4.5,1,N/A,1051022136000,N/A,1040,N/A,,N/A,[],people,people
N/A,good,average,good,0,865614,0,,awesome,5,BIO118,No Comments,04/22/2003,3.0,3.0,,5,N/A,5.0,5.0,1,N/A,1051013921000,N/A,1040,N/A,,N/A,[],people,people
N/A,good,average,good,0,864731,0,,good,4,BIO10,funny guy,04/22/2003,3.0,3.0,,4,N/A,4.0,4.0,1,N/A,1051005341000,N/A,1040,N/A,,N/A,[],people,people
N/A,good,average,good,0,864326,0,,good,5,BIO010,No Comments,04/22/2003,3.0,3.0,,3,N/A,4.0,4.0,1,N/A,1050993907000,N/A,1040,N/A,,N/A,[],people,people
N/A,good,average,good,0,848148,0,,awesome,5,BIO10,he's the man,04/17/2003,2.0,2.0,,5,N/A,5.0,5.0,1,N/A,1050595878000,N/A,1040,N/A,,N/A,[],people,people
N/A,average,average,average,0,548986,0,,average,3,BIO10,No Comments,02/07/2003,3.0,3.0,,3,N/A,3.0,3.0,1,N/A,1044625072000,N/A,1040,N/A,,N/A,[],people,people
N/A,good,average,good,0,513745,0,,awesome,5,BIO10,awesome guy,01/23/2003,2.0,2.0,,5,N/A,5.0,5.0,1,N/A,1043361937000,N/A,1040,N/A,,N/A,[],people,people
