attendance,clarityColor,easyColor,helpColor,helpCount,id,notHelpCount,onlineClass,quality,rClarity,rClass,rComments,rDate,rEasy,rEasyString,rErrorMsg,rHelpful,rInterest,rOverall,rOverallString,rStatus,rTextBookUse,rTimestamp,rWouldTakeAgain,sId,takenForCredit,teacher,teacherGrade,teacherRatingTags,unUsefulGrouping,usefulGrouping
Not Mandatory,good,good,good,0,32086802,0,online,awesome,5,COMP20,"Honestly, Ming has been the best lecturer I've had since coming to Tufts. I've never seen anyone as invested as him in his students' not only success, but best performance. Would take any class with him, any day.",07/09/2019,4.0,4.0,,5,N/A,5.0,5.0,1,No,1562704929000,Yes,1040,Yes,,A,"['Caring', 'Gives good feedback', 'Participation matters']",people,people
Not Mandatory,good,average,good,0,30349947,0,,awesome,5,COMP116,take the class. ming is great.,07/16/2018,3.0,3.0,,5,N/A,5.0,5.0,1,No,1531783065000,Yes,1040,Yes,,A,"['Inspirational', 'Amazing lectures', 'Hilarious']",people,people
Not Mandatory,good,average,good,1,30095555,0,,good,4,COMP116,Knowledgeable and points you to many different online resources to augment your learning. Class lectures are fun only because of Ming's quirky (sometimes shouty) lecture style. Can be jarring if you're used to CS classes where professors spoon feed you the information. TL;DR: take Security because it's essential!,05/13/2018,3.0,3.0,,4,N/A,4.0,4.0,1,No,1526254761000,Yes,1040,Yes,,N/A,"['Clear grading criteria', 'Gives good feedback', 'Participation matters']",people,person
Not Mandatory,good,average,good,3,29452261,0,,awesome,5,COMP20,"Ming is an amazing professor, he is really grounded in reality. He knows how to prepare you for the real world. He cares about his students and is passionate about the topic he teaches. His lectures are not always helpful and you must do your own research and look up examples to do homework. Great individual and professor.",01/14/2018,3.0,3.0,,5,N/A,5.0,5.0,1,No,1515973284000,Yes,1040,Yes,,A,"['Clear grading criteria', 'Hilarious', 'Amazing lectures']",people,people
Not Mandatory,poor,average,poor,1,28806981,4,,awful,1,COMP20,"Honestly probably the worst professor I've had at Tufts. He doesn't teach class - just gives assignments and expects you to do the research so that you can learn everything on your own. Lectures are a waste of time - he usually brings in guest lecturers that don't really have anything to do with the class, or just goes on ridiculous tangents.",10/31/2017,2.0,2.0,,1,N/A,1.0,1.0,1,No,1509444860000,No,1040,Yes,,A,[],people,person
Not Mandatory,good,average,good,2,28292250,0,,awesome,5,COMP20,"Honestly the best professor I've had so far at Tufts. He teaches you important things outside of the curriculum and is overall a great guy. People say ""he doesn't teach"" but he does cover the important topics. The rest can be learned through the notes and codes he posts online.",05/11/2017,3.0,3.0,,5,N/A,5.0,5.0,1,No,1494546056000,Yes,1040,Yes,,A,"['Caring', 'Graded by few things', 'Respected']",people,people
Mandatory,average,average,average,4,25888681,0,,good,3,COMP20,"Ming is great. He is hilarious and engaging, but if you  don't pay attention in class details are going to slip past you. He will expose you to all kinds of new ideas and resources, but will not hold your hand through every little nook and cranny of material. You will get out of the class what you put into it.",01/06/2016,2.0,2.0,,4,Really into it,3.5,3.5,1,No,1452092015000,N/A,1040,Yes,,A-,"['Caring', 'Clear grading criteria', 'Respected']",people,people
N/A,good,average,good,1,25311644,0,,awesome,5,COMP23,"Ming's awesome. That's all there is to it. He makes you feel like a peer seeking knowledge instead of some kid who knows nothing. Honestly, I loved taking a course from him and intend to take many more.",10/29/2015,3.0,3.0,,5,It's my life,5.0,5.0,1,No,1446134251000,N/A,1040,Yes,,N/A,"['Hilarious', 'Respected', 'Caring']",people,person
N/A,average,average,poor,3,25042013,4,,poor,2,COMP20,"Ming's a fine guy, but he was an awful teacher. I know some people love him, but this class was a waste of time. I've heard he was pretty helpful when people went to his office, but that wasn't the problem. It was that I had to learn everything on my own. Might as well have taken an online tutorial over the summer in my spare time.",07/15/2015,3.0,3.0,,1,Sorta interested,1.5,1.5,1,No,1436961161000,N/A,1040,Yes,,A-,[],people,people
Not Mandatory,good,average,good,0,24627919,0,,awesome,5,20,Ming is the best. He teaches the material well and assigns cool projects. Any class with him will very much be a learn by doing experience.,04/20/2015,2.0,2.0,,4,It's my life,4.5,4.5,1,No,1429531040000,N/A,1040,Yes,,A,"['Inspirational', 'Gives good feedback', 'Group projects']",people,people
N/A,poor,average,average,1,24365814,1,,poor,1,COMP120,Responsive via email and gives clear assignments. He structures the course so most learning happens through projects. Lectures are for picking up foundations. I agree with this method and believe that CS is learned best as you build stuff. Would love to see him be more RESPECTFUL and SENSITIVE to students. This will NOT make them worse developers.,02/06/2015,3.0,3.0,,3,Really into it,2.0,2.0,1,No,1423252009000,N/A,1040,Yes,,N/A,"['Clear grading criteria', 'Group projects']",person,person
N/A,good,average,good,1,23956251,0,,awesome,4,SECURITY,"Ming is an above average (for Tufts) lecturer, but by far the best professor I've ever had at Tufts.  If you are looking at a teacher that will help and celebrate your successes, give you great life advice, and just all around be an awesome person, that's him. He is what every teacher should aspire to be.   Take a class with him. Get to know him.",12/05/2014,2.0,2.0,,5,It's my life,4.5,4.5,1,No,1417740034000,N/A,1040,Yes,,N/A,"['Caring', 'Hilarious', 'Inspirational']",people,person
Not Mandatory,good,average,good,2,23140045,0,,awesome,4,COMP20,"Ming does what no other teacher does properly: he teaches you how to teach yourself. Some people complain that they don't learn anything in lecture, but it's because they've missed the point. You take a class with Ming to gain confidence in your ability and be a self-starter, and he is an amazing resource there to help you every step of the way.",05/01/2014,2.0,2.0,,5,It's my life,4.5,4.5,1,No,1398945184000,N/A,1040,N/A,,A,[],people,people
N/A,good,poor,good,0,22262155,0,,awesome,5,COMP116,Ming is a must-have in the Tufts computer science department. He's ridiculously passionate about everything he teaches and teaches you the things you need to know to be able to learn on your own.,11/05/2013,1.0,1.0,,5,It's my life,5.0,5.0,1,No,1383682898000,N/A,1040,N/A,,N/A,[],people,people
N/A,average,average,average,0,21656128,0,,good,3,COMP20,"This was a good class and I learned a lot, that being said 90% of the learning was done outside of class. To be fair, Ming makes this very clear from day 1 so there's no trickery going on. Classes are very entertaining, but not very relevant. Ming is very intelligent and truly cares about his students well being, always ready to provide help.",05/02/2013,3.0,3.0,,4,Really into it,3.5,3.5,1,No,1367490207000,N/A,1040,N/A,,N/A,[],people,people
N/A,poor,average,poor,0,21530381,1,,awful,1,COMP20,"You're probably better off buying a book and teaching yourself. Besides, Ming refers you to google every time you have to learn a new concept or technique. He's a very nice guy, but his lectures are off topic and unhelpful. There are appropriate times to say ""RTFM"", but it seems like everything I learned in this class I got from google.",04/13/2013,3.0,3.0,,1,Really into it,1.0,1.0,1,No,1365868247000,N/A,1040,N/A,,N/A,[],person,people
N/A,poor,average,poor,2,21529967,1,,awful,1,COMP20,"I think I'm the only person in Tufts CS who doesn't like Ming, but I hated his class, thought he was obnoxious, and would not recommend taking a class with him to anyone.",04/13/2013,3.0,3.0,,1,Sorta interested,1.0,1.0,1,Yes,1365859990000,N/A,1040,N/A,,N/A,[],person,people
N/A,good,poor,good,0,21413642,0,,awesome,5,COMP20,Phenomenal professor. He's very understanding about workload and cares about the students. Ming is excited about everything he's doing and it draws you into his teachings. A don't miss in the Tufts CS department.,03/15/2013,1.0,1.0,,5,Really into it,5.0,5.0,1,No,1363309182000,N/A,1040,N/A,,N/A,[],people,people
N/A,good,average,good,0,20779511,0,,good,4,COMP15,Great professor. Reason I finally decided to major in CS. Very helpful and cares about the students. Definitely very passionate about subject. Makes class very engaging.,11/05/2012,3.0,3.0,,4,Sorta interested,4.0,4.0,1,No,1352124972000,N/A,1040,N/A,,N/A,[],people,people
N/A,average,average,average,1,20190225,1,,poor,2,CS15,"Ming is a very entertaining, exuberant lecturer.  However, his lectures are never on point, and he's all over the place with his explanations.  I feel like he does a very poor job of explaining new concepts as coherent ideas; he tends to instead throw out different points, but never connect them into a single idea.",05/03/2012,2.0,2.0,,2,It's my life,2.0,2.0,1,No,1336070545000,N/A,1040,N/A,,N/A,[],person,person
N/A,good,average,good,0,19542194,1,,awesome,4,COMP15,Take a class with this guy at some point.,12/16/2011,2.0,2.0,,5,It's my life,4.5,4.5,1,No,1324051820000,N/A,1040,N/A,,N/A,[],person,people
N/A,good,good,good,1,19120903,0,,awesome,4,COMP20,"It was a good class. He teaches you enough so that you know what questions to ask/Google, but he allows you to do most of the learning. The man is also batsh*t crazy... but we all love him for it.",10/28/2011,4.0,4.0,,5,Really into it,4.5,4.5,1,No,1319762585000,N/A,1040,N/A,,N/A,[],people,person
N/A,average,good,average,0,17796968,0,,good,3,COMP10,"Great Prof. Knows his stuff. Gives challenging but worthwhile and practical assignments. You have to put in a lot of work on your own, but he'll never run out of things to teach you. Lectures can be hard to follow if you're not at all familiar with the topic of the day.",11/20/2010,4.0,4.0,,4,Really into it,3.5,3.5,1,No,1290258939000,N/A,1040,N/A,,N/A,[],people,people
