attendance,clarityColor,easyColor,helpColor,helpCount,id,notHelpCount,onlineClass,quality,rClarity,rClass,rComments,rDate,rEasy,rEasyString,rErrorMsg,rHelpful,rInterest,rOverall,rOverallString,rStatus,rTextBookUse,rTimestamp,rWouldTakeAgain,sId,takenForCredit,teacher,teacherGrade,teacherRatingTags,unUsefulGrouping,usefulGrouping
N/A,good,average,good,0,24501369,0,,good,4,EC35,"Wonderful lecturer and person. He has so much experience which is so valuable and essential to the subject. You have to participate and research your country before class in order to get the most out of it. He really wants discussion and the class thrives on it. Overall a great experience, made me want to go into the development field. ",03/25/2015,3.0,3.0,,4,Really into it,4.0,4.0,1,Yes,1427298857000,Yes,1040,Yes,,N/A,['Participation matters'],people,people
N/A,good,good,good,0,23584540,0,,awesome,5,EC35,"Prof.Dapice is an extremely nice and humorous guy. He is someone who works in the real world and understand how things really work. He's not treating his class as an introduction class for sure, because he expects you to do lots of work. But once you've done your work, go to his office hour, you'd find how brilliant he really is!",09/09/2014,4.0,4.0,,5,It's my life,5.0,5.0,1,Yes,1410272394000,N/A,1040,N/A,,N/A,[],people,people
N/A,poor,good,poor,0,21762609,0,,poor,1,EC35,"Very harsh grader for a lower level economics class.  I am very interested in economic development, but if anything the class made me dislike the subject.  While he seemed like an intelligent person, Professor Dapice seemed to not have time for his Tufts classes, and seemed to dislike some students for no apparent reason.  Would not recommend.",05/15/2013,4.0,4.0,,2,Really into it,1.5,1.5,1,Yes,1368580755000,N/A,1040,N/A,,N/A,[],people,people
N/A,good,good,average,0,21550969,0,,average,4,EC45,"Very hard grader. Expects an insane amount of work for a lower level elective. The problem is that he is so knowledgeable and expects the same level of knowledge from his students. Mainly looks for data on paper and expects lots of abstract knowledge. I definitely regret taking his class, damaged my GPA.",04/17/2013,5.0,5.0,,2,Really into it,3.0,3.0,1,Yes,1366200723000,N/A,1040,N/A,,N/A,[],people,people
N/A,average,good,average,0,17589217,0,,average,3,EC35,"He's a complete tool. The material is interesting but he expects way too much for a lower level econ class. Smart guy, extremely harsh grader, very high standards.",09/13/2010,5.0,5.0,,2,Really into it,2.5,2.5,1,Yes,1284338057000,N/A,1040,N/A,,N/A,[],people,people
N/A,good,average,good,0,16221157,0,,good,4,EC35,"Make sure you do the reading, he's very smart and if the class keeps up he has tons of stories to tell. Too bad he won't be teaching this spring.",10/05/2009,3.0,3.0,,4,Sorta interested,4.0,4.0,1,Yes,1254770596000,N/A,1040,N/A,,N/A,[],people,people
