attendance,clarityColor,easyColor,helpColor,helpCount,id,notHelpCount,onlineClass,quality,rClarity,rClass,rComments,rDate,rEasy,rEasyString,rErrorMsg,rHelpful,rInterest,rOverall,rOverallString,rStatus,rTextBookUse,rTimestamp,rWouldTakeAgain,sId,takenForCredit,teacher,teacherGrade,teacherRatingTags,unUsefulGrouping,usefulGrouping
Mandatory,good,average,good,0,31827372,0,,awesome,5,MATH21,"Professor Garant is very sweet and approachable. She has a unique style of teaching where she'll post the lectures for us to watch outside of class and have us do practice problems during class. I found the recommended textbook and homework problems to be unnecessary. Watch the lectures, take detailed notes, and go to class and you'll do fine.",05/09/2019,2.0,2.0,,5,N/A,5.0,5.0,1,No,1557429789000,Yes,1040,Yes,,A+,['Participation matters'],people,people
Mandatory,good,average,good,0,30686677,0,,awesome,5,MATH19,"I took Math of Social Choice with Prof Garant and it was a great math credit. She is a lovely woman and clear caring professor! If you go to class and pay attention you will do well, she's very straightforward. Attendance is definitely important! I went to her office hours a few time and she is such a kind and caring person.",11/08/2018,3.0,3.0,,5,N/A,5.0,5.0,1,Yes,1541688274000,Yes,1040,Yes,,A-,"[""Skip class? You won't pass."", 'Clear grading criteria', 'Caring']",people,people
Mandatory,poor,good,poor,1,25012077,2,online,awful,1,MATH21,"She never made her grading policy clear, never addressed any questions I emailed her about, overall just a complete disappointment",07/02/2015,4.0,4.0,,1,Low,1.0,1.0,1,Yes,1435828358000,N/A,1040,Yes,,N/A,[],people,person
N/A,good,good,good,1,21671037,0,,awesome,5,MATH30,"Linda is undoubtedly the best teacher I have ever had and probably the best teacher I will ever have. She is so patient, caring and understanding. I took two courses with her in the same semester and she continuously went out of her way to make time to meet with me. I can't say enough about how remarkable she is. She is a gift from the math gods!!",05/03/2013,4.0,4.0,,5,It's my life,5.0,5.0,1,Yes,1367619027000,N/A,1040,N/A,,N/A,[],people,person
N/A,good,average,good,0,21647759,1,,awesome,5,MATH19,"Linda is a great teacher who truly cares about her students and is passionate about the subject. There were quizzes every class, but they're not particularly difficult and the major tests were fair. Not the most interesting topic, but for a math credit it's not too bad.",05/01/2013,2.0,2.0,,5,Low,5.0,5.0,1,No,1367420074000,N/A,1040,N/A,,N/A,[],person,people
N/A,good,average,good,1,21642022,0,,awesome,5,MATH19,"Professor Garant is absolutely incredible. She makes the material crystal clear, and if for any reason you can't follow her instruction, she will stop everything until you understand. She's kind, occasionally really funny, and just an overall wonderful professor. Can't recommend her highly enough!",04/30/2013,3.0,3.0,,5,Meh,5.0,5.0,1,No,1367362297000,N/A,1040,N/A,,N/A,[],people,person
N/A,good,average,good,0,20662345,0,,awesome,5,MATH4,Professor Garant is the best math teacher I have ever had. I learned more in this course than in 5 high school math courses. She really cares about her students and their learning style. Great experience! I would take another class with her in a heartbeat.,09/25/2012,3.0,3.0,,5,Meh,5.0,5.0,1,Yes,1348612800000,N/A,1040,N/A,,N/A,[],people,people
N/A,good,average,good,0,19237487,0,,awesome,5,MATH5,"She is very nice and very good at explaining the math, and she is especially good at answering peoples' questions. She is a very caring lady and when someone would let her know that they had to, for example, leave class early she would respond with &quot;Just do what you gotta do!&quot; Great lady. Made me like math more",11/14/2011,2.0,2.0,,5,Really into it,5.0,5.0,1,No,1321309180000,N/A,1040,N/A,,N/A,[],people,people
N/A,good,average,good,0,18972002,0,,awesome,5,MATH5,A gift from the math gods. Linda is an incredible professor. I hate math and I was able to understand and succeed in her class. She cares so much about her students and she is always available to help. She has a way of explaining math unlike any teacher I have ever had. She is the one you want at the blackboard. I can't speak more highly of her.,09/01/2011,3.0,3.0,,5,Low,5.0,5.0,1,Yes,1314883087000,N/A,1040,N/A,,N/A,[],people,people
N/A,good,average,good,0,18656592,0,,awesome,5,MATH4,Prof. Garant made me actually care about anything mathematical. She doesn't stop until each student understands it (if they want to understand it). Always available in office hours and for special appointments. She's a redeeming gem of Tufts' math dept.,05/24/2011,2.0,2.0,,5,Meh,5.0,5.0,1,Yes,1306237333000,N/A,1040,N/A,,N/A,[],people,people
N/A,good,average,good,0,17108472,0,,awesome,5,MATH5,"Linda Garant is the best math teacher I've ever had. I've always had a hard time with teachers' explanations and hers were perfect. She understood students' questions and would offer alternate explanations. The exams were hard, but if if you do all the homeworks and studied you'll do fine. Linda is the best teacher for Math 5 so try to get her!",05/03/2010,3.0,3.0,,5,Low,5.0,5.0,1,Yes,1272892445000,N/A,1040,N/A,,N/A,[],people,people
N/A,good,good,good,0,17086041,0,,awesome,4,MATH5,"While I had no interest in taking Math 5, Linda Garant was extremely helpful and kind. Her lectures are clear, but very fast paced. However, she will happily slow down if questions are asked. Work: daily homework, 3 exams.",04/29/2010,5.0,5.0,,5,Meh,4.5,4.5,1,Yes,1272556802000,N/A,1040,N/A,,N/A,[],people,people
N/A,good,good,good,0,15014520,0,,awesome,5,MATH11,A fantastic math teacher,11/18/2008,4.0,4.0,,5,Really into it,5.0,5.0,1,Yes,1226971545000,N/A,1040,N/A,,N/A,[],people,people
N/A,good,average,good,0,15011930,0,,awesome,5,CALC0011,"Linda is a fabulous professor. The class is very clear and easy to follow, she's extremely helpful, and she's so positive and upbeat that she makes it fun.  She struck a good balance between teaching the kids who had never taken calculus before and the kids who already knew most of the material.",11/17/2008,3.0,3.0,,5,Really into it,5.0,5.0,1,Yes,1226952005000,N/A,1040,N/A,,N/A,[],people,people
N/A,average,good,average,0,11961875,0,,good,3,MATH12,Good teacher.. definetely better than most other professors in the department... she was never fast enough to finish everything in class.. and was a bit lazy to do the whole HW problems on the board... but she was pretty clear on her explanations....,05/31/2006,4.0,4.0,,4,Really into it,3.5,3.5,1,N/A,1149102298000,N/A,1040,N/A,,N/A,[],people,people
N/A,good,average,good,0,11655183,0,,awesome,5,MATH5,"She is the best math teacher I have ever had in my life. Made concepts so easy to understand, very clear, knew everyone's name after first week of class, willing to help out with ANYTHING pretty much anytime. If you're going to take math 5 or 6, do it with her",04/04/2006,3.0,3.0,,5,Really into it,5.0,5.0,1,N/A,1144156966000,N/A,1040,N/A,,N/A,[],people,people
