attendance,clarityColor,easyColor,helpColor,helpCount,id,notHelpCount,onlineClass,quality,rClarity,rClass,rComments,rDate,rEasy,rEasyString,rErrorMsg,rHelpful,rInterest,rOverall,rOverallString,rStatus,rTextBookUse,rTimestamp,rWouldTakeAgain,sId,takenForCredit,teacher,teacherGrade,teacherRatingTags,unUsefulGrouping,usefulGrouping
Mandatory,good,average,good,0,28004986,0,,awesome,5,FAH128,"Each week you write a response to the reading online. Then in class she comes prepared with comments about everyone's response, and asks people to expand on their ideas. So, you have to be in class, you have to do the readings, and you have to be engaged. That said, the class is fascinating. I wanted to read and discuss! Take this class!",04/06/2017,3.0,3.0,,5,N/A,5.0,5.0,1,Yes,1491464935000,Yes,1040,Yes,,A,"['Get ready to read', 'Caring', 'Participation matters']",people,people
N/A,good,average,good,0,27094105,0,,good,4,FAH28,Professor Hoffman is the sweetest person I've ever met! She is so passionate about art and it reflects in her lectures. She definitely encourages group discussions and participation in class but doesn't force anyone who doesn't want to talk.,10/28/2016,3.0,3.0,,4,N/A,4.0,4.0,1,Yes,1477675397000,Yes,1040,Yes,,N/A,"['Caring', 'Accessible outside class']",people,people
Mandatory,good,poor,good,0,26365145,0,,awesome,5,FAH122,"She's very warm and empathetic. Took for Iconoclasm and Iconoclasm. She is willing to change her syllabus on the fly, but gives notice well in advance. She listens to students, and adopt the syllabus or her own opinions accordingly. During class she engages in the student debates, and frequently writes down arguments she likes for future reference.",04/24/2016,1.0,1.0,,5,N/A,5.0,5.0,1,Yes,1461509261000,N/A,1040,Yes,,A+,"['Respected', 'Caring', 'Hilarious']",people,people
Mandatory,good,average,good,0,22794848,1,,awesome,4,FAH28,"Professor Hoffman has been one of my favorite professors at Tufts so far. I came into this class with no interest or background in (medieval) art, but it quickly became one of my favorite classes only because of Professor Hoffman's ability to engage everyone. Professor Hoffman knows how to lead a great discussion, and she is very open and helpful!",01/26/2014,2.0,2.0,,5,Low,4.5,4.5,1,Yes,1390767667000,N/A,1040,N/A,,A,[],person,people
N/A,good,average,good,1,21624524,1,,awesome,4,FAH28,Prof Hoffman is one of the best profs I've had a Tufts. She is very warm/welcoming. writing/ discussion based class helped me learn the material much better. This was not a class you could slack off in because we had forum postings on trunk twice a week but the workload was more than fair. This was by far my favorite class of the semester!,04/28/2013,3.0,3.0,,5,It's my life,4.5,4.5,1,Yes,1367191187000,N/A,1040,N/A,,N/A,[],person,person
N/A,good,average,good,0,20004403,4,,good,4,FAH21,Interesting Class,04/05/2012,2.0,2.0,,4,Really into it,4.0,4.0,1,Yes,1333645613000,N/A,1040,N/A,,N/A,[],people,people
N/A,good,average,good,1,16332336,0,,awesome,5,FAH001,"Really enjoyed her class. She was very thorough with her lectures, and she made it pretty clear what were the most important things to study. Very interesting class! Definitely reccommend it.",11/08/2009,2.0,2.0,,5,Really into it,5.0,5.0,1,Yes,1257693987000,N/A,1040,N/A,,N/A,[],people,person
N/A,good,poor,good,0,16188900,0,,awesome,5,FAH01,good class,09/15/2009,1.0,1.0,,5,It's my life,5.0,5.0,1,Yes,1253021125000,N/A,1040,N/A,,N/A,[],people,people
N/A,good,average,good,0,15371626,0,,good,4,FAH001,"Hoffman is very nice but is possibly the worst public speaker I have ever seen, which is problematic for a lecture class. I took a tally of the amount of um/uh's she had in one class and got 334, which doesn't count the stuttering and repetitions. There are many different lecturers for the class, though, some are quite good.",01/14/2009,2.0,2.0,,4,Sorta interested,4.0,4.0,1,Yes,1231932662000,N/A,1040,N/A,,N/A,[],people,people
N/A,good,average,good,0,12081388,0,,awesome,5,FAH2,"She was well organized, understanding, and a great lecturer. Overall... an incredible professor!",07/16/2006,3.0,3.0,,5,It's my life,5.0,5.0,1,N/A,1153008245000,N/A,1040,N/A,,N/A,[],people,people
N/A,good,poor,good,0,3941418,0,,awesome,5,ISLAMICART,"I love this woman. She's so warm and fuzzy and caring and helpful. Just a wonderful person who cares so much about her work and her students. Her eyes light up during class discussion!!! Class was very intimidating at times, but she doesn't hold it against you if you aren't as vocally active or articulate as the Art History majors. She's the best!!",05/30/2005,1.0,1.0,,5,Sorta interested,5.0,5.0,1,N/A,1117484443000,N/A,1040,N/A,,N/A,[],people,people
N/A,good,poor,good,0,3323884,0,,awesome,5,FAH,Best prof ever.  I learned so much!  I want to take all of her classes!,02/04/2005,1.0,1.0,,5,It's my life,5.0,5.0,1,N/A,1107538794000,N/A,1040,N/A,,N/A,[],people,people
N/A,good,average,average,0,3150424,0,,good,4,FAH1,"the class itself was really great, i'd recommend it.  there were lots of guest lectures.  i actually only went to lecture for the first month...recitation is all you really need.  and do the reading.  but the material is so interesting.  midterm and final were tough, papers not bad; must study thoug",01/03/2005,3.0,3.0,,3,It's my life,3.5,3.5,1,N/A,1104793332000,N/A,1040,N/A,,N/A,[],people,people
N/A,average,average,average,0,1978455,0,,average,3,ISLAMICAR,ok,04/17/2004,3.0,3.0,,3,N/A,3.0,3.0,1,N/A,1082202356000,N/A,1040,N/A,,N/A,[],people,people
N/A,good,average,good,0,1288493,0,,awesome,5,FAH1,"She is clear, knows her stuff, and gets her point across very well",11/09/2003,3.0,3.0,,5,N/A,5.0,5.0,1,N/A,1068387952000,N/A,1040,N/A,,N/A,[],people,people
N/A,good,good,good,0,875990,0,,awesome,5,FAH101,No Comments,04/23/2003,4.0,4.0,,5,N/A,5.0,5.0,1,N/A,1051132850000,N/A,1040,N/A,,N/A,[],people,people
N/A,good,good,good,0,550986,0,,good,4,FAH2,No Comments,02/08/2003,4.0,4.0,,4,N/A,4.0,4.0,1,N/A,1044720906000,N/A,1040,N/A,,N/A,[],people,people
N/A,average,average,poor,0,544195,0,,poor,2,FAH,No Comments,02/05/2003,3.0,3.0,,1,N/A,1.5,1.5,1,N/A,1044479968000,N/A,1040,N/A,,N/A,[],people,people
