attendance,clarityColor,easyColor,helpColor,helpCount,id,notHelpCount,onlineClass,quality,rClarity,rClass,rComments,rDate,rEasy,rEasyString,rErrorMsg,rHelpful,rInterest,rOverall,rOverallString,rStatus,rTextBookUse,rTimestamp,rWouldTakeAgain,sId,takenForCredit,teacher,teacherGrade,teacherRatingTags,unUsefulGrouping,usefulGrouping
Not Mandatory,poor,good,poor,0,31619749,0,,awful,1,MATH0032,"She's terrible, her office hours are useless, and she has the quietest voice in the world.",04/18/2019,5.0,5.0,,1,N/A,1.0,1.0,1,Yes,1555560631000,No,1040,Yes,,N/A,[],people,people
N/A,good,average,good,0,31399420,0,,awesome,5,MATH0034,"The best math professor. period. Yes calculus isn't easy but if you go to her classes, do your hw, study for exams, you will get at least a B+",03/03/2019,3.0,3.0,,5,N/A,5.0,5.0,1,No,1551640750000,Yes,1040,Yes,,N/A,"[""Skip class? You won't pass."", 'Respected']",people,people
Not Mandatory,good,good,good,0,31314613,0,,awesome,5,MATH32,One of the best math teacher! Accesible out of class! Makes jokes! Love her! Definitely recommend!!,01/29/2019,4.0,4.0,,5,N/A,5.0,5.0,1,No,1548725170000,Yes,1040,Yes,,N/A,"['Caring', 'Accessible outside class', 'Amazing lectures']",people,people
Not Mandatory,average,average,average,0,30666649,0,,average,3,MATH0032,"Pr. Kaufmann is genuinely interested in the math and teaching it to students and conveys the information well. She and my TA are not communicating at all though so my recitation homework is lightyears ahead of what we're doing in class. Also, before tests, other teachers give out practice worksheets that are very helpful, but she doesn't do this.",11/06/2018,3.0,3.0,,3,N/A,3.0,3.0,1,Yes,1541497958000,No,1040,Yes,,N/A,"['Tough grader', 'Lots of homework', 'Clear grading criteria']",people,people
Not Mandatory,good,average,good,0,30242453,0,,awesome,5,MATH0032,"So clear in class, prepares students quite well for tests.",06/07/2018,2.0,2.0,,5,N/A,5.0,5.0,1,Yes,1528392423000,Yes,1040,Yes,,A,"['Amazing lectures', 'Clear grading criteria']",people,people
Not Mandatory,good,average,good,1,29831641,0,,good,4,MATH0016,"Easiest class I've taken at Tufts. Biggish class and no attendance taken. A lot of homework, but quite manageable because she gives you many days to complete. These and 3 tests make up your grade. As long as you study a little for the tests, you'll get an A. &quot;Questions about it?&quot;",04/18/2018,2.0,2.0,,4,N/A,4.0,4.0,1,Yes,1524056615000,Yes,1040,Yes,,A,"['Lots of homework', 'Graded by few things']",people,person
Not Mandatory,good,good,good,1,26637666,2,,awesome,5,MATH34,"Took calc one and two with her. Great professor, spends lots of time reviewing homework and answering questions. Really wants her students to understand the material. It's a tough class. Make sure you understand your homework and you'll do fine, but that takes a decent amount of time.",05/23/2016,4.0,4.0,,5,N/A,5.0,5.0,1,Yes,1464010076000,Yes,1040,Yes,,A-,"['Caring', 'Lots of homework']",people,person
Not Mandatory,good,poor,good,0,26374029,0,,awesome,5,MATH016,"If you are thinking of taking MATH16, chances are you are just doing it for the distributions credit. As someone who loathes mathematics, Symmetry was a life saver. The class is very easy and Kauffman is a good lecturer. The review sheets are very helpful. MATH16 is a good alternative to Calc1.",04/25/2016,1.0,1.0,,4,N/A,4.5,4.5,1,No,1461604992000,N/A,1040,Yes,,N/A,"['Clear grading criteria', 'Caring']",people,people
Mandatory,good,average,good,0,25958214,0,,awesome,5,MATH32,"Prof Kauf is great. I took Calc in high school but wanted to take it again before moving on to Math 36, and she gave me a great reminder of what I'd learned and furthered my knowledge. I thought it was going to be an easy A because I'd done it before, but the tests were fairly tough.",01/18/2016,3.0,3.0,,4,Really into it,4.5,4.5,1,Yes,1453137481000,N/A,1040,Yes,,B,"['Clear grading criteria', 'Hilarious']",people,people
Mandatory,good,average,good,0,25563336,0,,awesome,5,MATH34,"Professor Kaufmann is an absolutely incredible teacher. She comes into class knowing what she needs to teach, and does it perfectly. She constantly asks if there are any questions and makes sure that everyone understands what is being taught. I would definitely recommend taking her class.",12/06/2015,3.0,3.0,,5,Really into it,5.0,5.0,1,Yes,1449417735000,Yes,1040,Yes,,N/A,"['Caring', 'Amazing lectures']",people,people
N/A,good,average,good,3,24170615,0,,awesome,5,MATH34,She comes into class with a plan for what she is going to teach and she teaches it well. No frills. She teaches exactly what you will need to know. ,12/22/2014,3.0,3.0,,4,Sorta interested,4.5,4.5,1,Yes,1419272992000,N/A,1040,Yes,,N/A,[],people,people
N/A,good,average,good,0,23856069,0,,awesome,5,CALC1,She is a very straightforward teacher and easy to understand. The homework's are annoying (my math lab) and the tests are a little hard too but they're tests that everyone in calc 1 takes. She is very helpful if you have questions. ,11/19/2014,3.0,3.0,,5,Low,5.0,5.0,1,No,1416433505000,N/A,1040,Yes,,N/A,[],people,people
Not Mandatory,good,poor,good,1,23073866,0,,good,4,MATH016,"The class is easy if you put minimal effort into it. The homework is fairly annoying and tedious. Kaufman is easy-going and cool, but the class is boring and meets at the dumbest times. Seriously, think about your scheduling before taking this class. The scheduling is dumb.",04/22/2014,1.0,1.0,,4,Sorta interested,4.0,4.0,1,Yes,1398130242000,N/A,1040,N/A,,N/A,[],people,person
Mandatory,good,average,good,0,22846234,1,,awesome,5,MATH32,"Professor Kaufmann is the best math teacher I have ever had. She gives clear and concise explanation of every topic, with many examples done in class. She tells you not to get the textbook, and you really don't need it. The first exam our class average was 10 points above the course average.",02/17/2014,2.0,2.0,,5,Low,5.0,5.0,1,No,1392636156000,N/A,1040,N/A,,A,[],person,people
N/A,good,average,good,0,22259866,0,,awesome,5,CALC1,Great professor. Will take the time to explain everything with great detail. She always asks if you have questions after every step.,11/05/2013,2.0,2.0,,5,It's my life,5.0,5.0,1,No,1383665393000,N/A,1040,N/A,,N/A,[],people,people
N/A,good,average,good,1,22257067,0,,awesome,5,CALC1,"Very nice professor, answers questions with good explanations, not crazy enthusiastic but gets the job done.",11/05/2013,2.0,2.0,,5,Sorta interested,5.0,5.0,1,Yes,1383621795000,N/A,1040,N/A,,N/A,[],people,person
N/A,good,average,good,1,21621386,0,,awesome,5,MATH32,Wonderful professor. Would highly recommend her!,04/28/2013,3.0,3.0,,5,Really into it,5.0,5.0,1,Yes,1367153854000,N/A,1040,N/A,,N/A,[],people,person
N/A,good,average,good,0,20156778,0,,awesome,5,MATH12,"Awesome professor, great at lectures. If you pay attention in class and do all the homework out, you'll do well on the exams.",04/30/2012,3.0,3.0,,5,Really into it,5.0,5.0,1,No,1335806630000,N/A,1040,N/A,,N/A,[],people,people
N/A,good,good,good,0,20032538,0,,awesome,5,CALC3,Such a great professor! She is so clear with her explanations and willing to help you if you're having trouble. I was disappointed that her calc 2 class filled up before my registration time :(,04/11/2012,4.0,4.0,,5,Really into it,5.0,5.0,1,Yes,1334163190000,N/A,1040,N/A,,N/A,[],people,people
N/A,good,average,good,0,19679824,0,,awesome,5,MAT004,"Professor Kaufmann is the best Math professor I have ever had.  I think if I had been priveledged to have a professor like her in Math before, I might actually like it.  This class met 3 times a week,and I never dreaded going.  Homework is comepletely doable and the reviews prepare you perfectly for the test. HIGHLY recommended.",01/06/2012,3.0,3.0,,5,Meh,5.0,5.0,1,Yes,1325847949000,N/A,1040,N/A,,N/A,[],people,people
N/A,good,average,good,1,18422929,0,,awesome,5,MATH0012,"she is hands down the best math professor i've ever had. she always asks for questions throughout the lecture and she prepares you EXTREMELY well for every exam. her classes always have higher scores on tests, too",04/17/2011,2.0,2.0,,5,Really into it,5.0,5.0,1,Yes,1303048459000,N/A,1040,N/A,,N/A,[],people,person
N/A,good,good,good,0,18116823,0,,awesome,5,MATH11,"I'm VERY bad at math so I shouldn't have taken this as my requirement.  But she was EXTREMELY helpful and cared about my progress.  I still did really bad but its definitely not her fault.  She's very clear, funny, nice, and approachable.  She asks for questions at every step in processes.  Take her if you're decent at math.  Nobody's better.",01/10/2011,4.0,4.0,,5,Meh,5.0,5.0,1,No,1294700651000,N/A,1040,N/A,,N/A,[],people,people
N/A,good,average,good,0,17970118,0,,awesome,5,MATH11,phenomenal professor. Lectures are wonderfully clear -- go to them! her notes will include every type of test question and more. She shows great enthusiasm for the subject. Get Gail at all costs!,12/16/2010,2.0,2.0,,5,Sorta interested,5.0,5.0,1,No,1292530171000,N/A,1040,N/A,,N/A,[],people,people
N/A,good,poor,good,0,17725460,0,,awesome,5,MATH11,She is the best! She makes math simple and fun! &quot;Questions about it&quot;,11/03/2010,1.0,1.0,,5,Really into it,5.0,5.0,1,No,1288826336000,N/A,1040,N/A,,N/A,[],people,people
N/A,good,average,good,0,17560264,0,,awesome,5,MATH12,I LOVE Gail. She's awesome and made math lecture amusing (at times) She's very friendly and approachable. She's also always willing to help clear up anything you're confused about - just take the initiative to ask!,08/30/2010,3.0,3.0,,5,Sorta interested,5.0,5.0,1,Yes,1283154874000,N/A,1040,N/A,,N/A,[],people,people
N/A,good,good,good,0,17542648,0,,awesome,5,MATH0012,"Professor Kaufmann is great! She's not as warm and fuzzy as other teachers, but her sheer ability to make you understand is amazing! I am not good at math, but I followed lectures easily, and got any extra issues taken care of at office hours. She is much better than most other math professors, she is much recommended!",08/24/2010,4.0,4.0,,4,Really into it,4.5,4.5,1,No,1282642933000,N/A,1040,N/A,,N/A,[],people,people
N/A,good,good,good,0,17232586,0,,awesome,5,MATH12,"GAIL KAUFMANN. Oh my gosh this woman is amazing. I hadn't enjoyed math this much since second grade when we were doing multiplication with skittles! She made math 12 so great. Lectures are so organized, and she's really helpful if  you ever have questions. If you can, do your best to take a math class with her!",05/19/2010,4.0,4.0,,5,It's my life,5.0,5.0,1,No,1274262360000,N/A,1040,N/A,,N/A,[],people,people
N/A,good,average,good,0,16519882,0,,awesome,5,MA11,"Gail is an excellent teacher. Lectures were crystal clear and she was very helpful after exams. Very engaging both in lecture and one-on-one. Doesn't use the textbook very much. Somehow made calculus fun and engaging. If the Engineers don't snap up all the spots in the class, LA students should take it without question.",12/10/2009,2.0,2.0,,5,Really into it,5.0,5.0,1,No,1260465823000,N/A,1040,N/A,,N/A,[],people,people
N/A,good,good,average,0,15987674,1,,average,4,MATH8,Horrible class. Useless information. She is so disconnected from her students.,06/23/2009,5.0,5.0,,1,Meh,2.5,2.5,1,Yes,1245794534000,N/A,1040,N/A,,N/A,[],person,people
N/A,good,poor,good,0,14937255,1,,awesome,5,MATH12,"Best math professor I have ever had at Tufts, she presents the material so it's easy to understand and her class's test scores were always far higher then the course overall.",11/04/2008,1.0,1.0,,5,It's my life,5.0,5.0,1,Yes,1225807528000,N/A,1040,N/A,,N/A,[],person,people
N/A,good,average,good,0,13889055,0,,awesome,5,MATH11,"Prof Kaufmann is just awesome! in general, I don't really like math, but she made the classes fun and the concepts easy to understand. great teacher!",12/21/2007,3.0,3.0,,5,Really into it,5.0,5.0,1,Yes,1198200998000,N/A,1040,N/A,,N/A,[],people,people
N/A,good,average,good,0,11191827,0,,good,4,MATH4,she helped me pass Algebra/Trig the second time I almost failed it!!!,12/16/2005,3.0,3.0,,4,Meh,4.0,4.0,1,N/A,1134768097000,N/A,1040,N/A,,N/A,[],people,people
Not Mandatory,good,average,good,0,10016536,0,,awesome,5,MATH11,Prof Kauffman is the best math teacher ever.  Can't imagine a more clear teacher.,07/12/2005,3.0,3.0,,5,Meh,5.0,5.0,1,N/A,1121130322000,N/A,1040,N/A,,C-,[],people,people
N/A,good,average,good,0,3803659,0,,awesome,5,SYMMETRY,"Extremely nice teacher- friendly and helpful. Tests are fairly easy. Project takes a lot of time. Overall, a very good class.",05/06/2005,2.0,2.0,,5,Sorta interested,5.0,5.0,1,N/A,1115398382000,N/A,1040,N/A,,N/A,[],people,people
N/A,good,average,good,0,3234119,0,,awesome,5,MATH11,great one!,01/17/2005,3.0,3.0,,5,Sorta interested,5.0,5.0,1,N/A,1105981423000,N/A,1040,N/A,,N/A,[],people,people
N/A,good,average,good,0,3102885,0,,awesome,5,MATH11AND12,"I had Gail KaufmanN 10 years ago. Best teacher ever. She's the reason I became a math major and went on to teach math. Her lectures are very clear and she was always willing to help.  If you can take Calc. 1 with her, you should definitely try (even if it's at 8:30!).",12/23/2004,3.0,3.0,,5,Sorta interested,5.0,5.0,1,N/A,1103792222000,N/A,1040,N/A,,N/A,[],people,people
N/A,good,average,good,0,3077078,0,,awesome,5,MATH4,best math teacher i've ever had!,12/20/2004,3.0,3.0,,5,Meh,5.0,5.0,1,N/A,1103503481000,N/A,1040,N/A,,N/A,[],people,people
Mandatory,good,good,good,0,2635179,0,,awesome,5,MATH0011,Very clear and helpful.  Very willing to help outside of class.  Not to difficult as long as you go to class and do the homework.  She is one of the best math teacher's i've ever had and she really cares about all the students and wants us to understand the material.,11/02/2004,4.0,4.0,,5,Low,5.0,5.0,1,N/A,1099400761000,N/A,1040,N/A,,B,[],people,people
N/A,good,good,good,0,2357964,0,,awesome,5,MATH11,She was AMAZING!! i was worried about calc in college but she put my fears to ease on the first day. If you do the homework and come to class you will be fine. The tests were tough but fair. She prepares you for everything...you just need to use it!,08/01/2004,4.0,4.0,,5,N/A,5.0,5.0,1,N/A,1091363370000,N/A,1040,N/A,,N/A,[],people,people
N/A,good,average,good,0,2226558,0,,awesome,5,MATH12,Great Teacher.  Tests were always hard though.,06/07/2004,3.0,3.0,,5,N/A,5.0,5.0,1,N/A,1086625497000,N/A,1040,N/A,,N/A,[],people,people
N/A,good,average,good,0,2006361,0,,awesome,5,SYM,She's extremely clear in her teaching style and always asks if you have questions.  She's very availible if you need help.  The tests are pretty easy but there's a lot to do for the final project.   She's a GREAT teacher though.,04/21/2004,2.0,2.0,,5,N/A,5.0,5.0,1,N/A,1082570352000,N/A,1040,N/A,,N/A,[],people,people
N/A,good,average,good,0,1965596,0,,awesome,5,MATH1112,one of the best professors i've had. she make's it so easy to understand the material while other students in other classes struggle with the same material.,04/15/2004,2.0,2.0,,5,N/A,5.0,5.0,1,N/A,1082032735000,N/A,1040,N/A,,N/A,[],people,people
N/A,good,poor,good,0,1412424,0,,awesome,5,MATH11,She's good.,12/01/2003,1.0,1.0,,5,N/A,5.0,5.0,1,N/A,1070285986000,N/A,1040,N/A,,N/A,[],people,people
N/A,good,average,good,0,993204,0,,awesome,5,MTH11,No Comments,05/31/2003,3.0,3.0,,5,N/A,5.0,5.0,1,N/A,1054393405000,N/A,1040,N/A,,N/A,[],people,people
N/A,good,average,good,0,878210,0,,awesome,5,MATH12,The best math teacher I've ever had.,04/24/2003,3.0,3.0,,5,N/A,5.0,5.0,1,N/A,1051184406000,N/A,1040,N/A,,N/A,[],people,people
N/A,good,poor,good,0,874376,0,,awesome,5,ALLMATH,"Easy as pie, goes a little too slow for my liking, actually MUCH too slow.  other than that pretty solid teacher and a very kind and caring woman.",04/23/2003,1.0,1.0,,5,N/A,5.0,5.0,1,N/A,1051118187000,N/A,1040,N/A,,N/A,[],people,people
N/A,good,poor,good,0,872118,0,,awesome,5,MATH12,Just about the greatest math teacher I've ever had...,04/23/2003,1.0,1.0,,5,N/A,5.0,5.0,1,N/A,1051097372000,N/A,1040,N/A,,N/A,[],people,people
N/A,good,average,good,0,868575,0,,awesome,4,MATH12,No Comments,04/22/2003,3.0,3.0,,5,N/A,4.5,4.5,1,N/A,1051038068000,N/A,1040,N/A,,N/A,[],people,people
N/A,good,average,good,0,557910,0,,awesome,5,MATH111,No Comments,02/11/2003,3.0,3.0,,5,N/A,5.0,5.0,1,N/A,1045000484000,N/A,1040,N/A,,N/A,[],people,people
N/A,good,poor,good,0,534553,0,,awesome,5,MATH411,She makes learning math fun & easy.  She has an upbeat attitude & a great smile.,02/02/2003,1.0,1.0,,5,N/A,5.0,5.0,1,N/A,1044194881000,N/A,1040,N/A,,N/A,[],people,people
