attendance,clarityColor,easyColor,helpColor,helpCount,id,notHelpCount,onlineClass,quality,rClarity,rClass,rComments,rDate,rEasy,rEasyString,rErrorMsg,rHelpful,rInterest,rOverall,rOverallString,rStatus,rTextBookUse,rTimestamp,rWouldTakeAgain,sId,takenForCredit,teacher,teacherGrade,teacherRatingTags,unUsefulGrouping,usefulGrouping
Mandatory,good,average,good,1,31655541,0,,awesome,5,BIO14,Just gave his last lecture today. Always responds to emails and just amazing lectures on physiology and systems. Wish the best to this guy after having taught more than 40 years here.,04/23/2019,3.0,3.0,,5,N/A,5.0,5.0,1,Yes,1556052949000,Yes,1040,Yes,,N/A,"['Gives good feedback', 'Accessible outside class', 'Respected']",people,person
Not Mandatory,good,average,good,1,30336824,0,,awesome,5,BIO14OR75OR104,"Yo Harry is the man. I have taken 3 classes with this guy and every time it is an enjoyable experience. He talks fast and can come off as condescending but as long as you realize that he is joking or just really excited about his work, you will find him great. Definitely go to lectures because his tests are literal regurgitation.",07/11/2018,3.0,3.0,,5,N/A,5.0,5.0,1,No,1531314042000,Yes,1040,Yes,,A,"['Lecture heavy', 'Hilarious', ""Skip class? You won't pass.""]",people,person
Not Mandatory,good,average,good,0,29328685,0,,good,4,BIO115,"Goes on tangents sometimes, but overall very good. Reasonable questions, fair grader.",12/24/2017,3.0,3.0,,4,N/A,4.0,4.0,1,No,1514086030000,Yes,1040,Yes,,N/A,[],people,people
Not Mandatory,good,average,good,1,28382036,0,,good,4,BIO14,"He puts together ""self study"" slides in each of his lectures which are super helpful. If you study those slides, you'll be set for the exam. A little bit awkward in such a large lecture setting but I've heard that he's very personable in smaller settings. I really liked him.",05/25/2017,3.0,3.0,,4,N/A,4.0,4.0,1,No,1495723440000,Yes,1040,Yes,,A-,"['Accessible outside class', 'Test heavy', 'Clear grading criteria']",people,person
Mandatory,good,good,good,2,27705976,0,,awesome,5,BIO115,"About HB: hilarious, can come off as really awkward, but in an endearing way. Super responsive to emails/outside class. About the class: whole grade determined by 3 tests (for each test you choose 10 FRQs among 12-14 to answer)  miss one class? lol good luck. Book not mandatory, but good at clarifying some stuff",01/10/2017,4.0,4.0,,5,N/A,5.0,5.0,1,Yes,1484019392000,Yes,1040,Yes,,B+,"['Graded by few things', 'Amazing lectures', 'Accessible outside class']",people,people
N/A,good,average,good,3,27625570,0,,awesome,5,BIO115,"Bernheim is one of the best professors I've had at Tufts. His exams were all short answer essay style questions. He is a very fair grader and gives a lot of partial credit. He can come off as harsh and sarcastic, but he truly cares about his students and that they learn the material well. He loves the kidneys and makes fantastic dad jokes.",12/26/2016,3.0,3.0,,5,N/A,5.0,5.0,1,No,1482775203000,Yes,1040,Yes,,A,"['Lecture heavy', ""Skip class? You won't pass."", 'Accessible outside class']",people,people
N/A,average,average,average,0,26622171,0,,average,3,BIO14,"Explains things really well, good lectures but he shouts a lot which can get a bit annoying.",05/20/2016,2.0,2.0,,3,N/A,3.0,3.0,1,No,1463710234000,N/A,1040,Yes,,B,[],people,people
N/A,good,poor,good,3,24617648,0,,awesome,5,BIO14,Definitely the most interesting and best lecturer in Bio 14. He knows the material so well and is able to simplify even the most complex mechanisms in the cardiovascular and renal systems. I am definitely interested in taking more classes with Bernheim in the future! ,04/17/2015,1.0,1.0,,5,It's my life,5.0,5.0,1,Yes,1429292268000,N/A,1040,Yes,,N/A,"['Participation matters', 'Hilarious', 'Amazing lectures']",people,people
Not Mandatory,good,average,good,1,22907523,0,,awesome,5,BIO75,"Great professor. He knows the material backwards and forwards. Very clear, and a great guy as well.",03/13/2014,3.0,3.0,,5,Really into it,5.0,5.0,1,No,1394674264000,N/A,1040,N/A,,A-,[],people,person
N/A,good,average,good,1,21843011,0,,awesome,5,BIO14,"Great professor and an amazing lecturer. One of the few Bio professors that actually cares about his students' understanding of the material. Always speaks clearly, makes fair tests (no ""all of the above""/""2 of the above"" and is helpful both in and outside class. Would make a great Bio advisor.",05/29/2013,2.0,2.0,,5,It's my life,5.0,5.0,1,Yes,1369871941000,N/A,1040,N/A,,N/A,[],people,person
N/A,average,average,average,0,21803559,0,,good,3,BIO14,"Bernheim's a good guy and makes fair tests, but when you give him a microphone for bio 14, he shouts into it. I'm actually regretting not wearing earplugs to class. He says it's to wake you up, but I couldn't hear what he was saying when he shouted and he actually tired me out. Good professor, though.",05/21/2013,2.0,2.0,,4,Sorta interested,3.5,3.5,1,No,1369143371000,N/A,1040,N/A,,N/A,[],people,people
N/A,good,average,good,0,21762702,0,,awesome,5,BIO14,"Professor Bernhein was great. He was what kept bio14 moving, and made up for some of the poor lecturing from other professors.  He was often repetitive, but it was helpful to reinforce the material.",05/15/2013,2.0,2.0,,4,It's my life,4.5,4.5,1,Yes,1368581546000,N/A,1040,N/A,,N/A,[],people,people
N/A,good,good,good,1,20475822,0,,awesome,5,BIO115A,Physio was a great class with lots of material. Be prepared to take a large amount of notes during class while simultaneously digesting the information. Very clear about what he expects you to know for exams just be sure to pay attention and really get engaged with the material. The best professor I've had at Tufts thus far!,07/09/2012,4.0,4.0,,5,Really into it,5.0,5.0,1,No,1341800686000,N/A,1040,N/A,,N/A,[],people,person
N/A,good,good,good,0,18817060,0,,awesome,4,BIO115,"Physiology with Bernheim was great; he covers a lot of material, which means that he doesn't have to resort to tricks on the tests. He is extremely fair. Overall, hands-down the best the Tufts bio department has to offer (which isn't saying much, I suppose...)",07/13/2011,4.0,4.0,,5,It's my life,4.5,4.5,1,No,1310595764000,N/A,1040,N/A,,N/A,[],people,people
N/A,good,average,good,2,18327298,0,,awesome,5,BIO115,"Great professor! Talks fast but allows you to record the lectures and this is very helpful.  Tests are very fair and straight forward.  They are not easy because the material is not easy, but there are no tricks.  He lets the material itself make the class difficult.  Tests are 10 short answers worth 10 pts each.  gives a lot of partial credit.",03/29/2011,3.0,3.0,,5,Really into it,5.0,5.0,1,No,1301408480000,N/A,1040,N/A,,N/A,[],people,people
N/A,good,good,good,1,18006268,0,,awesome,5,BIO115,"He has clear expectations and high-quality test materials.  Dr. Bernheim fully understands his material (unlike some of the intro bio profs).  This can be intimidating to some students.  However, it means that on tests, he can ask &quot;difficult&quot; questions just by using the material taught during lecture without resorting to silly tricks or word games",12/20/2010,4.0,4.0,,5,Sorta interested,5.0,5.0,1,No,1292863494000,N/A,1040,N/A,,N/A,[],people,person
N/A,good,good,good,1,17801855,0,,good,4,BIO104,"Excellent professor. Lots of the people say he talks to fast and shows off, but this simply is untrue. He's very clear about what he expects you to know. take his class!",11/21/2010,4.0,4.0,,4,It's my life,4.0,4.0,1,No,1290367304000,N/A,1040,N/A,,N/A,[],people,person
N/A,average,good,average,1,16692564,0,,average,3,BIO75,"Bernheim is one of the best bio professor that tufts has to offer, his lecture a very interesting. He also has a very interesting sense of humor.",01/07/2010,4.0,4.0,,3,Sorta interested,3.0,3.0,1,No,1262882814000,N/A,1040,N/A,,N/A,[],people,person
N/A,poor,good,poor,1,15992171,0,,poor,1,BIO115A,Don't bother buying the textbook because he doesn't lecture from it or test from it.  He talks way too fast and since all you have to study from is your notes this becomes a problem.  I found him condescending although brilliant.  In office hours he is no less condescending and not helpful.  Take this class at your own risk!,06/25/2009,5.0,5.0,,2,Really into it,1.5,1.5,1,No,1245918801000,N/A,1040,N/A,,N/A,[],people,person
N/A,average,good,average,0,14915224,0,,good,3,BIO115,"He knows that material very well. This becomes a problem in lecture. It seems as if he is using lecture time to show off just how much he knows and how little his students know. He talks extremely fast and gives misinfo, leaving students confused (especially if you have never taken a class like this before). Like the rest of the bio dept...AWFUL!!!",10/29/2008,5.0,5.0,,4,Really into it,3.5,3.5,1,No,1225297434000,N/A,1040,N/A,,N/A,[],people,people
N/A,good,good,good,1,14905707,0,,awesome,5,BIO14,"Professor Bernheim is the best professor I have ever had.  He is extremely entertaining in class and knows his material, very well.",10/27/2008,4.0,4.0,,5,It's my life,5.0,5.0,1,Yes,1225120387000,N/A,1040,N/A,,N/A,[],people,person
N/A,good,average,good,0,12030461,0,,good,4,BIO115,"Hard but fair. Tests on notes/handouts, not book. Gives out previous test questions for prep. Talks fast and expects you to keep up while scribbling like a madman. Very helpful if you go after it. Good guy.",06/24/2006,3.0,3.0,,4,Really into it,4.0,4.0,1,N/A,1151150527000,N/A,1040,N/A,,N/A,[],people,people
N/A,good,good,good,1,10682587,1,,awesome,4,BIO14,"Professor Bernheim is by far one of the best teachers at Tufts.  Many believe he jumps around, but this isnt true.  He's so interesting and knows so much that he applies what we're learning to different topics and situations.  Many might find that disorganized but rather it portrays the extent of his knowledge.  Tests are hard but fair. Best Prof!",11/02/2005,4.0,4.0,,5,It's my life,4.5,4.5,1,N/A,1130928369000,N/A,1040,N/A,,N/A,[],person,person
N/A,good,poor,good,0,4017297,1,,awesome,5,BIO115,Best science teacher at tufts by far.,06/20/2005,1.0,1.0,,5,Sorta interested,5.0,5.0,1,N/A,1119304973000,N/A,1040,N/A,,N/A,[],person,people
N/A,average,good,good,1,4011651,0,,good,3,BIO14,"Prof. Bernheim was by far one of the most enthusiastic and interesting I've had at Tufts. His tests are difficult and he does expect you to know everything and apply it, but you learn tons. He speaks quickly and jumps around, but if you reread your notes, you get the point. Go to his review sessions, they're very helpful. GREAT PROF!",06/18/2005,4.0,4.0,,5,It's my life,4.0,4.0,1,N/A,1119135590000,N/A,1040,N/A,,N/A,[],people,person
N/A,poor,good,average,1,3814733,0,,poor,1,BIO14,"one word: disorganized. He's a funny guy, and really nice, but he jumps all over the place. It may just be the setup of the course, but I had trouble figuring out what was going on. Instead of saying what he needs to say and moving on, he jumps all around a subject without stating the main idea.",05/08/2005,4.0,4.0,,3,It's my life,2.0,2.0,1,N/A,1115589200000,N/A,1040,N/A,,N/A,[],people,person
N/A,average,good,average,1,3726264,0,,average,2,BIO14,"He speaks like a bandit...Who could keep up&#63;&#63;  Yes, he is very available if you have a question, but he  is also rather condescending about it.  Oh yeah, and all of a sudden he'll start YELLING random WORDS throughout his LECTURe...its really annoying, especially at 10 in the morning.",04/27/2005,4.0,4.0,,3,Low,2.5,2.5,1,N/A,1114623342000,N/A,1040,N/A,,N/A,[],people,person
N/A,poor,good,poor,1,3725737,1,,awful,1,BIO14,"He was one of the most unclear and obnoxious professors ever. If you ask a question he is really condescending and not helpfull at all.  He is really disorganized which makes the class super confusing, especially since he expects you to memorize tons of numbers/equations/names.  Avoid this class!",04/27/2005,5.0,5.0,,1,Really into it,1.0,1.0,1,N/A,1114620277000,N/A,1040,N/A,,N/A,[],person,person
N/A,good,good,good,0,3399401,0,,awesome,5,BIO75BIO104,"Indeed one of the best professors across the entire university. Teaches challenging material with passion, enthusiasm, and patience. His wit and friendliness are equally outstanding.",02/27/2005,4.0,4.0,,5,Really into it,5.0,5.0,1,N/A,1109512170000,N/A,1040,N/A,,N/A,[],people,people
N/A,good,good,good,0,2478522,0,,awesome,5,PHYI,"Very clear in class, explaining concepts thoroughly.  Also very willing to help outside of class.",09/17/2004,4.0,4.0,,5,Really into it,5.0,5.0,1,N/A,1095444779000,N/A,1040,N/A,,N/A,[],people,people
N/A,good,good,good,0,2413752,0,,good,4,BIO14,prof. bernheim was really good and funny.  the class is tough but he made it interesting.,08/24/2004,4.0,4.0,,4,N/A,4.0,4.0,1,N/A,1093355471000,N/A,1040,N/A,,N/A,[],people,people
N/A,good,average,good,0,1467582,0,,awesome,4,PHYSIOLOGY,"AWESOME prof! He was also my advisor; I picked him as an advisor because I enjoyed his teaching so much! He does speak fast, but is always available if you have questions. He is extremely enthusiastic which is what a teacher should be.",12/09/2003,3.0,3.0,,5,N/A,4.5,4.5,1,N/A,1070988528000,N/A,1040,N/A,,N/A,[],people,people
N/A,good,average,average,0,1442925,0,,good,4,BIO75,He loves the topic he teaches and he doesnt want anyone to fail.  Fun class.,12/05/2003,3.0,3.0,,3,N/A,3.5,3.5,1,N/A,1070616329000,N/A,1040,N/A,,N/A,[],people,people
N/A,good,good,good,0,920772,0,,good,4,BIO14,Enthusiastic. Has a true passion for this subject.  Talks a bit too fast which makes it difficult to absorb everything that you are required to know.,05/03/2003,4.0,4.0,,4,N/A,4.0,4.0,1,N/A,1051985966000,N/A,1040,N/A,,N/A,[],people,people
N/A,average,good,average,0,888202,0,,poor,2,BIO14,"Bernheim is a smart man and pretty goofy and funny, but he talks wayyyy too fast and is totally disorganized, which is bad for learning complicated psysiology.",04/26/2003,4.0,4.0,,2,N/A,2.0,2.0,1,N/A,1051315257000,N/A,1040,N/A,,N/A,[],people,people
N/A,good,good,good,0,881392,0,,awesome,5,IMMUNOLOGY,"wonderful, enthusiastic, one of the best teachers at tufts",04/24/2003,4.0,4.0,,5,N/A,5.0,5.0,1,N/A,1051217383000,N/A,1040,N/A,,N/A,[],people,people
N/A,good,good,good,0,865017,0,,awesome,5,PHYSIOLOGY,No Comments,04/22/2003,4.0,4.0,,5,N/A,5.0,5.0,1,N/A,1051008858000,N/A,1040,N/A,,N/A,[],people,people
N/A,good,good,average,0,864915,0,,good,4,BIO14,No Comments,04/22/2003,4.0,4.0,,3,N/A,3.5,3.5,1,N/A,1051007524000,N/A,1040,N/A,,N/A,[],people,people
