attendance,clarityColor,easyColor,helpColor,helpCount,id,notHelpCount,onlineClass,quality,rClarity,rClass,rComments,rDate,rEasy,rEasyString,rErrorMsg,rHelpful,rInterest,rOverall,rOverallString,rStatus,rTextBookUse,rTimestamp,rWouldTakeAgain,sId,takenForCredit,teacher,teacherGrade,teacherRatingTags,unUsefulGrouping,usefulGrouping
Mandatory,good,average,good,1,26861197,0,,awesome,5,SPAN001,"One of the more quirky teachers. Jokes around a lot in class, which made it more interesting and more fun. His teaching was simple and by the textbook. For the classmates that skipped, not quite sure how they did overall, but he definitely showed concern for them.",08/03/2016,3.0,3.0,,5,N/A,5.0,5.0,1,Yes,1470262843000,Yes,1040,Yes,,B-,"['Caring', 'Hilarious', 'Participation matters']",people,person
Mandatory,average,poor,average,0,26365189,0,,good,3,SPN01,"Elem Span 1. He's an easy grader and explains topics pretty clearly. A lot of outside-of-class work that's a waste of time, but that's a department issue and no fault of Klatt's. Easy grader and extremely quirky guy. He'll quiz you about your life outside of class and bring it up weeks later. Really funny and lets the class take a life of its own.",04/24/2016,1.0,1.0,,4,N/A,3.5,3.5,1,Yes,1461509694000,N/A,1040,Yes,,A,"['Participation matters', 'Gives good feedback', 'Hilarious']",people,people
N/A,good,average,good,0,18553654,0,,awesome,5,SPN124,"I had Andy for two courses, Spanish 1 and for his translation workshop. I love this guy. He's the quirkiest guy I've ever met, and at first it seems as though he may even dislike you. But really, it's his sense of humor and when you get to know him it's fantastic. His workshop was absolutely excellent - I learned a ton. Take a class with him.",05/08/2011,3.0,3.0,,5,Really into it,5.0,5.0,1,Yes,1304873530000,N/A,1040,N/A,,N/A,[],people,people
N/A,good,average,good,0,12801536,0,,awesome,5,SPANI1,"Klatt is awesome! Kind of crazy sometimes and can sometimes poke fun--but he means it in the best way possible. The class is a lot of memorizing of words and stuff, but I had him for AZ (people who've never had spanish before) and I learned a lot.",01/20/2007,2.0,2.0,,5,Really into it,5.0,5.0,1,Yes,1169332565000,N/A,1040,N/A,,N/A,[],people,people
N/A,good,average,good,0,3335662,0,,good,5,SPANISHI,"a little eccentric, perhaps, but a good professor. entertaining, well-paced class time.",02/08/2005,3.0,3.0,,3,Really into it,4.0,4.0,1,N/A,1107880325000,N/A,1040,N/A,,N/A,[],people,people
N/A,good,average,good,0,2774881,0,,awesome,5,SPAN001,he's so awesome! he's so funny and not strict about anything! def take him for spanish!,11/17/2004,2.0,2.0,,5,Low,5.0,5.0,1,N/A,1100732833000,N/A,1040,N/A,,N/A,[],people,people
N/A,good,average,good,0,2601406,0,,awesome,5,SPAN1,Great teacher. Makes learning spanish fun... somehow.  Guides us very well in class.  Weird outbursts of noises and song are not  uncommon from Senor KLATT. One of my all time favorite teachers.,10/27/2004,3.0,3.0,,5,Low,5.0,5.0,1,N/A,1098875837000,N/A,1040,N/A,,N/A,[],people,people
N/A,average,average,average,0,2037432,0,,poor,2,SP02,weird class... weird guy... weird experience.,04/26/2004,3.0,3.0,,2,N/A,2.0,2.0,1,N/A,1083015732000,N/A,1040,N/A,,N/A,[],people,people
N/A,good,good,good,0,865666,0,,good,4,SPN3,"A nice guy, and a good teacher, but he's too much of a hardass to notice that stuff.",04/22/2003,5.0,5.0,,4,N/A,4.0,4.0,1,N/A,1051014326000,N/A,1040,N/A,,N/A,[],people,people
N/A,good,good,good,0,555441,0,,awesome,5,SPN13,"While he can be intimidating, he is very entertaining and concerned about studen",02/10/2003,4.0,4.0,,5,N/A,5.0,5.0,1,N/A,1044920532000,N/A,1040,N/A,,N/A,[],people,people
N/A,average,good,average,0,534872,0,,poor,2,SPAN001,"Makes students  afraid to ask questions,The whole experience was unpleasant",02/02/2003,4.0,4.0,,2,N/A,2.0,2.0,3,N/A,1044205833000,N/A,1040,N/A,,N/A,[],people,people
