attendance,clarityColor,easyColor,helpColor,helpCount,id,notHelpCount,onlineClass,quality,rClarity,rClass,rComments,rDate,rEasy,rEasyString,rErrorMsg,rHelpful,rInterest,rOverall,rOverallString,rStatus,rTextBookUse,rTimestamp,rWouldTakeAgain,sId,takenForCredit,teacher,teacherGrade,teacherRatingTags,unUsefulGrouping,usefulGrouping
Mandatory,good,good,good,0,31172939,0,,awesome,5,MATH70,"Prof. Glaser is incredible. Hands down one of the best professors I have had in 4 years at Tufts. If you do all the homework and study hard from the beginning, it is very possible to get in the A range while learning a ton. MG makes every single lecture interesting and genuinely cares about every single student's success.",12/29/2018,4.0,4.0,,5,N/A,5.0,5.0,1,Yes,1546096108000,Yes,1040,Yes,,A,"['Clear grading criteria', 'Gives good feedback', 'Caring']",people,people
Mandatory,good,good,good,0,31005790,0,,awesome,5,MATH70,"MG is a professor that will know your name even if you don't make an effort to connect with her. She can be brisk and will call you out for not paying attention or knowing what's going on, but she truly cares about teaching her students and works hard to make sure everyone knows what's going on. She also is very accessible in and outside of class.",12/13/2018,4.0,4.0,,5,N/A,5.0,5.0,1,Yes,1544719157000,Yes,1040,Yes,,A+,"[""Skip class? You won't pass."", 'Clear grading criteria', 'Tough grader']",people,people
Mandatory,good,good,good,3,27545906,1,,awesome,5,MATH0070,"She is a very tough grader. However, you can learn a lot from her class, and she is an INCREDIBLE person. Highly recommended, but get ready not to get an A.",12/17/2016,4.0,4.0,,5,N/A,5.0,5.0,1,Yes,1481987264000,Yes,1040,Yes,,N/A,"['Tough grader', 'Gives good feedback', 'Respected']",person,people
Mandatory,good,average,good,3,24866242,0,,awesome,5,DISCRETEMATH,"Professor Glaser is one of the good ones. She seems to be a little over-hyped, but she is definitely a great educator. Spending time in the classroom I really got the sense that she cared about and understood the experience of each one of her students. ",05/19/2015,3.0,3.0,,4,Really into it,4.5,4.5,1,Yes,1432033594000,N/A,1040,Yes,,A,"['Caring', 'Respected', 'Gives good feedback']",people,people
Mandatory,good,poor,good,0,23832065,0,,awesome,5,MATH34,Best professor I have ever had. Knew so much about all of her students even if you never talked to her.,11/17/2014,1.0,1.0,,4,Sorta interested,4.5,4.5,1,Yes,1416243815000,N/A,1040,Yes,,A-,"['Respected', 'Clear grading criteria', 'Inspirational']",people,people
N/A,good,average,good,0,23773737,1,,awesome,4,MATH34,"Really great teacher with a lot of enthusiasm in class.   She really cares and is very passionate about the class.   Great teacher and is very clear in how to do problems and what you need.  She is big on showing you only what you have to do, which is great!",11/09/2014,2.0,2.0,,5,It's my life,4.5,4.5,1,Yes,1415552642000,Yes,1040,Yes,,N/A,['Caring'],person,people
Mandatory,good,average,good,1,23738534,0,,awesome,5,MATH34,"Prof Glaser is one of my favorite professors on campus. I took calc 2 as a requirement and I could not believe how easy she made it. She explains everything clearly, makes herself available. and gets to know her students. All around amazing teacher. I wish she taught more of my classes. Highly recommend her classes.",11/04/2014,3.0,3.0,,5,Sorta interested,5.0,5.0,1,Yes,1415096518000,N/A,1040,Yes,,A,"['Respected', 'Caring', 'Amazing lectures']",people,person
Mandatory,good,average,good,0,23273159,0,,awesome,5,MATH34,"Great teacher!! Any class you need that she is teaching, take it. She really wants you to do well and teaches well. It's easy to pay attention to her and she makes difficult material easier. I really wish I had more classes with her. Textbook is used for HW every other day and you should go to every class. Definitely one of the best teachers here.",05/18/2014,2.0,2.0,,5,Low,5.0,5.0,1,Yes,1400422283000,N/A,1040,N/A,,A,[],people,people
N/A,good,average,good,0,21757204,0,,awesome,5,MATH36,Mary is awesome. The best math professor I have ever had period. She is extremely clear and moves pretty swiftly in her lectures. However you can ALWAYS ask questions and she is always willing to help in office hours. Her test cover the course material. They don't try to trick you in any way but they can be difficult due to the topic covered.,05/14/2013,2.0,2.0,,5,It's my life,5.0,5.0,1,No,1368543917000,N/A,1040,N/A,,N/A,[],people,people
N/A,good,good,good,0,21368645,0,,awesome,5,MATH34,"BEST PROFESSOR EVER. She's amazing, makes all concepts extremely clear, and is always entertaining in class. I would take every class she teaches if I could.",02/26/2013,4.0,4.0,,5,Really into it,5.0,5.0,1,No,1361911530000,N/A,1040,N/A,,N/A,[],people,people
N/A,good,good,good,0,20638096,0,,awesome,5,MATH12,"She's a great professor. If you go to her office hours, she helps you with whatever you need. Always provides useful examples during classtime and takes time to go over homework questions.",09/11/2012,4.0,4.0,,5,Low,5.0,5.0,1,No,1347378589000,N/A,1040,N/A,,N/A,[],people,people
N/A,good,average,good,2,20004383,0,,awesome,5,MATH06,Mary Glaser is the best math teacher I have ever had. She made what was already fairly simple and easy to understand even simpler and easier.,04/05/2012,2.0,2.0,,5,Meh,5.0,5.0,1,Yes,1333645391000,N/A,1040,N/A,,N/A,[],people,people
N/A,good,average,good,0,17736591,0,,awesome,5,MATH13,best teacher i had this semester!  she's down to earth and makes class fly by.  she talks fast but she's explains things clearly.  really really great.,11/06/2010,2.0,2.0,,5,It's my life,5.0,5.0,1,No,1289051507000,N/A,1040,N/A,,N/A,[],people,people
N/A,good,good,good,0,16383088,0,,awesome,5,MATH58,"Extra-mile kind of teacher, who follows up on students outside of class and is quick to give extensions or mid-class breaks when needed.  Also very skilled at making concepts intuitive and easy to understand, and fairly high-energy.  Highly recommend.",11/17/2009,5.0,5.0,,5,It's my life,5.0,5.0,1,Yes,1258465263000,N/A,1040,N/A,,N/A,[],people,people
N/A,good,good,good,0,15399649,0,,awesome,5,MATH0013,"Professor Glaser is wonderful.  She's funny and is able to explain the material in many ways in order to help her students.  She's also very accessible and willing to give extra help.  Gives extra materials that other professors don't offer and prepares students well for exams.  Difficult material, but it would be with any professor.",01/21/2009,4.0,4.0,,5,Really into it,5.0,5.0,1,Yes,1232557357000,N/A,1040,N/A,,N/A,[],people,people
N/A,good,average,good,0,13847568,0,,awesome,5,MATH12,"Glaser is a great professor. She's funny and her explanations are crystal clear. After taking Hahn, she is a breath of fresh air.",12/16/2007,3.0,3.0,,5,Low,5.0,5.0,1,Yes,1197817909000,N/A,1040,N/A,,N/A,[],people,people
N/A,good,average,good,0,12883634,0,,awesome,5,MATH6,Great presence and fun sense of humor. Really accesible and energetic. Taught material through lots of useful examples.,02/25/2007,3.0,3.0,,5,Really into it,5.0,5.0,1,Yes,1172422032000,N/A,1040,N/A,,N/A,[],people,people
N/A,good,average,good,0,12327103,0,,awesome,5,MATH12,"Excellent teacher, really helps the class grasp material",10/28/2006,2.0,2.0,,5,It's my life,5.0,5.0,1,Yes,1162029468000,N/A,1040,N/A,,N/A,[],people,people
N/A,good,average,good,0,11306146,1,,awesome,4,MATH12,"Very nice teacher who explains things very well and always clarifies if you don't get it. Her office hours aren't helpful, but she's surprisingly quick in responding to e-mails, and she's good at that too; a little too enthusiastic about sports in general, which gets annoying quick; tests are fairly easy if you study enough; overall a great teacher",01/05/2006,2.0,2.0,,5,It's my life,4.5,4.5,1,N/A,1136436291000,N/A,1040,N/A,,N/A,[],person,people
N/A,good,average,good,0,11213644,1,,awesome,5,CALC2,"She is the most helpful teacher I have ever had.  I did poorly on the tests but she helped me tons in office hours and after doing well on the final (thanks to her) I finished with a decent grade.  She really cares about her students and wants to see them succeed.  She does move somewhat fast, but otherwise she is an excellent professor.",12/19/2005,2.0,2.0,,5,It's my life,5.0,5.0,1,N/A,1135009694000,N/A,1040,N/A,,N/A,[],person,people
N/A,good,average,good,0,11079613,0,,awesome,5,CALC12,SHe is the best math teacher that I have ever had. She prepares you very well for tests...my class always had the higher average than other classes.,12/07/2005,3.0,3.0,,5,Really into it,5.0,5.0,1,N/A,1133974802000,N/A,1040,N/A,,N/A,[],people,people
Not Mandatory,good,poor,good,0,11063146,0,,awesome,5,MATH11,"she's the best teacher ever! funny as hell, sometimes she gives u the hw solutions, sweet! the review before a test is extremely helpful!!!",12/06/2005,1.0,1.0,,5,It's my life,5.0,5.0,1,N/A,1133864056000,N/A,1040,N/A,,F,[],people,people
N/A,good,average,good,0,10902647,0,,awesome,5,MATH11,"very interesting, very cool teacher. moves quickly yet clearly through material, as stated in a different entry. quirky sense of humor makes class much more interesting. glaser is very enthusiastic in teaching or at least calc. very random, really great teacher",11/14/2005,3.0,3.0,,5,Low,5.0,5.0,1,N/A,1131992028000,N/A,1040,N/A,,N/A,[],people,people
N/A,good,average,good,0,10669082,0,,awesome,5,MATH11,"The best math teacher I have ever had. She moves fast, but in a very clear way. She is the funniest person, and even has her own band!!",10/31/2005,3.0,3.0,,5,It's my life,5.0,5.0,1,N/A,1130768385000,N/A,1040,N/A,,N/A,[],people,people
N/A,good,poor,good,0,10489220,0,,awesome,5,22,"I admit... I didn't frequent this class frequently, but when I did, she was a great teacher.",09/12/2005,1.0,1.0,,4,It's my life,4.5,4.5,1,N/A,1126483260000,N/A,1040,N/A,,N/A,[],people,people
Mandatory,good,average,good,0,10040089,0,,awesome,5,MATH0022,I would take any class taught by P. Glaser again.,07/19/2005,3.0,3.0,,5,Low,5.0,5.0,1,N/A,1121780094000,N/A,1040,N/A,,N/A,[],people,people
N/A,good,average,good,0,3232641,0,,awesome,5,MATH22,"Awesome professor, taught tough material very clearly. Also scores points because she is a sports fan, although she had some sort of internal conflict between the Red Sox and Yankees. Overall a great professor and a decent class.",01/17/2005,3.0,3.0,,5,Sorta interested,5.0,5.0,1,N/A,1105960778000,N/A,1040,N/A,,N/A,[],people,people
N/A,good,average,good,0,3100782,0,,awesome,5,MATH12,"She is a great teacher...clear, interesting explanations, and she is very excited about the material.  Presents it in novel ways.  I bombed this course because I didn't do the homework, so I forgot everything by the final--I wasted the opportunity of having such a great teacher...doh!",12/22/2004,3.0,3.0,,5,Sorta interested,5.0,5.0,1,N/A,1103751573000,N/A,1040,N/A,,N/A,[],people,people
N/A,good,poor,good,0,2260662,0,,awesome,5,MATH12,Having her in 1996 made me want to be a math major.  (Now I'm a math teacher myself!)  She is a smart confident woman and one of the best teachers I've ever had.,06/20/2004,1.0,1.0,,5,N/A,5.0,5.0,1,N/A,1087774881000,N/A,1040,N/A,,N/A,[],people,people
N/A,good,average,good,0,2160574,0,,awesome,5,MATH22,"Great teacher. Clear, concise, and very organized.  Highlights for Children!",05/18/2004,2.0,2.0,,5,N/A,5.0,5.0,1,N/A,1084914440000,N/A,1040,N/A,,N/A,[],people,people
N/A,good,average,good,0,1463373,0,,awesome,5,122246,"Best teacher I've ever had in my life, and best professor in the math department by far. Take any and all classes you can that she teaches! Great advisor too.",12/08/2003,3.0,3.0,,5,N/A,5.0,5.0,1,N/A,1070925254000,N/A,1040,N/A,,N/A,[],people,people
N/A,good,average,good,0,1137488,0,,awesome,5,MATH12,Very clear and helpful.,09/16/2003,3.0,3.0,,5,N/A,5.0,5.0,1,N/A,1063750699000,N/A,1040,N/A,,N/A,[],people,people
N/A,good,average,good,0,1039418,0,,awesome,5,MATH22,"very organized, interesting person in a funny way (sushi earings).",07/07/2003,3.0,3.0,,4,N/A,4.5,4.5,1,N/A,1057567628000,N/A,1040,N/A,,N/A,[],people,people
N/A,good,good,good,0,934464,0,,awesome,5,MATH12,Wonderful teacher.,05/07/2003,4.0,4.0,,5,N/A,5.0,5.0,1,N/A,1052297012000,N/A,1040,N/A,,N/A,[],people,people
N/A,good,average,good,0,885012,0,,awesome,5,MATH12,No Comments,04/25/2003,3.0,3.0,,4,N/A,4.5,4.5,1,N/A,1051277423000,N/A,1040,N/A,,N/A,[],people,people
N/A,good,good,good,0,873685,0,,awesome,5,MATH12,No Comments,04/23/2003,4.0,4.0,,5,N/A,5.0,5.0,1,N/A,1051112430000,N/A,1040,N/A,,N/A,[],people,people
N/A,good,good,good,0,869696,0,,awesome,5,MATH012,No Comments,04/22/2003,4.0,4.0,,5,N/A,5.0,5.0,1,N/A,1051047926000,N/A,1040,N/A,,N/A,[],people,people
N/A,average,average,average,0,864361,0,,average,3,MATH006,No Comments,04/22/2003,2.0,2.0,,2,N/A,2.5,2.5,1,N/A,1050996174000,N/A,1040,N/A,,N/A,[],people,people
N/A,good,average,good,0,831471,0,,awesome,5,LINEARALG,interesting and helpful -- wants students to comprehend material -- fun,04/14/2003,3.0,3.0,,4,N/A,4.5,4.5,1,N/A,1050316679000,N/A,1040,N/A,,N/A,[],people,people
N/A,good,poor,good,0,790746,0,,awesome,5,MATH22,No Comments,04/04/2003,1.0,1.0,,5,N/A,5.0,5.0,1,N/A,1049498976000,N/A,1040,N/A,,N/A,[],people,people
N/A,good,good,good,0,554903,0,,awesome,5,MATH12,eager to help in class and office hours,02/10/2003,4.0,4.0,,5,N/A,5.0,5.0,1,N/A,1044912046000,N/A,1040,N/A,,N/A,[],people,people
N/A,good,good,good,0,549468,0,,awesome,5,MATH12,"she is amazing, she provides just the right amount of theory with examples!",02/07/2003,4.0,4.0,,5,N/A,5.0,5.0,1,N/A,1044639341000,N/A,1040,N/A,,N/A,[],people,people
N/A,good,average,good,0,548688,0,,awesome,5,MATH12,No Comments,02/07/2003,3.0,3.0,,5,N/A,5.0,5.0,1,N/A,1044619389000,N/A,1040,N/A,,N/A,[],people,people
N/A,good,average,good,0,543981,0,,awesome,5,MATH12,No Comments,02/05/2003,3.0,3.0,,5,N/A,5.0,5.0,1,N/A,1044476298000,N/A,1040,N/A,,N/A,[],people,people
N/A,good,good,good,0,543129,0,,awesome,5,MATH22,No Comments,02/05/2003,4.0,4.0,,5,N/A,5.0,5.0,1,N/A,1044459575000,N/A,1040,N/A,,N/A,[],people,people
N/A,good,average,good,0,191984,0,,awesome,5,CALC003,No Comments,04/26/2002,3.0,3.0,,5,N/A,5.0,5.0,1,N/A,1019840827000,N/A,1040,N/A,,N/A,[],people,people
N/A,good,poor,good,0,46057,0,,awesome,5,MATH12,"even tho im not a math major, she made calc fun, and yes it is possible!",10/01/2001,1.0,1.0,,5,N/A,5.0,5.0,1,N/A,1001900386000,N/A,1040,N/A,,A,[],people,people
