attendance,clarityColor,easyColor,helpColor,helpCount,id,notHelpCount,onlineClass,quality,rClarity,rClass,rComments,rDate,rEasy,rEasyString,rErrorMsg,rHelpful,rInterest,rOverall,rOverallString,rStatus,rTextBookUse,rTimestamp,rWouldTakeAgain,sId,takenForCredit,teacher,teacherGrade,teacherRatingTags,unUsefulGrouping,usefulGrouping
N/A,average,good,average,0,30764668,0,,poor,2,ES55,"Very knowledgeable and has excellent, put together powerpoints. Truly the crazy uncle vibe and is all like &quot;I know I'm not supposed to say this&quot; and then says dumb comments. Class itself kinda hard because no one at tufts knows matlab.",11/20/2018,4.0,4.0,,2,N/A,2.0,2.0,1,Yes,1542739084000,No,1040,Yes,,N/A,['Respected'],people,people
N/A,good,good,good,0,11502445,0,,awesome,5,CEE55,"Best professor I've ever had. Is demanding but if you try, will go out of his way to help you. Very supportive of women, in a positive, empowering and non-threatening way.&quot;",02/21/2006,5.0,5.0,,5,Low,5.0,5.0,1,N/A,1140517820000,N/A,1040,N/A,,N/A,[],people,people
N/A,good,good,good,0,3226135,0,,awesome,5,CE103,Great professor. Learned a lot but lots of work. Good sense of humor.,01/15/2005,5.0,5.0,,5,It's my life,5.0,5.0,1,N/A,1105782609000,N/A,1040,N/A,,N/A,[],people,people
N/A,good,good,good,0,3226115,0,,awesome,5,CEE55,"Dedicated, demanding, enthusiastic. Open office hours. Always available. I learned a lot.",01/15/2005,4.0,4.0,,5,Sorta interested,5.0,5.0,1,N/A,1105781784000,N/A,1040,N/A,,N/A,[],people,people
N/A,average,poor,poor,0,1945740,0,,poor,2,EN1,No Comments,04/13/2004,1.0,1.0,,1,N/A,1.5,1.5,1,N/A,1081841156000,N/A,1040,N/A,,N/A,[],people,people
N/A,average,average,average,0,884991,0,,poor,2,EN1,No Comments,04/25/2003,3.0,3.0,,2,N/A,2.0,2.0,1,N/A,1051277190000,N/A,1040,N/A,,N/A,[],people,people
N/A,average,good,good,0,877660,0,,good,3,CEE,"can be moody and condescending, definitley knows his stuff, challenging material, nice guy",04/24/2003,5.0,5.0,,5,N/A,4.0,4.0,1,N/A,1051174733000,N/A,1040,N/A,,N/A,[],people,people
N/A,good,average,average,0,868573,0,,good,4,EN1,No Comments,04/22/2003,2.0,2.0,,3,N/A,3.5,3.5,1,N/A,1051038017000,N/A,1040,N/A,,N/A,[],people,people
N/A,poor,poor,poor,0,856522,0,,awful,1,EN1,"Terrible teacher.  **** to Microsoft. All talk, no teach.  Unagreeable, ****, discriminatory, rude, and moody.",04/20/2003,1.0,1.0,,1,N/A,1.0,1.0,1,N/A,1050801395000,N/A,1040,N/A,,N/A,[],people,people
N/A,good,poor,good,0,790769,0,,awesome,5,EN1,No Comments,04/04/2003,1.0,1.0,,5,N/A,5.0,5.0,1,N/A,1049499417000,N/A,1040,N/A,,N/A,[],people,people
N/A,good,good,good,0,542241,0,,awesome,5,CEE193C,"Very smart, funny, loves his work, will bend over backwards to help.",02/05/2003,4.0,4.0,,5,N/A,5.0,5.0,1,N/A,1044437935000,N/A,1040,N/A,,N/A,[],people,people
