attendance,clarityColor,easyColor,helpColor,helpCount,id,notHelpCount,onlineClass,quality,rClarity,rClass,rComments,rDate,rEasy,rEasyString,rErrorMsg,rHelpful,rInterest,rOverall,rOverallString,rStatus,rTextBookUse,rTimestamp,rWouldTakeAgain,sId,takenForCredit,teacher,teacherGrade,teacherRatingTags,unUsefulGrouping,usefulGrouping
Mandatory,good,good,good,0,31269686,0,,awesome,5,ENG0005,"Attendance is absolutely mandatory, and being on a sports team is not an excuse. I learned this during class that my grade would suffer were to miss class for games. That being said, Marcie seemed like a brilliant teacher and a great person with an expansive lexicon. Just wanted to put out a disclaimer for other athletes or people in clubs, etc.",01/16/2019,4.0,4.0,,5,N/A,5.0,5.0,1,Yes,1547666650000,Yes,1040,No,,N/A,[],people,people
Mandatory,average,good,average,1,25848264,0,,good,3,ENG005,Marcie is a great writer and her feedback is always interesting. She's a very harsh grader but that makes you push yourself harder. Class format is interesting but I don't like how she gives out final grades. Class participation will impact overall grade.,12/30/2015,4.0,4.0,,4,Really into it,3.5,3.5,1,No,1451465319000,N/A,1040,Yes,,B+,"['Participation matters', 'Gives good feedback', 'Tough grader']",people,person
N/A,average,good,average,2,23742023,0,,average,3,ENG005,"She has extremely high expectations and makes you work VERY hard.  You WILL become a better writer but that may come at the expense of a lower grade than you would have anticipated.  The class is very engaging.  However: she very rarely assigns prompts, so it can be difficult to come up with things to write about.  ",11/04/2014,4.0,4.0,,3,Really into it,3.0,3.0,1,No,1415120614000,Yes,1040,Yes,,N/A,"['Gives good feedback', 'Tough grader']",people,people
N/A,good,average,good,1,21734733,1,,good,4,ENG5,"She is a great professor and will definitely help you become a better writer.  However, this class is NOT a grade booster. You'll work really hard and have to be ok with a B.",05/11/2013,3.0,3.0,,4,Really into it,4.0,4.0,1,Yes,1368266367000,N/A,1040,N/A,,N/A,[],person,person
N/A,good,good,good,0,15979539,0,,awesome,4,ENG5,"She knows exactly what she wants from your writing, and won't budge until it looks like she wants it to. It's best to just accept as early as possible that she will have the final say in grades, so you shouldn't be stubborn even if you don't agree with her. That said, she is very helpful and the class is small and fun, but it is NOT an easy A.",06/21/2009,4.0,4.0,,5,It's my life,4.5,4.5,1,No,1245545983000,N/A,1040,N/A,,N/A,[],people,people
N/A,average,good,good,1,15371060,0,,good,3,ENG005,"Marcie gave me extremely valuable advice and her class made me a better writer. I did feel, however, that the semester grade came out of no where, but I think the experience and advice I got out of the class during the semester was worth getting a grade that was a little lower than I was expecting.",01/14/2009,4.0,4.0,,5,It's my life,4.0,4.0,1,No,1231919855000,N/A,1040,N/A,,N/A,[],people,person
N/A,good,average,good,1,15359679,0,,awesome,4,ENG5,"If you care about your work and have a genuine desire to learn something, you will love Marcie and this course!",01/12/2009,3.0,3.0,,5,Really into it,4.5,4.5,1,Yes,1231773478000,N/A,1040,N/A,,N/A,[],people,person
N/A,good,good,good,1,14322638,0,,awesome,5,ENG0005,Marci will not mince words. Her feedback has been invaluable to me; she has an incredible grasp of what works and what doesn't. I am a better writer thanks to her.,04/21/2008,4.0,4.0,,5,Really into it,5.0,5.0,1,No,1208789676000,N/A,1040,N/A,,N/A,[],people,person
N/A,average,poor,average,0,12692772,0,,average,2,ENG6,"She knows what she wants to hear from students, so creativity seems to be ok but lowers your grade,which you don't know till you get it on your transcript. Instead of teaching, she enjoys reading stories and plays favorites. Fairness is not her strength, neither is creative writing! Not a good teacher.Take her if you don't care about your grade.",12/28/2006,1.0,1.0,,3,It's my life,2.5,2.5,1,No,1167317287000,N/A,1040,N/A,,N/A,[],people,people
N/A,average,good,average,0,12668794,1,,poor,3,ENG6,"Worst teacher I've had at Tufts. Unfair grades, unprepared for class and horrible workshop style class.",12/22/2006,4.0,4.0,,1,It's my life,2.0,2.0,1,No,1166782502000,N/A,1040,N/A,,N/A,[],person,people
N/A,average,average,poor,0,11569178,1,,poor,2,FICTIONWRITING,"She loves creative writing and is good at it. Her creativity is amazing, but she cannot convey it to her students. Her demands are not related to what she teaches and her end-of-the-semester-surprise grades have nothing to do with the body of writing produced, it's based on sympathy. Watch out!",03/13/2006,2.0,2.0,,1,It's my life,1.5,1.5,1,N/A,1142288341000,N/A,1040,N/A,,N/A,[],person,people
N/A,average,average,average,1,2112611,0,,good,3,CREATIVEW,Very fun class. Captivating stereotypical English professor. Wish there was more writing and less editing of other people's weird stories.,05/09/2004,3.0,3.0,,4,N/A,3.5,3.5,1,N/A,1084060813000,N/A,1040,N/A,,N/A,[],people,person
N/A,good,good,good,1,2028989,0,,awesome,5,ENG6,"An intense class, but I learned a lot about writing.  She really knows what she's talking about, and is very helpful.",04/25/2004,4.0,4.0,,4,N/A,4.5,4.5,3,N/A,1082911985000,N/A,1040,N/A,,N/A,[],people,person
N/A,good,average,good,1,975900,0,,awesome,4,ENG5,"The assignments, games and stories we had in class were excellent in inspiring good writing.  Also, she was personally very encouraging and helpful.",05/21/2003,3.0,3.0,,5,N/A,4.5,4.5,1,N/A,1053526128000,N/A,1040,N/A,,N/A,[],people,person
N/A,good,average,good,1,70650,0,,good,4,CREATIVEW,Fun class!,12/13/2001,3.0,3.0,,4,N/A,4.0,4.0,1,N/A,1008254210000,N/A,1040,N/A,,N/A,[],people,person
