attendance,clarityColor,easyColor,helpColor,helpCount,id,notHelpCount,onlineClass,quality,rClarity,rClass,rComments,rDate,rEasy,rEasyString,rErrorMsg,rHelpful,rInterest,rOverall,rOverallString,rStatus,rTextBookUse,rTimestamp,rWouldTakeAgain,sId,takenForCredit,teacher,teacherGrade,teacherRatingTags,unUsefulGrouping,usefulGrouping
Mandatory,poor,poor,poor,1,29565065,2,,awful,1,ELS105,"I am several years removed, but I am still amazed at how Mr. Derby, who consistently exaggerates his success, garners so much adulation at Tufts. He is certainly not a tremendous business success, which I have confirmed and am happy to share my findings. Perhaps the better question- why is he gloating instead of teaching?",02/14/2018,1.0,1.0,,1,N/A,1.0,1.0,1,No,1518605905000,No,1040,No,,N/A,[],people,person
Mandatory,good,average,good,1,27140749,1,,awesome,5,ELS105,"There's a reason Jack Derby has Twice been Tufts University teacher of the year. He cares so much about his students and is willing to commit so much time to see them succeed in life. His whole mojo is that he trains his students to take high paying jobs,  and he's incredibly committed to making that happen. Not just a great teacher, a great person",11/07/2016,3.0,3.0,,5,N/A,5.0,5.0,1,No,1478512810000,Yes,1040,Yes,,N/A,"['Amazing lectures', 'Caring', 'Inspirational']",person,person
Mandatory,average,good,average,1,25992553,1,,good,2,ELS105,I never understood how does he juggle it all. He always emails back right away.,01/25/2016,4.0,4.0,,5,Really into it,3.5,3.5,1,Yes,1453762589000,N/A,1040,Yes,,B+,['Caring'],person,person
N/A,good,good,good,0,22762481,4,,awesome,5,ELS105,"Awesome professor who makes himself available to all students. He's a smart guy and gives students the opportunity to work with a company all semester. No marketing experience before the class, but came out knowing so much more!",01/16/2014,4.0,4.0,,5,Sorta interested,5.0,5.0,1,No,1389893038000,N/A,1040,N/A,,N/A,[],people,people
N/A,good,good,good,0,18877939,2,,awesome,5,ELS105,"this class was the bomb, best class ive taken at tufts",08/03/2011,4.0,4.0,,5,It's my life,5.0,5.0,1,No,1312365178000,N/A,1040,N/A,,N/A,[],people,people
N/A,good,good,good,0,16479001,3,,awesome,4,ELS105,"Best class at Tufts.  The class works in small teams and does marketing for actual entrepreneurial companies, so although there's a lot of work to be done, it's an incredible opportunity and a great experience.",12/06/2009,4.0,4.0,,5,Really into it,4.5,4.5,1,Yes,1260073681000,N/A,1040,N/A,,N/A,[],people,people
N/A,good,good,good,1,16194237,1,,awesome,4,ELS105,"Professor Derby's marketing class was a lot of fun, but also a lot of work. It was scary to hear what our project was going to be at the beginning of the semester but ended up being fun and interesting. The class gave me some experience dealing with people in the corporate world. Also, Professor Derby will try and help any student in any situation",09/18/2009,4.0,4.0,,5,Sorta interested,4.5,4.5,1,No,1253272639000,N/A,1040,N/A,,N/A,[],person,person
N/A,good,good,good,1,14364534,1,,awesome,5,ELS105,Hands on experience working with real companies was helpful,04/28/2008,4.0,4.0,,5,It's my life,5.0,5.0,1,No,1209426524000,N/A,1040,N/A,,N/A,[],person,person
N/A,good,average,good,1,14361184,2,,awesome,5,ELS105,Jack is one of the best professors at Tufts. His classes are engaging and stimulating. He treats you as if you are his business partner and priortizes your learning as such. The experience of working with a real company for the final marketing project is invaluable. Take the class!,04/28/2008,3.0,3.0,,5,Really into it,5.0,5.0,1,Yes,1209397268000,N/A,1040,N/A,,N/A,[],people,person
N/A,good,good,good,0,14356971,1,,awesome,4,ELS105,"The class that Professor Derby has set up is the most unique experience that I have been a part of in my college career. You work in groups with real companies and solve sales and marketing issues that potentially make real impact in the lives of those companies. The companies are clients of Derby's management business, So its a win-win all around.",04/27/2008,5.0,5.0,,5,Low,4.5,4.5,1,No,1209324473000,N/A,1040,N/A,,N/A,[],person,people
N/A,good,good,good,0,14356425,1,,awesome,5,ELS1,"Prof. Derby truly cares about the progress of his students and  effectively creates an environment that resembles &quot;real world&quot; senarios. This is the most beneficial class I've taken at Tufts for a future career in business/finance and &quot;is a business course.&quot; If you want to engage with real companies and management while still in college, take it.",04/27/2008,4.0,4.0,,5,It's my life,5.0,5.0,1,Yes,1209315631000,N/A,1040,N/A,,N/A,[],person,people
N/A,poor,average,poor,2,13996154,5,,awful,1,ELS105,Marketing use to be known as one of the best classes of minor until Professor Derby began teaching. Now the class is just boring and filled with unnecessary lectures that go on with no point. Stay away from Professor Derby and only hope ELS department does the right thing and remove him from the ELS department before you need to take this class.,01/14/2008,3.0,3.0,,1,Really into it,1.0,1.0,1,No,1200319615000,N/A,1040,N/A,,N/A,[],people,people
