attendance,clarityColor,easyColor,helpColor,helpCount,id,notHelpCount,onlineClass,quality,rClarity,rClass,rComments,rDate,rEasy,rEasyString,rErrorMsg,rHelpful,rInterest,rOverall,rOverallString,rStatus,rTextBookUse,rTimestamp,rWouldTakeAgain,sId,takenForCredit,teacher,teacherGrade,teacherRatingTags,unUsefulGrouping,usefulGrouping
Not Mandatory,poor,good,poor,2,22360623,0,,awful,1,IHE,"SHE IS REALLY A BAD TEACHER, SHE ALWAYS MAKES EVERYTHING HARDER!!",11/20/2013,5.0,5.0,,1,Meh,1.0,1.0,1,No,1384986885000,N/A,1040,N/A,,D-,[],people,people
N/A,average,average,average,0,14030034,0,,average,3,ENP61,She's really not that bad at all...her lectures get a little boring and the projects are usually very unclear..but the problem sets are not insanely difficult and the tests are pretty easy too.,01/22/2008,2.0,2.0,,3,Really into it,3.0,3.0,1,No,1201013657000,N/A,1040,N/A,,N/A,[],people,people
N/A,average,average,average,0,13689777,1,,average,3,ENP61,"Really, Prof. Cao isn't as bad as everyone makes her sound. Yes, classes are boring, straight from a powerpoint. But they lectures are structured and she knows a ton about human factors. However, she doesn't have enough time to plan out projects, so they're a little lacking/confusing. But ENP 61 isn't too bad overall, plus it's pretty easy.",11/21/2007,2.0,2.0,,2,Really into it,2.5,2.5,1,Yes,1195676757000,N/A,1040,N/A,,N/A,[],person,people
N/A,poor,average,poor,3,12095782,0,,awful,1,ENP61,This guy has no idea what she is talking about. The class became students teaching themselves. I can't help wondering how she can be still here and get funding. Really somthing amazing in academia.,07/21/2006,3.0,3.0,,1,Really into it,1.0,1.0,1,N/A,1153499224000,N/A,1040,N/A,,N/A,[],people,people
N/A,poor,good,poor,2,11124098,0,,awful,1,BIOMECHANICS,"This course didn't have many tricky concepts, but when there were questions, she didn't seem to know the answers.  It seemed like lectures were hastily prepared and she really didn't care about teaching.  When we went over a lengthy problem on the midterm, she kept messing up, showing us that she didn't even know how to do the work she assigned.",12/12/2005,4.0,4.0,,1,Sorta interested,1.0,1.0,1,N/A,1134377892000,N/A,1040,N/A,,N/A,[],people,people
N/A,poor,good,poor,2,10790777,0,,awful,1,ENP61ENP162,"Tries to pawn of a cognitive/industrial psychology curriculum as Human Factors.  Maybe that worked in Canada, but not here.  Does not belong in the Mechanical Engineering department.",10/19/2005,4.0,4.0,,1,Low,1.0,1.0,1,N/A,1129727337000,N/A,1040,N/A,,N/A,[],people,people
N/A,poor,average,poor,1,3807769,0,,awful,1,ME137,Poor teacher - she was more confused about class content than our class.  Has no basic understanding of how a college class should be conducted.,05/07/2005,2.0,2.0,,1,It's my life,1.0,1.0,1,N/A,1115467633000,N/A,1040,N/A,,N/A,[],people,person
N/A,poor,average,poor,1,2314869,0,,poor,1,ENP61,"Turned me off from minoring in human factors,.  Though she tried to be helpful and flexible, it really didn't make things any more understandable.  Don't take a class with her unless you have to.",07/14/2004,2.0,2.0,,2,N/A,1.5,1.5,1,N/A,1089800803000,N/A,1040,N/A,,N/A,[],people,person
N/A,poor,poor,average,0,1349494,0,,poor,1,ENP61,fairly easy class; just act confused and lost (which you probably will be) and she's usually accommodating. she moved our midterm exam to our final exam date (almost a month later) and pushed our project due date back one week.,11/18/2003,1.0,1.0,,3,N/A,2.0,2.0,1,N/A,1069175596000,N/A,1040,N/A,,N/A,[],people,people
N/A,poor,average,poor,1,1345834,0,,poor,1,ENP61,"unless you really think you're into human factors, STAY AWAY. fell into this class as an elective...should have dropped...IMMEDIATELY.",11/18/2003,3.0,3.0,,2,N/A,1.5,1.5,1,N/A,1069151746000,N/A,1040,N/A,,N/A,[],people,person
N/A,poor,average,poor,1,866002,0,,awful,1,ENP162,"This professor is malicious, ignorant, and completely awful to work with. Her teaching skills are poor and very inadequate for such a high caliber school like Tufts. I hope I never have an encounter with her again.",04/22/2003,3.0,3.0,,1,N/A,1.0,1.0,1,N/A,1051016985000,N/A,1040,N/A,,N/A,[],people,person
N/A,poor,average,poor,1,865987,0,,awful,1,ENP161,"boring class, bad lecturer, not useful",04/22/2003,3.0,3.0,,1,N/A,1.0,1.0,1,N/A,1051016908000,N/A,1040,N/A,,N/A,[],people,person
N/A,average,good,average,0,865413,0,,average,3,ENP61,No Comments,04/22/2003,4.0,4.0,,2,N/A,2.5,2.5,1,N/A,1051012304000,N/A,1040,N/A,,N/A,[],people,people
