attendance,clarityColor,easyColor,helpColor,helpCount,id,notHelpCount,onlineClass,quality,rClarity,rClass,rComments,rDate,rEasy,rEasyString,rErrorMsg,rHelpful,rInterest,rOverall,rOverallString,rStatus,rTextBookUse,rTimestamp,rWouldTakeAgain,sId,takenForCredit,teacher,teacherGrade,teacherRatingTags,unUsefulGrouping,usefulGrouping
Mandatory,average,average,average,6,26038752,0,,poor,2,ENG176,"Hated the class.  Ammons constantly shuts down and interrupts students who disagree with her point of view, and basically uses the class to push a political agenda rather than teaching.  She only assigns readings that agree with her point of  view and never opens anything up for true debate or discussion.  The class was useless and a waste of time",02/08/2016,2.0,2.0,,2,Sorta interested,2.0,2.0,1,Yes,1454950734000,N/A,1040,Yes,,N/A,"[""Skip class? You won't pass.""]",people,people
Mandatory,good,average,good,0,25743276,0,,awesome,5,ENG176,"If you want your perspective on the world to be changed, take this class.  If you're a hardcore STEM person, I would not encourage you to take this class. Ammons is beyond amazing, she just takes a very strongly left-leaning view on the topics.",12/17/2015,2.0,2.0,,5,Really into it,5.0,5.0,1,Yes,1450358045000,N/A,1040,Yes,,N/A,"['Get ready to read', 'Participation matters', 'Inspirational']",people,people
Mandatory,good,average,good,0,25709243,2,,awesome,4,ENV176,Cried literal tears after my class with Ammons ended. Take Earth Matters. Now. Yesterday. Whenever. Just take it.,12/15/2015,3.0,3.0,,5,It's my life,4.5,4.5,1,No,1450201394000,N/A,1040,Yes,,A,"['Respected', 'Inspirational', 'Participation matters']",people,people
N/A,good,average,good,0,20720560,0,,awesome,5,ENG23,"American Lit to 1855. FIELD TRIPS! For a lit class, she didn't assign an unreasonable amount of work. Prof. Ammons made the class interesting instead of just lecturing at us everyday. The major paper assignments were more creative than the usual empirical essays. Smart and reasonable prof.",10/21/2012,3.0,3.0,,5,It's my life,5.0,5.0,1,Yes,1350825262000,N/A,1040,N/A,,N/A,[],people,people
N/A,good,average,good,0,18849015,0,,awesome,5,ENG154,Ammons is greatly enthusiastic about the class. She also does her best to make the material easy for her students. I highly recommend taking American Indian Writers with her. There's a final exam and a research paper plus weekly journals. Very straightforward.,07/25/2011,2.0,2.0,,5,Really into it,5.0,5.0,1,Yes,1311610713000,N/A,1040,N/A,,N/A,[],people,people
N/A,good,average,good,0,18532107,0,,awesome,5,ENG154,I have never had a professor who cared so much about inspiring me and guiding my work to be the best it could be.  She has helped me to be an active thinker and to push me in the direction of broadening my perception of the American canon.,05/05/2011,3.0,3.0,,5,Sorta interested,5.0,5.0,1,No,1304587945000,N/A,1040,N/A,,N/A,[],people,people
N/A,good,average,good,0,15030733,0,,awesome,5,ENG91,"AMAZING professor! Intelligent, kind, and genuinely concerned with her students' progress. The class was interesting, inspirational, and really opened my mind to a lot of new ideas. One of the best courses/professors at Tufts.",11/19/2008,2.0,2.0,,5,It's my life,5.0,5.0,1,Yes,1227136145000,N/A,1040,N/A,,N/A,[],people,people
N/A,good,average,average,0,14195496,0,,good,4,ENG153,"Very intelligent woman and interesting lecturer, however has a tendency to bring EVERYTHING back to race which limits class discussion and papers. Also needs to check her personal politics at the door. But she does a great job of relating 19th century texts to today, eye-opening and overall worthwhile course.",03/24/2008,3.0,3.0,,3,Really into it,3.5,3.5,1,Yes,1206374719000,N/A,1040,N/A,,N/A,[],people,people
N/A,good,average,good,0,12358980,0,,awesome,5,REALIENGL,"The BEST! If you love English and the humanities take this class. Fun, discussion based, intellectual, and not too difficult. Ammons is the best professor I have had at Tufts. She is amazing!!!",11/04/2006,3.0,3.0,,5,It's my life,5.0,5.0,1,Yes,1162645585000,N/A,1040,N/A,,N/A,[],people,people
N/A,good,average,good,0,3639672,0,,awesome,5,ENG148,"the greatest professor at tufts.  sincere, articulate, challenging proponent of social activism.  brings snacks to class and writes exclamation points and smilies all over papers...a sheer joy!",04/15/2005,2.0,2.0,,5,Really into it,5.0,5.0,1,N/A,1113604396000,N/A,1040,N/A,,N/A,[],people,people
N/A,average,average,average,0,3325847,0,,poor,3,GRAD,I came to her for help and found her more interested in her own literary focus than on helping me to build a useful orals list.,02/05/2005,3.0,3.0,,1,Sorta interested,2.0,2.0,3,N/A,1107607685000,N/A,1040,N/A,,N/A,[],people,people
N/A,good,good,good,0,2017324,0,,awesome,5,ENG145,"Probably one of the best professors I have had. So intelligent and helpful, both inside and out of class",04/22/2004,4.0,4.0,,5,N/A,5.0,5.0,1,N/A,1082674116000,N/A,1040,N/A,,N/A,[],people,people
N/A,good,average,good,0,2007165,0,,awesome,5,ENG145,"She is incredibly intelligent, enthusiastic and very concerned with her students' progress and getting them engaged with the material. She teaches us not only english as it relates to the literary aesthetic, but also to our own lives now in 2004. AMAZING!",04/21/2004,3.0,3.0,,5,N/A,5.0,5.0,1,N/A,1082576000000,N/A,1040,N/A,,N/A,[],people,people
N/A,average,average,average,0,1036993,0,,poor,3,ENG,"Should keep her politics to herself, unless she's going to be tolerant of alternative views.",07/04/2003,3.0,3.0,,1,N/A,2.0,2.0,3,N/A,1057280938000,N/A,1040,N/A,,N/A,[],people,people
N/A,good,good,good,0,762807,0,,awesome,5,ENG148,"very political, but also very open-minded. she's an incredible social and political critic. incredibly well-read.",03/30/2003,4.0,4.0,,5,N/A,5.0,5.0,1,N/A,1049024268000,N/A,1040,N/A,,N/A,[],people,people
N/A,good,average,good,0,553124,0,,awesome,4,ENG192,"Great professor, great class and extremely helpful",02/09/2003,3.0,3.0,,5,N/A,4.5,4.5,1,N/A,1044832039000,N/A,1040,N/A,,N/A,[],people,people
