attendance,clarityColor,easyColor,helpColor,helpCount,id,notHelpCount,onlineClass,quality,rClarity,rClass,rComments,rDate,rEasy,rEasyString,rErrorMsg,rHelpful,rInterest,rOverall,rOverallString,rStatus,rTextBookUse,rTimestamp,rWouldTakeAgain,sId,takenForCredit,teacher,teacherGrade,teacherRatingTags,unUsefulGrouping,usefulGrouping
Mandatory,good,average,good,0,31382414,0,,good,4,RUS21,Professor Johnson was my favorite Russian teacher at Tufts. Her method of teaching through discussion and partner work helped me improve my Russian more than I thought was possible and I became more confident in my skills as a result. She really cares about helping students understand and learn the language. I wish Vida taught all Russian classes.,02/26/2019,3.0,3.0,,4,N/A,4.0,4.0,1,Yes,1551155446000,Yes,1040,Yes,,A,"['Respected', 'Inspirational', 'Caring']",people,people
N/A,good,average,good,0,16306327,0,,good,4,RUS091,"Wonderful woman.  Knows an incredible amount about the subject matter, has written lots of published work about it and knows many of the people who directed/produced/starred in the films she screens.  However, if you're not interested in the topic you might find yourself bored in the class sometimes.  Overall, great teacher.",11/03/2009,3.0,3.0,,4,Meh,4.0,4.0,1,No,1257258823000,N/A,1040,N/A,,N/A,[],people,people
N/A,good,poor,good,0,16269553,0,,awesome,5,RUS80,"Vida is the best! TAKE HER CLASS. You will learn so much, eat animal crackers and wish she was your very own sweet Slavic grandmother",10/24/2009,1.0,1.0,,5,Sorta interested,5.0,5.0,1,No,1256418559000,N/A,1040,N/A,,N/A,[],people,people
N/A,good,average,good,0,15371591,0,,awesome,5,RUS091,"Prof. Johnson is very nice as long as you come to class. She brings snacks every day, and she has a ridiculous amount of knowledge on the subject so I learned a lot. Lots of great films, some not so good, but great class overall. You have to keep a film journal and write a paper for the midterm. The textbook (Understanding Movies) is not necessary.",01/14/2009,2.0,2.0,,5,Really into it,5.0,5.0,1,No,1231932198000,N/A,1040,N/A,,N/A,[],people,people
N/A,good,average,good,0,14328554,0,,awesome,5,RUS80,Vida is amazing take her Russian Film course and have a great time discussing movies you will most likely be viewing for the first time. Very interesting and Vida always has something worthwhile to add without stifling the class discussion...,04/22/2008,3.0,3.0,,5,Sorta interested,5.0,5.0,1,No,1208873038000,N/A,1040,N/A,,N/A,[],people,people
