attendance,clarityColor,easyColor,helpColor,helpCount,id,notHelpCount,onlineClass,quality,rClarity,rClass,rComments,rDate,rEasy,rEasyString,rErrorMsg,rHelpful,rInterest,rOverall,rOverallString,rStatus,rTextBookUse,rTimestamp,rWouldTakeAgain,sId,takenForCredit,teacher,teacherGrade,teacherRatingTags,unUsefulGrouping,usefulGrouping
N/A,good,average,good,0,27749978,0,,good,4,ENV0007,Professor Colvard is a nice man and a helpful professor. He held office hours and was quick to answer emails. He's a speedy lecturer which can make note taking hard but he always uploads the pdf slides later so it doesn't really matter. We had three exams which sometimes help oddly specific or broad questions. If you study the terms you'll do fine.,01/18/2017,2.0,2.0,,4,N/A,4.0,4.0,1,No,1484757647000,Yes,1040,Yes,,A,"['Accessible outside class', 'Group projects', 'Lecture heavy']",people,people
Not Mandatory,average,good,average,0,27659830,0,,poor,2,BIO007,"Would not recommend. This class is  based on lectures, which then are used to formulate the three exams (in addition to a group project and participation).  Though Professor Colvard is a caring individual, the structure of his class is conducive to a dull atmosphere. Dreadful group projects. No fun and wish I would have known. Time Machine, please?",01/03/2017,4.0,4.0,,2,N/A,2.0,2.0,1,No,1483402613000,No,1040,Yes,,B+,"['Test heavy', 'Lecture heavy', 'Group projects']",people,people
Not Mandatory,average,average,average,1,27554771,0,,poor,2,BIO007,"If you're looking to fulfill a science distribution requirement, look elsewhere. Extremely dry lectures are followed by exams that are more about rote memorization than actual learning. The group project isn't terribly difficult, but it was more time-intensive than I expected it to be. Overall, this class is doable but disappointing.",12/18/2016,3.0,3.0,,2,N/A,2.0,2.0,1,No,1482070286000,No,1040,Yes,,N/A,"['Lecture heavy', 'Group projects']",people,person
Mandatory,poor,average,poor,0,27456448,0,,awful,1,BIO07,Absolutely terrible professor. Exams are heavily based on obscure facts from his poorly written lecture slides. Wildly inconsistent exams- my grade on exam 1 was an A and my grade on the second was a D. Many lecture slides are lifted word for word from Wikipedia. Unless you have your heart set on environmental studies- don't take this class.,12/12/2016,2.0,2.0,,1,N/A,1.0,1.0,1,No,1481578662000,No,1040,Yes,,A,['Group projects'],people,people
N/A,average,poor,average,0,27435967,2,,poor,2,BIO7,"Dry, uninspirational. The ""learning"" is very facts based (i.e.: no learning, not connected). He doesn't back up a lot of the things he says, leaving me to question some of the very arbitrary categories that we need to know, e.g.: there are 5 ""something something"" (e.g: pollutants), and there 3 sources of pollution. Sad, sad, class :(",12/11/2016,1.0,1.0,,2,N/A,2.0,2.0,1,No,1481486377000,No,1040,Yes,,N/A,['Group projects'],people,people
