attendance,clarityColor,easyColor,helpColor,helpCount,id,notHelpCount,onlineClass,quality,rClarity,rClass,rComments,rDate,rEasy,rEasyString,rErrorMsg,rHelpful,rInterest,rOverall,rOverallString,rStatus,rTextBookUse,rTimestamp,rWouldTakeAgain,sId,takenForCredit,teacher,teacherGrade,teacherRatingTags,unUsefulGrouping,usefulGrouping
Mandatory,good,good,good,0,31697631,1,,awesome,5,HIST183,"Dr. Jalal is a fantastic professor! She gives excellent feedback, is accessible outside of class and her lectures and personal knowledge are not only amazing but also inspirational. If you are lucky enough to take her class you should do it. If I could have taken more classes with her I would have. It is somewhat difficult. But definitely worth it!",04/28/2019,4.0,4.0,,5,N/A,5.0,5.0,1,Yes,1556463702000,Yes,1040,Yes,,N/A,"['Gives good feedback', 'Respected', 'Accessible outside class']",person,people
Mandatory,good,good,good,0,30762203,0,,awesome,5,HIST183,"Thoroughly tough but fair grader, course and her ethic is demanding but definitely worth the effort and the time for those willing to learn.",11/20/2018,4.0,4.0,,5,N/A,5.0,5.0,1,No,1542718588000,Yes,1040,Yes,,A,"['Respected', 'Get ready to read']",people,people
Mandatory,good,good,good,0,30664373,0,,awesome,5,SOUTHASIA100,Great professor. Has changed my outlook and view of South Asia and will be always indebted to her.,11/05/2018,4.0,4.0,,5,N/A,5.0,5.0,1,Yes,1541453790000,Yes,1040,Yes,,A,"['Inspirational', 'Amazing lectures', 'Respected']",people,people
Mandatory,good,good,good,0,29293025,0,,awesome,5,HIST175,"Professor Jalal is an expert on South Asia. This class was the &quot;Islam and the West&quot; seminar, and you could definitely feel her superiority in class as she talked. She's very respected and can be a little intimidating sometimes, but overall she's not a very tough grader. She has high expectations for her students but she's very sweet.",12/20/2017,4.0,4.0,,5,N/A,5.0,5.0,1,No,1513782869000,Yes,1040,Yes,,B+,"['Inspirational', 'Gives good feedback', 'Respected']",people,people
Not Mandatory,good,poor,good,0,23533160,0,,awesome,5,SOUTHASIA100,Extremely helpful and knowledgeable professor,08/16/2014,1.0,1.0,,5,Sorta interested,5.0,5.0,1,Yes,1408169849000,N/A,1040,N/A,,B,[],people,people
N/A,good,average,good,0,17754520,0,,awesome,4,HIST46,"Professor Jalal knows just about everything you could ever possibly want to know about South Asia. Her unprecedented knowledge of the subject makes her very intimidating, but she's SUPER approachable, and the workload is not difficult (as long as you read the text, which she wrote). Incredible prof. Cares so much about her students.",11/11/2010,3.0,3.0,,5,Sorta interested,4.5,4.5,1,Yes,1289485678000,N/A,1040,N/A,,N/A,[],people,people
N/A,average,good,average,0,16634062,0,,good,2,HIST51,"The readings are intense, but are basically exactly what she says in class. Attendance is not necessary, but it's good if she knows your name, probably will help your grade (some is made of class participation). Very difficult to get an A, probable B. I'd recommend it if you're interested in learning about South Asia, but for an easy credit, not.",12/23/2009,5.0,5.0,,5,Really into it,3.5,3.5,1,Yes,1261608644000,N/A,1040,N/A,,N/A,[],people,people
N/A,average,average,average,0,16381061,0,,average,2,HIST46,"She's really well read in the field and knows what she's talking about, but can be slightly esoteric in her lectures-read the main text book, so you can follow her in class. Don't be overwhelmed by all the other readings she'll assign, b/c her tests aren't that bad. If you're interested in the region or in history I would definitely recommend it!",11/17/2009,3.0,3.0,,3,Really into it,2.5,2.5,1,Yes,1258425137000,N/A,1040,N/A,,N/A,[],people,people
N/A,good,good,good,1,14915905,0,,good,4,HIST0051,"One of the most brilliant professors I have ever had, she is extremely knowledgeable about her subject (South Asia). Lectures are both fascinating and difficult, but are easier if you do the reading on time. I highly recommend this class. I am not a history major, but I strongly recommend taking South Asia 1000-2000 at some point while at Tufts.",10/29/2008,5.0,5.0,,4,Sorta interested,4.0,4.0,1,Yes,1225304680000,N/A,1040,N/A,,N/A,[],people,person
N/A,good,average,average,0,13691998,0,,good,4,HIST183,"This woman is probably the most well-rounded scholar on South Asia in the United States. Classes are pretty interesting yet intense. Her workload is quite demanding: 200 pages of reading per week, weekly critiques/essays of readings, final paper presentation and a 25 page paper. Highly Recommended.",11/22/2007,3.0,3.0,,3,Really into it,3.5,3.5,1,Yes,1195766311000,N/A,1040,N/A,,N/A,[],people,people
N/A,good,average,average,0,1676193,0,,good,4,HIST,Very intelligent lady. Expects you to be too.,02/02/2004,3.0,3.0,,3,N/A,3.5,3.5,1,N/A,1075722485000,N/A,1040,N/A,,N/A,[],people,people
N/A,good,average,good,0,1550472,0,,good,4,HIST51,"Convoluted lectures, but overall a relatively fair grader.",12/23/2003,3.0,3.0,,4,N/A,4.0,4.0,1,N/A,1072201355000,N/A,1040,N/A,,N/A,[],people,people
N/A,poor,average,poor,0,865026,0,,awful,1,HIS51,No Comments,04/22/2003,3.0,3.0,,1,N/A,1.0,1.0,1,N/A,1051009016000,N/A,1040,N/A,,N/A,[],people,people
