attendance,clarityColor,easyColor,helpColor,helpCount,id,notHelpCount,onlineClass,quality,rClarity,rClass,rComments,rDate,rEasy,rEasyString,rErrorMsg,rHelpful,rInterest,rOverall,rOverallString,rStatus,rTextBookUse,rTimestamp,rWouldTakeAgain,sId,takenForCredit,teacher,teacherGrade,teacherRatingTags,unUsefulGrouping,usefulGrouping
Mandatory,good,average,good,0,26960897,0,,awesome,5,CD51,"Truly an amazing professor teaching a fantastic class! Take this class! There is a good amount of reading, but it is so worth it and even if you don't do all the reading, pay attention in class because Prof. Feldman's words are gold. He is such a respected and leading figure in the field and he is so passionate about what he is teaching - amazing!",09/07/2016,2.0,2.0,,5,N/A,5.0,5.0,1,Yes,1473288874000,Yes,1040,Yes,,N/A,"['Caring', 'Inspirational']",people,people
N/A,average,average,average,1,21849435,1,,average,2,CD51,"Professor Feldman is really a great person, he is very eager to help students understand material and is enthusiastic about course material. His lectures can be somewhat confusing, but he is good at highlighting key points. Tests are essay format but are given out in advance. To get an A you must get about a 95, but it's completely doable.",05/31/2013,2.0,2.0,,4,Really into it,3.0,3.0,1,Yes,1370006059000,N/A,1040,N/A,,N/A,[],person,person
N/A,average,poor,good,0,19757652,0,,good,3,CD51,I went to less than 50% of lectures and got an A. TAs are an amazing resource and outline everything you need to write on the tests. DHFeldman takes himself so seriously and I didn't realize until the last theory that he is a really big deal. I loved his book/ideas  and have a lot of respect for him. He has a lot of respect for students as well.,01/22/2012,1.0,1.0,,5,Really into it,4.0,4.0,1,No,1327242062000,N/A,1040,N/A,,N/A,[],people,people
N/A,average,average,average,0,19755823,0,,good,3,CD151,"Great class in the sense that you're required to go out and learn a new skill (i.e., swimming, ASL, juggling), which is really cool. It is a TON of work to do journal entries every week, and it's easy to forget to do them. He IS a bit long-winded, which is frustrating at times, but he's brilliant and really nice. He wants to help his students, too.",01/21/2012,3.0,3.0,,4,Really into it,3.5,3.5,1,No,1327163646000,N/A,1040,N/A,,N/A,[],people,people
N/A,poor,average,poor,0,18504198,0,,awful,1,CD51,"Feldman does not lecture, he rambles. Time taken going to lecture would be better spent staying home and (perhaps) reading the material instead. Work: An 8 week project (3hrs expected weekly work, written Journal entry each week, Ending with a 10-15 page paper), 2 essay quizzes, an essay final. Let me save you the trouble: Don't take this course.",05/01/2011,2.0,2.0,,1,Really into it,1.0,1.0,1,Yes,1304290405000,N/A,1040,N/A,,N/A,[],people,people
N/A,good,average,good,0,18399975,0,,awesome,4,CD158,"I loved Feldman! He's such a good resource, and he's one of the most knowledgeable professors we have. Brilliant guy. Talk to him and get to know him, because he really wants his students to succeed!",04/13/2011,3.0,3.0,,5,It's my life,4.5,4.5,1,No,1302653900000,N/A,1040,N/A,,N/A,[],people,people
N/A,average,poor,average,0,18397788,0,,good,3,CD51,"Feldman is SO adorable. He absolutely LOVES what he does and has so many interesting stories about his experience in the field. He can talk in circles sometimes (often) so classes can seem a bit boring but his enthusiasm and interest makes it worth it. Also, he gives you the exam questions ahead of time so the exams are not too bad.",04/12/2011,1.0,1.0,,4,Low,3.5,3.5,1,No,1302635560000,N/A,1040,N/A,,N/A,[],people,people
N/A,poor,average,poor,0,18251452,0,,awful,1,CD51,"Worst professor I have ever had. His lectures have no point, his assignments are tedious to an enormous degree, and the his ego is enormous. 95% of the material covered in class I learned from a prior intro course. The only redeeming quality in the class is that the tests are all basically open book. This man should be fired immediately.",03/05/2011,2.0,2.0,,1,Meh,1.0,1.0,3,Yes,1299340317000,N/A,1040,N/A,,N/A,[],people,people
N/A,poor,good,average,0,17938035,0,,average,1,CD151,Biggest mistake of my life was taking this class. It is without a doubt the worst class I have ever taken. The metahobby assignment is thoroughly ridiculous and unnecessarily long. His lectures don't make any sense. I think he just teaches this class to talk about his own theory and collect &quot;evidence&quot; for his research to support his own theory.,12/14/2010,5.0,5.0,,4,Really into it,2.5,2.5,1,Yes,1292337768000,N/A,1040,N/A,,N/A,[],people,people
N/A,poor,average,poor,0,16877752,0,,awful,1,CD51,Boring lecturer. Completely incomprehensible and impossible to follow. Lecture slides posted online. Test questions given before test.,03/16/2010,3.0,3.0,,1,Really into it,1.0,1.0,1,No,1268750070000,N/A,1040,N/A,,N/A,[],people,people
N/A,average,average,average,0,16357061,0,,good,3,CD51,"Interesting class, but like everyone says, has a HUGE ego. Lots of time spent learning about his own theory on intellectual development. other than that, he's a passionate professor, and tries to make things interesting. tests are difficult to study for. final paper is long and tedious-you'll have a written in-class final in addition to the paper",11/12/2009,3.0,3.0,,4,Really into it,3.5,3.5,1,No,1258028509000,N/A,1040,N/A,,N/A,[],people,people
N/A,average,average,average,0,15936907,0,,average,3,CD51,"At least the material is interesting. Although Feldman is clearly passionate about his lectures, he is impossible to follow. He gets stuck on a particular point and much of the lecture becomes redundant. The tests are fairly easy and the workload is manageable. Also, he has a huge ego... it can either grossly annoy or grossly amuse you.",06/05/2009,2.0,2.0,,2,Really into it,2.5,2.5,1,Yes,1244244094000,N/A,1040,N/A,,N/A,[],people,people
N/A,average,poor,average,0,14642222,0,,average,3,CD51,"Boring lecturer, but I found the material interesting.  Wants to see his students do well.",07/08/2008,1.0,1.0,,3,It's my life,3.0,3.0,1,No,1215495752000,N/A,1040,N/A,,N/A,[],people,people
N/A,average,average,average,0,14490357,0,,average,2,CD51,he posts the lecture power points so you don't necessarily need to go to class but he says a lot in class that isn't on the slides.  It's pretty much impossible to follow him though... Exams are easy if you memorize the terms and plan out your essays (you know what will be on the exam before you take it).,05/18/2008,2.0,2.0,,3,Sorta interested,2.5,2.5,1,Yes,1211137811000,N/A,1040,N/A,,N/A,[],people,people
N/A,average,average,average,0,12648117,0,,average,2,CD176,"Professor Feldman is very knowledgeable about the subject matter. However, his &quot;metahobby&quot; project  panters more to his ego  than anything else. My advice is to take his creativity class and avoid Advanced Intellectual Development.",12/19/2006,2.0,2.0,,4,It's my life,3.0,3.0,1,Yes,1166555571000,N/A,1040,N/A,,N/A,[],people,people
N/A,good,average,good,0,11565425,0,,good,5,CD51,"Prof Feldman is a wierd guy, he seems really nice one day but will give you the cold shoulder the next. Tests are hard to study for but easy when you take them. A LOT of writing and a huge paper and project takes up a lot of your time. Doable class but annoying that it is required",03/12/2006,3.0,3.0,,3,Low,4.0,4.0,1,N/A,1142180261000,N/A,1040,N/A,,N/A,[],people,people
N/A,good,good,good,0,4060537,0,,awesome,4,CD155,"Amazing professor, learned so much",07/05/2005,4.0,4.0,,5,It's my life,4.5,4.5,1,N/A,1120595716000,N/A,1040,N/A,,N/A,[],people,people
N/A,good,average,good,0,3808842,0,,awesome,5,CD51,"Feldman is incredibly nice and wants everyone to do well.  If you are at all interested in the material, the class is great.  Long and sometimes hard readings...but Feldman and the TA's do so much to make it easier.",05/07/2005,2.0,2.0,,5,Really into it,5.0,5.0,1,N/A,1115483675000,N/A,1040,N/A,,N/A,[],people,people
N/A,good,average,average,0,3797189,0,,good,4,CD51,"very smart sweet man. lectures are so boring, but class is kind of a joke. not hard at all.",05/05/2005,2.0,2.0,,3,Sorta interested,3.5,3.5,1,N/A,1115327685000,N/A,1040,N/A,,N/A,[],people,people
N/A,good,average,good,0,1893835,0,,awesome,5,CHILDD,"He is a great professor. He cares about his students and does want to make sure everyone suceeds.  He prepares you well for the exams and the class is very interesting. Also, everything is on blackboard, if you miss a class.",04/03/2004,3.0,3.0,,5,N/A,5.0,5.0,1,N/A,1080984366000,N/A,1040,N/A,,N/A,[],people,people
N/A,average,good,average,0,937402,0,,average,3,CD51,No Comments,05/07/2003,5.0,5.0,,2,N/A,2.5,2.5,1,N/A,1052337643000,N/A,1040,N/A,,N/A,[],people,people
N/A,good,average,good,0,872315,0,,awesome,5,CD51,Amazing teacher; so adorable and is intersted in makin sure that everyone suceeds.,04/23/2003,2.0,2.0,,5,N/A,5.0,5.0,1,N/A,1051099555000,N/A,1040,N/A,,N/A,[],people,people
N/A,average,good,average,0,864995,0,,average,3,CD51,No Comments,04/22/2003,4.0,4.0,,3,N/A,3.0,3.0,1,N/A,1051008639000,N/A,1040,N/A,,N/A,[],people,people
N/A,good,good,average,0,860021,0,,good,4,CD51,fundamentally interesting material with a tiresome lecturer.  not a great combo.,04/21/2003,4.0,4.0,,3,N/A,3.5,3.5,1,N/A,1050928373000,N/A,1040,N/A,,N/A,[],people,people
