attendance,clarityColor,easyColor,helpColor,helpCount,id,notHelpCount,onlineClass,quality,rClarity,rClass,rComments,rDate,rEasy,rEasyString,rErrorMsg,rHelpful,rInterest,rOverall,rOverallString,rStatus,rTextBookUse,rTimestamp,rWouldTakeAgain,sId,takenForCredit,teacher,teacherGrade,teacherRatingTags,unUsefulGrouping,usefulGrouping
N/A,poor,poor,poor,0,29364227,1,,awful,1,MUS069,"When the choir didn't know a whole movement of a song, and no soprano sang it, he simply ignored the problem and told us we were doing well. I'm also not sure how we will be graded, because the promised juries never happened. The least fun choir I've ever been in.",12/31/2017,1.0,1.0,,1,N/A,1.0,1.0,1,No,1514727831000,No,1040,Yes,,N/A,['Graded by few things'],person,people
Mandatory,good,poor,good,0,27465314,0,,good,4,MUS069,"I love Jamie! He's very strict about attendance- you don't get any unexcused absences during the semester. One absence brings you from an A to an A-; one missed concert brings you down a full letter grade.  However he's hilarious and makes choir so, so fun. Expect to sing challenging but beautiful pieces.",12/13/2016,1.0,1.0,,4,N/A,4.0,4.0,1,No,1481630504000,Yes,1040,Yes,,A,"['Inspirational', ""Skip class? You won't pass."", 'Hilarious']",people,people
N/A,good,average,good,0,24204537,0,,awesome,5,MUS101,"A great professor, extremely clear and straightforward, as well as very approachable. ",12/30/2014,3.0,3.0,,5,Really into it,5.0,5.0,1,Yes,1419906383000,N/A,1040,Yes,,A-,"['Respected', 'Gives good feedback', 'Clear grading criteria']",people,people
Mandatory,good,average,good,0,24021018,0,,awesome,5,MUS70,"Jamie is very talented and intelligent, and plans every rehearsal down to the minute to get the most out of our time. He is extremely nice, too nice for my tastes (I like a director that doesn't sugarcoat criticism), but could be great for you. He picks really good music, although he has a taste for music with silly topics, which can get tiring.",12/10/2014,2.0,2.0,,5,Really into it,5.0,5.0,1,No,1418230318000,Yes,1040,Yes,,A,"['Respected', 'Caring']",people,people
Mandatory,good,average,good,0,22859325,0,,good,4,MUS69,"Jamie does everything well- very efficient guy. I've been in choir for almost two years now, and can say that he really puts in a lot of effort.",02/22/2014,3.0,3.0,,4,Really into it,4.0,4.0,1,No,1393078899000,N/A,1040,N/A,,A,[],people,people
N/A,good,poor,good,0,22691845,0,,awesome,5,MUS69,Jamie runs a tight ship in choir but his class is a blast. I improved my singing skills and had a great time.,01/03/2014,1.0,1.0,,5,It's my life,5.0,5.0,1,No,1388772667000,N/A,1040,N/A,,N/A,[],people,people
N/A,good,poor,good,0,20146507,0,,awesome,5,MUS69,"Jamie is absolutely witty and enthusiastic, and makes choir one of the highlight of this year.",04/29/2012,1.0,1.0,,5,It's my life,5.0,5.0,1,Yes,1335666276000,N/A,1040,N/A,,N/A,[],people,people
N/A,good,average,good,0,19564271,0,,awesome,5,MUS10,Awesome guy. He really tries to make the class a relaxed atmosphere. There's a pretty regular system of coursework but he explains everything pretty clearly and is totally willing to help if you didn't get it the first time.,12/18/2011,2.0,2.0,,5,It's my life,5.0,5.0,1,Yes,1324246429000,N/A,1040,N/A,,N/A,[],people,people
N/A,good,poor,good,0,19562548,0,,awesome,5,MUS069,"Great conductor, great musician, and knows exactly how to make a choir sound  professional. Got a whole lot of sass and loves his backhanded compliments and bows.",12/18/2011,1.0,1.0,,5,Really into it,5.0,5.0,1,No,1324235352000,N/A,1040,N/A,,N/A,[],people,people
N/A,good,poor,good,1,19527169,0,,awesome,5,MUS69,Concert choir is excellent with Jamie.  I highly recommend this to anyone who likes to sing.,12/15/2011,1.0,1.0,,5,It's my life,5.0,5.0,1,No,1323970183000,N/A,1040,N/A,,N/A,[],people,person
N/A,good,poor,good,0,19172346,1,,awesome,5,MUS69,Concert choir with Jamie is so much fun! He's a phenomenal conductor and energetic professor.,11/06/2011,1.0,1.0,,5,It's my life,5.0,5.0,1,No,1320606284000,N/A,1040,N/A,,N/A,[],person,people
