attendance,clarityColor,easyColor,helpColor,helpCount,id,notHelpCount,onlineClass,quality,rClarity,rClass,rComments,rDate,rEasy,rEasyString,rErrorMsg,rHelpful,rInterest,rOverall,rOverallString,rStatus,rTextBookUse,rTimestamp,rWouldTakeAgain,sId,takenForCredit,teacher,teacherGrade,teacherRatingTags,unUsefulGrouping,usefulGrouping
N/A,good,poor,average,0,16383579,0,,good,4,PSY31,"Statistics as a subject isn't very fun, but Professor Dicorcia definitely made this class fun (when I took AP stats, it wasn't fun at all). Since I came into this class with a background in Stats, it was rather easy for me. Didn't really need the textbook; she made all the resources available online.",11/17/2009,1.0,1.0,,3,Sorta interested,3.5,3.5,1,No,1258469560000,N/A,1040,N/A,,N/A,[],people,people
N/A,average,good,poor,0,16009977,0,,poor,2,PSY31,worst teacher ever!!! so annoying and just not fun to take a class with. tests were unnecessarily hard,07/02/2009,5.0,5.0,,1,Low,1.5,1.5,1,No,1246540444000,N/A,1040,N/A,,N/A,[],people,people
N/A,good,good,good,0,15968538,0,,awesome,5,PSY101,Just amazing!  Jenn is a great person to learn from.  She clearly has a unique PASSION for patterns of psychological development!,06/17/2009,5.0,5.0,,5,It's my life,5.0,5.0,1,Yes,1245213679000,N/A,1040,N/A,,N/A,[],people,people
N/A,poor,good,poor,0,15551805,0,,awful,1,PSY31,"She is a terrible teacher, very strict and paranoid. She is a very nice person in class, but extremely passive aggressive when it comes to quizzes and testing. The other psych 31 professors are much easier than she is, so don't take it with her if you can avoid it.",03/20/2009,4.0,4.0,,1,Sorta interested,1.0,1.0,1,No,1237584780000,N/A,1040,N/A,,N/A,[],people,people
N/A,poor,good,poor,0,14965087,0,,awful,1,PSY31,Bad teacher.,11/10/2008,4.0,4.0,,1,Meh,1.0,1.0,1,No,1226321999000,N/A,1040,N/A,,N/A,[],people,people
N/A,good,average,good,0,14289182,0,,good,4,PSY31,"She is young, energetic, and tries to come up with ways to make stats fun. She is really dorky and cute (she looks like Anne Hathaway.) The quizzes were hard, but it's easy to make up your grade (I failed all the quizzes but ended the course with an A-.) Most people do well in the class. You have to go to lecture, but you don't need the textbook.",04/14/2008,2.0,2.0,,4,Sorta interested,4.0,4.0,1,No,1208187482000,N/A,1040,N/A,,N/A,[],people,people
N/A,average,average,average,0,14010774,0,,good,3,PSY31,"She is young and energetic and funny. Stats is not the most exciting subject, but she was entertaining. Quizzes and exams are hard but fair. You really need to go to lecture. Lots of chances for extra credit, almost everyone in the class got an A or B.",01/16/2008,3.0,3.0,,4,Sorta interested,3.5,3.5,1,No,1200510275000,N/A,1040,N/A,,N/A,[],people,people
