attendance,clarityColor,easyColor,helpColor,helpCount,id,notHelpCount,onlineClass,quality,rClarity,rClass,rComments,rDate,rEasy,rEasyString,rErrorMsg,rHelpful,rInterest,rOverall,rOverallString,rStatus,rTextBookUse,rTimestamp,rWouldTakeAgain,sId,takenForCredit,teacher,teacherGrade,teacherRatingTags,unUsefulGrouping,usefulGrouping
Mandatory,good,average,good,0,25662964,0,,good,5,HIST005,"One of the easier classes. Lectures are a summary of the readings, and exams are take home and 100% related to the readings. Take this class if you want a good grade, but don't take it if you are looking to actually learn something really useful in life. 33% of the total grade comes from attendance. ",12/12/2015,2.0,2.0,,3,Sorta interested,4.0,4.0,1,Yes,1449945715000,N/A,1040,Yes,,Not sure yet,"['Lecture heavy', 'Participation matters', 'Get ready to read']",people,people
Mandatory,good,average,good,0,25001416,0,,good,5,HIST005,"I'm an Ir and Econ double major and I loved Prof McCabe! Get ready to summarize a ton of readings and go to lecture, but the class of actually interesting and not hard if you put in the work. Once you've summarized readings and lecture (can do w friends) you're set for exams and essays to be super EASY. She's a nice and sweet lady, recommend fully",06/28/2015,2.0,2.0,,3,Really into it,4.0,4.0,3,Yes,1435465400000,Yes,1040,Yes,,A,"['Amazing lectures', 'Get ready to read']",people,people
Not Mandatory,average,average,average,3,24582256,0,,average,3,HIST005,"Her class was easy but miserably boring. Prepare to spend the first half of the semester on colonial trading routes, then the 2nd half on why GMO foods suck. There's no logical progression or framework to the class, you just learn a lot of random crap that vaguely has to do with consumption and watch Sofia Coppola movies. Blech.",04/12/2015,2.0,2.0,,3,Meh,3.0,3.0,1,No,1428865169000,N/A,1040,Yes,,A,[],people,people
Mandatory,good,average,good,0,23639058,0,,awesome,5,0005,Awesome class!,10/08/2014,3.0,3.0,,4,Really into it,4.5,4.5,1,Yes,1412778232000,N/A,1040,Yes,,N/A,"['Get ready to read', 'Caring']",people,people
N/A,good,poor,good,0,17302820,1,,awesome,4,HIST74,"Professor McCabe is one of the kindest professors you will ever encounter.  She is understanding and willing to devote time to her students.  She has an obvious passion for the material, which she passes on to you.  I hope to have her as a professor again.",06/04/2010,1.0,1.0,,5,It's my life,4.5,4.5,1,No,1275656288000,N/A,1040,N/A,,N/A,[],person,people
N/A,average,average,average,0,16716475,0,,average,3,HIST005,"This class started off a with dry readings, but by the end of semester the material became interesting and relevant. Professor McCabe is very sweet, though her lectures can be scattered. The class met 2x week, one day we watched movies and the other day we spent half listening to lecture and the other half listening to students summarize readings.",01/12/2010,2.0,2.0,,3,Low,3.0,3.0,3,Yes,1263311801000,N/A,1040,N/A,,N/A,[],people,people
N/A,good,average,good,0,13279311,0,,awesome,5,HIST066,"i graduated last may; professor mccabe was both my history advisor and professor. she was so knowledgable, helpful and always made time for her students. she was very accessible and open. one of the best professors i had at tufts.",06/20/2007,3.0,3.0,,5,Really into it,5.0,5.0,1,Yes,1182344211000,N/A,1040,N/A,,N/A,[],people,people
N/A,good,average,good,0,11930145,0,,awesome,5,123,No Comments,05/23/2006,2.0,2.0,,5,It's my life,5.0,5.0,1,N/A,1148378260000,N/A,1040,N/A,,N/A,[],people,people
N/A,good,average,good,0,10738422,0,,awesome,5,FLETCHER,She went beyond the call of duty to make me a better student. I was inspired by her passion and grace.,10/04/2005,2.0,2.0,,5,It's my life,5.0,5.0,1,N/A,1128419046000,N/A,1040,N/A,,N/A,[],people,people
N/A,average,poor,good,0,10213530,0,,good,3,HST66,No Comments,09/07/2005,1.0,1.0,,5,It's my life,4.0,4.0,1,N/A,1126093708000,N/A,1040,N/A,,N/A,[],people,people
N/A,average,average,good,0,10292410,0,,good,3,2002,"I graduated but she is awesome, she was my advisor, and really good friend.  We shared Armenian History!  She rocks",08/31/2005,3.0,3.0,,5,Really into it,4.0,4.0,1,N/A,1125465442000,N/A,1040,N/A,,N/A,[],people,people
