attendance,clarityColor,easyColor,helpColor,helpCount,id,notHelpCount,onlineClass,quality,rClarity,rClass,rComments,rDate,rEasy,rEasyString,rErrorMsg,rHelpful,rInterest,rOverall,rOverallString,rStatus,rTextBookUse,rTimestamp,rWouldTakeAgain,sId,takenForCredit,teacher,teacherGrade,teacherRatingTags,unUsefulGrouping,usefulGrouping
Not Mandatory,average,average,average,0,32206579,0,,poor,2,PS11,"Good lectures, good readings, easy first exam, ridiculous final with very specific identifications that had been mentioned offhandedly in class (not featured on powerpoints). Learned a lot but final grade did not feel dependent on work put in/ time spent studying for final/ knowledge of class material. If you're concerned about GPA be careful",08/30/2019,3.0,3.0,,2,N/A,2.0,2.0,1,Yes,1567179122000,No,1040,Yes,,B+,"['Get ready to read', 'Lecture heavy', 'Graded by few things']",people,people
Mandatory,good,average,good,0,30126832,0,,good,4,PS11,"Professor Glaser is really nice and knowledgeable about his subject. He does post the slides from class, but they have almost no words on them, so it's really important to go to lecture. He's a good lecturer and accessible in office hours. One of his tests was really fair, and the other was very challenging. Overall a good teacher.",05/16/2018,3.0,3.0,,4,N/A,4.0,4.0,1,Yes,1526487611000,Yes,1040,Yes,,N/A,[],people,people
N/A,good,good,good,0,29360010,0,,good,4,PS0011,"Glaser is a great lecturer and clearly cares about students. The lectures are sometimes dry and there is a lot of reading. Readings are very important for the exams and the IDs can be tricky, which makes it harder to do well in the class.",12/30/2017,4.0,4.0,,4,N/A,4.0,4.0,1,No,1514630092000,Yes,1040,Yes,,N/A,[],people,people
N/A,good,average,good,0,18164594,0,,awesome,5,PS11,"Prof. Glaser is an absolutely great teacher.  His lectures are interesting and enjoyable to attend, and he inserts funny stories here and there to help students better understand his points.  A lot of the reading is important, but if you're behind schedule it's no big deal, just have it done for the final.  Great course, even better professor.",01/20/2011,2.0,2.0,,4,Really into it,4.5,4.5,1,No,1295547924000,N/A,1040,N/A,,N/A,[],people,people
N/A,good,average,good,1,18116775,0,,awesome,5,PS11,"Something about his class is very soothing and enjoyable. He's very clear and approachable, and just a very nice guy.  He's a centrist and even then does not inject own politics into the class.  Organizes powerpoints well & does a killer Reagan.  Not that much reading, and you can skip it occasionally.  But you'll feel bad since he's so darn nice.",01/10/2011,2.0,2.0,,4,It's my life,4.5,4.5,1,Yes,1294700304000,N/A,1040,N/A,,N/A,[],people,person
N/A,good,average,good,0,17734766,0,,awesome,5,PSE,"He's a great professor. He lectures in a very easy-to-understand way, and he's quite knowledgeable in his field. The lectures are enjoyable to go to, and the class is easy enough to do well in if you go to lecture. He assigns reading, but it's not crucial (although quite helpful).",11/05/2010,2.0,2.0,,5,Really into it,5.0,5.0,1,Yes,1288996163000,N/A,1040,N/A,,N/A,[],people,people
N/A,good,good,average,0,16711606,0,,good,4,PSAA,"Very interesting lecturer. His lectures will keep you engaged. Exams are hard, and you have to study all of the material. Paper is difficult but interesting. Good amount of reading, back-loaded towards end of semester.",01/11/2010,5.0,5.0,,3,It's my life,3.5,3.5,1,Yes,1263239694000,N/A,1040,N/A,,N/A,[],people,people
N/A,good,average,average,0,15030880,0,,good,5,PS10,Excellent lectures. I actually looked forward to going to class.,11/19/2008,2.0,2.0,,2,It's my life,3.5,3.5,1,Yes,1227136845000,N/A,1040,N/A,,N/A,[],people,people
N/A,good,good,good,0,14057742,0,,awesome,5,PS0011,"Fantastic teacher, fantastic guy. I wish he taught more classes. One of my favorites that I've had at Tufts.",01/30/2008,4.0,4.0,,5,Really into it,5.0,5.0,1,Yes,1201705957000,N/A,1040,N/A,,N/A,[],people,people
N/A,good,good,good,0,13899895,0,,awesome,4,PS11,"He is an excellent professor. His lectures engage you, he's a very good public speaker. On the personal side, he's a very helpful, nice fatherly figure. His class is, however, quite challenging b. Unlike what other people said, the readings are absolutely crucial to getting a good grade in the class. Recitations are pretty useless though.",12/23/2007,4.0,4.0,,5,It's my life,4.5,4.5,1,Yes,1198374846000,N/A,1040,N/A,,N/A,[],people,people
N/A,good,average,good,0,12746767,0,,awesome,5,POL11,"He is a wonderful, wonderful teacher who knows so much about the inside of politics, congress, and especially the supreme court that every class is bound to be filled with at least two or three anecdotes.  Class is hard even if you know your stuff, due to infrequency of tests (mid+final) and how they concentrate on only a few specific areas.",01/09/2007,3.0,3.0,,5,It's my life,5.0,5.0,1,No,1168339441000,N/A,1040,N/A,,N/A,[],people,people
N/A,good,average,good,0,12693042,0,,awesome,5,PS11,"Great class, Glaser is a good prof and will tell you what you need to know for the class.  Eager to help people, always free to help.",12/28/2006,2.0,2.0,,4,It's my life,4.5,4.5,1,No,1167320659000,N/A,1040,N/A,,N/A,[],people,people
N/A,average,average,average,0,12471870,0,,average,3,PS11,Glaser is meh. He's not fabulous and he's not horrible. I dont understand the people who say he is amazing. He's just a pretty average teacher with a few interesting stories. A lot of reading assigned but basically none of it is really required. Recitation is lame. I wouldn't highly recommend this teacher but i wouldnt diss him either...,11/26/2006,3.0,3.0,,2,Really into it,2.5,2.5,1,Yes,1164582259000,N/A,1040,N/A,,N/A,[],people,people
N/A,good,average,good,0,12465024,0,,good,4,PS11,"Glaser is witty and interesting, I really enjoyed going to class. There are way too many readings and most of them are pretty boring, but you can get away with only doing a few of them. Going to lectures was helpful, but I have mixed feelings about the recitations and TAs. Fortunately, almost all of the classes are lectures.",11/23/2006,2.0,2.0,,4,Really into it,4.0,4.0,1,Yes,1164296070000,N/A,1040,N/A,,N/A,[],people,people
N/A,good,average,good,0,2622657,0,,awesome,4,PS11,"Very good, clear lecturer.  Makes it very clear what he wants out of you and how to get a good grade.  Go to class or get notes from someone else, tests based MOSTLY on lecture.  I got away without doing much reading, even though he assigns a lot.",10/31/2004,3.0,3.0,,5,It's my life,4.5,4.5,1,N/A,1099234373000,N/A,1040,N/A,,N/A,[],people,people
N/A,good,average,average,0,2114160,0,,good,5,AMPOL,He is a great lecturer but also the most arrogant man I have ever met. I mean the guy thinks he is God. Also the TA's are horrible and don't know anything. Glaser doesn't know most of his students either.,05/09/2004,3.0,3.0,,2,N/A,3.5,3.5,1,N/A,1084119543000,N/A,1040,N/A,,N/A,[],people,people
N/A,good,average,good,0,1696354,0,,awesome,5,PS11,"He is the MAN. He is an engaging lecturer and if you ever go to his office hours, he is very very friendly and helpful. The person below is an idiot.",02/07/2004,2.0,2.0,,5,N/A,5.0,5.0,1,N/A,1076163583000,N/A,1040,N/A,,N/A,[],people,people
N/A,average,average,average,0,1550480,0,,average,3,PS11,"TERRIBLE class. The lecture was so unstructured, the TA's are the most careless people ever, and the class was just bad. Whatever you do, just hope that you get an easy TA, because some people get lucky and get an easy TA and others get screwed.",12/23/2003,3.0,3.0,,2,N/A,2.5,2.5,1,N/A,1072201493000,N/A,1040,N/A,,N/A,[],people,people
N/A,good,average,good,0,1507004,0,,good,4,PS11,interesting class. dynamic/funny speaker.,12/15/2003,2.0,2.0,,4,N/A,4.0,4.0,1,N/A,1071449077000,N/A,1040,N/A,,N/A,[],people,people
N/A,good,poor,average,0,1341449,0,,average,5,PS11,"I dropped his class after 2 weeks.  Very uninteresting, always went over time.",11/17/2003,1.0,1.0,,1,N/A,3.0,3.0,1,N/A,1069095081000,N/A,1040,N/A,,N/A,[],people,people
N/A,good,average,good,0,1137490,0,,awesome,5,PS11,Great class!,09/16/2003,3.0,3.0,,5,N/A,5.0,5.0,1,N/A,1063750734000,N/A,1040,N/A,,N/A,[],people,people
N/A,good,good,good,0,997334,0,,awesome,5,POL001,No Comments,06/03/2003,5.0,5.0,,4,N/A,4.5,4.5,1,N/A,1054654352000,N/A,1040,N/A,,N/A,[],people,people
N/A,good,average,good,0,963538,0,,awesome,5,PS101,Nice guy. Good teacher. Hot butt!,05/15/2003,2.0,2.0,,5,N/A,5.0,5.0,1,N/A,1053042245000,N/A,1040,N/A,,N/A,[],people,people
N/A,good,average,good,0,889289,0,,awesome,5,PS01,No Comments,04/26/2003,3.0,3.0,,5,N/A,5.0,5.0,1,N/A,1051361231000,N/A,1040,N/A,,N/A,[],people,people
N/A,good,average,average,0,871379,0,,good,4,PS11,No Comments,04/23/2003,2.0,2.0,,3,N/A,3.5,3.5,1,N/A,1051084267000,N/A,1040,N/A,,N/A,[],people,people
N/A,average,average,poor,0,871192,0,,poor,2,PS11,No Comments,04/23/2003,3.0,3.0,,1,N/A,1.5,1.5,1,N/A,1051065889000,N/A,1040,N/A,,N/A,[],people,people
N/A,good,average,good,0,865091,0,,awesome,5,PS11,awesome!,04/22/2003,3.0,3.0,,4,N/A,4.5,4.5,1,N/A,1051009593000,N/A,1040,N/A,,N/A,[],people,people
N/A,good,average,good,0,864886,0,,awesome,5,PS11PS90,No Comments,04/22/2003,3.0,3.0,,5,N/A,5.0,5.0,1,N/A,1051007282000,N/A,1040,N/A,,N/A,[],people,people
N/A,good,good,good,0,548537,0,,good,5,PS111,Good guy w/ great stories and experiences,02/07/2003,4.0,4.0,,3,N/A,4.0,4.0,1,N/A,1044615385000,N/A,1040,N/A,,N/A,[],people,people
N/A,good,average,good,0,543749,0,,awesome,5,PS11,"very accessible, clear lectures, interesting stories, great organization",02/05/2003,3.0,3.0,,5,N/A,5.0,5.0,1,N/A,1044472560000,N/A,1040,N/A,,N/A,[],people,people
N/A,good,average,good,0,543548,0,,awesome,5,PS11,No Comments,02/05/2003,3.0,3.0,,5,N/A,5.0,5.0,1,N/A,1044467856000,N/A,1040,N/A,,N/A,[],people,people
N/A,good,average,good,0,541602,0,,awesome,5,PS11,No Comments,02/05/2003,3.0,3.0,,4,N/A,4.5,4.5,1,N/A,1044403612000,N/A,1040,N/A,,N/A,[],people,people
N/A,good,average,good,0,46056,0,,awesome,5,PS11PS117,"Take ANY class available with Glaser. He's fun, interesting and knows his stuff!",10/01/2001,2.0,2.0,,5,N/A,5.0,5.0,1,N/A,1001900245000,N/A,1040,N/A,,N/A,[],people,people
