attendance,clarityColor,easyColor,helpColor,helpCount,id,notHelpCount,onlineClass,quality,rClarity,rClass,rComments,rDate,rEasy,rEasyString,rErrorMsg,rHelpful,rInterest,rOverall,rOverallString,rStatus,rTextBookUse,rTimestamp,rWouldTakeAgain,sId,takenForCredit,teacher,teacherGrade,teacherRatingTags,unUsefulGrouping,usefulGrouping
N/A,average,good,average,0,21083310,0,,average,2,CHBE21,Lee was good and fun! He worked very hard to bring examples to class. He unfortunately didn't use them very well in explaining things in class. Homework was incredibly difficult and was mostly hunting through the book for equations.,12/15/2012,5.0,5.0,,4,Really into it,3.0,3.0,1,Yes,1355595401000,N/A,1040,N/A,,N/A,[],people,people
N/A,good,good,good,0,15562238,0,,awesome,5,CHBE102,so hot.,03/24/2009,4.0,4.0,,5,Low,5.0,5.0,1,Yes,1237908817000,N/A,1040,N/A,,N/A,[],people,people
N/A,good,good,good,0,11680226,0,,good,4,102,"good teacher, but hard class",04/09/2006,4.0,4.0,,4,Really into it,4.0,4.0,1,N/A,1144549208000,N/A,1040,N/A,,N/A,[],people,people
N/A,good,average,good,0,11387516,0,,awesome,4,EN69,"This Guy rules. His office hours are the most enlightening and productive time i've ever experienced at school. Don't even look at what the subject is, if this guy is teaching, take it.",01/19/2006,3.0,3.0,,5,Really into it,4.5,4.5,1,N/A,1137633313000,N/A,1040,N/A,,N/A,[],people,people
N/A,good,average,good,0,2226112,0,,awesome,5,CHE102,"Somehow managed to make up for MFS.  This guy is prime: take his courses, go to his office hours, become a genius.",06/07/2004,2.0,2.0,,5,N/A,5.0,5.0,1,N/A,1086619886000,N/A,1040,N/A,,N/A,[],people,people
