attendance,clarityColor,easyColor,helpColor,helpCount,id,notHelpCount,onlineClass,quality,rClarity,rClass,rComments,rDate,rEasy,rEasyString,rErrorMsg,rHelpful,rInterest,rOverall,rOverallString,rStatus,rTextBookUse,rTimestamp,rWouldTakeAgain,sId,takenForCredit,teacher,teacherGrade,teacherRatingTags,unUsefulGrouping,usefulGrouping
Mandatory,average,good,average,0,30020377,0,,average,3,PHY52,"There is no doubt Beauchemin is brilliant. More than that, he is funny and relaxed. It does get a little annoying how many derivations you do in class, but honestly you are probably better off because of it. Tests are tough but usually heavily curved.",05/08/2018,4.0,4.0,,3,N/A,3.0,3.0,1,Yes,1525745271000,Yes,1040,Yes,,N/A,"['Lecture heavy', 'Respected']",people,people
N/A,good,good,good,5,24819884,7,,awesome,5,PHY0002,Amazing teacher who helps us understand the deeper meaning of experiment in relation to theory. The whiners here dont work hard enough.,05/13/2015,4.0,4.0,,5,It's my life,5.0,5.0,1,Yes,1431528536000,N/A,1040,Yes,,N/A,"['Inspirational', 'Amazing lectures', ""Skip class? You won't pass.""]",people,people
N/A,poor,good,poor,3,24579186,5,,poor,1,PHY002,"Ugh. He wastes class time proving things in super confusing ways and does not make clear what the main points are of the topic, yet it's not even efficient because we are super behind schedule. Most of us leave lecture not knowing what just happened and even more confused than we would have been just reading the book. Just not clear at all! ",04/11/2015,4.0,4.0,,2,Meh,1.5,1.5,1,Yes,1428767333000,N/A,1040,Yes,,N/A,[],people,people
Not Mandatory,poor,good,poor,4,24573560,5,,awful,1,PHYS02,"He spends the entire class just proving equations algebraically, but his clicker questionshomeworkstests require a solid understanding of the concepts. You can tangibly feel the bewilderment and disgust of the class radiating from those who do try to show up to lectures. ",04/10/2015,5.0,5.0,,1,Low,1.0,1.0,1,Yes,1428628894000,N/A,1040,Yes,,Not sure yet,"['Lots of homework', 'Get ready to read']",people,people
Not Mandatory,average,average,average,3,24525892,2,,average,2,PHYS2,"Hugo is the classic example of an incredibly brilliant professor, yet mediocre lecturer. He tries to be funny and make physics as enjoyable as possible. Exams are open-everything and doable. Problem sets are hard and prepare you well for the exams. ",03/31/2015,3.0,3.0,,3,Sorta interested,2.5,2.5,1,Yes,1427813428000,N/A,1040,Yes,,Not sure yet,"[""Skip class? You won't pass.""]",people,people
Not Mandatory,average,average,average,3,24525869,2,,average,2,PHYS2,"Hugo is evidently a brilliant person who tries his best to convey his brilliance to his students, but often ends up muddling the points he is trying to make. He seems to be the classic example of a super intelligent teacher, but a mediocre lecturer. Exams are open-everything and are doable. Problem sets are hard and prepare you well for exams.",03/31/2015,3.0,3.0,,3,Sorta interested,2.5,2.5,1,Yes,1427813210000,N/A,1040,Yes,,A+,"[""Skip class? You won't pass.""]",people,people
Not Mandatory,poor,good,poor,5,24465479,3,,awful,1,PHYSICS2,"Worst professor I've had at Tufts.  Does not teach, but expects you to know material for the test.  Students must teach themselves everything from the book (having a professor is pointless).  Avoid taking a class with him if possible.  His accent also makes him extremely difficult to understand. I fully regret taking this class.",03/16/2015,5.0,5.0,,1,Low,1.0,1.0,1,Yes,1426516515000,N/A,1040,Yes,,N/A,['Tough grader'],people,people
N/A,good,good,good,4,23918625,4,,awesome,5,PHYSICS42,"Prof. Beauchemin has a beautiful mind for teaching. He cares about delivering each concept clearly rather than teaching as much content as possible. His assignments and tests are difficult, but he is not a hard grader by any means. He wants to see his students try hard. After taking his class, I feel like I can handle anything in physics.",12/01/2014,5.0,5.0,,5,It's my life,5.0,5.0,1,Yes,1417473392000,N/A,1040,Yes,,N/A,[],people,people
