attendance,clarityColor,easyColor,helpColor,helpCount,id,notHelpCount,onlineClass,quality,rClarity,rClass,rComments,rDate,rEasy,rEasyString,rErrorMsg,rHelpful,rInterest,rOverall,rOverallString,rStatus,rTextBookUse,rTimestamp,rWouldTakeAgain,sId,takenForCredit,teacher,teacherGrade,teacherRatingTags,unUsefulGrouping,usefulGrouping
N/A,good,average,good,0,31369856,0,,awesome,5,MATH135,"Extremely lucky to have taken this course with Professor Hening. He really cares about developing an intuition for the concepts at hand, which really helps you learn the material. Wish we had him for Real 2 this sem.",02/21/2019,3.0,3.0,,5,N/A,5.0,5.0,1,Yes,1550747054000,Yes,1040,Yes,,N/A,"['Respected', 'Lots of homework', 'Amazing lectures']",people,people
N/A,good,good,good,3,31119587,0,,awesome,5,MATH135,"Prof. Hening gives exceptional lectures. He cares about his students, and always tries to help you on piazza, at office hours or via email. Too bad he will not be teaching Math 136 next semester!",12/20/2018,4.0,4.0,,5,N/A,5.0,5.0,1,Yes,1545338241000,Yes,1040,Yes,,A+,"['Lots of homework', 'Amazing lectures', 'Accessible outside class']",people,people
Mandatory,good,good,good,5,31040344,0,,good,4,MATH135,"Professor Hening is a VERY nice person, but unfortunately you might only be certain if that after attending office hours. He comes off a bit condescending in class if you have the wrong guess, but in reality I think he means well. Very stylish too.",12/15/2018,5.0,5.0,,4,N/A,4.0,4.0,1,Yes,1544861649000,Yes,1040,Yes,,N/A,"['Lots of homework', 'Test heavy']",people,people
Mandatory,good,average,good,4,31038011,0,,awesome,5,MATH135,Very fortunate to have taken the class with Hening. Wish we could have him for Real 2. Highly recommend.,12/15/2018,3.0,3.0,,5,N/A,5.0,5.0,1,Yes,1544847596000,Yes,1040,Yes,,N/A,"['EXTRA CREDIT', 'Lots of homework', 'Amazing lectures']",people,people
Not Mandatory,good,average,good,5,30774331,0,,awesome,5,MATH135,"His lectures are extremely clear and he follows Rudin very closely. Exams are reasonable. If you can't make it to his lectures, you can always go to his office hours for help. If you can't go to office hours, then you can get an instant reply on Piazza. Overall a friendly and understanding guy. Highly recommend taking the course with him!",11/24/2018,3.0,3.0,,5,N/A,5.0,5.0,1,Yes,1543029679000,Yes,1040,Yes,,Not sure yet,"['Lots of homework', 'Accessible outside class', 'Amazing lectures']",people,people
