attendance,clarityColor,easyColor,helpColor,helpCount,id,notHelpCount,onlineClass,quality,rClarity,rClass,rComments,rDate,rEasy,rEasyString,rErrorMsg,rHelpful,rInterest,rOverall,rOverallString,rStatus,rTextBookUse,rTimestamp,rWouldTakeAgain,sId,takenForCredit,teacher,teacherGrade,teacherRatingTags,unUsefulGrouping,usefulGrouping
N/A,average,good,average,0,25437415,0,,average,2,ENG101,"Professor Bosch is passionate about what he teaches and tries to make his class more interesting than a typical english class. That being said, he is a harsh grader, and is impossible to please. He is unclear with what he wants; it's often frustrating when you think you're doing something right, then find out it's wrong. Bosch isn't bad, just hard.",11/18/2015,4.0,4.0,,3,Sorta interested,2.5,2.5,1,No,1447805493000,N/A,1040,Yes,,N/A,['Tough grader'],people,people
Mandatory,average,average,good,3,24049915,0,,good,3,2902,"Honestly, if I were to have rated him in the beginning of the semester he would have gotten all 0s from me.  But after its all said and done, no matter how frustrated I may have been in the beginning, he really is a great teacher and taught me a ton about writing.  Aside from writing 4 papers, there isn't really other homework so its not that hard.",12/12/2014,3.0,3.0,,5,Sorta interested,4.0,4.0,1,No,1418376573000,N/A,1040,Yes,,A-,[],people,people
N/A,average,good,average,0,20572902,0,,good,3,ENG01,"He is unclear at times about what he wants exactly, but he is passionate about what he is teaching. There is a lot of work but most of the assignments work toward the next paper that is due.  Ignoring the difficulty, he definitely improved my writing. Put in the work and attempt to act interested/participate in class and you will do fine.",08/14/2012,4.0,4.0,,4,Meh,3.5,3.5,1,No,1344940455000,N/A,1040,N/A,,N/A,[],people,people
N/A,average,average,poor,0,20004375,0,,poor,2,ENG1,"The class itself was not too hard if you write what Prof. Bosch wants to read. The class was, however, based solely around art analysis, so it felt as though I was in an art appreciation class instead of an english writing class.",04/05/2012,2.0,2.0,,1,Meh,1.5,1.5,1,No,1333645294000,N/A,1040,N/A,,N/A,[],people,people
N/A,average,good,average,0,19335235,0,,average,3,ENGENG,He is very nice but I am never left knowing exactly what it is that is expected of me in my assignments.  He looks for a distinct type of writing and he is hard to please.  He does not tell you your grades unless you meet and ask him which is intimidating.  The class became more interesting and less overwhelming as the semester went on.,11/29/2011,4.0,4.0,,3,Sorta interested,3.0,3.0,1,No,1322603777000,N/A,1040,N/A,,N/A,[],people,people
N/A,good,good,average,1,19282067,0,,good,4,E30,"Pretty cool teacher. He definitely is engaged and passionate, and really works to help the students succeed. However, this is a challenging class so you will have to really work to improve your writing, and sometimes his assistance is vague. If you've had experience in analyzing images (like paintings!) you're in luck.",11/19/2011,4.0,4.0,,3,Sorta interested,3.5,3.5,1,Yes,1321729218000,N/A,1040,N/A,,N/A,[],people,person
N/A,good,average,good,0,19259103,0,,awesome,4,ENG1,"I like him. I think he improved my writing a lot and he is a nice guy. All our essays are based off of paintings instead of books, so this is a good class for someone who doesn't want to read a lot and really focus on their writing. He provides helpful comments on your rough drafts so you know what to fix for your final. He's good!",11/16/2011,2.0,2.0,,5,Really into it,4.5,4.5,1,Yes,1321476824000,N/A,1040,N/A,,N/A,[],people,people
N/A,average,good,average,0,19207397,0,,average,3,ENG01,"I have hardly ever had a thorough sense of exactly what Bosch was looking for in my assignment.  He withholds from giving students their grades unless they request them which is intimidating.  Classes are sometimes interesting and got better as the semester went on.  Stresses clarity, development, and conciseness in writing.",11/10/2011,4.0,4.0,,3,Really into it,3.0,3.0,1,No,1320925584000,N/A,1040,N/A,,N/A,[],people,people
N/A,average,good,average,0,18444061,0,,average,3,ENG02,"The class itself isn't bad, he just grades really low and you don't really know what he's looking for. He also doesn't tell you your grades unless you ask (because he knows you're going to freak out and cry)",04/20/2011,4.0,4.0,,3,Low,3.0,3.0,1,No,1303338459000,N/A,1040,N/A,,N/A,[],people,people
