attendance,clarityColor,easyColor,helpColor,helpCount,id,notHelpCount,onlineClass,quality,rClarity,rClass,rComments,rDate,rEasy,rEasyString,rErrorMsg,rHelpful,rInterest,rOverall,rOverallString,rStatus,rTextBookUse,rTimestamp,rWouldTakeAgain,sId,takenForCredit,teacher,teacherGrade,teacherRatingTags,unUsefulGrouping,usefulGrouping
Mandatory,good,average,good,0,27843201,0,,awesome,5,PH204,"Dr. Gute is a lovely person and an excellent professor. Though at times his lectures can run rather long, he is so knowledgeable about the subject matter & brings great information to the table. I really enjoyed taking his course! Highly recommend.",02/20/2017,3.0,3.0,,5,N/A,5.0,5.0,1,No,1487623528000,Yes,1040,Yes,,A,"['Respected', 'Caring', 'Lecture heavy']",people,people
Mandatory,good,good,good,2,26674560,0,,awesome,5,CEE158,- No need to really do readings -Work hard on the final paper and the poster -He's very approachable and you can ask for help for sure. He's really awesome and loves his job and what he does.,05/31/2016,4.0,4.0,,5,N/A,5.0,5.0,1,No,1464703454000,Yes,1040,Yes,,A,[],people,people
N/A,good,average,good,1,21757169,0,,awesome,4,ES27,Great guy. Super chill and really into his subject. Taking another class with him in the fall!,05/14/2013,2.0,2.0,,5,Sorta interested,4.5,4.5,1,Yes,1368543676000,N/A,1040,N/A,,N/A,[],people,person
N/A,good,average,good,1,17162911,0,,awesome,5,ES027,I'd love to take another class with Professor Gute. A gentleman and a scholar.,05/10/2010,2.0,2.0,,5,It's my life,5.0,5.0,1,No,1273492040000,N/A,1040,N/A,,N/A,[],people,person
N/A,good,average,good,0,16509853,0,,awesome,5,CEE137,Awesome teacher! Loves what he does and I really really enjoyed having class with him.  I would absolutely take another class with this professor.,12/09/2009,2.0,2.0,,5,It's my life,5.0,5.0,1,No,1260387277000,N/A,1040,N/A,,N/A,[],people,people
N/A,good,poor,good,0,11213427,0,,awesome,4,LOTS,gute is great!,12/19/2005,1.0,1.0,,5,It's my life,4.5,4.5,1,N/A,1135008523000,N/A,1040,N/A,,N/A,[],people,people
N/A,good,poor,good,1,10823780,0,,awesome,5,EN1,best advisor EVER,10/29/2005,1.0,1.0,,5,It's my life,5.0,5.0,1,N/A,1130602092000,N/A,1040,N/A,,N/A,[],people,person
N/A,average,average,average,0,539356,0,,average,2,CE54,No Comments,02/04/2003,2.0,2.0,,4,N/A,3.0,3.0,1,N/A,1044362858000,N/A,1040,N/A,,N/A,[],people,people
