attendance,clarityColor,easyColor,helpColor,helpCount,id,notHelpCount,onlineClass,quality,rClarity,rClass,rComments,rDate,rEasy,rEasyString,rErrorMsg,rHelpful,rInterest,rOverall,rOverallString,rStatus,rTextBookUse,rTimestamp,rWouldTakeAgain,sId,takenForCredit,teacher,teacherGrade,teacherRatingTags,unUsefulGrouping,usefulGrouping
N/A,good,poor,good,0,16584475,0,,awesome,5,ENG1,"Awesome guy, understanding, fun class and good papers. Just about everything you need to do well. Easy to do well with a little effort, I'd recommend him to anyone",12/17/2009,1.0,1.0,,5,Sorta interested,5.0,5.0,1,No,1261058492000,N/A,1040,N/A,,N/A,[],people,people
N/A,good,poor,good,0,15107893,0,,awesome,4,ENG2,"He was an amazing professor. Previous comments say that he didn't hand papers back on time, but he always gave our papers back about a week after we turned them in. He is suepr chill and has real deep thoughts. His materials were really interesting. Definitely take him for English 2!!!",12/04/2008,1.0,1.0,,5,Sorta interested,4.5,4.5,1,No,1228420004000,N/A,1040,N/A,,N/A,[],people,people
N/A,good,poor,average,0,13024988,0,,average,4,ENG02,"My god he's the easiest teacher at Tufts. I am serious, it feels literally like a 5th grade class, where you sit back and just relax. If you ever have a question on a paper, he pretty much offers you an extension! He says something along the lines of...&quot;yeah..so uh..do it whenever, and give it to me when you are ready.&quot;",04/17/2007,1.0,1.0,,2,Low,3.0,3.0,1,No,1176845178000,N/A,1040,N/A,,N/A,[],people,people
N/A,good,poor,good,0,12405686,0,,awesome,5,ENG1,"Brian is the man. you don't need to buy a single book for his class. any reading you have (short stories) he gets copies and hands them out. Yeah, it takes a while for him to hand back essays, but he eventually does. He is also VERY lenient with extensions and the like. he's a very chill, down to earth guy.",11/13/2006,1.0,1.0,,5,Sorta interested,5.0,5.0,1,No,1163432060000,N/A,1040,N/A,,N/A,[],people,people
N/A,good,poor,average,0,11569105,0,,good,4,ENGFAMILYTIES,"Wicked cool guy but...hands back papers really late.  Always willing to give extensions and is really good about meeting w/ people for extra help.  I totally reccomend him, but only if you are willing to not really learn anything new and just have a fun class...I mean it is just Eng 2",03/13/2006,1.0,1.0,,3,Sorta interested,3.5,3.5,1,N/A,1142286636000,N/A,1040,N/A,,N/A,[],people,people
N/A,good,poor,good,0,11152096,0,,good,4,ENG1,"Sooooo nice. We had many varying assignments and read an interesting book, called Blink. Basically, he held class twice a week and then had individual writing meetings the third day. It was very helpful. We would always have a draft due and then the final paper. It usually took a while to get our papers back but oh well.",12/14/2005,1.0,1.0,,4,Really into it,4.0,4.0,1,N/A,1134560339000,N/A,1040,N/A,,N/A,[],people,people
N/A,average,average,average,0,3313899,1,,average,3,ENG01,"The class was such a waste of time.  I didn't learn anything.  He never gives any papers back, so it's hard to know if your doing well or not.  At least he was available for outside help...accept when you asked if he had graded any of your papers yet.",02/02/2005,3.0,3.0,,3,Really into it,3.0,3.0,1,N/A,1107361948000,N/A,1040,N/A,,N/A,[],person,people
N/A,good,poor,good,0,2778824,0,,awesome,5,ENG01,"Brian is so wonderful.  His class is fun and laid back, but it's obvious he knows what he's talking about, and he encourages his students to challenge themselves.  He is very accessible and helpful, and his writing assignments are nicely varied.  Good class considering it is intro level.",11/18/2004,1.0,1.0,,5,Really into it,5.0,5.0,1,N/A,1100775939000,N/A,1040,N/A,,N/A,[],people,people
