attendance,clarityColor,easyColor,helpColor,helpCount,id,notHelpCount,onlineClass,quality,rClarity,rClass,rComments,rDate,rEasy,rEasyString,rErrorMsg,rHelpful,rInterest,rOverall,rOverallString,rStatus,rTextBookUse,rTimestamp,rWouldTakeAgain,sId,takenForCredit,teacher,teacherGrade,teacherRatingTags,unUsefulGrouping,usefulGrouping
Not Mandatory,poor,good,poor,0,31551415,0,,awful,1,COMP11,Would not take this class ever again. Material was extremely difficult and not taught well in class. Interesting that for a computer programming class the exams were on paper.. Hw and projects would take so many hours to complete and were hard to do based off of what was taught in class. A lot of self teaching had to be done did not learn anything,04/08/2019,5.0,5.0,,1,N/A,1.0,1.0,1,No,1554754121000,No,1040,Yes,,N/A,['Graded by few things'],people,people
Not Mandatory,poor,good,poor,0,31022683,0,,awful,1,COMP11,"Nice guy and takes you seriously if you meet him in person. HOWEVER his lectures are extremely dry, and 90% of the time, unhelpful. People actually benefit more by teaching themselves because I can only recall two instances where Guyer's lectures actually helped me. Still take COMP-11 though because it is challenging and fun.",12/14/2018,5.0,5.0,,1,N/A,1.0,1.0,1,Yes,1544766358000,No,1040,Yes,,Not sure yet,['Lecture heavy'],people,people
Mandatory,average,good,poor,0,26531923,0,,poor,2,COMP105,"The professor are not willing spend time on explanation.    The assignments are cut 3-4  out of 10.   As a result the class make no sense although it cost a semester. If you want to learn something, you can just help yourself.",05/10/2016,4.0,4.0,,1,N/A,1.5,1.5,1,Yes,1462910813000,N/A,1040,Yes,,A-,[],people,people
Not Mandatory,average,good,average,3,25888556,0,,poor,2,COMP105,"I took comp 105 in the fall of 2015. While it's true that the class was a mess due to factors outside of his control, Guyer put in minimal effort as the professor rather than stepping up to make a bad situation better.  Lecture was unhelpful, TAs came and went as they pleased, assignment expectations were unclear, study resources were nonexistent.",01/06/2016,5.0,5.0,,2,Really into it,2.0,2.0,1,Yes,1452091284000,N/A,1040,Yes,,B-,"['Tough grader', ""Skip class? You won't pass.""]",people,people
Not Mandatory,good,average,good,0,25757523,2,,good,4,COMP105,"A 9am timeblock encouraged the majority of students to skip class, the disappearance of most grading TAs led to 3 of 7 assignments being returned before the end of school, and those issues alongside the fact that tests and hw are unrelated to each other led to Guyer having a very tough semester. However, I feel most of this was out of his control.",12/18/2015,3.0,3.0,,4,Sorta interested,4.0,4.0,1,Yes,1450426978000,N/A,1040,Yes,,Not sure yet,"['Lots of homework', 'Get ready to read']",people,people
Not Mandatory,average,good,average,1,23757109,0,,good,3,COMP105,"Class can be a hit or a miss. Usually has little to do with how to solve the assignments. A lot of conceptual material for understanding how languages work. Guyer is nice and tries to help when asked. He's fun but the material isn't.  Weekly assignments that you must start on time. Unfortunately, no tokens. Midterm isn't bad. Uses Ramsey's Textbook",11/06/2014,4.0,4.0,,4,Sorta interested,3.5,3.5,1,Yes,1415275124000,N/A,1040,Yes,,Not sure yet,['Get ready to read'],people,person
N/A,good,average,good,0,20186702,0,,awesome,4,COMP15,"Guyer is a great professor that really knows his stuff and makes it interesting to learn. However, at least for Comp15, expect to wait forever to get assignments graded and expect the specifications to change every ten minutes. Nonetheless, it was a very enjoyable class to have with Guyer.",05/03/2012,3.0,3.0,,5,Really into it,4.5,4.5,1,No,1336051457000,N/A,1040,N/A,,N/A,[],people,people
N/A,poor,average,average,1,20186478,0,,poor,1,COMP15,"Not a very clear lecturer. For people with exposure to the subject, it was fine, but coming in from 11 with no other experience, his class was difficult to follow--and it didn't help that it was extremely disorganized. Projects weren't too hard but also weren't particularly interesting. I'd recommend taking 15 with someone else.",05/03/2012,3.0,3.0,,3,Sorta interested,2.0,2.0,1,No,1336050218000,N/A,1040,N/A,,N/A,[],people,person
N/A,good,poor,good,0,20185513,0,,awesome,5,COMP15,"The chillest guy. Good Guy Guyer. Really helpful and super friendly, always answers emails and is available to meet during or outside office hours. Also really easy: extended every deadline and made tricky parts optional. Also listens to feedback from students and is very responsive.",05/03/2012,1.0,1.0,,5,Sorta interested,5.0,5.0,1,No,1336044687000,N/A,1040,N/A,,N/A,[],people,people
N/A,good,average,good,0,20017950,0,,awesome,4,COMP15,"I think Guyer is a pretty cool guy. eh teaches computers and doesn't afraid of anything. For real though- he's really nice and informative in class, with completely reasonable amounts of homework, project, etc.",04/09/2012,2.0,2.0,,5,It's my life,4.5,4.5,1,No,1333986847000,N/A,1040,N/A,,N/A,[],people,people
N/A,good,average,good,1,20008851,0,,awesome,4,COMP15,"Sam is a great professor, knows his stuff and is extremely accessible. The class is great, he draws lots of pictures and uses helpful metaphors. Plus, he's a really cool guy.",04/06/2012,2.0,2.0,,5,It's my life,4.5,4.5,1,No,1333730406000,N/A,1040,N/A,,N/A,[],people,person
