attendance,clarityColor,easyColor,helpColor,helpCount,id,notHelpCount,onlineClass,quality,rClarity,rClass,rComments,rDate,rEasy,rEasyString,rErrorMsg,rHelpful,rInterest,rOverall,rOverallString,rStatus,rTextBookUse,rTimestamp,rWouldTakeAgain,sId,takenForCredit,teacher,teacherGrade,teacherRatingTags,unUsefulGrouping,usefulGrouping
Mandatory,good,good,good,0,31036059,0,,good,4,ENOOO1,"She gives insightful lectures and fun projects (but you should put in efforts). The homework can sometimes require work, and she sometimes talks very fast in lectures, so it's hard to take notes.",12/15/2018,4.0,4.0,,4,N/A,4.0,4.0,1,No,1544839351000,Yes,1040,Yes,,N/A,"['Group projects', 'Accessible outside class']",people,people
Mandatory,good,good,good,0,29703345,0,,awesome,5,ES0001,She is so nice and I really enjoyed her class. I might even switch my major because of how much I loved her intro to engineering class.,03/27/2018,4.0,4.0,,5,N/A,5.0,5.0,1,No,1522161122000,Yes,1040,Yes,,A+,"['Group projects', 'Clear grading criteria', 'Respected']",people,people
Mandatory,poor,good,poor,0,27867999,2,,awful,1,ES27,"horrible professor, very unclear, un engaging, ridiculouse homeowrks and tests, one of the worst professors i've ever had and very incompetent. DO NOT TAKE THIS WITH HER",03/01/2017,4.0,4.0,,1,N/A,1.0,1.0,1,Yes,1488373562000,No,1040,Yes,,N/A,"['Lots of homework', ""Skip class? You won't pass."", 'Tough grader']",people,people
Mandatory,good,average,good,2,26548767,0,,awesome,5,ES27,"Love Prof. Lantagne, very engaging professor and wonderful person. Course material very interesting but requires a lot of thought. She expects a lot from you on exams but they are manageable. She gives a really engaging lecture, which actually makes going to class enjoyable. Can't wait to take more of her classes.",05/11/2016,3.0,3.0,,5,N/A,5.0,5.0,1,Yes,1463010509000,Yes,1040,Yes,,N/A,"['Caring', 'Gives good feedback']",people,people
Mandatory,good,poor,good,1,25938285,0,,awesome,5,ES93,"Prof. Lantagne is not only an amazing teacher, but also an amazing person. Her lectures are simply mesmerizing, and I absolutely recommend anyone able to take her class.",01/13/2016,1.0,1.0,,5,Sorta interested,5.0,5.0,1,No,1452727889000,Yes,1040,Yes,,A-,"['Amazing lectures', 'Respected']",people,person
