attendance,clarityColor,easyColor,helpColor,helpCount,id,notHelpCount,onlineClass,quality,rClarity,rClass,rComments,rDate,rEasy,rEasyString,rErrorMsg,rHelpful,rInterest,rOverall,rOverallString,rStatus,rTextBookUse,rTimestamp,rWouldTakeAgain,sId,takenForCredit,teacher,teacherGrade,teacherRatingTags,unUsefulGrouping,usefulGrouping
N/A,average,good,average,0,29742643,0,,average,3,MATH42,"Good prof overall but, but focuses too much on formal definitions of theorems and terms. Makes it hard to stay engaged and follow what's going on. I've seen others spend more time building intuition *before* dropping a &quot;Let F be a so and so such that...&quot; Instead, we go right in the deep end and it's hard to not drown sometimes.",04/04/2018,4.0,4.0,,3,N/A,3.0,3.0,1,Yes,1522859096000,No,1040,Yes,,N/A,"['Lecture heavy', 'Lots of homework', 'Hilarious']",people,people
Not Mandatory,good,average,good,1,27597307,0,,good,4,MATH42,"Really great teacher with a sense of humor. The topics are a bit difficult especially toward the end so go to his office hours if you need to, it really helps! You don't need to go to class if you feel like you can master the topic on your own.",12/21/2016,2.0,2.0,,4,N/A,4.0,4.0,1,No,1482352178000,Yes,1040,Yes,,A,"['Accessible outside class', 'Clear grading criteria', 'Respected']",people,person
Not Mandatory,good,average,good,1,26647043,0,,awesome,5,MATH36,"Not like he needs another great review, but here it is anyway! Even though I never went to his office hours, he still learned my name. Expect terrible jokes so terrible they're amazing. He's a pretty reasonable guy, especially as far as assigning HW--he'll push due dates back if stuff comes up. However, he's not a pushover. All around great human.",05/24/2016,3.0,3.0,,4,N/A,4.5,4.5,1,No,1464125498000,N/A,1040,Yes,,A-,"['Hilarious', ""Skip class? You won't pass."", 'Lots of homework']",people,person
N/A,good,good,good,0,24941953,0,,awesome,5,MATH42,"Such an amazing professor - I can't recommend him enough.  Easily one of the smartest people in the Math department and super great with his students.  Definitely take him at least once, if not more!!",06/06/2015,4.0,4.0,,5,Sorta interested,5.0,5.0,1,Yes,1433550638000,N/A,1040,Yes,,N/A,"['Respected', 'Hilarious', 'Caring']",people,people
N/A,good,average,good,0,24552906,0,,awesome,4,MATH42,My favorite teacher so far!,04/06/2015,3.0,3.0,,5,Sorta interested,4.5,4.5,1,Yes,1428364639000,N/A,1040,Yes,,A+,"['Hilarious', 'Respected', 'Caring']",people,people
N/A,good,average,good,0,20760058,0,,awesome,5,MATH51,"Adler is the best! His lectures are crystal clear for the most part. He clearly is interested in having us understand the material. On top of that, his corny jokes are always hilarious, in an Adler sort of way. One of the best professors at Tufts. He really knows his stuff, and he's extremely approachable. The textbook's pretty good, too.",10/31/2012,3.0,3.0,,5,Really into it,5.0,5.0,1,Yes,1351702122000,N/A,1040,N/A,,N/A,[],people,people
N/A,good,average,good,0,20241645,0,,awesome,5,MATH13,"This class, as all other Calc III classes here, was fairly difficult. That being said, Adler does a great job of teaching. He's a genuinely kind and relatable person who is always there if you need help. His corny sense of humor just adds to the enjoyment, too. If I had to pick a Calc III professor it'd be him.",05/09/2012,3.0,3.0,,5,Sorta interested,5.0,5.0,1,Yes,1336583345000,N/A,1040,N/A,,N/A,[],people,people
N/A,good,good,good,0,20030086,0,,awesome,5,MATH13,"Great teacher, really wants students to succeed. Made A LOT of time for office hours and extra help, showed applications of theories he was teaching and loved corny math jokes, which is a plus. Pretty rigorous course, but that's across all Tufts Math 13 classes",04/11/2012,4.0,4.0,,5,Really into it,5.0,5.0,1,No,1334143360000,N/A,1040,N/A,,N/A,[],people,people
N/A,good,good,good,0,19996482,0,,awesome,4,MATH13,Great Teachers. Hard class due to department standards across all calc classes.,04/04/2012,4.0,4.0,,5,Sorta interested,4.5,4.5,1,Yes,1333544867000,N/A,1040,N/A,,N/A,[],people,people
N/A,good,good,good,0,19987013,0,,awesome,5,MATH13,"James Adler is the best. He's funny, an excellent teacher, and really entertaining. He told us math jokes every day at the end of class-- he's awesome. Forgot to mention, he's hot as hell. I'd come to his office hours any day.",04/02/2012,4.0,4.0,,5,Really into it,5.0,5.0,1,No,1333404694000,N/A,1040,N/A,,N/A,[],people,people
N/A,good,average,good,0,19980774,0,,awesome,5,MATH13,"Loved Adler. He was very clear and helpful, and he loves to make corny jokes in class. Would definitely recommend him as a teacher",04/01/2012,2.0,2.0,,5,Really into it,5.0,5.0,1,No,1333317063000,N/A,1040,N/A,,N/A,[],people,people
N/A,good,average,good,0,19539762,0,,awesome,4,MATH13,"Really loved Adler. He was new to the school this year but not to teaching or the subject matter. He knew what he was talking about, explained it clearly, made it interesting and made it fun. His background is in physics and applied math so he shared some insights into the applications of what we were learning too. I'd love to have him again.",12/16/2011,3.0,3.0,,5,It's my life,4.5,4.5,1,No,1324041817000,N/A,1040,N/A,,N/A,[],people,people
N/A,good,good,good,0,19097281,0,,awesome,5,MATH140,Really great guy.. always extremely willing to help you with your questions. He even had a review session before the final. Hard class but Adler really breaks it down and best of all is he has no accent so he's super easy to understand!,10/23/2011,4.0,4.0,,5,Sorta interested,5.0,5.0,1,Yes,1319384190000,N/A,758,N/A,,N/A,[],people,people
N/A,good,average,good,0,18573062,0,,awesome,5,MATH140,"Dr. Adler was my best teacher here. He is super approachable, nice, and hot. You have to study alot and really know the concepts inside and out to do well, but Dr. Adler is willing to help you achieve. His office hours were awesome, and he is a really awesome teacher.",05/10/2011,2.0,2.0,,5,It's my life,5.0,5.0,1,Yes,1305064753000,N/A,758,N/A,,N/A,[],people,people
N/A,good,average,good,0,18234946,0,,awesome,5,MATH230,"Very good professor, if you can take him!!",02/14/2011,3.0,3.0,,5,Really into it,5.0,5.0,1,Yes,1297726216000,N/A,758,N/A,,N/A,[],people,people
N/A,good,average,good,0,18002492,0,,awesome,5,MATH141,AMAZING teacher! enough said.,12/20/2010,3.0,3.0,,5,Really into it,5.0,5.0,1,Yes,1292813060000,N/A,758,N/A,,N/A,[],people,people
N/A,good,average,good,0,17988598,0,,awesome,5,MATH230,"Very good professor! This is the second math class I had him for and his teaching played a significant part in my success. The course is fairly hard, but he makes the material easier. The homework is all evens, so going to his office hours for help is a very good idea. If you see him listed as a prof, pick his class immediately!",12/18/2010,2.0,2.0,,5,Really into it,5.0,5.0,1,Yes,1292675484000,N/A,758,N/A,,N/A,[],people,people
N/A,good,average,good,0,17923117,0,,awesome,5,MATH230,"First couple of months are fairly easy until you get into the meat of CH 17, and that is when you can lean on Adler. Very quick email responses and very helpful in class and office hours. Don't take any chances, stick with Adler for 230.",12/12/2010,3.0,3.0,,5,It's my life,5.0,5.0,1,Yes,1292185494000,N/A,758,N/A,,N/A,[],people,people
N/A,good,average,good,0,17853161,0,,awesome,5,MATH230,"Great professor, who is very clear and speaks English. Material is hard but his examples in class help a lot",12/03/2010,3.0,3.0,,5,Really into it,5.0,5.0,1,Yes,1291380688000,N/A,758,N/A,,N/A,[],people,people
N/A,good,poor,good,0,17193523,0,,awesome,5,MATH141,Extremely good professor!,05/13/2010,1.0,1.0,,5,It's my life,5.0,5.0,1,Yes,1273757436000,N/A,758,N/A,,N/A,[],people,people
N/A,good,good,good,0,16792208,0,,awesome,5,MATH141,"James is the man. His class is difficult, but all sections of this class are going to be. James makes the best use of class time and is really fun and easy to talk with. He is really good at clarifying any problems you might encounter as well.",02/08/2010,5.0,5.0,,5,Sorta interested,5.0,5.0,1,Yes,1265667532000,N/A,758,N/A,,N/A,[],people,people
N/A,good,good,good,0,16653865,0,,awesome,5,MATH141,"Great teacher! He is not a hard professor, but the material is really tough. He is extremely helpful during class and office hours. Textbook is needed for hw's. Tries to make it fun with terrible jokes and he really wants all to do well! Calculus 2 is just a hard class in general, but he is the teacher you want to have if you have to take it!",12/29/2009,5.0,5.0,,5,Sorta interested,5.0,5.0,1,Yes,1262093275000,N/A,758,N/A,,N/A,[],people,people
N/A,good,poor,good,0,16644535,0,,awesome,5,MATH141,"Best possible professor for math 141. Gives mostly odd homework problems, quizzes are comparable to the easiest possible homework problems so there's a easy 100 pts for hw and quiz. Clears all confusion to course material or hw problems during office hours. Anyone taking James's class is very lucky.",12/27/2009,1.0,1.0,,5,Really into it,5.0,5.0,1,Yes,1261879944000,N/A,758,N/A,,N/A,[],people,people
N/A,good,good,good,0,16543481,0,,good,4,MATH141,"James is a pretty cool guy, he does his best to make calculus, a normally boring subject into something somewhat fun.  He constantly tells horrible jokes during class that he and everyone knows are horrible which make them funny.  Attendance is only mantadory one day a week on quiz day.  Overall probably the best you can ask for out of calc 2 prof",12/13/2009,4.0,4.0,,4,Low,4.0,4.0,1,Yes,1260737573000,N/A,758,N/A,,N/A,[],people,people
N/A,good,good,good,0,16320946,0,,awesome,5,MATH141,No Comments,11/05/2009,5.0,5.0,,4,Sorta interested,4.5,4.5,1,Yes,1257438431000,N/A,758,N/A,,N/A,[],people,people
