attendance,clarityColor,easyColor,helpColor,helpCount,id,notHelpCount,onlineClass,quality,rClarity,rClass,rComments,rDate,rEasy,rEasyString,rErrorMsg,rHelpful,rInterest,rOverall,rOverallString,rStatus,rTextBookUse,rTimestamp,rWouldTakeAgain,sId,takenForCredit,teacher,teacherGrade,teacherRatingTags,unUsefulGrouping,usefulGrouping
Not Mandatory,average,good,average,0,27962301,0,,average,3,FAH001,"She wrote a book about writing art history essays. It has guidelines that are expected on the test, and with it the class was way easier.   I thought the lack of continuity between the different lectures made the class kind of dull, but there were definitely some good professors.",03/29/2017,4.0,4.0,,3,N/A,3.0,3.0,1,No,1490747414000,No,1040,Yes,,N/A,"['Lecture heavy', 'Tough grader', 'Graded by few things']",people,people
N/A,good,average,good,0,22815525,0,,good,5,FAH32,"This professor was wonderful. Her lectures were always clear and concise. In retrospect, I did not expect to learn as much as I did in her classes. Make sure you do the readings just because those additional resources really do help with following her lextures and also give alternative insights which become helpful during exams.",02/03/2014,3.0,3.0,,3,Really into it,4.0,4.0,1,No,1391446633000,N/A,1040,N/A,,N/A,[],people,people
N/A,good,good,good,0,18449210,0,,awesome,5,FAH86,"Baskins is a tough, but fair professor. Her lectures are always engaging and her encouragement of discussion adds a lot to the overall experience. If you pay attention and think critically then you won't have any problems. Also, she WILL improve your writing skills 10x over!",04/21/2011,4.0,4.0,,5,It's my life,5.0,5.0,1,No,1303409523000,N/A,1040,N/A,,N/A,[],people,people
N/A,good,good,good,0,13587688,0,,awesome,5,FAH31,"Baskins expects a lot from her students. Her classes are interesting, and likes discussion. She tends to fall behind the syllabus. She does grade hard, but if you work hard, submit drafts, and edit, you will easily pull off a good grade. Exams - just spit back what she told you with key vocab words and you wil be fine. I love her viewpoint on art.",11/01/2007,4.0,4.0,,5,It's my life,5.0,5.0,1,Yes,1193958073000,N/A,1040,N/A,,N/A,[],people,people
N/A,good,average,average,0,11677905,0,,good,4,RENVENICE,"although, she tends to be rather repetative, i think she is quite clear on what she wants and expects from the students. its a lot of material to absorb, but youd be surprised how much you learned in the end.",04/08/2006,3.0,3.0,,3,Really into it,3.5,3.5,1,N/A,1144500667000,N/A,1040,N/A,,N/A,[],people,people
N/A,good,good,good,1,10649885,0,,awesome,5,ARTHISTORY,A wonderful professor who knows her stuff though don't expect a dog and pony show. Serious students will like her.,10/27/2005,4.0,4.0,,5,Really into it,5.0,5.0,1,N/A,1130411437000,N/A,1040,N/A,,N/A,[],people,person
N/A,average,good,average,0,2564158,1,,poor,2,FAH,scary,10/19/2004,4.0,4.0,,2,Low,2.0,2.0,1,N/A,1098191895000,N/A,1040,N/A,,N/A,[],person,people
N/A,good,average,good,0,1726132,0,,awesome,5,AH300,No Comments,02/17/2004,3.0,3.0,,5,N/A,5.0,5.0,1,N/A,1077031578000,N/A,1040,N/A,,N/A,[],people,people
N/A,poor,good,poor,0,874714,0,,awful,1,FAH31,No Comments,04/23/2003,4.0,4.0,,1,N/A,1.0,1.0,1,N/A,1051121404000,N/A,1040,N/A,,N/A,[],people,people
N/A,average,good,average,0,865837,0,,poor,2,FAH31,"not helpful, very picky about what a good answer is on a test, grades very hard",04/22/2003,4.0,4.0,,2,N/A,2.0,2.0,1,N/A,1051015671000,N/A,1040,N/A,,N/A,[],people,people
N/A,average,good,average,0,865283,0,,poor,2,FAH,No Comments,04/22/2003,4.0,4.0,,2,N/A,2.0,2.0,1,N/A,1051011365000,N/A,1040,N/A,,N/A,[],people,people
N/A,good,average,good,0,864393,0,,awesome,4,FAH41,No Comments,04/22/2003,2.0,2.0,,5,N/A,4.5,4.5,1,N/A,1050997808000,N/A,1040,N/A,,N/A,[],people,people
