attendance,clarityColor,easyColor,helpColor,helpCount,id,notHelpCount,onlineClass,quality,rClarity,rClass,rComments,rDate,rEasy,rEasyString,rErrorMsg,rHelpful,rInterest,rOverall,rOverallString,rStatus,rTextBookUse,rTimestamp,rWouldTakeAgain,sId,takenForCredit,teacher,teacherGrade,teacherRatingTags,unUsefulGrouping,usefulGrouping
Mandatory,good,average,good,0,26498131,0,,awesome,4,ARB002,"Ozzy is incredibly intelligent, engaging, and funny. I consider myself very lucky to have had him as a professor. Although he will no longer be teaching at Tufts after this year, I am sure that he will do great things two stops away at Harvard. Learning from him was a true privilege.",05/07/2016,3.0,3.0,,5,N/A,4.5,4.5,1,Yes,1462626879000,Yes,1040,Yes,,N/A,"['Respected', 'Hilarious']",people,people
N/A,good,average,good,0,25904696,0,,awesome,5,ARB001,"Ozzy is the best! I honestly wish that I could take Arabic with him forever! Arabic is a hard language but he is super funny and nice. He makes the class 1000 times better. He is willing to help if you are confused about anything. Arabic is a commitment but it is a very satisfying, you learn a lot. TAKE ARABIC WITH OZZY!!!",01/08/2016,3.0,3.0,,5,Really into it,5.0,5.0,1,Yes,1452276024000,N/A,1040,Yes,,A-,"['Respected', ""Skip class? You won't pass."", 'Participation matters']",people,people
N/A,average,good,good,0,24520156,0,,good,3,ARB002,"Ozzy is the cutest lil man ever, absolutely love him as a person. His class is definitely no walk in the park, though, and his workload will likely be your most demanding class. It is very conversationally oriented, so you must participate. He's very easy going and willing to give help and extend deadlines. The class is overall enjoyable I think.",03/30/2015,4.0,4.0,,5,Really into it,4.0,4.0,1,Yes,1427725688000,N/A,1040,Yes,,N/A,"['Participation matters', 'Group projects']",people,people
Mandatory,good,average,good,0,24218069,0,,good,4,ARB0001A,Great guy who is happy to help. He makes Arabic learnable.,01/02/2015,3.0,3.0,,4,Really into it,4.0,4.0,1,Yes,1420228118000,N/A,1040,Yes,,B+,"['Caring', 'Respected', ""Skip class? You won't pass.""]",people,people
N/A,good,average,good,0,21261500,0,,awesome,5,ARB0001,"Very funny.  Makes class fun, tries to get everyone involved.  He will often introduce some concepts a few weeks before you need to know them - I found this helpful.",01/15/2013,2.0,2.0,,5,Sorta interested,5.0,5.0,1,Yes,1358254012000,N/A,1040,N/A,,N/A,[],people,people
N/A,good,average,good,0,21155094,0,,good,4,ARB1,Take Arabic 1 and 2 with him and it will be a complete blast!,12/22/2012,3.0,3.0,,4,Really into it,4.0,4.0,1,Yes,1356205391000,N/A,1040,N/A,,N/A,[],people,people
N/A,average,average,average,0,19194069,0,,good,3,ARB001,"I had Ozzy for Arabic 1 and 2, he's awesome. He's super fun in class and a relatively easy grader. He understands that Arabic is a crazily difficult language and factors that in when looking over homework, presentations, etc. I would recommend Ozzy highly, he's a boss.",11/09/2011,2.0,2.0,,4,Sorta interested,3.5,3.5,1,Yes,1320800828000,N/A,1040,N/A,,N/A,[],people,people
N/A,good,average,good,0,19114966,0,,awesome,4,ARB2,Ozzy is the best! He'll make you laugh every class and truly takes an interest in his students. take arabic with him!,10/27/2011,2.0,2.0,,5,It's my life,4.5,4.5,1,Yes,1319682530000,N/A,1040,N/A,,N/A,[],people,people
N/A,good,good,good,0,18624708,0,,awesome,5,ARB2,Ozzy is the best! I learned so much from him. (He's also easy on the eyes...),05/18/2011,4.0,4.0,,5,Really into it,5.0,5.0,1,Yes,1305693996000,N/A,1040,N/A,,N/A,[],people,people
