attendance,clarityColor,easyColor,helpColor,helpCount,id,notHelpCount,onlineClass,quality,rClarity,rClass,rComments,rDate,rEasy,rEasyString,rErrorMsg,rHelpful,rInterest,rOverall,rOverallString,rStatus,rTextBookUse,rTimestamp,rWouldTakeAgain,sId,takenForCredit,teacher,teacherGrade,teacherRatingTags,unUsefulGrouping,usefulGrouping
Mandatory,good,good,good,0,31321740,0,,awesome,5,PS189,"His foreign policy seminar is by far the most interesting and inspiring class I've taken at Tufts. He uses the Socratic method and often plays devil's advocate in discussions and debates, which can be intimidating, but it spurred my thinking and kept me on my toes. He also helped improve my writing by looking at multiple drafts of my final paper",01/30/2019,5.0,5.0,,5,N/A,5.0,5.0,1,No,1548889115000,Yes,1040,Yes,,B+,"['Inspirational', 'Respected', 'Caring']",people,people
Mandatory,good,good,good,0,31297310,0,,awesome,5,PS188,"He's probably the best lecturer I've had at Tufts. He also runs a great policy discussion. Some of the readings were a bit dense (this is for Chinese foreign policy), but Beckley was always very clear in class, and I found him attentive and approachable outside of class.",01/23/2019,4.0,4.0,,5,N/A,5.0,5.0,1,No,1548280239000,Yes,1040,Yes,,B+,"['Inspirational', 'Respected', 'Caring']",people,people
N/A,good,good,good,0,30277715,0,,awesome,5,PS18813,"Really great lecturer. He doesn't put text on his slides (just pictures or graphs) and he moves fast through the material. You'll always get the main points just from listening, but he tests you on the specifics, so you need to take a ton of notes.",06/19/2018,4.0,4.0,,5,N/A,5.0,5.0,1,No,1529419556000,Yes,1040,Yes,,B+,"['Respected', 'Amazing lectures', 'Caring']",people,people
N/A,average,good,average,0,29359993,0,,average,3,PS18802,"Chinese foreign policy was an interesting class, but the lectures are fast paced, there is lots of reading, and tests are graded harshly. Honestly there is too much material to get through in such a short amount of time, which makes the class very difficult. Beckley is great, but I have liked his other classes much better.",12/30/2017,4.0,4.0,,3,N/A,3.0,3.0,1,No,1514629643000,Yes,1040,Yes,,N/A,"['Get ready to read', 'Tough grader', 'Graded by few things']",people,people
N/A,good,good,good,0,28388932,0,,good,4,PS0061,"The class is challenging but you learn a ton. There is a lot of readings so as long as you pay attention in class and study, the tests aren't too bad. The midterm and final consisted of essay type questions.",05/26/2017,4.0,4.0,,4,N/A,4.0,4.0,1,Yes,1495822807000,Yes,1040,Yes,,N/A,"['Respected', 'Get ready to read', 'Lecture heavy']",people,people
Mandatory,good,good,good,0,28352985,0,,awesome,5,PS189,"helps develop critical thinking skills, however a tough grader",05/20/2017,5.0,5.0,,5,N/A,5.0,5.0,1,Yes,1495283553000,Yes,1040,Yes,,N/A,"['Respected', 'Tough grader', 'Gives good feedback']",people,people
Not Mandatory,good,good,good,0,28247717,0,,awesome,5,PS0061,PS-61 is a really tough but definitely rewarding class. You'll learn lots of material and Beckley is a great lecturer but his test averages are usually around the low-80s so don't expect to get good grades without a ton of effort.,05/08/2017,4.0,4.0,,5,N/A,5.0,5.0,1,No,1494256776000,Yes,1040,Yes,,B,"['Lecture heavy', 'Get ready to read', 'Test heavy']",people,people
Mandatory,good,good,good,0,26909672,1,,awesome,5,PS00165,"Agree with everything that's been said.  He's just flat out sharp and knowledgeable and knows how to push you to learn without being overbearing.  I took a small class in the summer, so can't comment on lectures, but I always looked forward to his seminar.  He made the 3.5-hour classes fly by.",08/19/2016,4.0,4.0,,5,N/A,5.0,5.0,1,No,1471604965000,Yes,1040,Yes,,B,"['Respected', 'Inspirational', 'Participation matters']",person,people
Mandatory,good,good,good,0,26904678,0,,awesome,5,PS165,"Love love love!!  Truly the best professor at Tufts.  Runs a great discussion/debate, he knows how to make any foreign policy topic interesting and understandable to people without a background. Tough grader but gives helpful feedback on papers if you seek it out.  He's also hilarious, and you can tell he cares a lot about the students.",08/17/2016,4.0,4.0,,5,N/A,5.0,5.0,1,No,1471460370000,Yes,1040,Yes,,B+,"['Respected', 'Caring', 'Inspirational']",people,people
Mandatory,good,average,good,0,26884281,0,,awesome,5,PS0061,"Just a really cool class with really thought provoking discussions.  Taken in the summer so the small class made it even better.  Really good professor, wants to hear what we have to say.",08/11/2016,3.0,3.0,,5,N/A,5.0,5.0,1,No,1470912342000,Yes,1040,Yes,,B+,"['Caring', 'Get ready to read', 'Participation matters']",people,people
Mandatory,good,good,good,0,26818011,0,,good,4,PS0061,"While I really enjoyed Beckley's lecturing style, and he is clearly very knowledgeable about international relations, I don't think he was the best person for an intro class. I felt like his teaching style would have been better for a seminar class or a class more focused on group discussions, rather than a big discussion class. Still, a good prof!",07/19/2016,5.0,5.0,,4,N/A,4.0,4.0,1,Yes,1468967277000,Yes,1040,Yes,,A-,"['Caring', ""Skip class? You won't pass."", 'Tough grader']",people,people
N/A,average,good,average,3,24816559,5,,good,3,PS61,You really have to work for a good grade in this class. Test averages hover around a B-. He is a great lecturer and I would take a class with him again. ,05/13/2015,4.0,4.0,,4,Sorta interested,3.5,3.5,1,Yes,1431508518000,N/A,1040,Yes,,N/A,"['Respected', 'Tough grader', 'Participation matters']",people,people
Mandatory,good,average,good,0,24320134,0,,good,4,PS61,"Loved him. He's a great guy. Lectures aren't necessarily the most interesting in the world, but he has so much to cover that it's hard to get into the detailed interesting stuff. Always willing to help out if you go to his office hours. Go to class! Can't emphasize enough how important both lecture and recitation are. Can't wait to take him again. ",01/22/2015,3.0,3.0,,4,Really into it,4.0,4.0,1,Yes,1421927088000,N/A,1040,Yes,,A-,"['Tough grader', 'Get ready to read']",people,people
Not Mandatory,good,good,average,0,24260300,0,,good,4,PS61,"The lectures themselves are straightforward. Do not skip class because even though it is a powerpoint, Beckley gives more information that any other resource. Discussions are incredibly helpful if you are willing to say your opinions and ask questions using the various readings to back you up. Without speaking up, you will not learn a whole lot.",01/09/2015,4.0,4.0,,3,Really into it,3.5,3.5,1,Yes,1420817748000,N/A,1040,Yes,,C+,"['Participation matters', 'Tough grader', 'Get ready to read']",people,people
N/A,good,good,average,0,24219782,1,,good,4,PS0061,Beckley is a great lecturer and does an amazing job in keeping the content interesting and informational. Recitation and the simulation were a lot of fun and helped my understanding of the content. The tests are hard because they are all essay format but if you are able to grasp the concepts then it's not bad. ,01/03/2015,4.0,4.0,,3,Really into it,3.5,3.5,1,Yes,1420259001000,N/A,1040,Yes,,N/A,"[""Skip class? You won't pass."", 'Get ready to read', 'Amazing lectures']",person,people
N/A,good,average,average,0,24218108,0,,good,4,PS006101,"The kind of teacher who you would like to be friends with. He is really funny, and really knowledgable. He sometimes talks too fast, but he is also very approachable.",01/02/2015,3.0,3.0,,3,Really into it,3.5,3.5,1,Yes,1420228682000,N/A,1040,Yes,,N/A,"['Respected', 'Hilarious', 'Amazing lectures']",people,people
Mandatory,good,good,good,0,24101828,0,,awesome,5,PS18813,"I'm a senior and took Beckley's US foreign policy in Asia course.  I can honestly say he's the best professor I've had in 3.5 years at Tufts.  His lectures are detailed, clear, and really entertaining.  And he's a natural discussion leader, who always seems to ask the right question at the right time.  I only wish I'd taken his courses earlier.",12/16/2014,4.0,4.0,,4,It's my life,4.5,4.5,1,Yes,1418736700000,N/A,1040,Yes,,N/A,"['Amazing lectures', 'Respected', 'Inspirational']",people,people
N/A,good,good,good,0,24083348,0,,awesome,5,PS61,"Awesome professor.  I went to his office hours a couple of times.  he helped me prep for the final and also helped me sort out my summer internship plans, even sent an email on my behalf to help get my foot in the door.  I'd definitely recommend taking his courses, unless you're looking for an easy A.    ",12/15/2014,4.0,4.0,,5,Really into it,5.0,5.0,1,Yes,1418642816000,N/A,1040,Yes,,N/A,"['Respected', 'Inspirational', 'Caring']",people,people
N/A,good,average,average,0,24078398,0,,good,4,PS61,This dude is hilarious. I never thought an intro to IR class could be funny. Lectures go super fast though. ,12/14/2014,3.0,3.0,,3,Low,3.5,3.5,1,Yes,1418595303000,Yes,1040,Yes,,N/A,['Hilarious'],people,people
Not Mandatory,good,good,average,0,24014753,0,,good,4,PS61,I wasn't sure if I was going to major in IR or not but taking the intro. class with Beckley made me be sure I wanted to study IR. It's a great class to take if you want to know how world politics work and Beckley makes the subject enjoyable to learn.,12/10/2014,4.0,4.0,,3,It's my life,3.5,3.5,1,Yes,1418209276000,N/A,1040,Yes,,Not sure yet,"['Respected', 'Hilarious', 'Get ready to read']",people,people
N/A,good,average,good,0,23743097,0,,awesome,5,PS61,"Solid lecturer. If you have the opportunity to take PS61 with him, do it.",11/04/2014,3.0,3.0,,4,It's my life,4.5,4.5,1,Yes,1415127925000,Yes,1040,Yes,,N/A,"['Hilarious', 'Amazing lectures']",people,people
N/A,good,average,good,0,23735666,0,,good,5,PS61,"Funny lecturer, uses clear examples and talks about everything that's going to be on the midterm. His thing is China so count on that popping up.",11/03/2014,3.0,3.0,,3,Really into it,4.0,4.0,1,Yes,1415046635000,Yes,1040,Yes,,N/A,['Amazing lectures'],people,people
