attendance,clarityColor,easyColor,helpColor,helpCount,id,notHelpCount,onlineClass,quality,rClarity,rClass,rComments,rDate,rEasy,rEasyString,rErrorMsg,rHelpful,rInterest,rOverall,rOverallString,rStatus,rTextBookUse,rTimestamp,rWouldTakeAgain,sId,takenForCredit,teacher,teacherGrade,teacherRatingTags,unUsefulGrouping,usefulGrouping
N/A,good,good,good,0,24557652,0,,awesome,5,ES93,"I took global product development with Professor James my first semester at Tufts. I think it was the best class that I have ever taken in my life! He always spoke from personal experience about what it was like to be an engineer during his lectures. The course was extremely hands on, with an exciting final project! ",04/07/2015,4.0,4.0,,4,It's my life,4.5,4.5,1,Yes,1428433956000,N/A,1040,Yes,,N/A,"['Caring', 'Respected', 'Inspirational']",people,people
N/A,good,average,good,0,23181627,0,,awesome,5,ES93,"I took his Global Product Development class for my ES93 elective. Really interesting class, but definitely the most work out of the ES93's. Also he's a super nice guy.",05/06/2014,3.0,3.0,,5,It's my life,5.0,5.0,1,Yes,1399413711000,N/A,1040,N/A,,N/A,[],people,people
N/A,good,good,good,1,22669655,0,,awesome,4,ME43,"Prof. James taught senior design which I find can be a hard class to teach, (what really else can you say except give advice on our projects?) But he kept the class interesting and on task. Our section was  a bit more difficult than the other bc we had scheduled reviews and presentations but I felt this was good, kept us on track.",12/29/2013,4.0,4.0,,5,Really into it,4.5,4.5,1,No,1388316369000,N/A,1040,N/A,,N/A,[],people,person
N/A,good,average,good,0,20723579,0,,good,4,ME37,Professor James is a good professor in the MechE department and teaches this class well. He has plenty of real life examples from working in industry and keeps all of the notes straight forward and easy to follow.  I now have him for senior design and am happy to have him again.,10/22/2012,3.0,3.0,,4,Really into it,4.0,4.0,1,No,1350914823000,N/A,1040,N/A,,N/A,[],people,people
