attendance,clarityColor,easyColor,helpColor,helpCount,id,notHelpCount,onlineClass,quality,rClarity,rClass,rComments,rDate,rEasy,rEasyString,rErrorMsg,rHelpful,rInterest,rOverall,rOverallString,rStatus,rTextBookUse,rTimestamp,rWouldTakeAgain,sId,takenForCredit,teacher,teacherGrade,teacherRatingTags,unUsefulGrouping,usefulGrouping
N/A,average,good,average,0,30759680,0,,average,3,EC16,"Ed is clearly a smart guy and very nice. However, lectures could get disorganized, and he had a bad habit of getting halfway through some theorem, stopping when it became a mess of algebra and ensuring us we could finish it ourselves at home. Material isn't bad but presentation makes it harder. Office hours are fairly helpful though.",11/19/2018,4.0,4.0,,3,N/A,3.0,3.0,1,No,1542671590000,No,1040,Yes,,N/A,"[""Skip class? You won't pass."", 'Test heavy']",people,people
Mandatory,good,good,good,1,29403600,1,,good,4,ECON105,Mr Kutsoti is very dedicated and knows his stuff. He may come across as disorganised but it's only because he is a genius and his thought proccesses are very profond and hard to kerp up with at times especially if you aren't reading as much. I have enjoyed every bit of the course because of him.,01/07/2018,4.0,4.0,,4,N/A,4.0,4.0,1,Yes,1515295114000,Yes,1040,Yes,,B+,"['Amazing lectures', 'Caring', 'Respected']",person,person
Not Mandatory,poor,average,poor,1,27502466,0,,awful,1,EC16,"You cannot really avoid him since he's the only professor for EC16. The lectures were unclear, and he basically made easy materials harder to understand.",12/14/2016,3.0,3.0,,1,N/A,1.0,1.0,1,No,1481756562000,No,1040,Yes,,Not sure yet,['Lots of homework'],people,person
Not Mandatory,poor,good,average,2,26231575,0,,poor,1,EC16,"Ed is a tragically bad teacher. During lectures, he bounces around from topic to topic, making mistakes and failing to link the material together into a cohesive lesson. Looking back on the material, it was all fairly easy, but his inability to teach made every problem set and test a struggle. Taught myself everything I learned, Ed is just terrible",04/05/2016,4.0,4.0,,3,N/A,2.0,2.0,1,No,1459820025000,N/A,1040,Yes,,A-,"['Lecture heavy', 'Tough grader']",people,people
N/A,average,good,average,1,25846523,0,,average,2,EC16,Very smart but not very good at explaining. He's a great guy and is really nice but is not the best at making things clear. Tests are really hard but he curves.,12/29/2015,4.0,4.0,,3,Sorta interested,2.5,2.5,1,No,1451425551000,N/A,1040,Yes,,N/A,"['Tough grader', 'Respected']",people,person
N/A,average,average,average,0,25141023,0,,average,2,EC150,"Ppts skip a lot of things, and lectures can sometimes be confusing.  Exams are all about questions that ask you to provide intuition behind them, which is not easy because he never covers them in class. Last, sophomores be cautious if you want to enroll, most of your classmates are juniors who know a lot about finance, so the  curve is horrible",08/21/2015,3.0,3.0,,4,Really into it,3.0,3.0,1,No,1440195494000,N/A,1040,Yes,,N/A,[],people,people
N/A,poor,average,poor,1,19861155,0,,awful,1,EC204,"He simply didn't put in the effort. I left every class way more confused than when I entered it. He worked off notes that were hastily made and not reviewed before class. He probably was a good graduate teaching assistant, but he seems incapable of taking the next step to be a good professor.",02/27/2012,3.0,3.0,,1,Sorta interested,1.0,1.0,1,No,1330343538000,N/A,1040,N/A,,N/A,[],people,person
N/A,good,average,good,0,17415278,1,,awesome,4,EC18,"He is a fantastic professor, get him you can!!!",07/13/2010,3.0,3.0,,5,Meh,4.5,4.5,1,Yes,1279035047000,N/A,1040,N/A,,N/A,[],person,people
N/A,good,good,good,1,15984546,0,,good,4,EC18,I agree that he can be a bit disorganized but he does a good job explaining things and he's really friendly if you see him in office hours.,06/22/2009,4.0,4.0,,4,Sorta interested,4.0,4.0,1,No,1245713955000,N/A,1040,N/A,,N/A,[],people,person
N/A,poor,good,poor,1,14987048,0,,awful,1,EC18,"This man the most heinous excuse for a professor I have ever seen. Honestly, I hope he never teaches again, because he doen't care at all about the teaching part of his job. He barely even did any work besides drone on and on during class",11/13/2008,5.0,5.0,,1,Really into it,1.0,1.0,1,No,1226547268000,N/A,1040,N/A,,N/A,[],people,person
N/A,good,average,good,0,14396415,2,,good,4,EC150,"For the people who said Kutsoati isn't a good teacher, you guys are probably just stupid. If you go to class and make an effort you will understand everything, and this guy is incredibly smart. Best econ teacher at tufts.",05/03/2008,2.0,2.0,,4,It's my life,4.0,4.0,1,Yes,1209854307000,N/A,1040,N/A,,N/A,[],people,people
N/A,average,average,average,1,14392022,0,,poor,2,ECON105,"This class essentially reviewed easy parts of Math 12, and introduced differential equations, attempting to connect them to economics. But with only Micro as a prerequisite, he could not go into any depth. It was a fairly useless class, and Kutsoati is not the greatest of teachers",05/02/2008,3.0,3.0,,2,Really into it,2.0,2.0,1,No,1209767312000,N/A,1040,N/A,,N/A,[],people,person
N/A,average,average,average,0,2462159,0,,good,3,ECON,He is super nice,09/10/2004,3.0,3.0,,4,N/A,3.5,3.5,1,N/A,1094828021000,N/A,1040,N/A,,N/A,[],people,people
N/A,good,average,good,0,1815094,0,,awesome,4,18,"a really, really nice guy... but not so organized. but will be helpful if need clarification.",03/17/2004,2.0,2.0,,5,N/A,4.5,4.5,1,N/A,1079490643000,N/A,1040,N/A,,N/A,[],people,people
N/A,poor,average,average,0,878575,0,,poor,1,EC150,No Comments,04/24/2003,3.0,3.0,,3,N/A,2.0,2.0,1,N/A,1051188843000,N/A,1040,N/A,,N/A,[],people,people
N/A,average,average,average,0,874501,0,,good,3,EC151,No Comments,04/23/2003,3.0,3.0,,4,N/A,3.5,3.5,1,N/A,1051119662000,N/A,1040,N/A,,N/A,[],people,people
N/A,poor,good,average,0,871308,0,,average,1,EC105,What did he say&#63; What is he talking about&#63; Did he finish that example&#63; NICE GUY VERY FRIENDLY BUT YOU BETTER READ THE BOOK,04/23/2003,4.0,4.0,,5,N/A,3.0,3.0,1,N/A,1051080167000,N/A,1040,N/A,,N/A,[],people,people
