attendance,clarityColor,easyColor,helpColor,helpCount,id,notHelpCount,onlineClass,quality,rClarity,rClass,rComments,rDate,rEasy,rEasyString,rErrorMsg,rHelpful,rInterest,rOverall,rOverallString,rStatus,rTextBookUse,rTimestamp,rWouldTakeAgain,sId,takenForCredit,teacher,teacherGrade,teacherRatingTags,unUsefulGrouping,usefulGrouping
Not Mandatory,good,average,good,1,30108056,0,,awesome,5,MATH158,"Cool dude. Funny, upbeat, and knows his stuff thru and thru. Will do problem sessions for psets where he basically gives you the answers. Moves thru material quickly, but effectively.",05/15/2018,3.0,3.0,,5,N/A,5.0,5.0,1,Yes,1526343896000,Yes,1040,Yes,,A-,[],people,person
Not Mandatory,good,average,good,0,29614882,1,,good,4,MATH32,"This guy is the best professor I've had for math. Very clear and well paced lectures and he explains concepts very well. His mannerisms are very funny and he is very smart as well. It is a shame that he usually only teachers upper division electives. If he does teach calc 1 again, be sure to take him!",03/02/2018,2.0,2.0,,4,N/A,4.0,4.0,1,Yes,1520008513000,Yes,1040,Yes,,A,"['Lots of homework', 'Hilarious', 'Amazing lectures']",person,people
Not Mandatory,good,average,good,0,27184862,0,,awesome,5,MATH135,Best upper level math class I've taken at Tufts. Fulton is a great (and funny) guy and very helpful outside of class. Moves through material very fast in lecture so recommend going and taking notes. He has problem sessions that give you the hw answers and he gives a review sheet for tests so study that a bunch and the tests are straight forward.,11/14/2016,3.0,3.0,,5,N/A,5.0,5.0,1,Yes,1479152640000,Yes,1040,Yes,,A,"['Accessible outside class', 'Respected', 'Clear grading criteria']",people,people
Not Mandatory,good,poor,good,0,24188499,0,,awesome,5,MATH42,"Very smart and clear. Homework assignments and tests were quite easy, but sometimes it is hard to talk to him in private. Overall, enjoyed the course very much and would take any other math course with him, for sure.",12/26/2014,1.0,1.0,,4,Really into it,4.5,4.5,1,Yes,1419595751000,Yes,1040,Yes,,A,"['Respected', 'Inspirational']",people,people
N/A,good,average,good,0,23964209,0,,awesome,5,MATH42,"Professor Gonzalez is a brilliant math professor who actually knows how to connect with his students. He explains new material in a clear cut way and is very good at drawing 3D images. He tells us it is his goal to make sure everybody gets an A, but expects you to come with the same amount of effort. Overall, he is a talented, funny, and kind prof.",12/05/2014,3.0,3.0,,5,Really into it,5.0,5.0,1,Yes,1417809213000,N/A,1040,Yes,,N/A,"['Caring', 'Respected']",people,people
N/A,good,good,good,0,23757836,0,,awesome,5,CALCIII,"Engaging, enthusiastic lecturer and willing to meet with you outside of office hours if you can't make them. Patient and clear when explaining answers to questions. Also a very nice person. Great professor!!",11/06/2014,4.0,4.0,,4,Really into it,4.5,4.5,1,Yes,1415279580000,Yes,1040,Yes,,N/A,"['Caring', 'Clear grading criteria']",people,people
N/A,good,average,good,1,23623066,0,,awesome,5,MATH,"Fulton is probably the best teacher I have ever had. He is ridiculously good at drawing 3 dimensional surfaces, which is essential in this course. He has the funniest mannerisms and entertaining. He is also a pro at understanding people's questions. Honestly, if you are looking to take a math course at tufts, take Calc 3 with Fulton.",10/01/2014,3.0,3.0,,5,It's my life,5.0,5.0,1,Yes,1412180939000,N/A,1040,Yes,,N/A,"['Amazing lectures', 'Respected', 'Hilarious']",people,person
N/A,good,good,good,0,21186388,0,,awesome,5,MATH135,"Fulton knows what he's doing. Definitely the most efficient professor I've had. He flies through lectures, but is very clear and organized, so take lots of notes. He really enjoys the material and his enthusiasm is contagious. He even points out flaws in the textbook, so go to class.",12/30/2012,4.0,4.0,,4,Really into it,4.5,4.5,1,Yes,1356875798000,N/A,1040,N/A,,N/A,[],people,people
N/A,good,good,good,0,21058947,0,,awesome,5,MATH135,Fulton's a genius and extremely good at explaining complex concepts. The problem sets are challenging but fair. The tests are all totally manageable and there's no tricky stuff you didn't learn in class. Overall fantastic class and we got through a ton of material really clearly.,12/13/2012,4.0,4.0,,5,It's my life,5.0,5.0,1,Yes,1355418843000,N/A,1040,N/A,,N/A,[],people,people
N/A,good,average,good,0,14821905,0,,awesome,5,MATH158,"It baffles me how he manages to lecture at a constant speed the entire 75 minutes and have everything so prepared and crystal-clear. The class was a little nonstop (with a 5-minute break halfway through!), but he made a fairly difficult subject extremely clear and enjoyable. And his jokes, though they are few, are priceless. Definitely recommended.",09/18/2008,3.0,3.0,,5,It's my life,5.0,5.0,1,Yes,1221729511000,N/A,1040,N/A,,N/A,[],people,people
N/A,good,average,good,0,14275674,0,,awesome,5,MATH13,"nice guy, teaches the material pretty clearly and consistently with the book so you can look to it if you are confused or missed lecture. always happy to answer questions, very approachable. math 13 has a set syllabus so there was not much room for improvisation here but he did a good job with teaching us the material.",04/11/2008,2.0,2.0,,5,It's my life,5.0,5.0,1,Yes,1207878877000,N/A,1040,N/A,,N/A,[],people,people
N/A,good,average,good,0,14256941,0,,awesome,5,MATH06,"Gonzalez loved it when people asked questions, because he really wanted to help students understand. A friendly guy and definitely available, clear, and direct. I would recommend Math 6 if you're trying to get rid of your math requirement.",04/08/2008,2.0,2.0,,5,Sorta interested,5.0,5.0,1,Yes,1207613903000,N/A,1040,N/A,,N/A,[],people,people
N/A,good,poor,good,0,13168478,0,,awesome,5,MATH6,Really clear in class and pretty understanding if you need to turn in a homework or two a little late. He's helpful in office hours and made a pretty boring class tolerable,05/15/2007,1.0,1.0,,4,Meh,4.5,4.5,1,Yes,1179239946000,N/A,1040,N/A,,N/A,[],people,people
N/A,good,poor,good,0,13010611,0,,awesome,5,MATH46,"Great Professor. Made difficult linear algebra concepts simple to understand. You actually learn a lot of stuff from him. Problem sets get difficult towards the end of the semester, but tests are easy.",04/13/2007,1.0,1.0,,4,Really into it,4.5,4.5,1,Yes,1176506355000,N/A,1040,N/A,,N/A,[],people,people
N/A,good,average,good,0,11951935,0,,good,4,MATH6,"Fulton is really entertaining, but Math 6 sucks. He's not that brilliant of a professor that you should take the class if you're not required too.",05/28/2006,3.0,3.0,,4,Meh,4.0,4.0,1,N/A,1148851569000,N/A,1040,N/A,,N/A,[],people,people
N/A,good,good,good,0,11247172,0,,awesome,5,MATH46,"Professor Gonzalez is a wonderful professor. He is clear, thorough, and enthusiastic. He is one of the few professors that can do an entire lecture without glancing at his notes. He knows the material well and likes it. He clearly enjoys teaching and wants his students to learn a lot. Take any class you can with him.",12/23/2005,4.0,4.0,,5,Really into it,5.0,5.0,1,N/A,1135298949000,N/A,1040,N/A,,N/A,[],people,people
N/A,good,average,good,0,10756737,0,,awesome,4,MATH46,No Comments,10/09/2005,3.0,3.0,,5,Meh,4.5,4.5,1,N/A,1128876543000,N/A,1040,N/A,,N/A,[],people,people
N/A,good,good,good,0,3602542,0,,awesome,5,MATH13,Gonzalez rocks my socks. I think he's hilarious and he makes math fun. He is very helpful and personable.,04/11/2005,4.0,4.0,,5,Really into it,5.0,5.0,1,N/A,1113247015000,N/A,1040,N/A,,N/A,[],people,people
N/A,average,average,average,0,3148386,0,,average,3,MATH13,Not really understanding why everyone liked him so much.,01/03/2005,3.0,3.0,,3,Sorta interested,3.0,3.0,1,N/A,1104774772000,N/A,1040,N/A,,N/A,[],people,people
N/A,good,good,good,0,3107149,0,,awesome,4,MATH12,"Excellent professor for Math12. The topics in the class are difficult, but Prof. Gonzalez does a good job explaining them. Very helpful and willing to go through questions about homework outside of class time! Highly recommended.",12/23/2004,4.0,4.0,,5,It's my life,4.5,4.5,1,N/A,1103840744000,N/A,1040,N/A,,N/A,[],people,people
N/A,poor,average,poor,0,2601434,0,,awful,1,MATH3,What a boring class.  I just can't sit through it anymore. The guy doesn't know how to make the subject interesting at all.,10/27/2004,3.0,3.0,,1,Meh,1.0,1.0,1,N/A,1098876020000,N/A,1040,N/A,,N/A,[],people,people
N/A,good,average,good,0,2041918,0,,awesome,5,MATH13,"Really great lectures.. goes right to the point, does a good job of explaining things. Also very willing to help outside of class.",04/27/2004,3.0,3.0,,5,N/A,5.0,5.0,1,N/A,1083077513000,N/A,1040,N/A,,N/A,[],people,people
N/A,good,average,good,0,892488,0,,awesome,5,MATH5,so helpful and nice.  always willing to meet w/ you outside of class,04/27/2003,3.0,3.0,,5,N/A,5.0,5.0,1,N/A,1051459264000,N/A,1040,N/A,,N/A,[],people,people
N/A,good,good,good,0,544687,0,,awesome,5,MATH13,No Comments,02/05/2003,4.0,4.0,,5,N/A,5.0,5.0,1,N/A,1044489035000,N/A,1040,N/A,,N/A,[],people,people
