attendance,clarityColor,easyColor,helpColor,helpCount,id,notHelpCount,onlineClass,quality,rClarity,rClass,rComments,rDate,rEasy,rEasyString,rErrorMsg,rHelpful,rInterest,rOverall,rOverallString,rStatus,rTextBookUse,rTimestamp,rWouldTakeAgain,sId,takenForCredit,teacher,teacherGrade,teacherRatingTags,unUsefulGrouping,usefulGrouping
Mandatory,good,average,good,0,30979751,1,,awesome,5,ARB001,"Rana is the BEST for starting your Arabic career. She openly told me the class would be not that difficult since I already knew the alphabet, and it was great! Quizzes and tests are fair and clear on what material is going to be tested. Class time is always fun and before long, our class was a little family! Definitely use quizlet for vocab",12/12/2018,3.0,3.0,,5,N/A,5.0,5.0,1,Yes,1544576937000,Yes,1040,Yes,,A+,"['Clear grading criteria', 'Gives good feedback', 'Participation matters']",person,people
Mandatory,good,good,good,0,30946890,0,,good,4,ARB0001,"Rana's class is HARD- be prepared to put in more work for this class than any other. If you do the work though, you will do well and will learn the language.",12/10/2018,5.0,5.0,,4,N/A,4.0,4.0,1,Yes,1544456140000,No,1040,Yes,,N/A,"['Lots of homework', 'Accessible outside class', ""Skip class? You won't pass.""]",people,people
Mandatory,good,good,good,0,30858565,0,,awesome,5,ARAB101,shes amazing - if you wanna do Arab 1 take her class not fadis,12/04/2018,5.0,5.0,,5,N/A,5.0,5.0,1,Yes,1543927363000,Yes,1040,Yes,,N/A,"['EXTRA CREDIT', 'Lots of homework', ""Skip class? You won't pass.""]",people,people
Mandatory,good,good,good,0,27911747,0,,awesome,5,ARB0004,"Rana is amazing. Super organized and makes you work. If you're serious about learning Arabic, it's absolutely worth it.",03/15/2017,4.0,4.0,,5,N/A,5.0,5.0,1,Yes,1489615095000,Yes,1040,Yes,,N/A,"['Accessible outside class', 'Caring', 'Participation matters']",people,people
Mandatory,good,good,good,0,26560328,0,,awesome,5,ARB4,"I love Rana! Everyone agrees that she is one of the more difficult professors in the program and she makes you work/put in the effort for your grade, but it's totally worth it. She's understanding, clear, there for you, and is always encouraging everyone to do their best. She's a wonderful professor/human, and you'll wish you could have her again!",05/12/2016,4.0,4.0,,5,N/A,5.0,5.0,1,Yes,1463090153000,Yes,1040,Yes,,N/A,"['Gives good feedback', 'Respected']",people,people
Mandatory,good,average,good,1,25962362,0,,awesome,5,ARB1,"Rana is amazing! I would never have thought to take Arabic (I was assigned randomly), but it was hands-down my favorite class of the semester. The class begins immediately and totally in Arabic, so you learn quickly and you learn a lot. She is so much fun and really wants to see you succeed -- and you do. We became a little family!",01/19/2016,3.0,3.0,,5,Low,5.0,5.0,1,Yes,1453206944000,Yes,1040,Yes,,A,"['Gives good feedback', 'Respected']",people,person
Mandatory,average,good,average,0,25892098,0,,good,3,ARB003,"I learned so much from Rana. She has a reputation for being tough, but only because the material is difficult and she wants you to master it. She was always understanding when I struggled (which was a lot) and willing to meet with me. She's very approachable during office hours and not intimidating in oral exams. I'm going to take her again.",01/06/2016,4.0,4.0,,4,Really into it,3.5,3.5,1,Yes,1452116826000,N/A,1040,Yes,,B,"[""Skip class? You won't pass."", 'Respected', 'Lots of homework']",people,people
N/A,good,good,good,0,18481497,0,,good,4,ARB1,"If you take Arabic with Rana, you'll walk out of that class feeling exhausted but knowing it was good for you. Strict on homework deadlines, sets a high but not unreasonable standard. Wonderful professor, though not necessarily the most easy-going.",04/27/2011,4.0,4.0,,4,Sorta interested,4.0,4.0,1,Yes,1303942559000,N/A,1040,N/A,,N/A,[],people,people
N/A,good,good,good,0,18067422,0,,awesome,5,ARAB201,"Rana is a very demanding professor, but she makes her expectations clear. She is a fantastic language professor and if you put in the work, you will do well and learn SO much!",12/31/2010,5.0,5.0,,4,It's my life,4.5,4.5,1,Yes,1293769582000,N/A,1040,N/A,,N/A,[],people,people
N/A,good,average,good,1,17870771,0,,awesome,5,ARB1,It doesn't get much better than Rana.,12/06/2010,3.0,3.0,,5,Really into it,5.0,5.0,1,Yes,1291639223000,N/A,1040,N/A,,N/A,[],people,person
N/A,good,good,good,1,17739851,0,,awesome,5,ARB003,The best language teacher I have ever had.,11/07/2010,4.0,4.0,,5,Sorta interested,5.0,5.0,1,Yes,1289136364000,N/A,1040,N/A,,N/A,[],people,person
N/A,good,good,good,0,16789189,0,,awesome,5,ARB03,"Easily the best language instructor I have ever had. The workload is a little draining at times, but worth it. If you have the choice, take a class with her, you won't regret it. One of Tufts' best professors by miles.",02/07/2010,4.0,4.0,,5,Sorta interested,5.0,5.0,1,Yes,1265552045000,N/A,1040,N/A,,N/A,[],people,people
N/A,good,good,good,1,16542479,0,,awesome,5,ARB001,Unarguably one of the best Professors in the entire Language Department.,12/13/2009,4.0,4.0,,5,Really into it,5.0,5.0,1,Yes,1260728993000,N/A,1040,N/A,,N/A,[],people,person
N/A,good,good,good,0,16178362,0,,awesome,5,ARAB101,"Rana is the best professor I've had at Wellesley. She is incredibly helpful and goes out of her way to make sure that the class does well. Rana even came to numerous weekend study sessions. If any of you ever have a chance to take a class with her, do yourself a favor and register. Although she gives a lot of work, none of it is meaningless.",09/08/2009,5.0,5.0,,5,Really into it,5.0,5.0,1,Yes,1252433921000,N/A,1040,N/A,,N/A,[],people,people
N/A,good,average,good,1,16032724,0,,awesome,5,ARBB,k,07/12/2009,2.0,2.0,,5,Sorta interested,5.0,5.0,1,Yes,1247382931000,N/A,1040,N/A,,N/A,[],people,person
N/A,good,average,good,0,15632731,0,,good,4,ARB99,I have to disagree to the last person's post. I was in the class when the incident happened and the student was completely at fault. The student is lying and trying to discourage you all since he is doing poorly in his class. Rana is undoubtedly one of the best teachers I ever had in my life and I will continue to take her as long as possible.,04/09/2009,3.0,3.0,,4,Really into it,4.0,4.0,1,Yes,1239319511000,N/A,1040,N/A,,N/A,[],people,people
N/A,good,good,good,0,15599852,0,,good,4,ARBA,"Rana is a great, demanding teacher but one day when she yelled at me like a crazy person for 5 minutes in front of other students for missing one homework due to her syllabus mistake, all my respect died for her.  she was very unprofessional.  when she was yelling at me, her hair was raised and her hands were flying.",04/02/2009,5.0,5.0,,4,Really into it,4.0,4.0,3,Yes,1238694482000,N/A,1040,N/A,,N/A,[],people,people
N/A,good,good,good,0,14980489,0,,awesome,4,ARB0001,"she wants you to do well but she challenges you, use office hours and dont get behind!",11/12/2008,4.0,4.0,,5,Really into it,4.5,4.5,1,Yes,1226500423000,N/A,1040,N/A,,N/A,[],people,people
N/A,good,good,good,0,14326313,0,,awesome,5,ARB2,"Forceful and demanding in class, during office hours she is extremely approachable. If you can't make office hours, she'll find a way to meet with you. Her expectations are high, but if you put in work (which, granted, is difficult) she'll work hard to ensure your understanding. Though she can be a little intense sometimes, she's really very nice.",04/22/2008,4.0,4.0,,5,Really into it,5.0,5.0,1,Yes,1208824274000,N/A,1040,N/A,,N/A,[],people,people
N/A,good,average,average,0,12952779,0,,average,5,ARB4,"Amazing professor, even if you're not interested in Arabic, take it with her and you will want to continue.  The best professor I've had (and will likely ever have) at Tufts, hands down.",03/30/2007,3.0,3.0,,1,Sorta interested,3.0,3.0,1,Yes,1175219413000,N/A,1040,N/A,,N/A,[],people,people
N/A,good,good,average,0,12949041,0,,good,4,ARB2,"Good teacher, but you've definitely got to be willing to put a lot of outside work into the class if you want a good grade.",03/28/2007,4.0,4.0,,3,Really into it,3.5,3.5,1,Yes,1175122168000,N/A,1040,N/A,,N/A,[],people,people
N/A,good,good,good,0,12892855,0,,awesome,5,ARB0004,"The best professor I've had at Tufts, period.  If you have the opportunity to study with her, even if you have no desire to take Arabic for an extended period of time, do it.  I had her for Arabic 1 and she's the reason I decided to keep taking it.  One of Tufts' finest.",03/01/2007,4.0,4.0,,5,It's my life,5.0,5.0,1,Yes,1172728150000,N/A,1040,N/A,,N/A,[],people,people
N/A,good,average,good,0,12420499,0,,awesome,5,ARB1,"Rana is a bit intimidating at first, but don't let that get to you. She loves her subject and is willing to give you as much help as you need to succeed. This class is a decent amount of work, but it is so worth it- you come out the other side knowing SO much. ALWAYS do your homework for this class...you don't want to face her if you haven't.",11/15/2006,3.0,3.0,,5,It's my life,5.0,5.0,1,Yes,1163589496000,N/A,1040,N/A,,N/A,[],people,people
N/A,good,good,good,0,12320785,0,,awesome,5,ARB1,Rana is one of the best language teachers i have ever had. She is very clear. She wants students to do well and expects them to be prepared. she is always available to give extra help. extremely organized and very mature (i was shocked when i found out it was she had just started teaching). i'm sure she will only get better.,10/26/2006,4.0,4.0,,5,Really into it,5.0,5.0,1,Yes,1161874946000,N/A,1040,N/A,,N/A,[],people,people
N/A,good,average,good,0,12007202,0,,awesome,5,ARB1,"Rana was a great professor, patient with students and devoted to seeing them succeed.",06/15/2006,2.0,2.0,,5,Really into it,5.0,5.0,1,N/A,1150377469000,N/A,1040,N/A,,N/A,[],people,people
N/A,good,average,good,0,11668437,0,,awesome,4,ARB1,"She's young (I think in grad school), very cool and very good.  The class was not that hard, but you learn A LOT, and she is always there to help you out.  She is also near our age, so easy to connect with.",04/06/2006,2.0,2.0,,5,Really into it,4.5,4.5,1,N/A,1144333336000,N/A,1040,N/A,,N/A,[],people,people
