attendance,clarityColor,easyColor,helpColor,helpCount,id,notHelpCount,onlineClass,quality,rClarity,rClass,rComments,rDate,rEasy,rEasyString,rErrorMsg,rHelpful,rInterest,rOverall,rOverallString,rStatus,rTextBookUse,rTimestamp,rWouldTakeAgain,sId,takenForCredit,teacher,teacherGrade,teacherRatingTags,unUsefulGrouping,usefulGrouping
N/A,average,average,average,0,31748944,0,,average,3,ES9,"Prof. Dorfmann is caring and is entertaining as a lecturer, but failed to make the content of the course enjoyable. Applied Mechanics &amp; Strength of Materials has so many real-world applications, but Prof. Dormann and ES-9 give little emphasis to them resulting in a very dull course that describes beams and forces in their abstract.",05/02/2019,3.0,3.0,,3,N/A,3.0,3.0,1,No,1556822771000,No,1040,Yes,,N/A,"['Caring', 'Hilarious']",people,people
N/A,good,average,good,1,30783819,0,,awesome,5,ES9,"Dude is super dope, explains concepts relatively well and keeps class going by alluding to his experiences in various jobs. Consistently excited to teach and funny, tests super fair w minimal surprises.",11/26/2018,3.0,3.0,,5,N/A,5.0,5.0,1,No,1543248538000,Yes,1040,Yes,,A,[],people,person
Mandatory,good,average,good,0,27938390,0,,good,4,ES9,"Dorfmann can be hard to get used to at first, but after a couple weeks you'll see that his teaching is very clear and that the tests are very fair, reflecting only what he has explicitly taught and explained in class. A very nice guy as well.",03/23/2017,2.0,2.0,,4,N/A,4.0,4.0,1,No,1490273717000,Yes,1040,Yes,,A,['Respected'],people,people
N/A,average,good,average,0,23161397,0,,poor,2,ES9,"Too much derivation, practically no in-class examples, students have to rely heavily on the book, not very helpful when answering questions, strict and harsh grader on tests",05/04/2014,4.0,4.0,,2,Meh,2.0,2.0,1,Yes,1399229131000,N/A,1040,N/A,,N/A,[],people,people
N/A,average,average,average,0,19450930,0,,average,2,ES5,"Dorfmann is a wonderfully entertaining professor. He can be unclear at times, but cares very much about his class, and is very nice and funny. He is also very understanding and not terribly strict.",12/10/2011,2.0,2.0,,4,Really into it,3.0,3.0,1,Yes,1323521500000,N/A,1040,N/A,,N/A,[],people,people
N/A,average,average,average,0,19388074,0,,average,3,ES5,"I love Dorfmann.  Once you learn his accent, he is not hard to understand.  He tells funny anecdotes during class.  Not the greatest at teaching, but is a very smart person, which makes up for it.  He also teaches to the exams, which is awesome.",12/05/2011,2.0,2.0,,3,It's my life,3.0,3.0,1,Yes,1323114712000,N/A,1040,N/A,,N/A,[],people,people
N/A,average,average,average,0,16827207,0,,good,3,ES9,"Professor Dorfman is a smart guy...unfortunately the lecture material for this class is just incredibly boring.  He does his best to keep it interesting, but how interesting can a beam under different types of loading get&#63;  Tests are fair, offered a make-up for students who scored poorly on the first one. Always available outside of class.",02/24/2010,3.0,3.0,,4,Sorta interested,3.5,3.5,1,Yes,1267024440000,N/A,1040,N/A,,N/A,[],people,people
N/A,average,average,average,0,11985111,0,,poor,2,ES9,"He means well; he's new and was very nice but just not meant to be a teacher. He at first taught lots of theory, then upon request, focused on sample problems, and he meant well, but I found his class challenging in that he just was not a good or clear teacher. Very willing to help outside of class.",06/07/2006,2.0,2.0,,2,Low,2.0,2.0,1,N/A,1149714227000,N/A,1040,N/A,,N/A,[],people,people
