attendance,clarityColor,easyColor,helpColor,helpCount,id,notHelpCount,onlineClass,quality,rClarity,rClass,rComments,rDate,rEasy,rEasyString,rErrorMsg,rHelpful,rInterest,rOverall,rOverallString,rStatus,rTextBookUse,rTimestamp,rWouldTakeAgain,sId,takenForCredit,teacher,teacherGrade,teacherRatingTags,unUsefulGrouping,usefulGrouping
Not Mandatory,poor,average,poor,1,31865762,0,,awful,1,CHEM0001,"Professor Campbell made me glad that Chem 1 was the last chem class I'd need at Tufts. Her lectures consist of her just reading off the slides, at an incredibly slow pace, and going off on useless tangents. My knowledge of chemistry was much better leaving high school than after this class. Practice exams also did not reflect the real exams.",05/14/2019,3.0,3.0,,1,N/A,1.0,1.0,1,No,1557807425000,No,1040,Yes,,N/A,[],people,person
Not Mandatory,poor,good,poor,2,31828017,1,,awful,1,CHEM01,i am no longer a chemistry major because of this class. horrible lecturer,05/09/2019,4.0,4.0,,1,N/A,1.0,1.0,1,Yes,1557432706000,No,1040,Yes,,N/A,"['Test heavy', 'Get ready to read', 'Tough grader']",person,people
Not Mandatory,poor,good,poor,2,31819816,0,,awful,1,CHEM1,"After taking CHEM 1 with Campbell, I never want to take another course in the chemistry department. The professor simply reads through the slides (at a horrible pace too). Also, do not rely on the practice exams, they usually don't reflect the exams. My biggest mistake at this school was taking a course with this professor.",05/09/2019,5.0,5.0,,1,N/A,1.0,1.0,1,No,1557369543000,No,1040,Yes,,N/A,"['Tough grader', 'Test heavy', 'Lots of homework']",people,people
Not Mandatory,poor,good,poor,1,31815842,0,,awful,1,CHEM1,Not good at explaining things. Adds things to exams that were never covered. Does not respond to emails and is very unorganized. Would never take this class again ever,05/08/2019,4.0,4.0,,1,N/A,1.0,1.0,1,Yes,1557351883000,No,1040,Yes,,N/A,[],people,person
Not Mandatory,poor,good,poor,11,31441589,1,,awful,1,CHEM1,"Reads off the slides. The practice exams do not accurately reflect the style of the exams. Also, the only professor that offers 7 am exams. I would take this class with caution. If another professor is also teaching chem, I would go with that professor instead.",03/15/2019,5.0,5.0,,1,N/A,1.0,1.0,1,No,1552686807000,No,1040,Yes,,N/A,"['Tough grader', 'Test heavy']",person,people
Not Mandatory,average,average,average,1,31376251,0,,average,3,CHEM2,Horrible at replying to emails in a timely manner. Poor use of lecture time (most kids either skipped or just did other hw during class). Tests were pretty chill if you study well. She is really nice and always at her OH. I just don't think chem2 was a good fit for her to teach since she didn't seem that into it.,02/23/2019,3.0,3.0,,3,N/A,3.0,3.0,1,No,1550959036000,No,1040,Yes,,A+,"['Accessible outside class', 'Test heavy', 'Clear grading criteria']",people,person
Not Mandatory,poor,good,poor,5,31148872,0,,awful,1,CHEM02,"I did well in chem 1, but Dr. Campbell's course was a bit of a struggle. I had to teach myself much of the material outside class because lectures were confusing or inaccurate, and we only got through 2/3 of the material, so I'm now also worried about my orgo foundations. Read the textbook and you should be okay, or just take it with Kryatov...",12/24/2018,4.0,4.0,,1,N/A,1.0,1.0,1,Yes,1545635701000,No,1040,Yes,,A-,"['Lecture heavy', 'Get ready to read', 'Test heavy']",people,people
Not Mandatory,poor,good,poor,4,31073789,0,,awful,1,CHEM2,"I am glad I never have to deal with intro chem. Exams do not match practice material. There is content on practices that have not been taught. Unreliable in exam questions. Overall a horrible class, I should have stuck with Kryatov. She doesn't actually teach anything and we didn't cover 1/3 of course content. I wish I'd never taken this course.",12/18/2018,5.0,5.0,,1,N/A,1.0,1.0,1,No,1545098972000,No,1040,Yes,,B-,"['Lots of homework', 'Tough grader']",people,people
Not Mandatory,average,average,average,1,30680865,1,,poor,2,CHEM02,"The class is probably easier than Kryatov but she is a worse teacher. She does not explain things very well or check for class understanding. Class average was a 75 on the buffer test and was graded unfairly. She is a super nice lady but I would not take her class. Definitely, do not take intro chem if you have AP credit.",11/07/2018,3.0,3.0,,2,N/A,2.0,2.0,1,Yes,1541623158000,No,1040,Yes,,A,[],person,person
Not Mandatory,good,average,good,0,30049218,6,,awesome,5,CHEM33,She will go out of her way for students.,05/09/2018,3.0,3.0,,5,N/A,5.0,5.0,1,No,1525908938000,Yes,1040,Yes,,A,[],people,people
Mandatory,average,good,average,1,29697699,0,,poor,2,CHEM33,"Professor Campbell is knowledgeable. She understands the material and wants to convey it. However, she did not manage Lab Lecture time well and we fell behind week 1. Expectations were unclear from the start and did not resolve the entirety of the semester. Labs were interesting but poorly planned. She tried to make herself accessible.",03/26/2018,5.0,5.0,,2,N/A,2.0,2.0,1,No,1522076705000,No,1040,Yes,,B-,"['So many papers', 'Tough grader', 'Hilarious']",people,person
Not Mandatory,average,good,average,1,29364850,2,,poor,2,CHEM002,"Professor Campbell is a nice person but I think she makes the tests more difficult than they need to be. Like others said, the test difficulty is difficult to predict (usually nothing like the practice exams). I'm glad to be done with chem. Tons of MasteringChem on top of exams, lab reports, and problem sets. She is good about postponing deadlines.",12/31/2017,4.0,4.0,,2,N/A,2.0,2.0,1,No,1514739567000,No,1040,Yes,,B,"['Lots of homework', 'Test heavy']",people,person
Not Mandatory,average,average,average,1,28509989,7,,poor,2,AST0006,"Prof. Campbell should stick to research- clearly very knowledgable about Chemistry but poor teaching skills; not clear or organized. Her attitude is also poor, and she never seems happy to be in the classroom. HOWEVER the rest of the professors of Big Bang were awesome! Take the course even to suffer through the Chemistry portion.",07/06/2017,3.0,3.0,,2,N/A,2.0,2.0,1,No,1499340588000,No,1040,Yes,,N/A,['Accessible outside class'],people,person
Not Mandatory,average,good,average,3,28381992,6,,poor,2,CHEM001,"Prof Campbell is very relaxed and she's incredibly flexible with moving MasteringChem deadlines, but not the greatest lecturer. You have to self-teach a lot of the material in order to do well. Keep up with the material, or you'll be totally left in the dust. You can be great in chem and still struggle in this class.",05/25/2017,4.0,4.0,,2,N/A,2.0,2.0,3,No,1495723054000,Yes,1040,Yes,,B+,"['Hilarious', 'Test heavy', 'Lecture heavy']",people,people
Not Mandatory,average,good,average,1,28274915,3,,average,3,CHEM1,"Took her for CHEM 1 because I heard she was ""easier."" Nope. I took AP Chemistry in high school and I barely passed the class. She's really unreliable in terms of difficulty for each exam (Kryatov is very predictable). Would not take a class with her again.",05/10/2017,4.0,4.0,,3,N/A,3.0,3.0,1,No,1494430253000,No,1040,Yes,,B-,"['EXTRA CREDIT', 'Tough grader']",people,person
Not Mandatory,average,poor,average,1,28262138,4,,poor,2,CHEM6,"So boring that I bought a New York Times crossword subscription to keep myself from falling out of my chair each class. Attendance is so optional to the point where half the class only showed up on test days. Huge boring waste of my time, if you're looking for easy science class, this one's easy but you'll hate it.",05/09/2017,1.0,1.0,,2,N/A,2.0,2.0,1,No,1494346937000,No,1040,Yes,,N/A,"['Tough grader', 'Lecture heavy']",people,person
Mandatory,good,good,good,3,28010463,7,,good,4,CHEM2,Campbell does a really good job. College introductory chemistry is just going to be hard because there's a lot to cover. Both Chem 1 and 2 have a lot of work but she is very approachable with any questions. She's very sweet and I would recommend her (definitely over Kryatov).,04/06/2017,4.0,4.0,,4,N/A,4.0,4.0,1,No,1491516372000,Yes,1040,Yes,,B,"['Lecture heavy', 'Respected', 'Lots of homework']",people,people
Not Mandatory,average,good,average,3,26037163,0,,average,2,CHEM2,"she is honestly so sweet, but after moving forward in the chem department i've realized she sort of makes problem sets and test questions harder than they have to be. i think you can understand the concepts and still struggle a little bit. she's there to help and she's really understanding",02/08/2016,5.0,5.0,,3,Really into it,2.5,2.5,1,Yes,1454895767000,N/A,1040,Yes,,N/A,"['Respected', 'Lecture heavy', ""Skip class? You won't pass.""]",people,people
N/A,average,average,average,3,25886461,0,,average,3,CHEM2,"Campbell is a really relatable and reasonable person and professor. This helps make the science feel a little more accessible. However, lectures can sometimes be confusing so don't be afraid to speak up in class - she doesn't turn down questions or clarifications. Can be a little difficult to reach by email, but will respond to persistence.",01/06/2016,3.0,3.0,,3,Sorta interested,3.0,3.0,1,Yes,1452073584000,N/A,1040,Yes,,N/A,"['Lecture heavy', 'Caring']",people,people
Mandatory,average,good,average,1,25436157,0,,average,2,CHEM33,"She is pretty good at explaining concepts and preparing you for the lab. DO NOT take the Monday lab section! You will not get access to lecture slides and sometimes not even access to lab procedures until the day of your lab. Also, most of the labs get extended deadlines which you won't find out about until you've already finished the report.",11/17/2015,5.0,5.0,,3,Sorta interested,2.5,2.5,1,No,1447797359000,N/A,1040,Yes,,N/A,"['So many papers', 'Tough grader', 'Lots of homework']",people,person
N/A,average,good,average,1,25274273,1,,average,2,CHEM33,Decent at explaining lab processes but totally vague in terms of what should actually go into the report so expect to tear your hair out over them,10/21/2015,5.0,5.0,,4,Sorta interested,3.0,3.0,1,No,1445393212000,N/A,1040,Yes,,N/A,['So many papers'],person,person
N/A,good,average,good,2,23966815,0,,good,4,CHEM33,"Lab lectures are pretty decent, although most of the time the concepts introduced have not been covered in PChem lecture yet, so the lab reports take quite a while. Professor Campbell is nice and will help out as best she can. Quizes are okay. Honestly, this class depends way more on your lab TAs.",12/06/2014,3.0,3.0,,4,Really into it,4.0,4.0,1,No,1417831164000,N/A,1040,Yes,,N/A,[],people,people
