attendance,clarityColor,easyColor,helpColor,helpCount,id,notHelpCount,onlineClass,quality,rClarity,rClass,rComments,rDate,rEasy,rEasyString,rErrorMsg,rHelpful,rInterest,rOverall,rOverallString,rStatus,rTextBookUse,rTimestamp,rWouldTakeAgain,sId,takenForCredit,teacher,teacherGrade,teacherRatingTags,unUsefulGrouping,usefulGrouping
Mandatory,good,poor,good,0,27204088,0,,awesome,5,MUS72,Show up and pass. Awesome man. Super funny,11/16/2016,1.0,1.0,,5,N/A,5.0,5.0,1,No,1479319792000,Yes,1040,Yes,,A,[],people,people
Mandatory,good,poor,good,0,26201827,0,,awesome,5,MUS72,Great professor. Best art requirement,03/29/2016,1.0,1.0,,5,N/A,5.0,5.0,1,No,1459295839000,N/A,1040,Yes,,A,[],people,people
Mandatory,good,poor,average,0,22552330,0,,average,5,MUS,Awesome.,12/14/2013,1.0,1.0,,1,Meh,3.0,3.0,1,No,1387028108000,N/A,1040,N/A,,N/A,[],people,people
N/A,good,poor,good,0,17978018,0,,awesome,5,MUS72,"Gospel choir is the best class tufts has to offer, and one of my favorite things I've ever done on campus. No matter if you can sing or not, join the choir!! You will not regret it. Professor Coleman is wonderful; not only a talented musician but he truly cares for the choir, which makes the experience all the better.",12/17/2010,1.0,1.0,,5,It's my life,5.0,5.0,1,Yes,1292589562000,N/A,1040,N/A,,N/A,[],people,people
N/A,good,poor,good,0,15587874,0,,awesome,5,MUS72,"David is amazing. Not only is he intelligent and a great musician, he's also  a very real person, not to mention funny. He is truly inspiring.",03/31/2009,1.0,1.0,,5,Sorta interested,5.0,5.0,1,No,1238463025000,N/A,1040,N/A,,N/A,[],people,people
N/A,good,poor,good,0,14122880,0,,awesome,5,MUS64,Really great guy and very impressive musician. I'd recommend him to anyone.,02/26/2008,1.0,1.0,,4,Sorta interested,4.5,4.5,1,No,1204068749000,N/A,1040,N/A,,N/A,[],people,people
N/A,good,average,good,0,12985875,0,,awesome,5,MUS64,No Comments,04/09/2007,3.0,3.0,,5,It's my life,5.0,5.0,1,No,1176078396000,N/A,1040,N/A,,N/A,[],people,people
