attendance,clarityColor,easyColor,helpColor,helpCount,id,notHelpCount,onlineClass,quality,rClarity,rClass,rComments,rDate,rEasy,rEasyString,rErrorMsg,rHelpful,rInterest,rOverall,rOverallString,rStatus,rTextBookUse,rTimestamp,rWouldTakeAgain,sId,takenForCredit,teacher,teacherGrade,teacherRatingTags,unUsefulGrouping,usefulGrouping
Not Mandatory,good,good,good,0,31377053,0,,good,4,BIO0013,Great professor! Amazing lecturer! Taught a 500 person class as well as anyone could be expected to. Very nice! Very knowledgeable!,02/24/2019,4.0,4.0,,4,N/A,4.0,4.0,1,Yes,1550989143000,Yes,1040,Yes,,B,"['Caring', 'Amazing lectures']",people,people
N/A,good,good,good,0,31301557,0,,good,4,BIO0013,"She was super nice and gave good lectures, just keep up with the material.",01/24/2019,4.0,4.0,,4,N/A,4.0,4.0,1,No,1548359954000,Yes,1040,Yes,,B,"['Clear grading criteria', 'Respected', 'Lecture heavy']",people,people
Not Mandatory,good,average,good,0,31295881,0,,awesome,5,BIO0013,"Professor Koegel is such a sweet and intelligent woman! I took a 500-person lecture with her and she still managed to captivate my attention and get some giggles out of me while expertly explaining biological concepts. I was already familiar with the topics she covered going into her class so it was easier, but you do need to study for her tests.",01/23/2019,3.0,3.0,,5,N/A,5.0,5.0,1,Yes,1548265453000,Yes,1040,Yes,,B,"['Hilarious', 'Amazing lectures', 'Respected']",people,people
Mandatory,good,good,good,0,31205313,0,,awesome,5,BIO0013,"Dr. Koegel is an amazing professor who is truly passionate about her field. She gives great, clear lectures and really wants all her students to succeed. The hardest part by far are the tests (25 multiple choice). You will have to put in time &amp; work to do well in this class, but it is definitely worth it in the end. Lectures &amp; office hours are key.",01/05/2019,4.0,4.0,,5,N/A,5.0,5.0,1,No,1546712822000,Yes,1040,Yes,,B+,"['Test heavy', 'Amazing lectures', 'Caring']",people,people
Not Mandatory,average,good,average,0,31140614,0,,average,3,BIO0013,"I can't say I have spoken to Dr. Koegel in person, but I enjoyed the topics presented to me. The class is certainly very difficult based on the exams, but also do-able with the appropriate effort. Exams (25 mcqs each) make up 66% of the course, which makes it very easy to mess up. Dr. Koegel is very smart, but didn't strike me as life-changing.",12/22/2018,4.0,4.0,,3,N/A,3.0,3.0,1,No,1545516016000,Yes,1040,Yes,,A,"['Lecture heavy', 'Respected', 'Graded by few things']",people,people
Mandatory,good,average,good,0,30990765,0,,awesome,5,BIO0013,"Despite having a 400+ person class, she is amazingly able to be a clear and overall great lecturer. The class itself is a bit difficult, but there are plenty of resources available, and her amazing lectures make the class very manageable.",12/12/2018,3.0,3.0,,5,N/A,5.0,5.0,1,Yes,1544630479000,Yes,1040,Yes,,N/A,"['Respected', 'Accessible outside class', 'Amazing lectures']",people,people
N/A,good,good,good,1,30226723,0,,awesome,5,BIO046,"Amazing Professor and class. The class is so interesting--highly recommended!! She is passionate about the subject and wants to make you passionate as well. Super friendly and always willing to answer questions. Tests are hard, but if you put in the work and go to office hours you should do well (you can get an A, but definitely not an easy A).",06/03/2018,4.0,4.0,,5,N/A,5.0,5.0,1,No,1528057435000,Yes,1040,Yes,,N/A,"['Accessible outside class', 'Gives good feedback', 'Hilarious']",people,person
Not Mandatory,good,good,good,1,29833980,0,,awesome,5,BIO046,AMAZING PROF. Such an interesting class. Tests are lecture-based; they are long and hard (all application problems) but if you are passionate about subject area or put in a good amount of studying it should pay off. She is also ALWAYS available to help and answer your questions. She is so passionate about her job.,04/18/2018,4.0,4.0,,5,N/A,5.0,5.0,1,Yes,1524067483000,Yes,1040,Yes,,B+,"['Accessible outside class', 'Tough grader', 'Lecture heavy']",people,person
Mandatory,good,good,good,0,28373474,1,,awesome,5,BIO046,"This woman is angelic. Super kind, funny, and literally so caring. I've had the pleasure of taking 13 and 46 with her, and, ya while they were difficult, I enjoyed the struggle. She's one of the reasons I'm a bio major. GO SK 3",05/24/2017,4.0,4.0,,5,N/A,5.0,5.0,1,Yes,1495590674000,Yes,1040,Yes,,B,"['Caring', 'Respected', 'Inspirational']",person,people
Mandatory,average,good,average,0,28002174,2,,average,3,BIO0013,Lectures are clear and very interesting. The tests are HARD. The difficulty is the questions ask you to synthesize many different concepts to come up with the answer. I'm not good at this so I found it infuriating because I knew the material but the test questions didn't reflect that. Overall advice is to study in groups and do well on the labs,04/05/2017,4.0,4.0,,3,N/A,3.0,3.0,1,No,1491419191000,No,1040,Yes,,B+,"['Graded by few things', 'Lecture heavy', 'Test heavy']",people,people
Mandatory,good,average,good,0,27977210,0,,awesome,5,BIO0013,Koegel is beyond amazing - she is what any prof should aspire to be.,03/31/2017,2.0,2.0,,5,N/A,5.0,5.0,1,Yes,1490987912000,Yes,1040,Yes,,A+,"['Amazing lectures', 'Accessible outside class', 'Caring']",people,people
N/A,good,good,good,0,27821713,0,,awesome,5,BIO0013,Professor Koegel is an amazing teacher and so helpful and accessible outside of class! Her lectures are very clear and interesting. She made me excited about biology and made an intro course very enjoyable,02/11/2017,4.0,4.0,,5,N/A,5.0,5.0,1,Yes,1486817947000,Yes,1040,Yes,,N/A,"['Amazing lectures', 'Accessible outside class']",people,people
Mandatory,good,good,good,0,27772618,0,,awesome,5,BIO0013,"Dr. Koegel is simply amazing. She wants her students to do well and master the material from all areas and is so accessible outside of class. Her office hours can get busy because everyone wants to talk to her so go early and go in general. I got so much out of the class and yes, the exams are hard but the class is rewarding.",01/24/2017,4.0,4.0,,5,N/A,5.0,5.0,1,Yes,1485297730000,Yes,1040,Yes,,N/A,"['Amazing lectures', 'Accessible outside class', 'Respected']",people,people
Mandatory,good,average,good,1,27756921,0,,awesome,5,BIO0013,"Koegel is an amazing professor and has an excellent ability to explain concepts in a really simple and clear manner. She is always willing to help struggling students and encourages you to go to office hours and recitation with questions. Extremely helpful. Fair grader. For tests, just attend lecture and listen and you will be golden.",01/19/2017,3.0,3.0,,5,N/A,5.0,5.0,1,No,1484862416000,Yes,1040,Yes,,A,"['Accessible outside class', 'Clear grading criteria', 'Respected']",people,person
Mandatory,good,good,good,1,27409322,0,,awesome,5,BIO0013,"Dr. Koegel is an AMAZING professor. She is always available outside of class and answers emails within minutes. The tests are a struggle, but that's just the nature of the class. You don't even need the textbook; the reading isn't helpful. Study from the slides. Put effort into the labs, because those points really do help your final grade.",12/09/2016,5.0,5.0,,5,N/A,5.0,5.0,1,No,1481292823000,Yes,1040,Yes,,B+,"['Amazing lectures', 'Caring', 'Inspirational']",people,person
N/A,good,good,good,1,27101562,0,,awesome,5,BIO0013,"Koegel is a gem! She truly cares about all of her students, and makes an effort to know you on a first name basis. With that being said, her class is very difficult! Kegel will teach you the foundation, but you are expected to connect everything and make a full understanding on your own. The tests are super hard, but Koegel is accessible for help.",10/31/2016,4.0,4.0,,5,N/A,5.0,5.0,1,No,1477921634000,Yes,1040,Yes,,N/A,"['Respected', 'Accessible outside class', 'Graded by few things']",people,person
N/A,good,average,good,0,26582982,0,,awesome,5,BIO0013,"Very  specific about what she will or will not test you. Her lectures and powerpoint slides are key to doing well on the exams. Textbook readings aren't necessary, but are very helpful in clarifying/going more in depth with material covered during lecture. Wants everyone to succeed. Not easy, but very do-able and straightforward.",05/15/2016,3.0,3.0,,4,N/A,4.5,4.5,1,Yes,1463351828000,N/A,1040,Yes,,B+,['Respected'],people,people
Mandatory,average,good,poor,3,26221330,27,,poor,2,BIO13,"She has a great reputation, but she was actually very unhelpful and rude to me. When I went to her to ask questions, she kept telling me that I am not getting it and that I need to go look it up on my own and not go to her. Aren't professors supposed to help you when you're not getting it and having trouble?",04/03/2016,5.0,5.0,,1,N/A,1.5,1.5,1,Yes,1459647979000,N/A,1040,Yes,,N/A,['Tough grader'],people,people
N/A,good,average,good,3,25962248,0,,awesome,5,BIO13,"Professor Koegel is amazing! She's funny, thoughtful, and ready to help. The class is considered difficult, but she makes herself available through recitations, office hours, and one-on-one meetings. Her tests are definitely fair, and she provides lots of practice materials to give you the best possible opportunity to succeed! 10/10. 5 stars.",01/19/2016,3.0,3.0,,4,Really into it,4.5,4.5,1,Yes,1453205962000,Yes,1040,Yes,,B,"['Caring', 'Respected']",people,people
N/A,good,good,good,0,25951111,0,,awesome,4,BIO13,"She is an amazing professor but you MUST MUST MUST go to her. She has too many kids to teach for her to come to you. GO TO OFFICE HOURS, they are amazing and she makes it so fun, plus there are no stupid questions during office hours. I would definitely take this class again.",01/16/2016,4.0,4.0,,5,It's my life,4.5,4.5,1,No,1452956478000,N/A,1040,Yes,,N/A,"['Respected', 'Inspirational', 'Tough grader']",people,people
Not Mandatory,good,good,good,0,25938201,0,,good,4,BIO13,Tests are rough but the professor is respected and helpful.,01/13/2016,4.0,4.0,,4,Really into it,4.0,4.0,1,Yes,1452727115000,N/A,1040,Yes,,INC,"['Lots of homework', 'Respected', 'Tough grader']",people,people
Mandatory,good,average,good,0,25886442,0,,awesome,5,BIO13,"Koegel is one of the best professors I've had at Tufts. Even in a class of 400 people, she makes an effort to recognize your face and respond to your individual emails. The lectures, while they covered some tough material, were easy to understand. Don't expect to find one-on-one office hours - they are packed but helpful.",01/06/2016,3.0,3.0,,5,Really into it,5.0,5.0,1,No,1452073296000,N/A,1040,Yes,,N/A,"['Amazing lectures', 'Caring', 'Respected']",people,people
N/A,good,good,good,1,25772821,2,,awesome,5,BIO13,"Absolutely amazing- she is such an inspirational teacher and makes every class very clear and understandable. Don't get me wrong, the class requires a lot of work, and office hours are so valuable to passing the class, but she is by far my favorite professor thus far.",12/19/2015,4.0,4.0,,5,It's my life,5.0,5.0,1,Yes,1450534240000,N/A,1040,Yes,,N/A,"['Inspirational', 'Tough grader', 'Amazing lectures']",people,person
N/A,good,average,good,1,25495819,1,,awesome,5,BIO13,"One of the best teachers at Tufts! Very clear cut, and connects topics together very smoothly. Textbook not necessary, simply study lecture notes (lectures are also recorded!). Makes Biology very interesting and fun! Anything she talks about in class is fair game for the exam, study well! Exams are not hard as long as you understand concepts.",11/28/2015,3.0,3.0,,5,It's my life,5.0,5.0,1,No,1448719446000,N/A,1040,Yes,,N/A,"['Amazing lectures', ""Skip class? You won't pass."", 'Respected']",person,person
Mandatory,good,average,good,0,25341341,0,,awesome,5,BIO13,"Koegel is so nice, you can tell how happy she gets if you laugh at her jokes in the slides or in lecture. As a lecturer, she's fantastic, and will explain anything you could ask in class or in office hours. The tests are hard but they're very fair. Do the problem sets with intent, read, and engage in the material and  you'll be fine. ",11/04/2015,3.0,3.0,,5,It's my life,5.0,5.0,1,Yes,1446644036000,Yes,1040,Yes,,A,"['Tough grader', 'Amazing lectures']",people,people
Mandatory,good,average,good,0,25334765,1,,awesome,5,BIO13,"Attend class, skim the reading before class, go to study group, study the slides, and you'll be set. ",11/03/2015,3.0,3.0,,5,Really into it,5.0,5.0,1,Yes,1446572122000,N/A,1040,Yes,,A,"['Amazing lectures', 'Respected', 'Tough grader']",person,people
Not Mandatory,good,average,good,0,25265976,0,,awesome,5,BIO13,"Koegel is awesome! As long as you know what's going on in her lectures, you will do well in the class. She posts her lectures online as well so there's no stress if you don't make it to one",10/19/2015,3.0,3.0,,5,It's my life,5.0,5.0,1,No,1445254910000,Yes,1040,Yes,,N/A,"['Respected', 'Inspirational']",people,people
Mandatory,good,average,good,0,25251951,0,,awesome,5,BIO46,She is amazing--probably the reason that I loved the material so much was because the way she taught it. Great time good material amazing lectures. Tests were hard but very very fair and only on what she talked about in class. Didn't have to open the textbook once,10/14/2015,3.0,3.0,,5,It's my life,5.0,5.0,1,No,1444820678000,N/A,1040,Yes,,A-,"['Respected', 'Amazing lectures', ""Skip class? You won't pass.""]",people,people
N/A,good,good,good,0,25188829,0,,awesome,5,BIO046,Hands down best professor/teacher/educational type of person I've ever had. ,09/14/2015,4.0,4.0,,5,It's my life,5.0,5.0,1,Yes,1442259724000,N/A,1040,Yes,,N/A,"['Inspirational', 'Respected', 'Caring']",people,people
Mandatory,good,average,good,0,25111671,0,,awesome,5,BIO46,Dr. Koegel is a great lady. Office hours are so helpful and you can tell she really cares about her students. Tests are tough but you can get an A if you take good notes and go to office hours. ,08/11/2015,3.0,3.0,,5,It's my life,5.0,5.0,1,Yes,1439308045000,Yes,1040,Yes,,A-,"['Respected', 'Caring']",people,people
Not Mandatory,good,good,good,3,25086038,0,,awesome,5,BIO13,"Absolutely loved Dr Koegel, she really is the best, after all she won professor of the year! ",08/02/2015,4.0,4.0,,5,It's my life,5.0,5.0,1,No,1438533879000,N/A,1040,Yes,,A-,"['Hilarious', 'Caring', 'Amazing lectures']",people,people
Mandatory,good,good,good,1,24439856,0,,awesome,5,BIO46,"Dr. Koegel is an absolute dream! She is engaging, caring and funny. She knows her stuff inside and out and works tirelessly to provide the best possible classroom experience. Whether for Bio 13 or 46, I cannot recommend her highly enough.",03/06/2015,4.0,4.0,,5,It's my life,5.0,5.0,1,Yes,1425684806000,N/A,1040,Yes,,A,"['Caring', 'Respected', 'Amazing lectures']",people,person
N/A,good,good,good,0,24326653,0,,awesome,5,BIO013,Literally the best! One of the nicest and most supportive professor and individual could have. The only bad thing about taking Koegel is that she's so amazing that every other professor will pale in comparison to her ,01/24/2015,4.0,4.0,,5,It's my life,5.0,5.0,1,Yes,1422061484000,N/A,1040,Yes,,N/A,"['Caring', 'Tough grader', 'Amazing lectures']",people,people
N/A,good,average,good,0,24195730,0,,awesome,5,BIO13,Loved this class and Dr. Keogel was a super lecturer.   She and Dr. Mclaughlin were an amazing team and made me want to come to class.   They both really cared about their students and were willing to put work with students to make sure we understood the material.   Hope they are teaching bio14 next semester.,12/28/2014,3.0,3.0,,5,It's my life,5.0,5.0,1,No,1419755882000,N/A,1040,Yes,,N/A,"['Tough grader', 'Respected']",people,people
Not Mandatory,good,good,good,0,24152505,0,,awesome,5,BIO13,"Literally the best! Her lectures are hilarious and interesting, and she is truly interested in seeing her students succeed. I am very interested in taking a class with her again and plan on asking her to become my advisor. ",12/20/2014,4.0,4.0,,5,It's my life,5.0,5.0,1,Yes,1419038654000,N/A,1040,Yes,,A-,"['Tough grader', 'Hilarious', 'Amazing lectures']",people,people
Mandatory,good,average,good,0,24065317,0,,awesome,5,BIO13,Dr. Koegel is by far the best instructor I have ever had. She made all the complex biological concepts simple to understand and would answer any question you had about the material. Her tests are fair and require you to apply the material. Labs depend on your graduate TA. I can't wait to take her Cell Bio class in the spring!,12/13/2014,3.0,3.0,,5,It's my life,5.0,5.0,1,Yes,1418480664000,N/A,1040,Yes,,N/A,"['Respected', 'Amazing lectures', 'Participation matters']",people,people
N/A,good,good,good,0,23966760,0,,good,4,BIO13,"She's a great lecturer. If I was more interested in the subject material, the lectures would be super amazing. The tests are definitely tough, so you need to study, review problem sets, go to review sessions. First quarter of the class is Chemistry focused. Lab is bearable depending on your TA.",12/06/2014,4.0,4.0,,4,Sorta interested,4.0,4.0,1,Yes,1417830525000,N/A,1040,Yes,,N/A,"['Participation matters', 'Tough grader']",people,people
N/A,good,average,good,0,23918491,0,,awesome,5,BIO13,Dr. Koegel is my favorite professor. I didn't do well on the first exam and she was extremely helpful and approachable. She  makes her lectures as interesting as they can be for an intro bio class and seems to really care that everyone in the class understands. The tests are hard but fair. If you do the online practice and study you'll be fine!,12/01/2014,3.0,3.0,,5,It's my life,5.0,5.0,1,Yes,1417472609000,N/A,1040,Yes,,N/A,"['Amazing lectures', 'Participation matters', 'Respected']",people,people
N/A,good,good,good,1,23855495,0,,awesome,4,BIO13,"Koegel is such a great teacher! The tests are a little difficult, but if you stay on top of things and understand how to apply what you have learned you will do fine. She is very funny and extremely helpful. ",11/19/2014,4.0,4.0,,5,Really into it,4.5,4.5,1,Yes,1416430395000,Yes,1040,Yes,,N/A,['Hilarious'],people,person
Not Mandatory,good,average,good,0,23759078,1,,awesome,5,BIO0013,"She's funny, has very good power point presentations and is very helpful. The material in the course is a bit hard, but that's not her fault. She has comprehensive office hours and interacts very well with students. ",11/06/2014,3.0,3.0,,4,Really into it,4.5,4.5,1,No,1415286628000,N/A,1040,Yes,,N/A,"['Respected', 'Hilarious']",person,people
Mandatory,good,average,good,0,23687067,0,,awesome,5,BIO013,"Dr. Koegel is so great! She explains things really, really well, and is also funny. She's so passionate about biology that it makes her lectures interesting and enjoyable. She's fantastic, cannot recommend highly enough. She's also a great advisor!",10/23/2014,3.0,3.0,,5,It's my life,5.0,5.0,1,Yes,1414070952000,N/A,1040,Yes,,N/A,"['Respected', 'Tough grader', 'Amazing lectures']",people,people
N/A,good,average,good,1,23668570,0,,awesome,5,BIO13,"The best. She is just the best. I have taken a lot of science courses at Tufts, and Dr. Koegel is the sweetest, most caring, most dedicated professor I've ever had. You won't regret taking this course. ",10/18/2014,3.0,3.0,,5,It's my life,5.0,5.0,1,Yes,1413667126000,N/A,1040,Yes,,N/A,"['Caring', 'Inspirational', 'Tough grader']",people,person
Not Mandatory,good,average,good,1,23667811,0,,awesome,5,BIO13,"Probably the nicest professor I ever had, she truly cares about her students and wants them to succeed. After the first exam, many people were feeling down and questioning if they could handle a career in the sciences, and she was very supportive and even discussed her own endeavors with intro bio. I really hope she teaches bio 14 next semester!",10/18/2014,3.0,3.0,,5,It's my life,5.0,5.0,1,Yes,1413637553000,N/A,1040,Yes,,Not sure yet,"['Respected', 'Hilarious', 'Amazing lectures']",people,person
N/A,good,average,good,0,20782656,0,,awesome,5,CELL046,"Prefoessor Koegel top my list of favorite professors at Tufts so far. She is so kind, so lovely, and so clear in her lectures. Bio 46 is the most interesting class that I've taken here. She takes the time to get to know you., she is very accessible outside of class, and her tests are very fair-mostly short answer. SO much praise to her!",11/05/2012,2.0,2.0,,5,It's my life,5.0,5.0,1,Yes,1352150812000,N/A,1040,N/A,,N/A,[],people,people
N/A,good,average,good,2,20318681,0,,awesome,5,BIO46,Best professor I have had at Tufts by far. If you don;t understand anything she takes time and explains it to you! Also the class is super interesting.,05/20/2012,2.0,2.0,,5,It's my life,5.0,5.0,1,Yes,1337535662000,N/A,1040,N/A,,N/A,[],people,people
N/A,good,average,good,0,20153245,0,,awesome,5,BIO46,"Best class at Tufts by far. Really interesting and never overwhelming. I love her so much, she the sweetest person always making sure you understand the material and making jokes about her little daughter. She somehow managed to remember everyones name in the 80 person class. Even mine even though I only spoke once.",04/30/2012,2.0,2.0,,5,It's my life,5.0,5.0,1,Yes,1335785773000,N/A,1040,N/A,,N/A,[],people,people
