attendance,clarityColor,easyColor,helpColor,helpCount,id,notHelpCount,onlineClass,quality,rClarity,rClass,rComments,rDate,rEasy,rEasyString,rErrorMsg,rHelpful,rInterest,rOverall,rOverallString,rStatus,rTextBookUse,rTimestamp,rWouldTakeAgain,sId,takenForCredit,teacher,teacherGrade,teacherRatingTags,unUsefulGrouping,usefulGrouping
Mandatory,good,average,good,0,31569497,0,,awesome,5,PS138,Consuelo is an incredible professor and the most engaging lecturer I've had at Tufts. She will not baby her students. She prompts discussion over daily readings and will tell you if she disagrees with your interpretation. Two 10 page papers which she gave back with at least as many words in feedback as what I had written.,04/10/2019,3.0,3.0,,5,N/A,5.0,5.0,1,No,1554935680000,Yes,1040,Yes,,B+,"['Gives good feedback', 'Amazing lectures', 'Respected']",people,people
Mandatory,good,average,good,0,31498003,0,,awesome,5,PS127,"she's an excellent professor, not sure why her rating here is so low. Extremely passionate about the subject matter, clear lectures, fair grading. She also has a lot of fascinating personal stories about experiences with Latin American politics. Also just really a nice person, enjoyable to talk to.",03/29/2019,3.0,3.0,,5,N/A,5.0,5.0,1,No,1553834253000,Yes,1040,Yes,,A,"['Inspirational', 'Lecture heavy', 'Caring']",people,people
Mandatory,good,good,good,0,31249748,0,,awesome,5,PS0127,"Best professor I have taken at Tufts. Not only is she very passionate about Latin America and exploring the theoretical and empirical cases of political violence and democratization, but she's also incredibly approachable. The class is hard and demanding. However, it is extremely enriching too. She's great.",01/13/2019,4.0,4.0,,5,N/A,5.0,5.0,1,No,1547337660000,Yes,1040,Yes,,A-,"['Amazing lectures', 'Get ready to read', 'Respected']",people,people
Mandatory,good,good,good,1,29492581,0,,awesome,5,PS0127,"She is not an easy professor but she is SO worth taking a class with. I was amazed by her on the first day of class and still amazed when we ended. Incredibly helpful and caring, really wants you to succeed and will help you do so. Her lectures can be hard to follow and the reading is intense but she's there to help you as long as you ask.",01/23/2018,4.0,4.0,,5,N/A,5.0,5.0,1,No,1516714047000,Yes,1040,Yes,,A,"['Hilarious', 'Lecture heavy', 'Get ready to read']",people,person
N/A,good,good,good,0,29149453,0,,good,4,PS0127,"She is very kind and extremely understanding to other factors in life that may affect your coursework. Her lectures can be hard to follow in the moment, but with the readings and going through lecture notes, they begin to make sense. I learned the most from the writing the papers she assigns. Tough grader, but with good intentions.",12/12/2017,4.0,4.0,,4,N/A,4.0,4.0,1,No,1513078305000,Yes,1040,Yes,,N/A,"['Graded by few things', ""Skip class? You won't pass."", 'Get ready to read']",people,people
Mandatory,good,good,good,0,27339883,0,,good,4,PS0127,"I really like Professor Cruz as a person, but not this class. She is hilarious and so smart, so her lectures were interesting, but they were really fast paced and sometimes difficult to follow. We had a ton of reading that wasn't that organized, so I ended up just not doing it. We were also graded entirely on two assignments.",12/05/2016,4.0,4.0,,4,N/A,4.0,4.0,1,No,1480962250000,No,1040,Yes,,B+,"['Get ready to read', 'Accessible outside class', 'Hilarious']",people,people
Mandatory,good,average,good,0,26485071,0,,awesome,5,PS138,"Funny, witty, smart, and a fantastic lecturer.  Absurd amount of reading but she makes it worth it, her class is great and I would definitely take again.  If you want to learn about Latin America or state-building theories, Cruz is the one to turn to",05/05/2016,3.0,3.0,,4,N/A,4.5,4.5,1,Yes,1462489235000,N/A,1040,Yes,,N/A,"['Inspirational', 'Get ready to read', 'Amazing lectures']",people,people
Mandatory,good,average,good,0,25598181,0,,awesome,5,PS121,"Professor Cruz is truly one of the best professors I have had at Tufts. This class is life changing. Take it. Everyone. An absolute must before graduating from Tufts. The material is incredibly interesting and she is funny, engaging, and inspirational.",12/08/2015,3.0,3.0,,5,It's my life,5.0,5.0,1,No,1449611284000,N/A,1040,Yes,,N/A,"['Inspirational', 'Participation matters']",people,people
Mandatory,average,average,poor,0,24170635,1,,poor,2,PS127,On the first day of class she said she was not going to post her lecture notes as an incentive for people to come to class. Fair enough. The problem is her lectures are confusing and boring. The board looks like a word map by the end of class with no structure. Cant believe she is paid the same as other professors at Tufts. ,12/22/2014,3.0,3.0,,1,Meh,1.5,1.5,1,No,1419273215000,N/A,1040,Yes,,B,[],person,people
Not Mandatory,good,average,good,1,22681218,2,,good,4,PS0127,"Cruz can be hit or miss. On a bad day, her lectures are a bit dry and hard to pay attention to. On a good day (which is more often) her lectures are interesting and dynamic. Her accent is hard to understand at times but otherwise she is very clear and concepts are easily understood. 2 papers make the grade, each of which are pretty straightforward.",01/01/2014,2.0,2.0,,4,Really into it,4.0,4.0,1,Yes,1388590310000,N/A,1040,N/A,,A-,[],people,person
N/A,good,good,good,1,21263115,0,,awesome,5,PS128,"Cruz is absolutely brilliant, I've taken both her political violence course and political culture seminar. One of few professors in the polysci department that teaches undergrads complex theory, and does so very well. Very approachable at office hours. You must work hard in her classes, but its worth it.",01/15/2013,4.0,4.0,,5,It's my life,5.0,5.0,1,Yes,1358273064000,N/A,1040,N/A,,N/A,[],people,person
N/A,good,good,good,0,21256498,0,,awesome,4,PS121,"Consuelo Cruz is brilliant. When you start off the class, sometimes the readings can feel disjointed. However, as you move through the class, you realize they all play a perfect role in the scheme she's unveiling. She has a great sense of humor. She really cares about what you say in class & listens carefully. I loved every second of the class.",01/14/2013,4.0,4.0,,5,Sorta interested,4.5,4.5,1,Yes,1358169758000,N/A,1040,N/A,,N/A,[],people,people
N/A,good,average,average,0,19386658,0,,average,4,PS127,"Prof. Cruz knows what she's talking about, she's a very engaged lecturer and uses all of the articles she assigns. Papers are graded by the TA, she is not that approachable. Very big on participation.",12/05/2011,3.0,3.0,,2,Really into it,3.0,3.0,1,Yes,1323107427000,N/A,1040,N/A,,N/A,[],people,people
N/A,poor,average,poor,0,3732295,1,,awful,1,PS21,No Comments,04/28/2005,3.0,3.0,,1,Sorta interested,1.0,1.0,1,N/A,1114684193000,N/A,1040,N/A,,N/A,[],person,people
N/A,poor,average,poor,0,3725987,5,,awful,1,PS21,"Not a very gifted educator at all. I want my money back. Has a TA, maybe a few months older than I, grading my papers. Clearly has some complex...class time revolves around the class having to laugh at her hopeless sense of humor. Would rather be loved by students than teach them.  Waste of money!!!",04/27/2005,3.0,3.0,,1,It's my life,1.0,1.0,1,N/A,1114621791000,N/A,1040,N/A,,N/A,[],people,people
N/A,poor,average,poor,0,3720960,5,,awful,1,COMPARATIVE,"Horrendous. Is more concerned about being liked by the students than actually teaching. Papers are graded by TA's who don't care, don't write comments, don't do anything!!! She'll assign papers asking for one thing, and then grade them on criteria different than what she asked for. Always 10min late",04/27/2005,2.0,2.0,,1,It's my life,1.0,1.0,1,N/A,1114593761000,N/A,1040,N/A,,N/A,[],people,people
N/A,good,good,good,0,3600208,0,,good,4,PS21,"great class! it is theory oriented but it's an intro level class. cruz herself is an amazing lecturer - engaging and personable, she really knows her stuff. she doesn't have &quot;favorites&quot; it's just that some people participate a lot more than others and she's big on participation",04/11/2005,4.0,4.0,,4,Low,4.0,4.0,1,N/A,1113230546000,N/A,1040,N/A,,N/A,[],people,people
N/A,poor,good,poor,0,3543954,2,,awful,1,PS21,"Narrowminded, will lead discussions concerning theory that never move beyond a superficial level.  Class basically was a waste of time.",04/02/2005,4.0,4.0,,1,It's my life,1.0,1.0,1,N/A,1112404732000,N/A,1040,N/A,,N/A,[],people,people
N/A,good,average,good,0,1350120,0,,good,4,PS21,"sometimes the theory is a little dense and the readings boring, but cruz herself is amazing- lively, engaging, brilliant, personable. it's true she has her favorites- but it's because they make themselves known to her. she def. makes the class worth it.",11/18/2003,2.0,2.0,,4,N/A,4.0,4.0,1,N/A,1069179503000,N/A,1040,N/A,,N/A,[],people,people
N/A,good,average,average,0,1115198,0,,average,5,PS,"She is a nice teacher, engaging lectures but yeah she picks on people, has her &quot;favorites&quot; and basically promotes a very selfish, materialistic way of viewing the world (along with being a pinochet apologist and promoter of neoliberalism. it's r",09/03/2003,3.0,3.0,,1,N/A,3.0,3.0,1,N/A,1062600629000,N/A,1040,N/A,,N/A,[],people,people
N/A,poor,average,poor,0,937320,0,,poor,1,PS21,"this class was a waste.  I learned nothing, primarlily because the readings are unclear and too theory oriented.",05/07/2003,3.0,3.0,,2,N/A,1.5,1.5,1,N/A,1052336430000,N/A,1040,N/A,,N/A,[],people,people
N/A,good,good,average,0,921873,0,,good,5,PS21,"She's a great teacher, but she's a ****. Plain and simple. She glares at people when they get up during lecture to goto the bathroom, plays favorites ridiculously. If you don't suck up to her, then you'll probably do lousy. She goes over class time",05/04/2003,4.0,4.0,,2,N/A,3.5,3.5,1,N/A,1052015847000,N/A,1040,N/A,,N/A,[],people,people
N/A,good,average,good,0,870569,0,,awesome,5,PS90C,She is one of the most awesome professors at Tufts!,04/22/2003,3.0,3.0,,5,N/A,5.0,5.0,1,N/A,1051054707000,N/A,1040,N/A,,N/A,[],people,people
N/A,good,poor,good,0,869371,0,,awesome,5,PS0021,"She is an amazing professor.  She is brilliant.  The class is easy to follow if you do the readings and attend class. That is why it was easy for me! Just that, and the result- an A!",04/22/2003,1.0,1.0,,5,N/A,5.0,5.0,1,N/A,1051045065000,N/A,1040,N/A,,N/A,[],people,people
N/A,good,average,good,0,868385,0,,awesome,5,PS191,No Comments,04/22/2003,3.0,3.0,,5,N/A,5.0,5.0,1,N/A,1051036637000,N/A,1040,N/A,,N/A,[],people,people
N/A,average,average,average,0,868193,0,,average,3,PS21,Professor Cruz is a nice lady and a good teacher. Maybe its the material but class seemed to drag on. I think PS 21 is too theory oriented.,04/22/2003,2.0,2.0,,3,N/A,3.0,3.0,1,N/A,1051034545000,N/A,1040,N/A,,N/A,[],people,people
N/A,average,average,average,0,867276,0,,average,3,PS21,she made this class a waste of my time,04/22/2003,3.0,3.0,,3,N/A,3.0,3.0,1,N/A,1051026551000,N/A,1040,N/A,,N/A,[],people,people
N/A,average,average,average,0,867198,0,,average,3,PS21,No Comments,04/22/2003,3.0,3.0,,3,N/A,3.0,3.0,1,N/A,1051026123000,N/A,1040,N/A,,N/A,[],people,people
N/A,good,average,good,0,794148,0,,awesome,4,PS121,No Comments,04/06/2003,3.0,3.0,,5,N/A,4.5,4.5,1,N/A,1049631584000,N/A,1040,N/A,,N/A,[],people,people
