attendance,clarityColor,easyColor,helpColor,helpCount,id,notHelpCount,onlineClass,quality,rClarity,rClass,rComments,rDate,rEasy,rEasyString,rErrorMsg,rHelpful,rInterest,rOverall,rOverallString,rStatus,rTextBookUse,rTimestamp,rWouldTakeAgain,sId,takenForCredit,teacher,teacherGrade,teacherRatingTags,unUsefulGrouping,usefulGrouping
Not Mandatory,good,average,good,0,31491776,0,,awesome,5,EC13,Downes was a phenomenal lecturer and worked at a reasonable pace. He is a tremendous help outside of class and has extra review sessions before exams.,03/28/2019,3.0,3.0,,5,N/A,5.0,5.0,1,No,1553743944000,Yes,1040,Yes,,N/A,[],people,people
N/A,good,average,good,0,30759520,0,,awesome,5,EC124,"Downes is awesome. His lectures are very clear and the material is generally presented in a way that flows naturally. He's super accessible, and super super helpful outside of class. He definitely cares a lot about his students and really wants everybody to do well and understand the concepts. Would recommend any class he teaches.",11/19/2018,2.0,2.0,,5,N/A,5.0,5.0,1,Yes,1542669951000,Yes,1040,Yes,,A,"['Gives good feedback', 'Accessible outside class', 'Caring']",people,people
N/A,good,average,good,0,29542875,0,,awesome,5,EC148,Great class and one of the best econ professors at Tufts. Crystal clear lectures and expectations. Tests are easy as long as you go to class and the research project should be interesting as the topic is of your own choosing. Downes is very helpful in general and especially with the final project.,02/06/2018,3.0,3.0,,5,N/A,5.0,5.0,1,No,1517956535000,Yes,1040,Yes,,A,"['Accessible outside class', 'Clear grading criteria', 'Caring']",people,people
Mandatory,poor,good,poor,0,29488125,2,,awful,1,EC13,"Downes is by far the worst professor Ive had at Tufts so far. Not only are his lectures dry and boring, but he also does a horrible job explaining the concepts. He simply rights down definitions. Because of this how you do in the class mostly depends on your memory. Tests and problem sets are like practice problems except much harder.",01/22/2018,4.0,4.0,,1,N/A,1.0,1.0,1,Yes,1516637688000,No,1040,Yes,,N/A,"['Tough grader', ""Skip class? You won't pass.""]",people,people
N/A,good,average,good,0,29388576,0,,awesome,5,EC124EC148,"I took both of Professor Downes' upper-level electives (Ec 124 and Ec 148) and loved both of them. His lectures are crystal clear and pretty engaging, and he is very, very helpful in office hours and over email. He is also about as straightforward a professor out there -- no tricks. Take a class with him; it will definitely be worth your while.",01/04/2018,2.0,2.0,,5,N/A,5.0,5.0,1,Yes,1515079570000,Yes,1040,Yes,,A,"['Respected', 'Accessible outside class', 'Amazing lectures']",people,people
Mandatory,good,good,good,0,29331372,0,,awesome,5,EC13,"Excellent professor! I am not an economics major, and have never taken stats, but I really enjoyed this class. He emails back promptly at all times of day, and really takes his time to make sure everyone understands. Go to class, or you won't understand it. It's a hard class, but worthwhile.",12/24/2017,4.0,4.0,,5,N/A,5.0,5.0,1,No,1514147034000,Yes,1040,Yes,,N/A,"['Accessible outside class', ""Skip class? You won't pass.""]",people,people
N/A,good,average,good,0,29177248,0,,awesome,5,EC148,Very clear lectures and engaging even early in the morning. Exams are straightforward and the research paper is manageable and actually interesting work through. Also very helpful with the project or during office hours.,12/13/2017,3.0,3.0,,5,N/A,5.0,5.0,1,Yes,1513175888000,Yes,1040,Yes,,N/A,"['Gives good feedback', 'Accessible outside class']",people,people
N/A,average,average,average,1,23802284,6,,poor,2,EC13,I dont understand why people believe he is a good prof. Lectures are WAY too slow. The examples he works at class are just dumb. You can certainly pick up all the stuff on your own and learn even how to prove the theorems which he omit a lot in class but you definitely need them in order to understand truly how stats works. ,11/12/2014,2.0,2.0,,2,Low,2.0,2.0,1,No,1415832753000,N/A,1040,Yes,,N/A,[],people,person
Not Mandatory,good,average,good,2,23194009,0,,awesome,5,EC15,Best professor at Tufts!!,05/08/2014,3.0,3.0,,5,It's my life,5.0,5.0,1,Yes,1399507236000,N/A,1040,N/A,,A,[],people,people
N/A,good,average,good,1,22762534,0,,awesome,5,EC13,"Professor Downes is an awesome professor. I have had him for multiple classes. He knows so much about the subjects he teaches, and is super helpful in office hours. He writes everything down on the board, so depending on how you learn it can be really useful.",01/16/2014,3.0,3.0,,5,Sorta interested,5.0,5.0,1,Yes,1389893652000,N/A,1040,N/A,,N/A,[],people,person
Not Mandatory,average,good,average,0,22450331,0,,average,3,EC13,"He tries to be clear during lecture, but just ends up rambling on about too many topics for each class. Most exams had tricks on them and weren't straightforward. He is helpful during office hours. He is terribly slow at grading and takes literally forever to grade exams. He does not try to make the topic interesting at all, so he's very boring.",12/05/2013,4.0,4.0,,3,Really into it,3.0,3.0,1,No,1386285956000,N/A,1040,N/A,,N/A,[],people,people
N/A,good,good,good,1,21530631,0,,awesome,5,EC15,"Professor Downes is a great professor. He presents difficult material in a very straightforward manner, and takes the time to write down everything he says on the blackboard, ensuring you have enough time to take notes. He doesn't try to be interesting, but he's 100% clear.",04/13/2013,4.0,4.0,,4,Sorta interested,4.5,4.5,1,Yes,1365873940000,N/A,1040,N/A,,N/A,[],people,person
N/A,good,average,good,1,3892446,0,,awesome,5,EC124,Professor Downes was very helpful and very clear.  He's as straightforward as a professor can be so there are no tricks.  He's a nice guy too.,05/19/2005,3.0,3.0,,5,Really into it,5.0,5.0,1,N/A,1116524729000,N/A,1040,N/A,,N/A,[],people,person
N/A,average,good,average,0,3600157,0,,poor,2,EC13,"you can tell he's passionate about statistics but he is not clear while lecturing statistics. too many problem sets, one due every week. the tests were not that bad but the class average was low. it's a hard class i wouldn't recommend it unless you're an econ major",04/11/2005,5.0,5.0,,2,Sorta interested,2.0,2.0,1,N/A,1113230222000,N/A,1040,N/A,,N/A,[],people,people
N/A,good,average,good,0,3187958,0,,good,5,EC13,clear lectures.,01/09/2005,2.0,2.0,,3,Low,4.0,4.0,1,N/A,1105314282000,N/A,1040,N/A,,N/A,[],people,people
N/A,good,good,average,0,2627313,1,,average,4,EC13,"He loves statistics. I hate it now cuz he can't teach it, but he really enjoys himself while he's up there.",11/01/2004,4.0,4.0,,1,It's my life,2.5,2.5,1,N/A,1099313762000,N/A,1040,N/A,,N/A,[],person,people
N/A,good,average,good,1,2558524,0,,awesome,5,ECON13,"Explains well in class. Changes the accents on topics, that is some topics are covered in more detail than others. Not always a good choice. My advice is take stats with him, he will make it more or less interesting and understandable.",10/18/2004,3.0,3.0,,4,Sorta interested,4.5,4.5,1,N/A,1098067768000,N/A,1040,N/A,,N/A,[],people,person
N/A,good,average,good,0,1973993,0,,awesome,5,EC13,Made stats interesting and enjoyable if you can believe it. Tests were not too bad if you attend class.,04/16/2004,2.0,2.0,,5,N/A,5.0,5.0,1,N/A,1082120796000,N/A,1040,N/A,,N/A,[],people,people
N/A,good,average,good,0,1037005,0,,awesome,5,ECON130,"Best prof at Tufts, bar none.",07/04/2003,3.0,3.0,,5,N/A,5.0,5.0,1,N/A,1057282009000,N/A,1040,N/A,,N/A,[],people,people
N/A,good,average,good,0,878207,0,,awesome,5,EC13,Professor Downes is great!,04/24/2003,3.0,3.0,,5,N/A,5.0,5.0,1,N/A,1051184321000,N/A,1040,N/A,,N/A,[],people,people
N/A,good,average,good,0,869456,0,,awesome,5,EC13,No Comments,04/22/2003,3.0,3.0,,5,N/A,5.0,5.0,1,N/A,1051045695000,N/A,1040,N/A,,N/A,[],people,people
N/A,good,average,good,0,544649,0,,awesome,5,EC13,No Comments,02/05/2003,3.0,3.0,,5,N/A,5.0,5.0,1,N/A,1044488618000,N/A,1040,N/A,,N/A,[],people,people
