attendance,clarityColor,easyColor,helpColor,helpCount,id,notHelpCount,onlineClass,quality,rClarity,rClass,rComments,rDate,rEasy,rEasyString,rErrorMsg,rHelpful,rInterest,rOverall,rOverallString,rStatus,rTextBookUse,rTimestamp,rWouldTakeAgain,sId,takenForCredit,teacher,teacherGrade,teacherRatingTags,unUsefulGrouping,usefulGrouping
Mandatory,average,good,average,0,32239887,0,,poor,2,PHYS31,"Homework does not match his lectures. I have an engineering background and am taking this class as a graduate student, yet I feel as if Ive never taken a single physics class. I have no idea what to expect on exams and Ive only just completed the second homework assignment.",09/22/2019,4.0,4.0,,2,N/A,2.0,2.0,1,Yes,1569111593000,No,1040,Yes,,Not sure yet,"['Lecture heavy', 'Lots of homework']",people,people
Mandatory,good,good,good,0,27640300,0,,good,4,PHY0006,"Honestly learned a lot. I took this class expecting it to be easy having taken phys 1 and 2. It really wasn't. The exams were short and seemed easy but the multiple choice q's were worth 10 points each and tricky. 1 midterm, 1 final and hw each 1/3 of the grade. He gave an extremely generous extra credit project which definitely improved my grade.",12/29/2016,4.0,4.0,,4,N/A,4.0,4.0,1,No,1483013094000,Yes,1040,Yes,,N/A,[],people,people
Mandatory,good,good,good,0,27030000,0,,good,4,PHY0164,Amazing course! This is the second part of graduate Quantum Theory and we covered almost completely the second part of Sakurai's texbook. We had a lot of homework to do and that encouraged the hard working and the deep thinking.,10/11/2016,4.0,4.0,,4,N/A,4.0,4.0,1,Yes,1476226633000,Yes,1040,Yes,,A,"['Lots of homework', 'Gives good feedback', 'Inspirational']",people,people
Mandatory,average,good,average,0,25547658,0,,poor,2,PHY0006,"Professor Goldstein is nice and fine with answering questions, but his lectures are confusing and the class really isn't designed for non-science students. As someone who studied really hard for the class and actually did okay, don't take this class if you don't have a passion for physics, or at least some kind of background in it.",12/04/2015,4.0,4.0,,2,Low,2.0,2.0,1,No,1449228606000,N/A,1040,Yes,,N/A,['Lecture heavy'],people,people
N/A,poor,good,average,1,23912498,0,,poor,1,PHY0006,"He's a nice guy, is pretty much exactly what you expect from an older physics professor. However, this course was falsely advertised, do not take it if you don't have a background in physics. If you don't enjoyunderstand hard science, and are taking it as a humanities major for a requirement, don't take this class. It is too advanced and confusing",12/01/2014,4.0,4.0,,3,Low,2.0,2.0,1,No,1417432759000,N/A,1040,Yes,,N/A,"['Lecture heavy', 'Group projects', 'Tough grader']",people,person
N/A,poor,good,poor,1,19078472,1,,awful,1,PHYS12,He's definitely a researcher and not a teacher. Most of his lectures consist of inexplicable mumbling and his powerpoints just lift everything straight out of the textbook. Don't take his class if you can avoid it.,10/17/2011,4.0,4.0,,1,It's my life,1.0,1.0,1,Yes,1318850283000,N/A,1040,N/A,,N/A,[],person,person
N/A,average,average,average,0,18590972,0,,poor,2,PHY0012,"Worst professor I've ever had. Didn't do problems himself, only lectured on how you &quot;would&quot; do them. I didn't learn anything from this class, only pulled remembering my  some high school physics. He let everyone bring formula sheets with anything written on them though. I felt like i was taking an online class.",05/12/2011,2.0,2.0,,2,Really into it,2.0,2.0,1,Yes,1305236023000,N/A,1040,N/A,,N/A,[],people,people
N/A,poor,average,poor,0,16645556,0,,awful,1,PHYS13,"Goldstein is an education researcher, but definitely not an educator.  DO NOT TAKE HIS CLASS.",12/27/2009,2.0,2.0,,1,Really into it,1.0,1.0,1,Yes,1261923060000,N/A,1040,N/A,,N/A,[],people,people
N/A,good,average,good,0,12442677,0,,awesome,4,PHY11,No Comments,11/17/2006,3.0,3.0,,5,Really into it,4.5,4.5,1,Yes,1163794140000,N/A,1040,N/A,,N/A,[],people,people
