attendance,clarityColor,easyColor,helpColor,helpCount,id,notHelpCount,onlineClass,quality,rClarity,rClass,rComments,rDate,rEasy,rEasyString,rErrorMsg,rHelpful,rInterest,rOverall,rOverallString,rStatus,rTextBookUse,rTimestamp,rWouldTakeAgain,sId,takenForCredit,teacher,teacherGrade,teacherRatingTags,unUsefulGrouping,usefulGrouping
N/A,good,average,good,0,32241691,0,,awesome,5,ASTRO9,"I actually looked forward to lectures, they were super interesting. Exams are a large part of the grade, but they were very fair. Nothing not covered in class. That said, there was a lot of material, but you can bring a sheet of notes to the exams so you don't have to memorize stuff. Definitely a class that makes you reconsider life.",09/23/2019,2.0,2.0,,5,N/A,5.0,5.0,1,Yes,1569257472000,Yes,1040,Yes,,N/A,[],people,people
Not Mandatory,good,poor,good,0,32226546,0,,awesome,5,ASTRONOMY9,"This really was a show up and pass type of course. Readings and homework average to maybe 2 hours a week. Material was super interesting. Textbook has a crazy amount of information, but honestly lectures were better. Professor Ginsburg was approachable and nice. Good course.",09/13/2019,1.0,1.0,,5,N/A,5.0,5.0,1,Yes,1568337229000,Yes,1040,Yes,,N/A,[],people,people
Not Mandatory,good,average,good,0,32205520,0,,awesome,5,ASTRO9,"Took this last semester and it was one of my favorite courses at Tufts. Homework did not take long, and the subject matter was awesome! It was an elective, but I really wish there were more classes this interesting. Only advice, show up to class.",08/29/2019,3.0,3.0,,5,N/A,5.0,5.0,1,Yes,1567118927000,Yes,1040,Yes,,N/A,[],people,people
Not Mandatory,good,average,good,0,32149663,0,,awesome,5,AST09,"Enjoyable class. I liked that Professor Ginsburg included some poetry and art so it wasn't just science. I thought that livened things up. Some of the lectures were dull, but overall some truly mind-blowing stuff.",08/05/2019,3.0,3.0,,5,N/A,5.0,5.0,1,Yes,1565038840000,Yes,1040,Yes,,N/A,[],people,people
Not Mandatory,good,average,good,1,32051479,0,,awesome,5,AST9,"Class met twice a week and we had reading assignments and homework. The reading assignments were just reading the textbook (which you purchase online) and we discussed the material in class. Lectures went far more into the material than the reading, and I felt that there was some disconnect between the homework and lectures. But, overall very good.",06/23/2019,2.0,2.0,,5,N/A,5.0,5.0,1,Yes,1561276202000,Yes,1040,Yes,,N/A,[],people,person
Not Mandatory,good,average,good,2,31030279,4,,awesome,5,ASTRONOMY10,"Fav class this term. Easy, but you gotta do the work. Project was fun, took time.",12/14/2018,3.0,3.0,,5,N/A,5.0,5.0,1,Yes,1544816694000,Yes,1040,Yes,,N/A,"['Caring', 'Group projects', ""Skip class? You won't pass.""]",people,people
Mandatory,good,poor,good,2,30990652,5,,good,4,AST10,"Gets a bad rap on this website. He says his class is math lite and it really is. Lectures are clear, although he sometimes veers off topic. Does not have a problem with giving everyone an A, and lets us bring in a notes sheet for tests. His &quot;impress me&quot; project was a bit unreasonable, but other than that he loves astronomy and is a good professor.",12/12/2018,1.0,1.0,,4,N/A,4.0,4.0,1,Yes,1544630234000,Yes,1040,Yes,,N/A,"['Graded by few things', 'Group projects', 'Lecture heavy']",people,people
Mandatory,poor,average,poor,7,30846121,3,,awful,1,MAGINSBURG93668,His lecture information is completely erratic. I have no idea what will be on the test. We talk about the most random stuff. He doesn't answer questions when you ask him.,12/03/2018,3.0,3.0,,1,N/A,1.0,1.0,1,Yes,1543847376000,No,1040,Yes,,N/A,[],people,people
Not Mandatory,good,poor,good,2,30675902,10,,awesome,5,ASTRO10,"I thought the material was fun and the class was pretty easy. Prof has a funky sense of humor (dry), but it was good. Not a tough class, but you need to attend lectures and do the work, which was only a couple of hours. Reading and some homework. Totally doable for non-science folk.",11/07/2018,1.0,1.0,,5,N/A,5.0,5.0,1,Yes,1541591792000,Yes,1040,Yes,,A-,"['Participation matters', 'Inspirational', 'Accessible outside class']",people,people
Not Mandatory,poor,good,poor,8,30640663,4,,awful,1,AST9,"DO NOT TAKE A CLASS WITH IDAN. He claims the course will be &quot;math-lite&quot; and you won't have to memorize formulas, but there was a ton of math and lots of formulas required for both the midterm and final. He's condescending and unhelpful when someone asks questions. You have to buy the pearson access code. His powerpoints are useless. Just don't.",11/01/2018,5.0,5.0,,1,N/A,1.0,1.0,1,Yes,1541030447000,No,1040,Yes,,N/A,"['Tough grader', 'Graded by few things']",people,people
Not Mandatory,poor,good,poor,8,29926108,3,,awful,1,AST0009,"Bad at explaining things, harsh grader, you have to pay for the homework access code. Syllabus claims you won't have to memorize formulas or do very much math, but that's a complete lie. &quot;Impress me&quot; project guidelines are nonexistent, and what little guidance he gives on it is unhelpful. Just... don't take any class he teaches.",04/29/2018,5.0,5.0,,1,N/A,1.0,1.0,1,Yes,1525015039000,No,1040,Yes,,N/A,"['Tough grader', 'Graded by few things', 'Test heavy']",people,people
Not Mandatory,poor,average,poor,8,29794398,2,,awful,1,AST0009,"I would describe him as condescending, yet without the ability to teach. His slides are an unfortunate attempt at humor, which is disappointing because the topic of class the itself is intriguing.",04/12/2018,3.0,3.0,,1,N/A,1.0,1.0,1,Yes,1523553781000,No,1040,Yes,,N/A,[],people,people
Not Mandatory,poor,good,poor,9,29508958,2,,awful,1,AST010,"Probably the worst professor I've had at Tufts. Unhelpful slides with pictures of cats, difficult tests, and he makes you spend for $200 for the workbook and online access code. Talks down to most students who ask questions, brags about his own research, had an &quot;impress me project&quot; with no document specifying what the project was supposed to entail",01/27/2018,4.0,4.0,,1,N/A,1.0,1.0,1,No,1517048818000,No,1040,Yes,,N/A,"['Test heavy', 'Group projects', 'Lecture heavy']",people,people
Not Mandatory,poor,good,poor,14,29219989,2,,awful,1,AST10,"Idan is one of the least helpful professors I've had. As someone interested in astronomy but majoring elsewhere, I expected to take a fairly straightforward, basic course. Instead, I got a professor who was unable to explain basic concepts, and tested us on our final (worth 45% of grade) with extremely difficult trick questions beyond course scope.",12/15/2017,5.0,5.0,,1,N/A,1.0,1.0,1,Yes,1513345774000,No,1040,Yes,,N/A,['Graded by few things'],people,people
Not Mandatory,poor,good,poor,13,29211618,2,,awful,1,ASTRO10,Honestly a terrible professor and human being. This man doesn't deserve to teach at Tufts or any university. I came in actually wanting to try and learn something but all this guy clearly cares about is his paycheck.,12/14/2017,5.0,5.0,,1,N/A,1.0,1.0,1,Yes,1513293522000,No,1040,Yes,,N/A,"['Graded by few things', 'Tough grader']",people,people
Not Mandatory,poor,good,poor,10,29162620,3,,awful,1,AST10,"Prof Ginsburg is not invested in teaching this class. The homework has no connection to the lectures, the slides are subpar at best, &amp; he provides zero prep for the exams. The final proj is called, &quot;The Impress Me&quot; project. that should tell you everything you need to know. He's phoning it in, relying entirely on pearson and is totally unreachable.",12/12/2017,4.0,4.0,,1,N/A,1.0,1.0,1,No,1513111061000,No,1040,Yes,,N/A,[],people,people
