attendance,clarityColor,easyColor,helpColor,helpCount,id,notHelpCount,onlineClass,quality,rClarity,rClass,rComments,rDate,rEasy,rEasyString,rErrorMsg,rHelpful,rInterest,rOverall,rOverallString,rStatus,rTextBookUse,rTimestamp,rWouldTakeAgain,sId,takenForCredit,teacher,teacherGrade,teacherRatingTags,unUsefulGrouping,usefulGrouping
N/A,good,good,good,0,20375584,0,,awesome,5,FAHS0031,Professor Banai is the best art history teacher at Tufts.,06/03/2012,5.0,5.0,,5,It's my life,5.0,5.0,1,Yes,1338723016000,N/A,1040,N/A,,N/A,[],people,people
N/A,average,good,average,1,17865063,1,,average,2,FAHS1,"She definitely knows her stuff, but is rushed to help students understand it in terms that we can understand. Her critical art background is her main objective, but hardly puts the art in context. I don't recommend her class if you don't have the time to read 100+ pages of intense critical reading per week.",12/05/2010,5.0,5.0,,3,It's my life,2.5,2.5,1,Yes,1291568137000,N/A,1040,N/A,,N/A,[],person,person
N/A,good,good,good,0,17427980,0,,awesome,5,POST1968,"Nuit is an active critic and historian, which strengthens her teaching and separates her from the art history professors I've had who seem to have little pertinent knowledge outside of a classroom.  Easily my favorite academic professor during my four years at the SMFA.",07/17/2010,5.0,5.0,,5,It's my life,5.0,5.0,1,Yes,1279386474000,N/A,1040,N/A,,N/A,[],people,people
N/A,good,good,good,0,16536210,0,,awesome,5,AVANTGARD,"Best teacher at Tufts -- brilliant, funny, and in absolute command of a difficult body of material. I'm an undergrad, and I didn't mind &quot;traveling&quot; to take this class, but it's a shame that Art History graduate students have to audit. Prof Banai would lend glamour to anyone's PhD degree, PhD students shouldn't be penalized from taking her classes",12/12/2009,5.0,5.0,,5,Low,5.0,5.0,1,No,1260622914000,N/A,1040,N/A,,N/A,[],people,people
N/A,average,good,average,0,16439869,0,,good,3,FAHS0033,"Professor Banai is extremely engaging, always seeking her students' opinions, criticisms, and interpretations. She is very intelligent and presents herself in an interesting and diverse manner (ie-not monotone). The tests were extremely reflective of the information we covered. It's easy to get lost in the terminology, but don't worry! She'll help!",11/30/2009,4.0,4.0,,4,Low,3.5,3.5,1,Yes,1259594892000,N/A,1040,N/A,,N/A,[],people,people
N/A,good,average,good,0,16177683,0,,awesome,5,FAHS0010,"Noit is brilliant, best  Art History teacher ever.  She's a cogent and funny lecturer and she loves to hear what you think.  The only criticism is that she sometimes speaks faster than I can write.",09/08/2009,3.0,3.0,,5,It's my life,5.0,5.0,1,Yes,1252408659000,N/A,1040,N/A,,N/A,[],people,people
N/A,good,good,good,0,15619132,0,,good,4,AVANTGARD,"don't get lost in the art speak! seriously, this woman knows her stuff. don't be late unless you want to be scolded.",04/07/2009,4.0,4.0,,4,Really into it,4.0,4.0,1,Yes,1239120873000,N/A,1040,N/A,,N/A,[],people,people
