attendance,clarityColor,easyColor,helpColor,helpCount,id,notHelpCount,onlineClass,quality,rClarity,rClass,rComments,rDate,rEasy,rEasyString,rErrorMsg,rHelpful,rInterest,rOverall,rOverallString,rStatus,rTextBookUse,rTimestamp,rWouldTakeAgain,sId,takenForCredit,teacher,teacherGrade,teacherRatingTags,unUsefulGrouping,usefulGrouping
Mandatory,good,average,good,1,31275484,0,,good,4,SOC136,Idiosyncratic and lovable. Cultures of computing is a pretty broad topic and he does a good job of bringing together a lot of concepts and phenomena. classes are very discussion based and sometimes there are lectures. he seems very knowledgeable about both the history and new developments in computing.,01/17/2019,2.0,2.0,,4,N/A,4.0,4.0,1,No,1547755668000,Yes,1040,Yes,,N/A,['Get ready to read'],people,person
Mandatory,good,average,good,0,30240131,0,,awesome,5,ENG002,"Pretty tough grader, but he really wants his students to learn. Takes the time to give feedback and answer any additional questions. Would recommend.",06/07/2018,3.0,3.0,,5,N/A,5.0,5.0,1,No,1528334958000,Yes,1040,Yes,,N/A,"['Accessible outside class', 'Tough grader', 'Gives good feedback']",people,people
Not Mandatory,good,poor,good,0,29698224,1,,good,4,ENG001,"Dr. Crano is really sweet and accessible outside of class. I had some mental health struggles first semester that he was very accommodating of. Not a hard grader, but if you get behind on the reading journals you'll be screwed at the end of the semester.",03/26/2018,1.0,1.0,,4,N/A,4.0,4.0,1,Yes,1522081325000,Yes,1040,Yes,,N/A,"['Accessible outside class', 'So many papers']",person,people
Mandatory,good,average,good,0,29366280,0,,good,4,ENG001,"Crano is a tough but fair grader. He makes time to respond to your drafts and emails, giving good feedback and even diving deeper into the subject to help you. He clearly wants his students to learn from their mistakes and improve. If you put in the effort, he will give you the grade you deserve.",01/01/2018,3.0,3.0,,4,N/A,4.0,4.0,1,Yes,1514799597000,Yes,1040,Yes,,A-,"['Accessible outside class', 'Gives good feedback', 'Tough grader']",people,people
Mandatory,good,good,good,0,29206688,0,,good,4,ENGL0001,Ricky Crano is certainly an interesting guy. I enjoyed his class and thought he was a pretty nice guy as well. Two times I couldn't make his office hours he found time for me to meet with him. He is a very tough grader and you should probably raise your hand in class. He is more of a film and media studies guy...,12/14/2017,4.0,4.0,,4,N/A,4.0,4.0,1,Yes,1513278872000,Yes,1040,Yes,,N/A,"['Participation matters', 'Tough grader', 'Accessible outside class']",people,people
Mandatory,good,average,good,1,27756944,0,,good,4,ENG002,"Crano is a great teacher. He's a bit awkward at first but then you warm up to him and his teaching style. Class is mostly discussion on the readings and then papers that increase in length over the semester. I thought he was a fair grader but I know many people who had a hard time. If you go for feedback in office hours, it will definitely help.",01/19/2017,3.0,3.0,,4,N/A,4.0,4.0,1,No,1484862801000,Yes,1040,Yes,,A,"['So many papers', 'Gives good feedback', 'Accessible outside class']",people,person
Mandatory,average,good,average,2,25379269,2,,good,3,ENG1," It was his first class teaching at Tufts. Interesting guy, but not very interesting lecturer. Calm disposition that sometimes slips into monotone. Tough grader, gave nobody in our class above a B+ on the first paper.",11/10/2015,4.0,4.0,,4,Sorta interested,3.5,3.5,1,Yes,1447151616000,N/A,1040,Yes,,N/A,"['Tough grader', 'Participation matters']",people,people
