attendance,clarityColor,easyColor,helpColor,helpCount,id,notHelpCount,onlineClass,quality,rClarity,rClass,rComments,rDate,rEasy,rEasyString,rErrorMsg,rHelpful,rInterest,rOverall,rOverallString,rStatus,rTextBookUse,rTimestamp,rWouldTakeAgain,sId,takenForCredit,teacher,teacherGrade,teacherRatingTags,unUsefulGrouping,usefulGrouping
Not Mandatory,good,average,good,0,31158577,0,,awesome,5,MUS0042,"Professor Jankowsky is a real gem. This class was super light, and the material was interesting - would highly recommend.",12/26/2018,2.0,2.0,,5,N/A,5.0,5.0,1,Yes,1545859638000,Yes,1040,Yes,,A,"['Caring', 'Gives good feedback', 'Accessible outside class']",people,people
Mandatory,good,average,good,0,28388973,2,,awesome,5,MUS0052,"WOW! What an incredible class. He is one of the few people in the world that knows so much about Middle Eastern music. Honestly, one of the most interesting people/classes I've taken at Tufts.",05/26/2017,2.0,2.0,,5,N/A,5.0,5.0,1,No,1495823263000,Yes,1040,Yes,,A-,"['Gives good feedback', 'Caring', 'Respected']",people,people
N/A,good,average,good,0,22609851,0,,awesome,5,MUS0005,Really helpful and clear. Prepares you well for each exam and used power points. Class consisted of three 3 page papers and two exams. No surprises.,12/18/2013,3.0,3.0,,5,Sorta interested,5.0,5.0,1,Yes,1387409730000,N/A,1040,N/A,,N/A,[],people,people
N/A,good,good,good,0,12851152,0,,awesome,5,MUS201,No Comments,02/07/2007,4.0,4.0,,5,It's my life,5.0,5.0,1,Yes,1170884404000,N/A,1040,N/A,,N/A,[],people,people
