attendance,clarityColor,easyColor,helpColor,helpCount,id,notHelpCount,onlineClass,quality,rClarity,rClass,rComments,rDate,rEasy,rEasyString,rErrorMsg,rHelpful,rInterest,rOverall,rOverallString,rStatus,rTextBookUse,rTimestamp,rWouldTakeAgain,sId,takenForCredit,teacher,teacherGrade,teacherRatingTags,unUsefulGrouping,usefulGrouping
Not Mandatory,good,average,good,0,31491810,0,,awesome,5,EC11,"Fairly interesting lectures. Tests were hard, but with great curves, and he keeps you updated on your standing in the class. Never used the textbook. Would be a huge waste of money to buy it.",03/28/2019,3.0,3.0,,5,N/A,5.0,5.0,1,No,1553744243000,Yes,1040,Yes,,N/A,[],people,people
Not Mandatory,good,good,good,0,30975082,0,,awesome,5,EC0011,Really cares about his students and wants you to do well.,12/11/2018,4.0,4.0,,5,N/A,5.0,5.0,1,No,1544562776000,Yes,1040,Yes,,N/A,"['Gives good feedback', ""Skip class? You won't pass."", 'Respected']",people,people
N/A,good,average,good,0,25344611,2,,awesome,5,EC11,"Even though he was probably the tests he gave were probably the hardest, he was the best possible professor for an introductory economics course. If you go to his lectures and office hours you will learn way more than from an easier class. And even though the tests are hard he curves them very generously.",11/04/2015,3.0,3.0,,5,Really into it,5.0,5.0,3,Yes,1446663832000,Yes,1040,Yes,,A,"['Gives good feedback', 'Tough grader']",people,people
N/A,good,average,good,0,25143604,0,,awesome,5,EC11,"His tests are hard. Class averages were usually low 70shigh 60s. Probably the hardest Ec11 teacher. But don't dismay, he's a really good professor and curves very generously. A 75 average was good enough to get in the A range. Problem sets are easy, and he helps where you need it. Great guy as well, he's a huge sports fan.",08/23/2015,3.0,3.0,,5,Really into it,5.0,5.0,1,Yes,1440339659000,N/A,1040,Yes,,N/A,"['Gives good feedback', 'Tough grader', ""Skip class? You won't pass.""]",people,people
N/A,good,average,good,1,24878788,1,,awesome,4,EC11,"Professor Emerick is a great  professor who I feel prepared me for upper level Econ classes. That being said, he does challenge students but gives a VERY generous curve to the grades. He does this because he wants students to learn without fearing for their GPA. Yes the subject matter is hard but he does his best to tackle it in a manageable way.",05/20/2015,3.0,3.0,,5,It's my life,4.5,4.5,1,No,1432160278000,Yes,1040,Yes,,N/A,['Tough grader'],person,person
N/A,average,good,average,2,24521256,0,,average,2,EC0011,"Emerick was known this semester as the toughest EC11 (Micro Theory) professor. His problem sets are impossible to do alone and the tests are difficult. If you go into office hours he helps a lot with the homework, but I never felt prepared for an exam.",03/30/2015,5.0,5.0,,3,Meh,2.5,2.5,1,No,1427737051000,N/A,1040,Yes,,N/A,"['Tough grader', ""Skip class? You won't pass.""]",people,people
N/A,good,average,good,1,24244509,0,,awesome,5,EC35,"Professor Emerick's EC 35 class is pretty straight-forward. Go to his lectures, sit in, listen closely, go back and look at the lecture notes(HELPFUL FOR TESTS). Graded work in this class is also straight-forward: 4 Problem Sets, 1 Midterm, and 1 Final. (I recommend you read the book ""Poor Economics"" by Banerjee and Duflo. Very helpful for class)",01/07/2015,2.0,2.0,,5,It's my life,5.0,5.0,1,No,1420597599000,N/A,1040,Yes,,N/A,"['Gives good feedback', 'Amazing lectures', 'Respected']",people,person
N/A,good,average,good,1,23758597,1,,awesome,5,EC35,"Always willing to help clarify in lectures of office hours, and also open to suggestions regarding the class structurehow the learning style is working for everyone. Uses slides and fills in calculations and graphs in class so that everyone can see what is going on. Material is very interesting, would definitely recommend him as a teacher! ",11/06/2014,2.0,2.0,,5,Really into it,5.0,5.0,1,No,1415283883000,Yes,1040,Yes,,Not sure yet,"['Clear grading criteria', 'Caring']",person,person
