attendance,clarityColor,easyColor,helpColor,helpCount,id,notHelpCount,onlineClass,quality,rClarity,rClass,rComments,rDate,rEasy,rEasyString,rErrorMsg,rHelpful,rInterest,rOverall,rOverallString,rStatus,rTextBookUse,rTimestamp,rWouldTakeAgain,sId,takenForCredit,teacher,teacherGrade,teacherRatingTags,unUsefulGrouping,usefulGrouping
Mandatory,good,good,good,0,28364536,0,,good,4,HIST62,Consistent work throughout the semester is key. Can seem cold during office hours but she does care about your growth and learning. Clarity in writing is a very important thing in her class - she will make you work for that grade.,05/22/2017,4.0,4.0,,4,N/A,4.0,4.0,1,No,1495489049000,Yes,1040,Yes,,N/A,"['Tough grader', 'Get ready to read', 'Participation matters']",people,people
Mandatory,good,good,good,0,28330823,0,,good,4,HIST006220,Prof. Applebaum is a tough but fair teacher. The amount of feedback she gives on papers shows how much she cares about the growth and success of her students. Quizzes are straight foreword and her expectations in general are clear. There is lots of reading and work involved but the amount you come out of class learning is well worth the effort.,05/17/2017,4.0,4.0,,4,N/A,4.0,4.0,1,Yes,1495018832000,Yes,1040,Yes,,B,"['Participation matters', 'Get ready to read', 'Gives good feedback']",people,people
Mandatory,good,good,good,0,27420508,0,,awesome,5,HIST0096,"Best class I've taken at Tufts so far.  Really a great professor.  She has high expectations, but you can tell she wants to help you get there.  Her grading is tough, but it doesn't come from a place of trying to screw anyone over, but to help you write as well as you can.  She leads discussions so that you feel like you learn something every class",12/10/2016,4.0,4.0,,5,N/A,5.0,5.0,1,Yes,1481370814000,Yes,1040,Yes,,N/A,"['Participation matters', 'Get ready to read', 'Gives good feedback']",people,people
Mandatory,good,average,good,1,27403532,0,,good,4,HIST61,"Professor Applebaum is great. She has deep knowledge of Russian history and facilitates interesting and engaging discussions in class. She provides great feedback on papers and as long as you have a good sense of how to write for history, you will do fine.",12/09/2016,3.0,3.0,,4,N/A,4.0,4.0,1,Yes,1481248217000,Yes,1040,Yes,,N/A,"['Participation matters', 'Gives good feedback', 'Amazing lectures']",people,person
Mandatory,good,good,good,1,27316384,0,,good,4,HIST61,"Prof Applebaum's lectures are clear and comprehensive - the textbook is unnecessary. She grades toughly and is a stickler for language and style, which trains you to write good papers. May seem cold and off-putting initially, but she does have a sense of humor and is extremely knowledgeable about Russia.",12/02/2016,4.0,4.0,,4,N/A,4.0,4.0,1,No,1480710166000,Yes,1040,Yes,,N/A,"['Tough grader', 'Graded by few things', 'Participation matters']",people,person
Mandatory,average,good,average,0,26572733,0,,average,2,HIST0062,"Rachel Applebaum is incredibly knowledgable in Russian history. That being said, she has been the worst professor I've had at Tufts.  She is extremely cold and unkind, and going to her office hours was always off-putting. Some of the material was really interesting, but certainly not worth having to deal with this professor. Stay away if possible!",05/14/2016,5.0,5.0,,3,N/A,2.5,2.5,1,Yes,1463214508000,N/A,1040,Yes,,N/A,"['Get ready to read', 'Participation matters', 'Tough grader']",people,people
Mandatory,good,good,good,0,26143233,0,,good,4,HIST62,class is divided between lectures and discussions. You have to read for discussions but it's not a heavy load and quite interesting. her lectures are great and you don't have to read from the textbook because it covers everything. Rachel Applebaum is incredible and really loves Russian history so if you're interested take it!,03/14/2016,4.0,4.0,,4,It's my life,4.0,4.0,1,No,1457991628000,Yes,1040,Yes,,N/A,"['Get ready to read', 'Participation matters']",people,people
