attendance,clarityColor,easyColor,helpColor,helpCount,id,notHelpCount,onlineClass,quality,rClarity,rClass,rComments,rDate,rEasy,rEasyString,rErrorMsg,rHelpful,rInterest,rOverall,rOverallString,rStatus,rTextBookUse,rTimestamp,rWouldTakeAgain,sId,takenForCredit,teacher,teacherGrade,teacherRatingTags,unUsefulGrouping,usefulGrouping
Mandatory,good,average,good,0,32031367,0,,good,4,MATH0012,"Professor Borgers is a great guy and is a really caring teacher. It is obvious that he is passionate both about his scholarly studies and about his students. He is always willing to meet and give extra help, whether during office hours or over email. However, he does move quite quickly; his online quizzes are tricky but only worth 10% of the grade.",06/16/2019,2.0,2.0,,4,N/A,4.0,4.0,1,Yes,1560681252000,Yes,1040,Yes,,N/A,"['Accessible outside class', ""Skip class? You won't pass."", 'Gives good feedback']",people,people
Not Mandatory,good,good,good,9,27229763,0,,awesome,5,MATH32,"Tough as hell, but at the same time incredibly helpful. His course was the only time that I enjoyed maths.",11/20/2016,4.0,4.0,,5,N/A,5.0,5.0,1,Yes,1479669199000,Yes,1040,Yes,,N/A,"['Accessible outside class', ""Skip class? You won't pass."", 'Gives good feedback']",people,people
N/A,average,average,average,0,24557259,2,,average,2,MATH32,"Decent professor, but when you start the homework, you realize his lectures didn't quite cut it.",04/07/2015,3.0,3.0,,4,Sorta interested,3.0,3.0,1,Yes,1428430174000,N/A,1040,Yes,,N/A,"['Clear grading criteria', 'Respected', 'Lots of homework']",people,people
N/A,good,average,good,1,23785698,0,,awesome,4,CALC32,"Great teacher and great guy, wants everyone to do well, takes the time to meet with you and answer emails if you're stuck.",11/11/2014,2.0,2.0,,5,Really into it,4.5,4.5,1,No,1415701174000,N/A,1040,Yes,,N/A,"['Caring', ""Skip class? You won't pass.""]",people,person
N/A,good,average,good,0,17453345,0,,awesome,4,MATH0012,"Borgers was one of the best prof's I've had at Tufts so far. Really cares about students understanding the material, very open to questions in and out of class, and is a genuinely nice and funny guy. Awesome/10",07/27/2010,3.0,3.0,,5,It's my life,4.5,4.5,1,No,1280198980000,N/A,1040,N/A,,N/A,[],people,people
N/A,average,average,good,0,17118602,0,,good,3,MATH12,"Entertaining, funny professor but moves VERY quickly. Very open to help during office hours and sends lots of clarification e-mails. I'm not a math person but I enjoyed this class.",05/04/2010,3.0,3.0,,5,Sorta interested,4.0,4.0,1,No,1272986498000,N/A,1040,N/A,,N/A,[],people,people
N/A,good,average,good,0,17118476,0,,awesome,4,MATH12,"Professor Borgers is a great teacher who is good at engaging the class, but moves a little fast at times",05/04/2010,3.0,3.0,,5,Really into it,4.5,4.5,1,No,1272985782000,N/A,1040,N/A,,N/A,[],people,people
N/A,good,average,good,0,16591971,0,,awesome,5,MATH150,Everything you would expect from a great college professor.,12/18/2009,3.0,3.0,,5,Really into it,5.0,5.0,1,Yes,1261101540000,N/A,1040,N/A,,N/A,[],people,people
N/A,average,average,average,0,16327185,0,,good,3,MATH50,"Some of the material was hard and his explanations weren't always clear, but he was very helpful in office hours.",11/06/2009,3.0,3.0,,4,Sorta interested,3.5,3.5,1,Yes,1257529178000,N/A,1040,N/A,,N/A,[],people,people
N/A,average,good,average,0,14987668,0,,good,3,MATH50,"Wants you to do well, cares about his students. Very smart guy.",11/13/2008,5.0,5.0,,4,Sorta interested,3.5,3.5,1,No,1226572587000,N/A,1040,N/A,,N/A,[],people,people
N/A,good,good,good,0,14836351,0,,awesome,5,MATH50,"Hilarious, very cool, brilliant guy.",09/26/2008,4.0,4.0,,5,Sorta interested,5.0,5.0,1,Yes,1222438215000,N/A,1040,N/A,,N/A,[],people,people
N/A,good,average,good,0,12996591,1,,awesome,5,MATMAT9,"Christoph is the best german math teacher ever, and he has the cutest lisp. If it weren't for all the stupid kids in that class, it would be a joy every time. ask him to do a Schwarzenegger impression.",04/11/2007,2.0,2.0,,5,Meh,5.0,5.0,1,No,1176286796000,N/A,1040,N/A,,N/A,[],person,people
N/A,good,average,good,0,10489153,0,,awesome,5,PROBSTAT,Great professor.  Very clear.  Very dedicated.  Always there for extra help.,09/11/2005,3.0,3.0,,5,It's my life,5.0,5.0,1,N/A,1126482492000,N/A,1040,N/A,,N/A,[],people,people
N/A,good,average,good,0,866915,0,,awesome,5,MATH161,No Comments,04/22/2003,3.0,3.0,,5,N/A,5.0,5.0,1,N/A,1051024245000,N/A,1040,N/A,,N/A,[],people,people
