attendance,clarityColor,easyColor,helpColor,helpCount,id,notHelpCount,onlineClass,quality,rClarity,rClass,rComments,rDate,rEasy,rEasyString,rErrorMsg,rHelpful,rInterest,rOverall,rOverallString,rStatus,rTextBookUse,rTimestamp,rWouldTakeAgain,sId,takenForCredit,teacher,teacherGrade,teacherRatingTags,unUsefulGrouping,usefulGrouping
Not Mandatory,good,average,good,0,31825834,0,,awesome,5,ES2,"He is super nice and fun. He give weekly projects with clear guidance that really helps you learn and love what you are learning. He is chill, funny, and constantly improving his projects to give you the best experience. His class really shows you fun things you can do with coding.",05/09/2019,2.0,2.0,,5,N/A,5.0,5.0,1,Yes,1557423555000,Yes,1040,Yes,,N/A,"['Hilarious', 'Gives good feedback', 'Accessible outside class']",people,people
N/A,good,average,good,0,31748315,0,,awesome,5,ES2,Prof. Danahy is a very enjoyable instructor. He is very approachable and entertaining in class. He made learning easy and fun. He is an easy grader which made it extremely easy to do well in class since he is good at teaching the content as well.,05/02/2019,2.0,2.0,,5,N/A,5.0,5.0,1,Yes,1556820535000,Yes,1040,Yes,,A+,"['Group projects', 'Caring']",people,people
N/A,good,average,good,0,31247533,0,,awesome,5,EN1,His robotics class was one of the greatest classes I have ever taken. He is a great professor and understands how to educate. &quot;Learning&quot; (playing) with Legos Mindstorms and exploring robotics with them simply cannot be beat.,01/12/2019,2.0,2.0,,5,N/A,5.0,5.0,1,No,1547268272000,Yes,1040,Yes,,A+,"['Respected', 'Hilarious', 'Clear grading criteria']",people,people
Mandatory,good,poor,good,0,31242656,0,,awesome,5,EN01,"His EN01 class, Simple Robotics, was a blast. If you are an incoming freshman and he teaches it your semester I highly recommend it, especially if you love legos or robots. My only regret in the class was not having more time to spend on it. Note: The course involves group-work. Also, Dr Es face can be hard to read, don't worry he still likes you",01/11/2019,1.0,1.0,,5,N/A,5.0,5.0,1,No,1547182584000,Yes,1040,Yes,,A,['Group projects'],people,people
N/A,good,average,good,0,30509499,0,,good,4,COMP150,"You'll get out of the class what you put in. If you slack off on projects, you won't learn as much.",09/19/2018,2.0,2.0,,4,N/A,4.0,4.0,1,No,1537353653000,Yes,1040,Yes,,N/A,[],people,people
Not Mandatory,good,average,good,1,27565563,1,,good,4,EN0001,"Great Robotics Professor! Put time and effort into your projects, you should ace this class.",12/19/2016,3.0,3.0,,4,N/A,4.0,4.0,1,No,1482152546000,Yes,1040,Yes,,N/A,"['Group projects', 'Hilarious', 'Gives good feedback']",person,person
Not Mandatory,good,average,good,0,26777665,1,,good,4,ES93ROBOTICS,As long as you put in some effort into your projects you can receive an A.,07/03/2016,3.0,3.0,,4,N/A,4.0,4.0,1,No,1467552228000,Yes,1040,Yes,,N/A,"['Group projects', 'Caring']",person,people
Not Mandatory,good,average,good,0,26279768,0,,awesome,5,ES93ROBOTICS,Hilarious professor. Group projects are fun.,04/12/2016,2.0,2.0,,4,N/A,4.5,4.5,1,No,1460472247000,Yes,1040,Yes,,N/A,"['Group projects', 'Hilarious']",people,people
Mandatory,good,average,good,1,22766297,0,,awesome,5,ES93ROBOTICS,"This class took a lot of time but I loved it.  Every project was fun and Danahy was super cool.  Also, LEGOS!",01/17/2014,2.0,2.0,,5,It's my life,5.0,5.0,1,No,1389971424000,N/A,1040,N/A,,N/A,[],people,person
