attendance,clarityColor,easyColor,helpColor,helpCount,id,notHelpCount,onlineClass,quality,rClarity,rClass,rComments,rDate,rEasy,rEasyString,rErrorMsg,rHelpful,rInterest,rOverall,rOverallString,rStatus,rTextBookUse,rTimestamp,rWouldTakeAgain,sId,takenForCredit,teacher,teacherGrade,teacherRatingTags,unUsefulGrouping,usefulGrouping
Mandatory,good,average,good,0,31819298,0,,awesome,5,REL0022,"Had her for New Testament, and she was just extremely enthusiastic and knowledgeable of the Greek, Roman, and Jewish contexts of the material. Reads Koine Greek like it's nothing. Not a tough grader, but you still learn a lot. Really up to you how much effort to put in, as the material really is bottomless, some of the most studied in history.",05/09/2019,2.0,2.0,,5,N/A,5.0,5.0,1,Yes,1557367301000,Yes,1040,Yes,,A,"['Caring', 'Get ready to read', 'Participation matters']",people,people
N/A,good,good,good,0,31150593,0,,awesome,5,REL36,"Dont graduate from Tufts without taking a class with Professor Eyl. You do mock theological debates, take field trips to museums, play history of Christianity bingo, and think about religion in totally new and complicated ways. Now I'm kind of obsessed with how much religion overlaps with economics, politics, ethnicity, and systems of power.",12/24/2018,4.0,4.0,,5,N/A,5.0,5.0,1,Yes,1545681642000,Yes,1040,Yes,,A,"['Respected', 'Beware of pop quizzes', 'Amazing lectures']",people,people
N/A,good,average,good,0,30881122,0,,awesome,5,REL36,"Amazing professor!!! One of those &quot;can make any topic fascinating&quot; lecturers. Readings are heavy, but she breaks down everything in class, explains things very clearly, and provides helpful study guides for tests. Assumes you're smart but doesn't expect you to have prior knowledge of the subject. Consistently engaging, also super approachable!",12/05/2018,3.0,3.0,,5,N/A,5.0,5.0,1,Yes,1544032353000,Yes,1040,Yes,,N/A,"['Get ready to read', 'Accessible outside class', 'Amazing lectures']",people,people
N/A,good,average,good,0,30567883,0,,awesome,5,REL36,"One of the most inspiring and passionate professors I've ever had- she cares deeply about her subject, and makes sure to give students every critical angle possible. If you believe only tradition bible interpretations, that's not what she's giving- she looks at it from a historical, not a theological perspective, which is amazingly exciting.",10/14/2018,3.0,3.0,,5,N/A,5.0,5.0,1,Yes,1539530039000,Yes,1040,Yes,,N/A,"['Get ready to read', 'Inspirational', 'Amazing lectures']",people,people
N/A,good,good,good,1,29576852,0,,awesome,5,REL36,"Great class, great professor! One of the few classes I've had that I really did not want to end. She's so smart and funny! The class is not taught from a Bible-school, theological perspective-- it's &quot;historical-critical&quot; ( a term we learned in the class). But even as a religious person, I found the class incredibly eye opening.",02/19/2018,4.0,4.0,,5,N/A,5.0,5.0,1,Yes,1519036720000,Yes,1040,Yes,,A-,"['Participation matters', 'Inspirational', 'Get ready to read']",people,person
N/A,average,average,average,0,29364221,2,,poor,2,REL36,"While the material is interesting, the presentation is mediocre at best. Additionally, she comes up with the most absurd interpretations of history possible, and disregards any traditional views on the subject.",12/31/2017,2.0,2.0,,2,N/A,2.0,2.0,1,Yes,1514727693000,No,1040,Yes,,A+,"['Lots of homework', 'Get ready to read', 'Lecture heavy']",people,people
N/A,good,average,good,1,24445887,1,,awesome,5,REL36,Fantastic Professor. Best I've ever had in my life.  Extremely Knowledgeable! Very nice person too.  Prepare for class by doing the readings and pay attention in class to be successful.  ,03/09/2015,3.0,3.0,,5,It's my life,5.0,5.0,1,Yes,1425934300000,N/A,1040,Yes,,N/A,[],person,person
