attendance,clarityColor,easyColor,helpColor,helpCount,id,notHelpCount,onlineClass,quality,rClarity,rClass,rComments,rDate,rEasy,rEasyString,rErrorMsg,rHelpful,rInterest,rOverall,rOverallString,rStatus,rTextBookUse,rTimestamp,rWouldTakeAgain,sId,takenForCredit,teacher,teacherGrade,teacherRatingTags,unUsefulGrouping,usefulGrouping
N/A,good,average,good,0,31005985,0,,good,4,EOS0001,There's a lot of material but if you show up to class everyday and study before exams you'll be fine. The exams are very fair and none of the assignments are made to trick you.,12/13/2018,2.0,2.0,,4,N/A,4.0,4.0,1,No,1544719692000,Yes,1040,Yes,,A,"['Graded by few things', 'Caring', 'Respected']",people,people
Mandatory,average,good,average,0,27503925,0,,average,3,EOS0001,Great lectures but there is a crazy amount of material and the exams are difficult.,12/15/2016,4.0,4.0,,3,N/A,3.0,3.0,1,No,1481760782000,Yes,1040,Yes,,C,"['Amazing lectures', 'Tough grader', 'Test heavy']",people,people
Not Mandatory,good,average,good,0,27449614,0,,awesome,5,EOS0001,"I used the textbook on the first night of class and to study briefly for the final. Beyond that, never used it because her lectures cover the material. She is a very good teacher, very energetic and dynamic. The labs are sometimes boring and long, but those are taught by instructors, not her. Nothing against them, it was because it was Fri PM Lab",12/12/2016,3.0,3.0,,5,N/A,5.0,5.0,1,No,1481559630000,Yes,1040,Yes,,B,"['Clear grading criteria', 'Hilarious']",people,people
Mandatory,good,good,good,0,27298182,0,,awesome,5,EOS5,"Not only is Dr. Gardulski passionate and knowledgable about earth science, but she is an incredible teacher. I took the course to fulfill a science req and ended up loving the  subject. She writes out all the notes on the board beforehand making it easy to follow her lecture and know whats important. If you want a great professor, take her course.",12/01/2016,4.0,4.0,,5,N/A,5.0,5.0,1,No,1480593689000,Yes,1040,Yes,,N/A,"[""Skip class? You won't pass."", 'Accessible outside class', 'Amazing lectures']",people,people
N/A,good,average,good,0,27184930,0,,awesome,5,EOS1,"The only things covered in the exam are those presented in class.  Textbook is unnecessary.  No homework.  Labs/fieldtrips are fun.  Very very nice professor, really knows her stuff, very helpful and likeable.  Would definitely recommend!",11/14/2016,2.0,2.0,,5,N/A,5.0,5.0,1,No,1479153101000,Yes,1040,Yes,,N/A,"['Amazing lectures', 'Caring', 'Respected']",people,people
Mandatory,good,good,good,0,26802871,0,,awesome,5,GEO01,The Best,07/13/2016,4.0,4.0,,5,N/A,5.0,5.0,1,No,1468425040000,Yes,1040,Yes,,N/A,"['Caring', 'Respected', 'Amazing lectures']",people,people
N/A,good,good,good,1,24181692,0,,awesome,5,EOS1EOS5,I love professor Gardulski and the way she teaches. She is straight forward and very organized. The material she covered was very interesting and she obviously loves what she teaches. The exams can be difficult and you really have to have an in-depth knowledge of the material in order to do well. ,12/24/2014,4.0,4.0,,5,Sorta interested,5.0,5.0,1,No,1419418726000,N/A,1040,N/A,,N/A,"['Tough grader', 'Respected', 'Caring']",people,person
Not Mandatory,good,poor,good,1,23790479,0,,awesome,5,EOS0001,Amazing class! Now want to be a EOS major. Not very hard and reading is not mandatory at all. Study for tests and you will be fine. She is a great lecturer and interesting.  ,11/11/2014,1.0,1.0,,5,It's my life,5.0,5.0,1,Yes,1415734535000,N/A,1040,Yes,,N/A,"['Respected', 'Caring', 'Amazing lectures']",people,person
N/A,good,average,good,2,23776971,0,,awesome,5,EOS5,Prof Gardulski is amazing. Sweetest lady I know and took pictures of our 80-ish person class individually holding signs with our names so she could study and get to know us. Her lectures are SUPER organized and all notes are on the board before class. Also great at office hours for extra help. Do keep up with the class though or else exams are roug,11/10/2014,3.0,3.0,,5,Really into it,5.0,5.0,1,Yes,1415612976000,N/A,1040,Yes,,N/A,[],people,people
Mandatory,good,good,good,1,23771274,0,,awesome,5,EOS1EOS5,I loved taking classes with her! I took two the first two years of school. Her class is very organized and flows easily. Lectures are pretty mandatory but she teaches the material so well that its not burdensome to attend class. She loves and cares about the students in her class and goes out of her way to learn the name of everyone in her classes.,11/08/2014,4.0,4.0,,5,Really into it,5.0,5.0,1,No,1415474853000,N/A,1040,Yes,,B+,"['Gives good feedback', 'Respected', ""Skip class? You won't pass.""]",people,person
Not Mandatory,good,average,good,0,22667703,0,,awesome,5,EOS1,"Anne is an excellent prof. All notes are written on the board before class, and are clear and informative. If you attend class every day, and take consistent notes, you can do well in the class. Anne is helpful and available outside of class as needed. Labs for class are engaging, and ~7 of the labs are field trips. Overall, one of the best profs.",12/28/2013,3.0,3.0,,5,Sorta interested,5.0,5.0,1,No,1388256776000,N/A,1040,N/A,,A-,[],people,people
N/A,good,average,good,0,19622236,0,,awesome,5,GEO5,"Intro to Oceanography was really interesting, I'm glad I took it.  Professor Gardulski is amazing, she's incredibly nice, incredibly knowledgable, and perfectly organized.  I wish there had been more homeworks or quizzes, the final is 45% and cumulative, so that was a little scary! Lots of info to know, so overwhelming, but overall a great class.",12/26/2011,3.0,3.0,,5,Really into it,5.0,5.0,1,Yes,1324896833000,N/A,1040,N/A,,N/A,[],people,people
N/A,good,good,good,0,18014086,0,,awesome,5,GEO1,"This class was not the easy A that I had expected, even though I studied hard and attended class/took notes. Lots of material and a lot of reasoning/inference type logic. However, Gardulski is an excellent professor, EXTREMELY organized, and EXTREMELY knowledgeable. Lectures are well structured. No official homework, labs are quite involved.",12/21/2010,4.0,4.0,,4,Sorta interested,4.5,4.5,1,Yes,1292938332000,N/A,1040,N/A,,N/A,[],people,people
N/A,good,good,good,0,17972428,0,,good,5,GEO1,"Do not take this course to fulfill your science requirement. It is hard, and will occupy far more of your time than it is worth. Gardulski is a good teacher and so are the lab leaders, but the kids who succeed in this class are engineers and geo majors. I am writing to humanities/social science kids - be warned.",12/16/2010,4.0,4.0,,3,Really into it,4.0,4.0,1,No,1292540128000,N/A,1040,N/A,,N/A,[],people,people
N/A,good,poor,good,0,17604790,0,,awesome,5,GEO01,Anne is awesome! She's really interesting and she's excited about geology and teaching it to her students. So helpful! Her class notes and lectures are great and very clear.,09/21/2010,1.0,1.0,,5,It's my life,5.0,5.0,1,Yes,1285067578000,N/A,1040,N/A,,N/A,[],people,people
N/A,good,average,good,0,12801021,0,,awesome,4,GEO0001,"If you do the readings and attend class, you'll do great.  Anne says it's up to you whether you read before or after class, but I found that at the pace she teaches, it helps to read before.  She's very understanding and sweet, and the whole department is pretty laid back.",01/20/2007,2.0,2.0,,5,Really into it,4.5,4.5,1,Yes,1169320725000,N/A,1040,N/A,,N/A,[],people,people
N/A,good,average,good,0,10666789,0,,awesome,5,GEO1,"She's very sweet, like a kindergarden teacher.",10/30/2005,2.0,2.0,,5,Low,5.0,5.0,1,N/A,1130715024000,N/A,1040,N/A,,N/A,[],people,people
N/A,good,average,good,0,3695110,0,,awesome,5,GEO1,"Very organized, always willing to help individually outside of class, made geology actually kind of interesting. Great teacher, and her lecture format and notes are perfect.",04/23/2005,3.0,3.0,,5,Low,5.0,5.0,1,N/A,1114291176000,N/A,1040,N/A,,N/A,[],people,people
N/A,good,average,good,0,1997997,0,,awesome,5,GEO5,"so nice and so helpful, really wants her students to do well.",04/20/2004,2.0,2.0,,5,N/A,5.0,5.0,1,N/A,1082489360000,N/A,1040,N/A,,N/A,[],people,people
N/A,good,poor,good,0,1825289,0,,awesome,5,GEO5,"The class is incredibly easy for engineers since she simplifies it for the people who don't have a firm grasp on basic science. Assignments are clear, and tests are fair.",03/19/2004,1.0,1.0,,5,N/A,5.0,5.0,1,N/A,1079724637000,N/A,1040,N/A,,N/A,[],people,people
N/A,good,poor,good,0,1494710,0,,awesome,5,GEO5,"Anne is amazing!  Take her class, whatever you do definitely take a class with her!",12/12/2003,1.0,1.0,,5,N/A,5.0,5.0,1,N/A,1071245148000,N/A,1040,N/A,,N/A,[],people,people
N/A,good,average,good,0,1267024,0,,awesome,5,GEO5,"Super nice, and extremely helpful. She knew all the names of the all the students in the class and went to all ends to help us understand the concepts.",11/05/2003,2.0,2.0,,5,N/A,5.0,5.0,1,N/A,1068041644000,N/A,1040,N/A,,N/A,[],people,people
N/A,average,poor,good,0,1099444,0,,good,3,GEO1,No Comments,08/22/2003,1.0,1.0,,5,N/A,4.0,4.0,1,N/A,1061588212000,N/A,1040,N/A,,N/A,[],people,people
N/A,good,average,good,0,546553,0,,awesome,5,GEO1,No Comments,02/06/2003,2.0,2.0,,5,N/A,5.0,5.0,1,N/A,1044553269000,N/A,1040,N/A,,N/A,[],people,people
