attendance,clarityColor,easyColor,helpColor,helpCount,id,notHelpCount,onlineClass,quality,rClarity,rClass,rComments,rDate,rEasy,rEasyString,rErrorMsg,rHelpful,rInterest,rOverall,rOverallString,rStatus,rTextBookUse,rTimestamp,rWouldTakeAgain,sId,takenForCredit,teacher,teacherGrade,teacherRatingTags,unUsefulGrouping,usefulGrouping
Mandatory,poor,good,poor,0,25825633,0,,poor,1,ENG181,"not a good teacher, learned nothing from this class. suggest you do not take",12/26/2015,5.0,5.0,,2,Meh,1.5,1.5,1,No,1451092668000,N/A,1040,Yes,,F,"[""Skip class? You won't pass."", 'So many papers']",people,people
Mandatory,poor,good,poor,0,25792449,0,,awful,1,ENG1,Not a great teacher lots of reading and no teaching. Didnt learn ahything from this course DO NOT TAKE,12/21/2015,5.0,5.0,,1,Really into it,1.0,1.0,1,No,1450714918000,N/A,1040,Yes,,D-,"['Get ready to read', 'Tough grader', ""Skip class? You won't pass.""]",people,people
Mandatory,average,good,poor,0,25780693,0,,poor,2,ENG181,Knows her stuff however you wont really learn anything about writing came to class eager to work and learn but she gave me a bad time would not recommend,12/20/2015,5.0,5.0,,1,Sorta interested,1.5,1.5,1,No,1450618060000,N/A,1040,Yes,,D+,"['Lecture heavy', ""Skip class? You won't pass."", 'Gives good feedback']",people,people
Not Mandatory,average,good,average,1,25632386,1,,average,2,ENG181,"very repetitive class, very confusing . Came to the class hoping to learn nothing but just left  very angry and didnt learn anything  ",12/10/2015,5.0,5.0,,3,Really into it,2.5,2.5,1,No,1449768321000,N/A,1040,Yes,,D-,"['Tough grader', 'Lecture heavy']",person,person
Mandatory,average,good,average,1,25595124,0,,poor,3,ENG1,"not a really great teacher, makes you write about the same topic all semester. very confusing class I didnt learn anything",12/08/2015,4.0,4.0,,1,Really into it,2.0,2.0,1,No,1449601074000,N/A,1040,Yes,,WD,"[""Skip class? You won't pass."", 'Lecture heavy', 'Tough grader']",people,person
N/A,good,average,good,0,23136446,0,,awesome,5,ENG181,"She knows her stuff and is willing to help you understand the material. Additionally, she is willing to hear you out if you have complaints and understand your viewpoint. She is nice, welcoming of all opinions, and gives prompt feedback on essays and work in general. Heavy on poetry but still a great professor, one I would recommend.",04/30/2014,2.0,2.0,,5,Really into it,5.0,5.0,1,Yes,1398896225000,N/A,1040,N/A,,N/A,[],people,people
N/A,good,average,average,1,19927555,0,,average,4,ENG1,"I didn't really think her class was enjoyable.. She was always kinda cold, but she tried to be a ""cool"" teacher. It was a weird atmosphere.",03/20/2012,3.0,3.0,,2,Meh,3.0,3.0,1,Yes,1332243547000,N/A,1040,N/A,,N/A,[],people,person
N/A,good,average,good,1,18364591,0,,awesome,5,ENG1,Shes a great teacher who knows how to conduct class well and keep students engaged. Class was held in a casual discussion style which made the atmosphere more relaxed and enjoyable.,04/06/2011,2.0,2.0,,5,Meh,5.0,5.0,1,Yes,1302087120000,N/A,1040,N/A,,N/A,[],people,person
