attendance,clarityColor,easyColor,helpColor,helpCount,id,notHelpCount,onlineClass,quality,rClarity,rClass,rComments,rDate,rEasy,rEasyString,rErrorMsg,rHelpful,rInterest,rOverall,rOverallString,rStatus,rTextBookUse,rTimestamp,rWouldTakeAgain,sId,takenForCredit,teacher,teacherGrade,teacherRatingTags,unUsefulGrouping,usefulGrouping
Mandatory,good,poor,good,0,30722738,0,,awesome,5,OTS291,"No homework, get out early every class, everyone gets an A! A wonderful, funny and knowledgable professor. He even brought wine &amp; cheese to the final presentations!",11/14/2018,1.0,1.0,,5,N/A,5.0,5.0,1,No,1542196324000,Yes,1040,Yes,,A+,"['Hilarious', 'EXTRA CREDIT', 'Amazing lectures']",people,people
Mandatory,good,poor,good,0,29331379,1,,awesome,5,OTS101,"One of my favorite professors! He's taught physiology 75+ times, and its amazing. No power points, just pictures that he draws on the white board, and he's so funny and engaging! He's now my advisor, and I'm taking another class with him this spring. Tests are all multiple choice, study and you'll get an A.",12/24/2017,1.0,1.0,,5,N/A,5.0,5.0,1,No,1514147215000,Yes,1040,Yes,,A-,"['Amazing lectures', 'Hilarious']",person,people
Not Mandatory,good,good,good,1,28741055,1,,awesome,5,OTS101,"Professor Leavis is an amazing instructor (coming for a student with severe ADHD). His preferred style is talking and drawing on the whiteboard (in lieu of powerpoint). He tells a story, his material is organized and has a flow (and he makes it funny and entertaining as well!) Additionally, he is very approachable and always happy to help!",10/13/2017,4.0,4.0,,5,N/A,5.0,5.0,1,No,1507908940000,Yes,1040,Yes,,A-,"['Amazing lectures', 'EXTRA CREDIT', 'Hilarious']",person,person
N/A,good,average,good,1,26204346,0,,awesome,5,OTS1,"Professor Leavis is an amazing instructor! He makes you excited about science. He often tells nerdy jokes. Even though the material is not easy, if you pay attention and go to the review sessions you will have no trouble getting an A. He also gives extra credit. He is kind, funny, passionate and eager to make you learn. I would take his class again",03/30/2016,2.0,2.0,,5,N/A,5.0,5.0,1,No,1459347217000,Yes,1040,Yes,,A-,"['Amazing lectures', 'Hilarious']",people,person
N/A,good,average,good,1,23816109,0,,awesome,5,291,Inspiring and knowledgeable human being - his physiology of exercise classes were a wonderful learning experience peppered with interesting stories from Prof Leavis's amazing life and career - many thanks!,11/14/2014,2.0,2.0,,4,Really into it,4.5,4.5,1,No,1415977182000,N/A,1040,Yes,,N/A,"['Inspirational', 'Caring', 'Respected']",people,person
Not Mandatory,good,average,good,2,23245723,0,,awesome,5,BUSARHS375,"This class was taken at BU, where he taught a Cardiopulmonary Pathophysiology course. This spring semester will be his last at BU so I thought this would be more fitting in his Tufts page. I found him to be a great teacher, but tests had some very specific/tricky questions. Very helpful and clear. I learned a lot and it will be helpful for med!",05/14/2014,2.0,2.0,,4,It's my life,4.5,4.5,1,No,1400073835000,N/A,1040,N/A,,A-,[],people,people
N/A,poor,good,poor,2,23016345,4,,awful,1,PHYSIOLOGY,"Horrible. He lectures in a disorderly, fashion using abstract and confusing examples. He then says that complex topics and equations aren't important but they show up on the exam. Lecture slides are just out of order and unclear. Only reason I did well is because my brother is a med student and he tutored and warned me against physic in general.",04/09/2014,5.0,5.0,,1,It's my life,1.0,1.0,1,No,1397085689000,N/A,1040,N/A,,N/A,[],people,people
