attendance,clarityColor,easyColor,helpColor,helpCount,id,notHelpCount,onlineClass,quality,rClarity,rClass,rComments,rDate,rEasy,rEasyString,rErrorMsg,rHelpful,rInterest,rOverall,rOverallString,rStatus,rTextBookUse,rTimestamp,rWouldTakeAgain,sId,takenForCredit,teacher,teacherGrade,teacherRatingTags,unUsefulGrouping,usefulGrouping
Mandatory,good,average,good,0,29745712,0,,awesome,5,GER2,"Geraldine was one of the most open teachers I had. She was super caring, and also was a great teacher",04/04/2018,2.0,2.0,,5,N/A,5.0,5.0,1,Yes,1522885425000,Yes,1040,Yes,,A-,"['Hilarious', 'Respected', 'Caring']",people,people
N/A,good,average,good,0,28106128,0,,awesome,5,GER2,"Haha.. Just take her class, it's an experience........... Not as hard as Pfaffinger, but you may not learn as much as a result. She is absolutely fun-loving and I promise you you'll enjoy her class.",04/23/2017,2.0,2.0,,5,N/A,5.0,5.0,1,Yes,1492956502000,Yes,1040,Yes,,N/A,"['Accessible outside class', 'Hilarious']",people,people
N/A,good,average,good,0,25143609,0,,awesome,4,GER2,"She's a riot. One of the funniestquirkiest professors I've ever had. Really smart and really helpful. Lectures can get boring sometimes, and she moves a bit quickly. That being said, if you ask her to slow down, she'll do so. Also love that she gives you applicable vocabulary. Words that you'd actually use in Germany as a college student.",08/23/2015,2.0,2.0,,5,Really into it,4.5,4.5,1,Yes,1440339838000,N/A,1040,Yes,,N/A,"['Hilarious', 'Respected']",people,people
N/A,good,poor,good,0,24268630,0,,awesome,5,GER62,"I LOVE her. Genuinely cares about all students, so funny, nice, chill, and really knows her stuff. I can't say enough good things about her. Readings were interesting, not too much work (material itself a bit difficult but she's very understanding if you couldn't understand much of it or used translation help), and easy grader.",01/11/2015,1.0,1.0,,5,Really into it,5.0,5.0,1,No,1421001635000,Yes,1040,Yes,,N/A,"['Respected', 'Hilarious']",people,people
Mandatory,good,poor,good,0,23216888,0,,awesome,5,GER062,"I cannot say enough good things about Geraldine.  People talk about how awesome she is, and she actually IS that awesome.  And you learn a lot and I mean A LOT of German.  And she teaches you relevant, everyday German--which was especially impressive when we read medieval German texts.  Literally just take a class with her.",05/10/2014,1.0,1.0,,5,It's my life,5.0,5.0,1,No,1399751256000,N/A,1040,N/A,,A,[],people,people
N/A,good,average,good,0,23187926,0,,awesome,5,GER2,She is the BEST!,05/07/2014,2.0,2.0,,4,It's my life,4.5,4.5,1,Yes,1399474405000,N/A,1040,N/A,,N/A,[],people,people
N/A,good,average,good,0,19709526,0,,good,4,GER003,"Oh sweet Jesus Geraldine is incredible. She is so cool and forgiving. She teaches you a lot of slang (&quot;What you really need to know in Germany&quot;), and is so nice on tests and homeworks. You might not learn the most grammatical German possible, but it is so worth it. :)",01/11/2012,2.0,2.0,,4,It's my life,4.0,4.0,1,No,1326278968000,N/A,1040,N/A,,N/A,[],people,people
N/A,good,average,good,0,18251380,0,,awesome,5,GER3,"AWESOME PROFESSOR. Constant skits, fun anecdotes that actually played into learning the language. She was simply the most enthusiastic person I have ever come across. Coming into the course, I really did not want to take German again, but she COMPLETELY changed that opinion. TAKE HER COURSE IF YOU HAVE THE CHANCE.",03/05/2011,2.0,2.0,,5,Sorta interested,5.0,5.0,1,Yes,1299338460000,N/A,1040,N/A,,N/A,[],people,people
N/A,good,average,good,0,17605446,0,,awesome,4,GER003,,09/21/2010,3.0,3.0,,5,Sorta interested,4.5,4.5,1,Yes,1285086894000,N/A,1040,N/A,,N/A,[],people,people
N/A,good,average,good,0,16739708,0,,awesome,5,GER61,"Geraldine is awesome! She is very casual and fun. Readings are interesting, and not too long. Essay assignments are often creative. Fun class.",01/20/2010,2.0,2.0,,5,Really into it,5.0,5.0,1,Yes,1263997315000,N/A,1040,N/A,,N/A,[],people,people
