attendance,clarityColor,easyColor,helpColor,helpCount,id,notHelpCount,onlineClass,quality,rClarity,rClass,rComments,rDate,rEasy,rEasyString,rErrorMsg,rHelpful,rInterest,rOverall,rOverallString,rStatus,rTextBookUse,rTimestamp,rWouldTakeAgain,sId,takenForCredit,teacher,teacherGrade,teacherRatingTags,unUsefulGrouping,usefulGrouping
Mandatory,good,average,good,0,31242894,0,,awesome,5,ES3,"If you are confused his and his TAs office hours are helpful. Its rude but you can actually walk in any time. Prof Lasser is extremely understanding of students circumstances and wants people to succeed in the course. His video lectures are very clear if you click the right module. But still show up to class, he doesnt like students who dont.",01/11/2019,3.0,3.0,,5,N/A,5.0,5.0,1,Yes,1547185468000,Yes,1040,Yes,,N/A,"['Participation matters', ""Skip class? You won't pass."", 'Accessible outside class']",people,people
Mandatory,good,good,good,0,31086606,0,,awesome,5,ES3,"Ron is a great professor and he really cares about his students. Sometimes lectures can get boring, but he appreciates and knows who shows up. Ron is very fair when it comes to grading and gives lots of partial credit. Reading the textbook helped me a lot for ES3 for learning the material and getting extra practice problems.",12/18/2018,4.0,4.0,,5,N/A,5.0,5.0,1,Yes,1545170313000,Yes,1040,Yes,,N/A,"['Gives good feedback', 'Respected', 'Lots of homework']",people,people
Mandatory,good,average,good,2,29325335,0,,good,4,ES3,"Really love Ron to death. He's humorous, smart, and very caring of the students. His lectures may get confusing and boring, but most of the content is self-learned through his video modules, so long as you do the homework every week, you'll be easily passing the quizzes and the tests. Really recommend this professor!",12/23/2017,3.0,3.0,,4,N/A,4.0,4.0,3,No,1514046168000,Yes,1040,Yes,,Not sure yet,"['Inspirational', 'Lecture heavy', 'Gives good feedback']",people,people
N/A,average,good,average,1,28878200,0,,poor,2,ES3,"Terrible lecturer, harsh and condescending, miserable class. Exams are hard, there's no feedback until you've failed the homework/exams. Nicer and better at explaining concepts one-on-one.",11/12/2017,4.0,4.0,,2,N/A,2.0,2.0,1,Yes,1510495489000,No,1040,Yes,,N/A,"['Tough grader', 'Test heavy', 'Lots of homework']",people,person
Mandatory,good,good,good,2,26869975,0,,awesome,5,EE31,"I've had Lasser for a couple of classes - ES3 was rough - but when you make it all the way to EE31, you realize that this professor may single-handedly give you a step up over the competition in the job market by giving you excellent lessons in engineering design.",08/06/2016,4.0,4.0,,5,N/A,5.0,5.0,1,No,1470511421000,Yes,1040,Yes,,A,"['Caring', 'Gives good feedback', 'Participation matters']",people,people
Not Mandatory,poor,good,average,0,25237680,7,,average,1,ES3,BAD,10/08/2015,5.0,5.0,,5,Meh,3.0,3.0,1,Yes,1444315001000,N/A,1040,Yes,,N/A,['Tough grader'],people,people
N/A,average,average,good,0,24212922,0,,good,3,ES3,"The class was changed from small classes to a large lecture, so he had to change his teaching to fit the new format. If you go to him for help he is really good at explaining. The textbook was also really helpful. ",01/01/2015,3.0,3.0,,5,Low,4.0,4.0,1,Yes,1420128279000,N/A,1040,Yes,,N/A,"['Caring', 'Lots of homework']",people,people
N/A,average,good,average,0,23745149,1,,average,2,3,"Good guy one-on-one, but not a good lecturer. Class had no support system. Worst and hardest class I've taken here. ",11/04/2014,4.0,4.0,,3,Low,2.5,2.5,1,Yes,1415142143000,N/A,1040,Yes,,N/A,"['Lecture heavy', 'Tough grader', 'Lots of homework']",person,people
N/A,good,good,good,1,17985027,0,,good,4,EN62,"Very good professor, cares about his students",12/17/2010,4.0,4.0,,4,Sorta interested,4.0,4.0,1,No,1292628461000,N/A,1040,N/A,,N/A,[],people,person
N/A,average,average,good,0,16660027,0,,good,3,ES3,"Over the course of the semester, not a whole lot of material is covered. The same principles just get applied to different types of circuits. DEFINITELY take this class with Lasser. He is by far the best for this class. Problems due every class, MATLAB and practical lab due every other week. 3 term exams are straightforward. Group speaker project.",12/30/2009,3.0,3.0,,5,Really into it,4.0,4.0,1,Yes,1262212937000,N/A,1040,N/A,,N/A,[],people,people
N/A,good,average,good,2,15633568,0,,good,4,ES3,"Professor Lasser is an excellent teacher. Despite what others say, he knows the material very well. His method of teaching is straight forward, and he makes one feel confident about the material. He uses analogies (that I use to this day) and stresses the real-world application and engineering universality  of the material. Absolutely recommended.",04/10/2009,3.0,3.0,,4,Really into it,4.0,4.0,1,Yes,1239351009000,N/A,1040,N/A,,N/A,[],people,people
N/A,average,good,average,0,15300651,0,,average,3,ES3,"Although he lacked clarity on several occasions and isn't the quickest to respond to emails, he was a good teacher.  His strong suit is relating virtually every concept learned in class to the real world, as this helps stress the importance of learning concepts that may seem irrelevant to your specific branch of engineering.",12/31/2008,4.0,4.0,,3,Low,3.0,3.0,1,No,1230744191000,N/A,1040,N/A,,N/A,[],people,people
N/A,good,good,good,1,14255782,0,,awesome,5,EN62,"I love Prof Lasser. He's very chill and helpful. I might have stayed in engineering if more prof's like him had been around. GREAT guy, GREAT class!",04/07/2008,4.0,4.0,,5,Really into it,5.0,5.0,1,No,1207602228000,N/A,1040,N/A,,N/A,[],people,person
N/A,good,average,average,0,12418911,0,,good,4,EN62,Entrepreneurship Class: Very blunt. Graded rather hard out of the gate. Definately taught for the real world. Opinionated but had trouble seeing the other side. Very helpful lecture slides posted online. Lots of anecdotes given about real world occurances during the lecture.,11/15/2006,3.0,3.0,,3,It's my life,3.5,3.5,1,No,1163554154000,N/A,1040,N/A,,N/A,[],people,people
N/A,good,average,good,1,11724517,0,,awesome,4,EE9798,"Ron gets a bad wrap on this board.  His class may not have tests and isn't technical, but he teaches the important lessons needed for the working world.  He is really interested in having students excel after graduation.",04/18/2006,2.0,2.0,,5,Low,4.5,4.5,1,N/A,1145382403000,N/A,1040,N/A,,N/A,[],people,person
N/A,good,good,average,0,868605,0,,good,4,EE97,No Comments,04/22/2003,4.0,4.0,,3,N/A,3.5,3.5,1,N/A,1051038352000,N/A,1040,N/A,,N/A,[],people,people
