attendance,clarityColor,easyColor,helpColor,helpCount,id,notHelpCount,onlineClass,quality,rClarity,rClass,rComments,rDate,rEasy,rEasyString,rErrorMsg,rHelpful,rInterest,rOverall,rOverallString,rStatus,rTextBookUse,rTimestamp,rWouldTakeAgain,sId,takenForCredit,teacher,teacherGrade,teacherRatingTags,unUsefulGrouping,usefulGrouping
Not Mandatory,good,good,good,0,29581517,0,,awesome,5,EC205,Best professor ever!!! His notes are gold! Fair tests and grading.,02/20/2018,4.0,4.0,,5,N/A,5.0,5.0,1,Yes,1519154420000,Yes,1040,Yes,,A,"['Hilarious', 'Accessible outside class', 'Caring']",people,people
N/A,good,average,good,0,23528445,0,,good,4,EC61,"Great professor for Economics of the EU. Super interested in the topic, unique perspective (he's Greek), really helpful, patient, awesome. Take the class. You'll actually learn!",08/14/2014,3.0,3.0,,4,Really into it,4.0,4.0,1,Yes,1408023280000,N/A,1040,N/A,,N/A,[],people,people
Mandatory,good,good,good,0,22635365,0,,good,4,EC63,"Really cool class on EU economics. He is very passionate about the class, which is awesome. Really helpful in office hours. He is not that easy though, but you will learn a lot!",12/21/2013,4.0,4.0,,4,Really into it,4.0,4.0,1,Yes,1387639469000,N/A,1040,N/A,,N/A,[],people,people
N/A,average,average,average,0,2465580,0,,average,2,EC206,"Very concerned about student's understanding, however, lectures occasionally unclear.  His busy schedule often meant exams and assignments were hastily (and poorly) written.",09/12/2004,3.0,3.0,,4,It's my life,3.0,3.0,1,N/A,1095011421000,N/A,1040,N/A,,N/A,[],people,people
N/A,average,average,average,0,2172174,0,,good,3,EC12,"Great guy; wants to help his students a lot.  However, sometimes his explanations are a bit unclear.",05/21/2004,3.0,3.0,,4,N/A,3.5,3.5,1,N/A,1085133248000,N/A,1040,N/A,,N/A,[],people,people
N/A,good,average,good,0,890365,0,,awesome,5,EC12,"He is the best professor in the world!!! Honestly, he is great, and he makes a hard class seem very easy. Suppose you dont understand anything, he is always going to be there to help you.",04/26/2003,3.0,3.0,,5,N/A,5.0,5.0,1,N/A,1051383126000,N/A,1040,N/A,,N/A,[],people,people
N/A,average,average,average,0,871300,0,,poor,2,EC206,He knows what he is talking about. The trick is to figure out what he is talking about without letting him know that you don't know since it obviously pains him to realize we don't understand these simple things..He has LITTLE TIME,04/23/2003,3.0,3.0,,2,N/A,2.0,2.0,1,N/A,1051078883000,N/A,1040,N/A,,N/A,[],people,people
N/A,good,good,average,0,544702,0,,good,4,ECON13,No Comments,02/05/2003,4.0,4.0,,3,N/A,3.5,3.5,1,N/A,1044489254000,N/A,1040,N/A,,N/A,[],people,people
