attendance,clarityColor,easyColor,helpColor,helpCount,id,notHelpCount,onlineClass,quality,rClarity,rClass,rComments,rDate,rEasy,rEasyString,rErrorMsg,rHelpful,rInterest,rOverall,rOverallString,rStatus,rTextBookUse,rTimestamp,rWouldTakeAgain,sId,takenForCredit,teacher,teacherGrade,teacherRatingTags,unUsefulGrouping,usefulGrouping
N/A,good,good,good,0,25127557,0,,awesome,4,PHY25,"I took Biophysics with her last semester and it was probably my favorite class the entire year. A lot of what we learned was simplified versions of real phenomena, but you still got a lot out of it. She always took part of a class day to basically go over the hard homework problems. Reading the chapters before doing homework is a must.",08/17/2015,4.0,4.0,,5,It's my life,4.5,4.5,1,Yes,1439824200000,Yes,1040,Yes,,A,"['Clear grading criteria', 'Get ready to read']",people,people
N/A,average,good,average,0,21261612,1,,average,3,PHY0011,"Not the most exciting professor.  She goes over what you need to know, but often she is unable to explain things in a different way for people who don't understand the first.  She also isn't always good at understanding students' questions.  She's kind enough, though, has a sense of humor, and prepares you well enough for the tests.",01/15/2013,4.0,4.0,,3,Really into it,3.0,3.0,1,Yes,1358255425000,N/A,1040,N/A,,N/A,[],person,people
N/A,average,average,average,0,20849126,0,,average,2,PHYS11,"Ohhhh Cebe. Sometimes ya just gotta laugh, she's pretty odd, and her lectures aren't particularly compelling. It really helped that I had taken Physics as an AP. The tests are straightforward and doable with some studying, she gives study guides that prepare you well. Just a pretty dry introductory class. That's the way it goes.",11/16/2012,3.0,3.0,,3,Really into it,2.5,2.5,1,Yes,1353058278000,N/A,1040,N/A,,N/A,[],people,people
N/A,good,average,good,0,20815889,0,,awesome,4,PHY11,"She is definitely very helpful. I went to ask her questions every week (even twice sometimes) and she never complained about it. Whenever you have a question, she is very willing to help you. But this is a fast paced course. So you should keep track of what she has done before it is too late.",11/12/2012,3.0,3.0,,5,Really into it,4.5,4.5,1,Yes,1352688731000,N/A,1040,N/A,,N/A,[],people,people
N/A,average,good,average,0,20755563,0,,average,3,PHY11,She is a fair teacher. I would recommend reading the textbook before class because she moves fast. I had limiting physics before this class so it was hard but if you spend time trying to understand the concepts and applying them you'll be fine,10/30/2012,4.0,4.0,,3,Low,3.0,3.0,1,Yes,1351623595000,N/A,1040,N/A,,N/A,[],people,people
N/A,poor,good,poor,0,20712950,1,,awful,1,PHYS11,"I was not strong in physics before I took this class, so I struggled a lot and Cebe didn't help what so ever. Her lectures were scattered, she messed up proofs during lecture, and was useless when I met with her one on one. Scared my physics experience",10/18/2012,5.0,5.0,,1,Low,1.0,1.0,1,No,1350562328000,N/A,1040,N/A,,N/A,[],person,people
N/A,average,good,average,0,19647220,0,,average,3,PHYS11,"An intro class of 200 students is not the ideal situation for learning, but Professor Cebe did her best. She has clear lecture notes, if you sit in the first couple row and force yourself to pay attention. She easily gets thrown off by other perspectives on thought questions. Tests are hard, but not impossible if you do lots of extra book problems.",12/31/2011,4.0,4.0,,3,Really into it,3.0,3.0,1,No,1325359511000,N/A,1040,N/A,,N/A,[],people,people
N/A,average,good,average,0,19602485,0,,poor,2,PHYA,I used to have a strong interest in physics before taking this class. Cebe does not care what grade you get as long as you pass. Don't expect a scale. She spends way too much time on obscure stuff than fundamentals. She makes her tests out of 40 points and takes off 3-4 points for calculator errors- clearly doesnt want us to do well at all.,12/22/2011,5.0,5.0,,2,Really into it,2.0,2.0,1,Yes,1324552148000,N/A,1040,N/A,,N/A,[],people,people
N/A,average,good,good,0,18411270,0,,good,3,PHYS11,"Cebe is a professor who loves her field of study and definitely cares about her students' progress. I had trouble following her lectures though. She tended to gloss over basic or fundamental concepts and spend too much time on complicated integrals for an intro course. Overall, I found her to be a good teacher.",04/14/2011,4.0,4.0,,5,It's my life,4.0,4.0,1,Yes,1302798051000,N/A,1040,N/A,,N/A,[],people,people
N/A,average,good,average,0,17980114,0,,poor,2,PHYS11,It was hard for her to connect with students who had never been exposed to physics before.,12/17/2010,5.0,5.0,,2,Sorta interested,2.0,2.0,1,Yes,1292600626000,N/A,1040,N/A,,N/A,[],people,people
N/A,good,good,good,0,14317954,0,,awesome,4,PHY31,Cebe is a great professor and Optics is one of the best classes I've taken at Tufts.  If you've seen waves/fourier series before the class is a blast.  If you haven't it will be very challenging but totally worth it.  Cebe loves to help you outside class and  is incredibly charismatic about optics!,04/20/2008,4.0,4.0,,5,It's my life,4.5,4.5,1,Yes,1208699994000,N/A,1040,N/A,,N/A,[],people,people
N/A,average,good,average,0,3234059,0,,average,2,PHY11,"Professor Cebe truly cares about the well being of her students.  However, she teaches just a small portion of the material required to take an exam.  Personally, I truly disliked the class.",01/17/2005,4.0,4.0,,3,Low,2.5,2.5,1,N/A,1105980950000,N/A,1040,N/A,,N/A,[],people,people
Mandatory,good,good,good,0,3100734,0,,awesome,4,PHY11,"Very straightforward lectures, pretty intense with the math, very challenging class.  She definitely is helpful outside of class, very nice.",12/22/2004,4.0,4.0,,5,Sorta interested,4.5,4.5,1,N/A,1103751129000,N/A,1040,N/A,,A,[],people,people
N/A,average,good,average,0,2747946,0,,good,3,PHYISICS11,"Cebe's teaching is semi-clear and uninspiring.  Also, she teaches straight from the math, and expects you to figure out most of the conceptual stuff on your own.  Careful about asking questions- if it's not a &quot;good&quot; one, she might bite.  But talk to her after class and she's very willing to help!",11/16/2004,5.0,5.0,,4,It's my life,3.5,3.5,1,N/A,1100569310000,N/A,1040,N/A,,N/A,[],people,people
N/A,good,good,good,1,2675186,0,,good,4,PHYSICS11,"Cebe is the best! she says funny things, but i don't think she realizes it. also, she's hot.  but really, the class is pretty tough especially if you didn't have much physics in high school.  but i feel pretty confident that i'll be ready for physics 12 now.",11/08/2004,4.0,4.0,,4,Sorta interested,4.0,4.0,1,N/A,1099920955000,N/A,1040,N/A,,N/A,[],people,person
N/A,good,average,good,0,874061,0,,awesome,5,OPTICS,"Cebe's awesome.  She's got a sense of humor, and she cares about her students.",04/23/2003,3.0,3.0,,5,N/A,5.0,5.0,1,N/A,1051115687000,N/A,1040,N/A,,N/A,[],people,people
N/A,good,good,good,0,864413,0,,awesome,4,PHY31,No Comments,04/22/2003,5.0,5.0,,5,N/A,4.5,4.5,1,N/A,1050998345000,N/A,1040,N/A,,N/A,[],people,people
