attendance,clarityColor,easyColor,helpColor,helpCount,id,notHelpCount,onlineClass,quality,rClarity,rClass,rComments,rDate,rEasy,rEasyString,rErrorMsg,rHelpful,rInterest,rOverall,rOverallString,rStatus,rTextBookUse,rTimestamp,rWouldTakeAgain,sId,takenForCredit,teacher,teacherGrade,teacherRatingTags,unUsefulGrouping,usefulGrouping
Not Mandatory,good,average,good,0,26276700,0,,awesome,5,FAH008,"I loved Professor Abramson! You do have to be interested at least a tiny bit to enjoy Intro to Architecture, but I was, and I decided after taking that class to switch to an Architecture major. He's very willing to find times to meet with students outside of class.  Can be quiet when you're talking to him, he always has insightful things to say.",04/12/2016,3.0,3.0,,5,N/A,5.0,5.0,1,No,1460447742000,N/A,1040,Yes,,A-,"['Gives good feedback', 'Amazing lectures', 'Respected']",people,people
N/A,good,average,good,0,25928557,0,,awesome,5,FAH008,"Tufts' Morgan Freeman: everyone who's taken his classes wants him to narrate their life. His lectures move at an engaging pace, yet are clearly organized so that if you take good notes on them, studying for the test should be a cinch. He's also incredibly approachable, and willing to meet (he helped me explore options in an career in architecture).",01/12/2016,2.0,2.0,,5,It's my life,5.0,5.0,1,No,1452621162000,N/A,1040,Yes,,A-,"['Gives good feedback', 'Respected', 'Caring']",people,people
Not Mandatory,good,average,good,0,25897719,0,,awesome,5,FAH008,"Professor Abramson is an amazing lecturer who is incredibly helpful and knowledgeable. He is a great person to simply talk to outside of class, but in terms of grading is clear and his comments are helpful. Show up to class and all you'll have to do is memorize some dates about once a month.",01/07/2016,3.0,3.0,,5,Really into it,5.0,5.0,1,No,1452185528000,Yes,1040,Yes,,A-,"['Inspirational', 'Lecture heavy']",people,people
Not Mandatory,good,good,good,0,23730703,0,,awesome,4,FAH8,Professor Abramson is a great lecturer and knows his material incredibly well. B's are common but a few A's can pop in if you work for it. Definitely would recommend.,11/03/2014,4.0,4.0,,5,It's my life,4.5,4.5,1,No,1415008772000,Yes,1040,Yes,,N/A,"['Clear grading criteria', 'Tough grader']",people,people
N/A,good,good,good,0,22732282,0,,good,5,FAH8,Ridiculously hard grading. Really good lectures tho.,01/10/2014,5.0,5.0,,3,Really into it,4.0,4.0,1,No,1389369109000,N/A,1040,N/A,,N/A,[],people,people
Not Mandatory,good,good,good,0,22497806,0,,awesome,5,FAH8,Abramson is the best lecturer that I've had at Tufts. He's also an incredibly nice guy and is willing to explain concepts outside of class. Highly recommend his class. I learned a ton from him.,12/10/2013,4.0,4.0,,5,Really into it,5.0,5.0,1,Yes,1386706769000,N/A,1040,N/A,,A,[],people,people
Not Mandatory,good,average,good,1,22424466,1,,awesome,5,FAH1,"Prof. Abramson taught the Renaissance and Baroque architecture section of our Intro. to Art History class. I thought it would be incredibly boring, but he actually made the subject very interesting! He is a an excellent, clear lecturer.",12/03/2013,2.0,2.0,,5,Low,5.0,5.0,1,No,1386096075000,N/A,1040,N/A,,N/A,[],person,person
N/A,good,average,good,0,19539732,0,,awesome,5,FAH008,Prof. Abramson is extremely intelligent and definitely knows what he's talking about. I didn't know if I was interested at architecture at all when I signed up for this class and now I'm considering pursuing it as a career. The lectures are insightful and fun. The work is pretty light (a few papers w/one big paper) and the textbook isn't needed.,12/16/2011,3.0,3.0,,5,Low,5.0,5.0,1,No,1324041644000,N/A,1040,N/A,,N/A,[],people,people
N/A,good,good,average,0,16975794,0,,average,5,FAH8,"Abramson is very knowledgeable. You have to have at least a passing interest (as I did) in architecture to make it through this class. There's a lot of detail, and stuff you may not think is that important, but at the end of it you will have a MUCH greater appreciation for the architecture around you, as well as its history.",04/10/2010,4.0,4.0,,1,Really into it,3.0,3.0,1,No,1270915287000,N/A,1040,N/A,,N/A,[],people,people
N/A,good,average,good,0,11543341,0,,awesome,5,ARCHITHISTORY,"I have taken multiple classes w/ Mr. Abramson.  Always interested in making the material engaging. Really wants you to understand and enjoy the info. Took us on field trips to illustrate points, was truly interested in our futures and would focus on aspects that pertained to our goals for after college.  Quite simply, an excellent teacher.",03/05/2006,3.0,3.0,,5,Really into it,5.0,5.0,1,N/A,1141552938000,N/A,1040,N/A,,N/A,[],people,people
N/A,good,average,good,0,10762243,0,,awesome,5,ARCHITECTURE,No Comments,10/11/2005,2.0,2.0,,5,It's my life,5.0,5.0,1,N/A,1129022623000,N/A,1040,N/A,,N/A,[],people,people
N/A,good,average,good,0,2487893,0,,awesome,5,FAH8,"A lot more writing than i expected, weekly mini essays. Midterm and final were very fair, but the final paper is difficult to do well on. Easy to get B, hard to get A or C. He really knows his stuff, and is easy to follow in lecture.",09/22/2004,2.0,2.0,,4,It's my life,4.5,4.5,1,N/A,1095862995000,N/A,1040,N/A,,N/A,[],people,people
N/A,good,average,good,0,1321899,0,,awesome,5,FAH8,"Prof. Abramson is a great lecturer. He seldom uses his notes, which really shows he knows his stuff.  He is a little quiet during office hours, but very in turn with what students want.  He knows what is too much for students.",11/13/2003,2.0,2.0,,5,N/A,5.0,5.0,1,N/A,1068757854000,N/A,1040,N/A,,N/A,[],people,people
N/A,good,good,good,0,877322,0,,awesome,5,FAH8,No Comments,04/24/2003,4.0,4.0,,5,N/A,5.0,5.0,1,N/A,1051147368000,N/A,1040,N/A,,N/A,[],people,people
