attendance,clarityColor,easyColor,helpColor,helpCount,id,notHelpCount,onlineClass,quality,rClarity,rClass,rComments,rDate,rEasy,rEasyString,rErrorMsg,rHelpful,rInterest,rOverall,rOverallString,rStatus,rTextBookUse,rTimestamp,rWouldTakeAgain,sId,takenForCredit,teacher,teacherGrade,teacherRatingTags,unUsefulGrouping,usefulGrouping
Mandatory,average,average,average,1,26740584,0,,average,3,EC11,She is not an organized professor and her lecture slides aren't useful at all. Her lectures are boring and what she talks about in class is not on the test. The tests are very problem based. She is always available for office hours and will give you ways of increasing your grade. She curves the grades so it's fairly easy to get a good grade.,06/20/2016,3.0,3.0,,3,N/A,3.0,3.0,1,Yes,1466412674000,Yes,1040,Yes,,B,"['Participation matters', 'Graded by few things', 'EXTRA CREDIT']",people,person
Not Mandatory,average,poor,average,1,25379026,2,,average,3,EC11,"perhaps one of the easiest econ courses ive taken while at tufts. Gnedenko is also a great professor and very clear in her teaching. Overall 10/10 -- easy, comprehensive, and engaging.",11/10/2015,1.0,1.0,,3,Sorta interested,3.0,3.0,1,Yes,1447149398000,Yes,1040,Yes,,N/A,['EXTRA CREDIT'],people,person
N/A,poor,good,poor,2,24448932,2,,awful,1,EC16,"Where to start.  Ekaterina is one of the most frustratingly horrible professors I have ever had.  She makes mistakes on everything, from the solutions of problems to wording questions incorrectly on tests, to concocting quizzes that can't possibly be finished in the allotted time. Bc of all this, u can work hard and have nothing to show for it.  ",03/10/2015,4.0,4.0,,1,Sorta interested,1.0,1.0,1,Yes,1426009863000,N/A,1040,Yes,,N/A,['Tough grader'],people,people
N/A,average,average,average,0,24214374,0,,average,2,EC16,"The lectures can be incredibly confusing and frustrating, but reviewing the slides outside of class is actually helpful. A lot of her examples are taken straight from the textbook, so using the 'book is really helpful. She's a lenient grader, however, and very willing to help (although, not she's always as helpful as she thinks she is). ",01/01/2015,3.0,3.0,,4,Really into it,3.0,3.0,1,Yes,1420152426000,N/A,1040,Yes,,N/A,[],people,people
N/A,average,average,average,0,24167533,0,,average,2,EC16,Not the best lecturer. She can be really confusing about the material and does not always explain things clearly. Form study groups to help each other out. If you're a quant econ major you just have to push through. She is a caring professor and is accessible in office hours.,12/22/2014,3.0,3.0,,4,Sorta interested,3.0,3.0,1,Yes,1419251072000,N/A,1040,Yes,,N/A,[],people,people
N/A,average,average,average,1,24079710,1,,good,3,EC16,"Ec 16 is somewhat challenging and one would benefit from taking linear algebra beforehand or at the same time. Katya is very sweet and helpful in office hours, though she can get derailed in class because the content gets complicated fast. She has all materials well-organized online so what you don't understand in class can be fixed via self-study.",12/15/2014,3.0,3.0,,4,Sorta interested,3.5,3.5,1,Yes,1418601810000,N/A,1040,Yes,,N/A,[],person,person
Mandatory,average,average,average,0,23781074,0,,average,2,EC16,"Pretty difficult concepts in general. Lectures are very complicated, but if you ask for help and go to office hours she's very receptive. Tests are way less daunting than the lectures make them seem. I found her a better professor than others seem to on here...",11/10/2014,3.0,3.0,,3,Really into it,2.5,2.5,1,No,1415641338000,N/A,1040,Yes,,A-,"['Lecture heavy', 'Caring']",people,people
N/A,poor,average,poor,0,23711302,0,,awful,1,EC16,"Shes terrible. Tough to understand partially because of her accent and partially because she's just the worst. With that said, it's not too difficult. Read the book and memorize the examples in it, because she pulls a lot of her tests psets from it",10/29/2014,3.0,3.0,,1,Meh,1.0,1.0,1,Yes,1414591793000,N/A,1040,Yes,,N/A,[],people,people
Not Mandatory,poor,average,poor,1,23182918,1,,awful,1,EC16,"Why. WHY did she have to be the only teacher teaching EC16. Terrible...terrible teacher. Lectures have no structure. Her writings on the board make no sense because they are all over the place. Be sure to make plenty of friends in the class, you'll have fun discussions ripping on her.",05/07/2014,2.0,2.0,,1,Sorta interested,1.0,1.0,1,Yes,1399420955000,N/A,1040,N/A,,N/A,[],person,person
N/A,poor,average,poor,0,22984254,0,,awful,1,EC0030,"Unbelievably bad professor.  Never understands the questions, so never successfully answers a questions.  This is NOT the level of education we should be receiving at Tufts.",04/03/2014,2.0,2.0,,1,Really into it,1.0,1.0,1,No,1396508578000,N/A,1040,N/A,,A-,[],people,people
N/A,average,average,average,1,21507475,0,,poor,2,EC16,"Professor can't seem to organize her own thoughts and material during lecture and often makes mistakes to her own examples (some of which she can't solve!). Exams are haphazardly planned and usually include questions that are not covered in class, so a lot of self reading is required.",04/09/2013,2.0,2.0,,2,Sorta interested,2.0,2.0,1,Yes,1365520294000,N/A,1040,N/A,,N/A,[],people,person
N/A,good,average,good,0,21261091,0,,good,4,EC030,"ok, first of all I'm really interested in this subject because I'd like to become a environmental scientist, that aside this is a really interesting class, the prof really knows her stuff, class is not too hard, some exam questions were tough -  you can learn a lot if you participate in the class, do hw, study course material",01/15/2013,3.0,3.0,,4,Really into it,4.0,4.0,1,Yes,1358248340000,N/A,1040,N/A,,N/A,[],people,people
N/A,average,poor,average,1,20455982,0,,average,3,EC0030,"She's super nice, but not the best lecturer. Easy class though",06/29/2012,1.0,1.0,,3,It's my life,3.0,3.0,1,Yes,1341013391000,N/A,1040,N/A,,N/A,[],people,person
N/A,average,average,average,0,19435370,0,,poor,2,MICROEC11,Not a very good teacher. Going to class is only useful to get her lecture notes but she posts those online later anyways. Study from the problem sets. Her tests are pretty straight-forward. You won't learn very much in her class but its easy to get a pretty good grade.,12/09/2011,2.0,2.0,,2,Really into it,2.0,2.0,1,Yes,1323390369000,N/A,1040,N/A,,N/A,[],people,people
N/A,average,poor,average,0,17621536,0,,poor,2,EC30,"She has a strong russian accent. However, this class is easy. 3 quizzes: To do well, memorize the powerpoints. 2 midterms (no final): multiple choice, free response and problems. The problems are the EXACT problems from the book with different numbers. The rest, memorize the notes. Easy! And I don't even understand Econ generally",09/29/2010,1.0,1.0,,2,Low,2.0,2.0,1,Yes,1285778042000,N/A,1040,N/A,,N/A,[],people,people
