attendance,clarityColor,easyColor,helpColor,helpCount,id,notHelpCount,onlineClass,quality,rClarity,rClass,rComments,rDate,rEasy,rEasyString,rErrorMsg,rHelpful,rInterest,rOverall,rOverallString,rStatus,rTextBookUse,rTimestamp,rWouldTakeAgain,sId,takenForCredit,teacher,teacherGrade,teacherRatingTags,unUsefulGrouping,usefulGrouping
N/A,good,average,good,0,32051852,0,online,awesome,5,PSYCH101,"The course was great. Not difficult, work was reasonable, &amp; tests were mainly based on lectures (but it helps to read the textbook). Each week we participated in a discussion board (just a paragraph on the question &amp; 2 replies). Tests are straightforward. If you get a question wrong, she writes a comment explaining the right answer (really helps!)",06/23/2019,2.0,2.0,,5,N/A,5.0,5.0,1,No,1561310577000,Yes,1040,Yes,,N/A,"['EXTRA CREDIT', 'Gives good feedback', 'Clear grading criteria']",people,people
Mandatory,good,poor,good,2,24817747,0,,good,4,PSY196,"Lectures were pretty straightforward.  Grades consisted of papers.  You could essentially write the papers about any topic of your choosing, which was nice.  Not a tough grader.  Reading textbooks was not necessary, though I did.",05/13/2015,1.0,1.0,,4,Really into it,4.0,4.0,1,Yes,1431517839000,N/A,1040,Yes,,A+,[],people,people
Not Mandatory,good,average,good,1,22948306,0,,awesome,5,PSYCH25,"Cohen is a great professor.  You learn some interesting stuff and are tested on exactly what is in the powerpoints.  If you know the powerpoints you will ace this class.  Attending class isn't mandatory, but honestly, she's so funny I really enjoyed it.",03/25/2014,2.0,2.0,,5,Really into it,5.0,5.0,1,No,1395791432000,N/A,1040,N/A,,A+,[],people,person
Not Mandatory,good,average,good,2,22640287,0,,awesome,5,PSYCH25,"Amazing professor.  She made the 3 hour seminar feel so short, and gives so much extra credit that although you have to know a lot of material you have so much room to do well. Definitely take a class with her.",12/22/2013,2.0,2.0,,5,Sorta interested,5.0,5.0,1,No,1387720574000,N/A,1040,N/A,,A+,[],people,people
N/A,good,average,good,0,11542912,0,,awesome,5,PSYCH52,"Carolyn is great! She is really laid back and funny. Going to her class is a pleasure. She is always happy to answer questions, alhtough sometimes we go off on tangents and end up not getting a lot done.  She knows her stuff. She gives a lot of exams and they are kind of annoying, but overall a good class that I would definitely recommend.",03/05/2006,3.0,3.0,,5,It's my life,5.0,5.0,1,N/A,1141516935000,N/A,1040,N/A,,N/A,[],people,people
N/A,good,good,good,0,3602909,1,,good,4,PSY,her lectures are reasonably entertaining but her exams for drugs and behavior really suck.,04/11/2005,4.0,4.0,,4,Sorta interested,4.0,4.0,1,N/A,1113249479000,N/A,1040,N/A,,N/A,[],person,people
N/A,good,average,good,0,2228668,0,,awesome,5,PSY52,took her drugs and behavior class...really interesting class and she definitely knows her stuff.  take her class if you get a chance.,06/08/2004,3.0,3.0,,5,N/A,5.0,5.0,1,N/A,1086683900000,N/A,1040,N/A,,N/A,[],people,people
N/A,good,average,good,0,1952451,0,,awesome,5,PSY52,"took drugs and behavior class...her lectures are incredibly interesting and she is extremely knowledgeable.  really laid back and fun, take her class.",04/13/2004,3.0,3.0,,5,N/A,5.0,5.0,1,N/A,1081891990000,N/A,1040,N/A,,N/A,[],people,people
N/A,good,average,good,0,1891752,0,,awesome,5,ED1,No Comments,04/02/2004,3.0,3.0,,5,N/A,5.0,5.0,3,N/A,1080927096000,N/A,1040,N/A,,N/A,[],people,people
N/A,good,average,good,0,1309402,0,,awesome,4,PSY25,"Always willing to make time for students.  Answers questions clearly, and even allows students to do extra credit!  Would definitely take a class w/her again.  She made things interesting all the time.",11/12/2003,2.0,2.0,,5,N/A,4.5,4.5,1,N/A,1068648844000,N/A,1040,N/A,,N/A,[],people,people
N/A,average,average,average,0,621381,0,,good,3,PSY12,No Comments,02/24/2003,2.0,2.0,,4,N/A,3.5,3.5,1,N/A,1046045158000,N/A,1040,N/A,,N/A,[],people,people
