attendance,clarityColor,easyColor,helpColor,helpCount,id,notHelpCount,onlineClass,quality,rClarity,rClass,rComments,rDate,rEasy,rEasyString,rErrorMsg,rHelpful,rInterest,rOverall,rOverallString,rStatus,rTextBookUse,rTimestamp,rWouldTakeAgain,sId,takenForCredit,teacher,teacherGrade,teacherRatingTags,unUsefulGrouping,usefulGrouping
Not Mandatory,good,good,good,0,28944304,0,,awesome,5,EC30,"Kelsey Jack is amazing! She is the best economics professor I've had at Tufts. She is incredibly organized, concise, and she knows the material well. Homework is manageable, and she is very accessible and helpful in office hours. Overall awesome professor!",11/21/2017,4.0,4.0,,5,N/A,5.0,5.0,1,Yes,1511225133000,Yes,1040,Yes,,N/A,"['Participation matters', 'Gives good feedback', 'Accessible outside class']",people,people
Not Mandatory,good,average,good,0,24256005,0,,awesome,5,EC30,"Best economics professor I've had at Tufts, which is not saying much unfortunately, but she is really great. She is incredibly organized, clear, and smart brings a ton of energy every class. She is patient, but is able to keep class going at a good speed and she's really helpful during office hours. You should definitely try to take a class w her.",01/08/2015,3.0,3.0,,5,Really into it,5.0,5.0,1,No,1420743985000,N/A,1040,Yes,,N/A,[],people,people
N/A,good,average,good,0,24214395,0,,good,4,EC30,"Prof. Jack is very good at teaching the Env. Econ. material. Assignments are few but count for a lot because of that. Both tests (midterm and final) were extremely difficult but generously curved. There's lots of reading, and class is a lot more interesting and straightforward if you actually do it. ",01/01/2015,3.0,3.0,,4,It's my life,4.0,4.0,1,Yes,1420152707000,N/A,1040,Yes,,N/A,"['Get ready to read', ""Skip class? You won't pass."", 'Tough grader']",people,people
N/A,average,good,average,0,24181703,0,,good,3,EC30,"I really liked Professor Jack. She was a breath of fresh air as a student. She is extremely knowledgable about the subjects she teaches. Her lectures can sometimes get confusing and the tests can be difficult if you do not have an in-depth grasp of the material covered. Overall though, very interesting and fun class. ",12/24/2014,4.0,4.0,,4,Really into it,3.5,3.5,1,No,1419418903000,N/A,1040,N/A,,N/A,"['Respected', 'Tough grader', 'Participation matters']",people,people
N/A,good,average,good,0,21012032,0,,awesome,5,EC130,Professor Jack is an extremely engaging and helpful professor. She is clearly very interested in what she is teaching as well as making sure her students understand the content.  Participation in discussion and attendance are very important. Without a doubt the best economics professor I've had at Tufts. A breath of fresh air.,12/10/2012,3.0,3.0,,4,Really into it,4.5,4.5,1,No,1355164995000,N/A,1040,N/A,,N/A,[],people,people
