attendance,clarityColor,easyColor,helpColor,helpCount,id,notHelpCount,onlineClass,quality,rClarity,rClass,rComments,rDate,rEasy,rEasyString,rErrorMsg,rHelpful,rInterest,rOverall,rOverallString,rStatus,rTextBookUse,rTimestamp,rWouldTakeAgain,sId,takenForCredit,teacher,teacherGrade,teacherRatingTags,unUsefulGrouping,usefulGrouping
N/A,good,average,good,0,30954447,0,,awesome,5,ANTH27,Professor Bishara really cares about her students and the content of the class. She wants everyone to succeed. There was a ton of reading in the class. It mostly correlated with the powerpoints. There were only two major assignments the whole year- a mid term paper and a final paper. They were both take home. I would definitely recommend.,12/10/2018,2.0,2.0,,5,N/A,5.0,5.0,1,Yes,1544477154000,Yes,1040,Yes,,N/A,"['EXTRA CREDIT', 'Get ready to read', 'Caring']",people,people
N/A,good,average,good,0,23900778,0,,awesome,5,185,"Bishara really makes sure that the theories that we learn connect to the lives that we live and the environment that we live in. We are asked to connect theories to stories about our interactions with the state, and the community that she creates in the class is really wonderful. I also love that we start every class reviewing last week's readings!",11/27/2014,3.0,3.0,,5,Really into it,5.0,5.0,1,Yes,1417082922000,N/A,1040,Yes,,N/A,[],people,people
Not Mandatory,good,average,good,1,22510626,0,,awesome,5,ANTH27,"She was a great professor who was extremely clear in what she wanted. Class was boring at times and there are lengthy powerpoints, however, the info is pretty interesting. There are two take-homes that help you really well. I almost never did the readings and ended up with a really good grade in the class. Should definitely take this class!",12/11/2013,2.0,2.0,,5,Low,5.0,5.0,1,Yes,1386780410000,N/A,1040,N/A,,N/A,[],people,person
N/A,good,average,good,0,20426795,0,,good,4,ANTH144,"Great Professor. Very knowledgable and also approachable. Subtopics and readings were hit or miss, but PCME was an overall interesting class and you learn a lot. Wide variety of assessments including take home exams, online blogging, and short essays.",06/20/2012,3.0,3.0,,4,Sorta interested,4.0,4.0,1,Yes,1340156966000,N/A,1040,N/A,,N/A,[],people,people
N/A,good,good,good,1,20063759,0,,awesome,4,ANTH185,"I agree with the previous review. Great professor - extremely nice, down-to-earth, fair, intelligent, and passionate. Be warned: there's A LOT of reading. Sometimes a book a week, and it can be very hard to get through. One of the hardest classes I've taken because the material is so dense.",04/17/2012,4.0,4.0,,5,Sorta interested,4.5,4.5,1,Yes,1334664579000,N/A,1040,N/A,,N/A,[],people,person
N/A,good,good,good,0,19891849,0,,awesome,5,ANTH185,Professor Bishara is absolutely wonderful! Her seminar is a perfect balance between her explanations and class discussions. She's very helpful both in and outside of class and explains assignments clearly. The readings are fascinating and reasonable in amount. She is very passionate and knowledgable. Also she's super nice! Take her classes!,03/08/2012,4.0,4.0,,5,It's my life,5.0,5.0,1,Yes,1331210235000,N/A,1040,N/A,,N/A,[],people,people
