attendance,clarityColor,easyColor,helpColor,helpCount,id,notHelpCount,onlineClass,quality,rClarity,rClass,rComments,rDate,rEasy,rEasyString,rErrorMsg,rHelpful,rInterest,rOverall,rOverallString,rStatus,rTextBookUse,rTimestamp,rWouldTakeAgain,sId,takenForCredit,teacher,teacherGrade,teacherRatingTags,unUsefulGrouping,usefulGrouping
Mandatory,poor,average,poor,0,23019706,0,,awful,1,PSYCH32,Would not recommend.,04/10/2014,3.0,3.0,,1,Sorta interested,1.0,1.0,1,Yes,1397141088000,N/A,1040,N/A,,N/A,[],people,people
Mandatory,poor,average,poor,0,23019667,0,,awful,1,PSYCH32,"I did not enjoy this class at all.  Lectures were boring, exercises were pointless (often a mark of an inexperienced teacher).  This is a topic you should learn, but do it with a different professor if you can help it at all.",04/10/2014,3.0,3.0,,1,Sorta interested,1.0,1.0,1,Yes,1397140686000,N/A,1040,N/A,,N/A,[],people,people
Mandatory,poor,average,poor,0,23019654,0,,awful,1,PSYCH32,"The way she lectures is extremely boring, and she treated all the students like we were in high school (like forcing every student to submit questions before every class that were almost always useless). With her intolerable personality and random grading, I would recommend taking this class with a different professor.",04/10/2014,3.0,3.0,,1,Sorta interested,1.0,1.0,1,No,1397140556000,N/A,1040,N/A,,N/A,[],people,people
N/A,good,average,good,0,21803449,0,,awesome,5,PSY9,"I don't think that Dr. Chauncey has been rated fairly so far. She's a good lecturer, she's very funny, and she has a good personality. She can scare some students because of her intolerance for cell phones and browsers but if you actually are interested and pay attention, it doesn't matter. Go into her class with an open mind.",05/21/2013,2.0,2.0,,5,It's my life,5.0,5.0,1,Yes,1369142514000,N/A,1040,N/A,,N/A,[],people,people
N/A,poor,good,poor,0,21597342,0,,awful,1,PSYCH9,"By far the worst class I have ever taken. ""Dr. C"", as she refers to herself, is incapable of delivering a lecture of any interest. She tries to act cool by sitting down for the entire class, when really all this does is make the lecture even less engaging. The grading on tests is incredibly inconsistent and she treats students like they're six.",04/24/2013,5.0,5.0,,1,Sorta interested,1.0,1.0,1,No,1366825264000,N/A,1040,N/A,,N/A,[],people,people
N/A,poor,good,poor,0,21440148,0,,poor,1,PSYCH9,Terrible lecturer. Openly said that she writes lectures right before giving them.  Not surprising since she often cannot finish the lecture in time or she leaves 10-15 extra minutes at the end. Also includes technical neuroscience terms in lectures without introducing/defining them. VERY UNAPPEALING PERSONALITY. Avoid if you can.,03/23/2013,4.0,4.0,,2,Really into it,1.5,1.5,1,No,1364048554000,N/A,1040,N/A,,N/A,[],people,people
N/A,average,average,poor,0,18975915,0,,poor,2,PSY32,Take a class with her only if you're incapable of any independent thinking and can robotically and compulsively put up with nonsense.  She gives work that should set the standards for purposeless nonsense.  Her interest is students is contingent on them following her instructions verbatim.  Outside thinking and independent ideas are unwelcome.,09/02/2011,3.0,3.0,,1,Sorta interested,1.5,1.5,1,No,1315005194000,N/A,1040,N/A,,N/A,[],people,people
N/A,good,average,good,0,18657033,0,,awesome,5,PSY32,Great Professor! Really interested in students' understanding and knows how to make this (normally boring) class interesting. Had the whole class over for brunch for presentations on the last day of class. Take a class with her!,05/24/2011,2.0,2.0,,5,Low,5.0,5.0,1,No,1306243072000,N/A,1040,N/A,,N/A,[],people,people
