attendance,clarityColor,easyColor,helpColor,helpCount,id,notHelpCount,onlineClass,quality,rClarity,rClass,rComments,rDate,rEasy,rEasyString,rErrorMsg,rHelpful,rInterest,rOverall,rOverallString,rStatus,rTextBookUse,rTimestamp,rWouldTakeAgain,sId,takenForCredit,teacher,teacherGrade,teacherRatingTags,unUsefulGrouping,usefulGrouping
Mandatory,good,good,good,0,31005328,0,,good,4,FMS32,"Lots of homework but I learned a lot and really enjoyed the class. Main assignments were writing and revising 2 screenplays (approx. 20-40 pages), writing weekly screening reports for short films, and readings. In-class workshops weren't very helpful but he gives great feedback during office hours. Highly recommend",12/13/2018,4.0,4.0,,4,N/A,4.0,4.0,1,No,1544717675000,Yes,1040,Yes,,N/A,"['Lots of homework', 'Gives good feedback', ""Skip class? You won't pass.""]",people,people
Mandatory,good,good,good,0,26783866,0,,awesome,5,DR0077,"Khary Jones is a great instructor. He provides valuable feedback which does not tell the student what to do; rather, he shows the student multiple paths to improve his or her work. I often came up with an answer myself, after helpful nudges in the right direction. His classes are not right/wrong based; instead, they foster agency and development.",07/06/2016,4.0,4.0,,5,N/A,5.0,5.0,1,Yes,1467807611000,Yes,1040,Yes,,N/A,"['Caring', 'Gives good feedback']",people,people
Mandatory,average,average,average,1,26194949,0,,good,2,FMS32,"I'm so conflicted by Khary. I would recommend taking a class with him, he is a true genius in the field, but be ready for a rollercoaster of understanding. When you get feedback from him or meet one-on-one, you come out with a remarkable understanding of what you need to do, but often you have no idea what is expected from you. He tortured genius.",03/28/2016,3.0,3.0,,5,N/A,3.5,3.5,1,Yes,1459206946000,N/A,1040,Yes,,N/A,[],people,person
Not Mandatory,poor,average,average,0,25910488,0,,average,1,DR47,"Khary is a brilliant filmmaker and screenwriter, but maybe not the best teacher. He can have trouble conveying ideas and some of his explanations are a little confusing. But one-on-one he's able to give very specific and great feedback on work.",01/10/2016,3.0,3.0,,4,Really into it,2.5,2.5,1,No,1452384917000,N/A,1040,Yes,,A-,"['Lecture heavy', 'Gives good feedback']",people,people
