attendance,clarityColor,easyColor,helpColor,helpCount,id,notHelpCount,onlineClass,quality,rClarity,rClass,rComments,rDate,rEasy,rEasyString,rErrorMsg,rHelpful,rInterest,rOverall,rOverallString,rStatus,rTextBookUse,rTimestamp,rWouldTakeAgain,sId,takenForCredit,teacher,teacherGrade,teacherRatingTags,unUsefulGrouping,usefulGrouping
Mandatory,good,average,good,0,32068786,0,,awesome,5,FR0152,"I had my first independent study with Professor Hakim, it was about XVIIth centry French Drama. Through her constant constructive feedback, I was able to focus on a specific &quot;problematique&quot;and write a consistant dissertation. I am very grateful for the support and guidance of professor Hakim. I would totally take more classes with her if I could.",06/30/2019,3.0,3.0,,5,N/A,5.0,5.0,1,Yes,1561927405000,Yes,1040,Yes,,A,"['Gives good feedback', 'Inspirational', 'Respected']",people,people
Mandatory,good,good,good,0,31938837,0,,awesome,5,FR191,"Professor Hakim is incredibly animated and inspiring. She's deeply caring both about the material she teaches and the welfare of her students, always ensuring availability to meet outside of class. She has high standards for essays, but she is clear about her expectations and is really helpful in improving your essay writing. A Tufts all-star prof!",05/23/2019,4.0,4.0,,5,N/A,5.0,5.0,1,No,1558582904000,Yes,1040,Yes,,N/A,"['Inspirational', 'Accessible outside class', 'Gives good feedback']",people,people
Mandatory,good,average,good,0,31925458,0,,awesome,5,FR31,"I had the privilege of taking multiple courses with Professor Hakim, in addition to having her as my advisor. Of all professors at Tufts, Prof. Hakim stands out for her inspirational intelligence, kindness and generosity. Her engaging lectures reveal her passion and expertise and foster intellectual curiosity. She shows real care for her students.",05/21/2019,3.0,3.0,,5,N/A,5.0,5.0,1,Yes,1558455608000,Yes,1040,Yes,,N/A,"['Caring', 'Respected', 'Amazing lectures']",people,people
Mandatory,good,average,good,0,31306214,0,,awesome,5,FR191,"I LOVE PROF HAKIM! She is the most caring, intelligent and supportive professor I have ever had at Tufts. She is my advisor and I have taken every one of her classes because I respect her and learn so much. She recognizes her students strengths and encourages you to succeed. She is witty, wildly smart and a total joy to have as a professor.",01/25/2019,3.0,3.0,,5,N/A,5.0,5.0,1,No,1548455327000,Yes,1040,Yes,,A,"['Inspirational', 'Caring', 'Gives good feedback']",people,people
Mandatory,good,average,good,0,30567891,0,,awesome,5,FR0032,"She is so wonderful! Hakim genuinely cares about her students and about expanding their knowledge of literature and French. Class discussions were always thought-provoking, and I appreciated how classes were conducted as a conversation among all of us students and Hakim rather than a lecture by her. Her real French accent improved my listening!",10/14/2018,3.0,3.0,,5,N/A,5.0,5.0,1,Yes,1539530228000,Yes,1040,Yes,,N/A,"['Gives good feedback', 'Caring', 'Inspirational']",people,people
Mandatory,good,average,good,0,30565134,0,,awesome,5,FR152,"Mme Hakim is a delightful person and one of the best teachers I've ever had. She goes above and beyond every day to help students learn and get excited about French literature. Her classes are engaging and strike a perfect balance between lecture and discussion. She is understanding and kind, but will challenge you to do your best work. Love her!",10/12/2018,3.0,3.0,,5,N/A,5.0,5.0,1,No,1539368497000,Yes,1040,Yes,,A,"['Caring', 'Amazing lectures', 'Inspirational']",people,people
Mandatory,average,average,average,2,29926809,34,online,poor,2,FR0032,"Prof. Hakim, while nice and generally well-spirited, I felt that she was often looking for only one answer from her students, and made students feel unheard if they didn't have said answer. Additionally, Hakim seemed to have decided which students she found smart or not before they got the chance to prove themselves- and she stuck to assumptions.",04/29/2018,2.0,2.0,,2,N/A,2.0,2.0,1,No,1525020933000,No,1040,Yes,,A,"['Get ready to read', 'Graded by few things', 'Participation matters']",people,people
Mandatory,good,average,good,1,28238907,0,,awesome,5,FR0152,"Hakim is one of the best professors in the Tufts French department. She is extremely well-prepared, organized and intelligent. She understands how students learn, and her lectures are always engaging and clear. Time flew by during her class, and I loved reading the texts she assigned. Would have loved to take more classes with her for my major!",05/07/2017,3.0,3.0,,5,N/A,5.0,5.0,1,No,1494174907000,Yes,1040,Yes,,A+,"['Inspirational', 'Amazing lectures', 'Caring']",people,person
N/A,good,average,good,1,28199046,0,,awesome,5,FR0032,"Mme. Hakim is not only the best professor I've had so far, but she made a subject that was formerly not interesting to me (poetry and older, more cryptic literature) fascinating. I looked forward to this class every day. Her lectures are clear and fun to listen to. She is kind and humorous with her students. Sweetest prof and human being at Tufts.",05/03/2017,3.0,3.0,,5,N/A,5.0,5.0,1,No,1493822201000,Yes,1040,Yes,,N/A,"['Caring', 'Inspirational', 'Amazing lectures']",people,person
Mandatory,good,average,good,1,28177842,0,,awesome,5,FR0032,"Hakim is brilliant and a joy to talk to in and out of class. She makes all her students feel supported while encouraging class discussion, and she is clear with her expectations for assignments, especially since she uses class to help us learn how to analyze French. I don't even love literature classes but I'll be taking her 31 course next fall!",05/01/2017,3.0,3.0,,5,N/A,5.0,5.0,1,Yes,1493668983000,Yes,1040,Yes,,N/A,"['Amazing lectures', 'Respected', 'Caring']",people,person
Mandatory,good,average,good,1,28167614,0,,awesome,5,FR0032,"Best prof I've had here. Incredibly caring, very intelligent but humble, goes out of her way to help her students succeed. Strikes a fantastic balance between improving students' language skills and making them feel confident participating in class. Clear expectations, prompt and thoughtful feedback that helps you improve. Funny and accessible!",04/30/2017,3.0,3.0,,5,N/A,5.0,5.0,1,Yes,1493586348000,Yes,1040,Yes,,N/A,"['Clear grading criteria', 'Inspirational', 'Caring']",people,person
Mandatory,good,average,good,1,28167287,0,,awesome,5,FR0032,"If you have the opportunity to take Hakim's class, do not pass it up! She is a brilliant professor who expertly brings out the best in her students and cares about them tremendously. She will make you a better writer, a stronger speaker, and a more creative thinker. Expect to be challenged but always supported in her class. A gift to the dept!",04/30/2017,3.0,3.0,,5,N/A,5.0,5.0,1,Yes,1493583452000,Yes,1040,Yes,,N/A,"['Accessible outside class', 'Gives good feedback', 'Caring']",people,person
Mandatory,good,average,good,1,28166949,0,,awesome,5,FR152,"Prof. Hakim is a real gem. She always encourages her students  and cares about them a lot, and is super helpful outside classrooms as well. She has a wicked sense of humor, so her classes are often hilarious. The class materials are very interesting and I absolutely love taking class with her. I highly recommend you guys do the same!!",04/30/2017,3.0,3.0,,5,N/A,5.0,5.0,1,Yes,1493580833000,Yes,1040,Yes,,N/A,"['Gives good feedback', 'Accessible outside class', 'Inspirational']",people,person
N/A,good,average,good,1,27377676,0,,awesome,5,FR193,"More than willing to go above and beyond for her students; in fact, she was willing to help me complete an Independent Study my Senior year. Even when my schedule conflicted with her office hours, she was willing to stay past 6pm every week to track my progression throughout the semester. Her commitment to her students is truly unparalleled!",12/07/2016,3.0,3.0,,5,N/A,5.0,5.0,1,Yes,1481141932000,Yes,1040,Yes,,N/A,[],people,person
N/A,good,average,good,1,27377660,0,,awesome,5,FR192,"Professor Hakim is without a doubt one of the best professors I've had at Tufts. Her wealth of knowledge and passion for what she teaches is palpable, and she genuinely cares about her students success. Through her investment into each of her students, she generates an engaging class atmosphere that makes you WANT to learn more.",12/07/2016,3.0,3.0,,5,N/A,5.0,5.0,1,Yes,1481141883000,Yes,1040,Yes,,N/A,[],people,person
Mandatory,good,good,good,0,26605816,0,,awesome,5,FR192,"Prof Hakim is one of the best professors I've had during my entire  college career. She illuminates the readings, engages the class, & is always available for support if you need it. She challenged me to become a better writer, thinker & reader. Her class has changed the way  I think and the way I approach a reading. Take a class with her srzly.",05/18/2016,4.0,4.0,,5,N/A,5.0,5.0,1,Yes,1463564825000,N/A,1040,Yes,,N/A,"['Get ready to read', 'Respected', 'Amazing lectures']",people,people
Mandatory,good,average,good,0,26507432,0,,awesome,5,FR152,"Madame Hakim is not only extremely knowledgeable about her subject, but is a kind and wonderful professor. Her lectures make 18th century literature interesting and engaging. Furthermore, she is always there to help students in any way she can. I had family difficulties this semester and Madame always let me know she was available for me.",05/08/2016,3.0,3.0,,5,N/A,5.0,5.0,1,Yes,1462745720000,N/A,1040,Yes,,N/A,"['Participation matters', 'Gives good feedback', 'Amazing lectures']",people,people
Mandatory,good,average,good,0,26507066,0,,awesome,5,FR152,Professor Hakim is an amazing lecturer and hands down one of the best professors I have ever had at Tufts. She so clearly cares about her students and is always willing to help them.,05/08/2016,3.0,3.0,,5,N/A,5.0,5.0,1,Yes,1462743161000,N/A,1040,Yes,,A,"['Hilarious', 'Respected', 'Amazing lectures']",people,people
Mandatory,good,poor,good,0,26506157,0,,awesome,5,FR0152A,Professor Hakim is one of the finest professors that I have had at Tufts. She brings life to the texts and gives her students the skills to think critically about French literature. Her lectures are vibrant and interactive and students are encouraged to read and participate. Her guidance made me a far better writer. She is delightful to be around!,05/08/2016,1.0,1.0,,5,N/A,5.0,5.0,1,Yes,1462735457000,N/A,1040,Yes,,A,"['Amazing lectures', 'Respected', 'Caring']",people,people
Mandatory,good,good,good,0,26505440,0,,awesome,4,FR152,"Mme Hakim is an outstanding lecturer. She is incredibly enthusiastic and encourages participation. The books we read weren't the most fascinating, but Mme Hakim brings so much energy to the class that I ended up enjoy the literature. She is always willing to meet with you outside of class.",05/08/2016,4.0,4.0,,5,N/A,4.5,4.5,1,Yes,1462729379000,N/A,1040,Yes,,N/A,"['Caring', 'Amazing lectures']",people,people
Mandatory,good,average,good,0,25692115,0,,awesome,5,FR191,"Mme Hakim is a really fantastic professor and person, who is always really engaged in every class. She makes the classes interesting by bringing in her tons of knowledge and involving everyone in discussions, often bringing in her good sense of humor as well. She expects you to analyze the readings in depth, but appreciates thoughtful contributions",12/14/2015,3.0,3.0,,5,Really into it,5.0,5.0,1,Yes,1450123681000,N/A,1040,Yes,,N/A,[],people,people
Mandatory,good,average,good,0,25679289,0,,awesome,4,FR191,"Professor Hakim is great! Even though I had read many of the books already, we examined the themes from completely new perspectives! I also felt that my writing also improved greatly!",12/14/2015,3.0,3.0,,5,Really into it,4.5,4.5,1,Yes,1450066256000,N/A,1040,Yes,,N/A,"['Gives good feedback', 'Amazing lectures', 'Respected']",people,people
N/A,good,average,good,0,25664797,0,,awesome,5,FR191,One of the best professor in the French department! Shes always willing to help if you do not understand the material and is always available. The grades and feedback are given in a timely manner. Ive learned a lot from the class and I strongly recommend courses with professor Hakim! I will definitely take another course with her!,12/12/2015,3.0,3.0,,5,It's my life,5.0,5.0,1,Yes,1449956858000,N/A,1040,Yes,,N/A,"['Gives good feedback', 'Participation matters', 'Amazing lectures']",people,people
Mandatory,good,good,good,0,25625372,0,,awesome,5,FR191,Professor Hakim is awesome!  She's a really great lecturer and makes the material both interesting and accessible.  She is also very approachable and is always willing to meet with you outside of class. ,12/10/2015,4.0,4.0,,5,It's my life,5.0,5.0,1,Yes,1449748710000,N/A,1040,Yes,,N/A,"['Gives good feedback', 'Respected', 'Amazing lectures']",people,people
Mandatory,good,average,good,0,25623882,0,,awesome,5,FR191,"Mme Hakim is one of the best in the department. Her class is discussion-based, and really helps you improve your spoken French as well as written. She is organized, extremely knowledgable, and has a wonderful sense of humor. She cares so much about her students and isn't afraid to change the plan to better suit them. Would highly recommend.",12/10/2015,3.0,3.0,,5,It's my life,5.0,5.0,1,Yes,1449743058000,Yes,1040,Yes,,N/A,"['Participation matters', 'Gives good feedback']",people,people
Mandatory,good,average,good,0,25623741,0,,awesome,5,FR191,"Professor Hakim is a really wonderful professor. She obviously loves what she teaches about, which makes even 17th century french lit more interesting. She encourages critical examination of texts, but also creates a class environment where I think everyone feels comfortable talking. She has high expectations for written essays, but allows revision",12/10/2015,3.0,3.0,,5,Really into it,5.0,5.0,1,Yes,1449742290000,N/A,1040,Yes,,N/A,"['Amazing lectures', 'Participation matters', 'Respected']",people,people
Mandatory,good,average,good,0,23091102,0,,awesome,5,FR191,"Prof. Hakim is hands down one of the best professors I've had at Tufts. She is extremely helpful both inside and outside class. Her sense of humor, critical learning approach, and heart of gold (as somebody else mentioned) truly distinguishes her from other professors. I HIGHLY recommend her both as a French professor and as a faculty advisor!",04/24/2014,2.0,2.0,,5,It's my life,5.0,5.0,1,Yes,1398337854000,N/A,1040,N/A,,A,[],people,people
N/A,good,average,good,0,21036295,0,,awesome,5,FR191,"Prof Hakim is an amazing French professor. I learned so much, as she is very knowledgeable and passionate about what she teaches. Although she lectures a lot in class, there is still discussion, and her sense of humor and classroom presence make class enjoyable. She is a fair grader and a dedicated teacher. I highly recommend her classes.",12/12/2012,3.0,3.0,,5,Really into it,5.0,5.0,1,Yes,1355313475000,N/A,1040,N/A,,N/A,[],people,people
N/A,good,poor,good,0,20295453,0,,awesome,5,FR192,"Prof. Zeina Hakim is an EXCELLENT teacher!!! Not only does she have amazing teaching skills, but she also has a heart of gold. I was having a hard time in school this semester. Prof. Hakim helped me through it academically (she explained the concepts and taught me better  french writing skills) and brought me a lot of confidence and solace. Thanks!",05/16/2012,1.0,1.0,,5,It's my life,5.0,5.0,1,Yes,1337183334000,N/A,1040,N/A,,N/A,[],people,people
N/A,good,average,good,1,20286789,0,,awesome,5,FR0032,Zeina is honestly one of the most engaging teachers I've had at Tufts. She made French Lit extremely interesting which is something I had never experienced. There's not much reading and you can usually slide by without reading it although she makes you actually want to. Very fair grader.,05/15/2012,2.0,2.0,,5,Low,5.0,5.0,1,Yes,1337097252000,N/A,1040,N/A,,N/A,[],people,person
N/A,good,average,good,0,17221826,0,,awesome,5,FR31,"Prof. Hakim is a fantastic teacher. In class (more of a lecture than a discussion, but you learn a lot nonetheless), she is engaged and engaging. One-on-one she is a joy to be around. I look forward to another class with her and would recommend her courses highly.",05/17/2010,3.0,3.0,,5,It's my life,5.0,5.0,1,Yes,1274132487000,N/A,1040,N/A,,N/A,[],people,people
N/A,good,good,good,0,16663091,0,,awesome,5,FR31,"Prof. Hakim is wonderful, I had a great time being in her class. She lectures a lot, but encourages class participation and in depth thinking about the material. Besides reading, she assigns no hw, however, her writing assignments are tough and lengthy. She knows this and grades very fair. Good sense of humor, too.",01/01/2010,4.0,4.0,,4,Really into it,4.5,4.5,1,Yes,1262314208000,N/A,1040,N/A,,N/A,[],people,people
