attendance,clarityColor,easyColor,helpColor,helpCount,id,notHelpCount,onlineClass,quality,rClarity,rClass,rComments,rDate,rEasy,rEasyString,rErrorMsg,rHelpful,rInterest,rOverall,rOverallString,rStatus,rTextBookUse,rTimestamp,rWouldTakeAgain,sId,takenForCredit,teacher,teacherGrade,teacherRatingTags,unUsefulGrouping,usefulGrouping
N/A,good,average,good,0,32002625,0,,awesome,5,SPAN0121,Juliana is the sweetest prof I've ever met. She is very clear in her expectations and will explain concepts in so many ways to ensure you understand. She gives great examples and thinks on her feet amazingly. Will work with you in any difficulties you might have and is a lenient grader. You can tell how much she loves helping students and teaching.,06/06/2019,3.0,3.0,,5,N/A,5.0,5.0,1,No,1559851925000,Yes,1040,Yes,,A,"['Respected', 'Caring', 'Clear grading criteria']",people,people
Mandatory,good,average,good,0,31190817,0,,awesome,5,SPN23,Very sweet and caring professor!! Explains material very well and I thought her class was easy!,01/03/2019,2.0,2.0,,5,N/A,5.0,5.0,1,Yes,1546477461000,Yes,1040,Yes,,A,"['Gives good feedback', 'Accessible outside class', 'Clear grading criteria']",people,people
Mandatory,good,average,good,0,30377923,0,,awesome,5,SPN21,"Berte is a literal angel, and she speaks very clearly (although all in Spanish) so I highly recommend Spanish 21 with her!",07/26/2018,2.0,2.0,,5,N/A,5.0,5.0,1,Yes,1532647337000,Yes,1040,Yes,,A,"['Respected', 'Participation matters', 'Accessible outside class']",people,people
Mandatory,good,average,good,0,28829047,0,,good,4,SPAN23,"She is a sweetheart! Her classes are entertaining and the work is mainly review if you have ever taken a spanish class. Her grading system is fairly easy, and the workload isn't too bad. She occasionally assigns papers, but it is easy to write. I would take a class with her again because it seems like she really cares about her students.",11/03/2017,2.0,2.0,,4,N/A,4.0,4.0,1,Yes,1509711938000,Yes,1040,Yes,,A,"['Caring', 'Accessible outside class', 'Gives good feedback']",people,people
Mandatory,good,average,good,0,28187016,0,,awesome,5,SPAN0121,"Berte is honestly the best professor at this school. She is so sweet and is always a pleasure in class. The syllabus and homework criteria are clear, so if you have a chance to take spanish with Berte you definitely should you will not regret it!!",05/02/2017,2.0,2.0,,5,N/A,5.0,5.0,1,No,1493739864000,Yes,1040,Yes,,N/A,"['Clear grading criteria', 'Caring']",people,people
Mandatory,good,average,good,0,26274407,0,,awesome,5,SPN22,"Prof Berte is just an amazing person. Her class is interesting and not too hard, and she cares deeply about all of her students. She'll definitely call on people in class - but only to make sure that everyone participates, not to catch you if you don't know the answer. If you pay attention and do the reading you will definitely do ok.",04/11/2016,2.0,2.0,,5,N/A,5.0,5.0,1,No,1460410180000,Yes,1040,Yes,,A-,"['Participation matters', 'Clear grading criteria']",people,people
Mandatory,good,poor,good,0,26196474,0,,awesome,5,SPN022,"Prof Berte is one of the kindest and most available professors I have had at Tufts. She is passionate and knowledgeable about what she teaches, she will help you in any way she can. She is extremely understanding and truly cares about her students. If you do the work and put effort in the class, you will likely get an A. Definitely recommended!",03/29/2016,1.0,1.0,,5,N/A,5.0,5.0,1,Yes,1459248537000,N/A,1040,Yes,,A,"['Caring', 'Participation matters', 'Gives good feedback']",people,people
Mandatory,good,average,good,1,22770163,0,,awesome,5,SPAN0121,"She is sooooo sweet. Loved this class with her. She is understanding and her delicate manner just prevents anyone from wanting to upset her. A lot of the time, I just did homework so that I wouldn't make her sad haha...",01/19/2014,2.0,2.0,,5,Really into it,5.0,5.0,1,Yes,1390090866000,N/A,1040,N/A,,N/A,[],people,person
N/A,good,poor,good,0,12671793,0,,awesome,5,SPAN4,She is the sweetest teacher I've ever had. There's no problem with handing anything in late as long as you talk to her. Workload is consistent and not too bad. She is always willing to help you out in anything!,12/22/2006,1.0,1.0,,5,Sorta interested,5.0,5.0,1,Yes,1166814597000,N/A,1040,N/A,,N/A,[],people,people
N/A,good,poor,good,0,10068300,0,,awesome,5,SP21,"Super sweet, very nice professor.  Grades easily and workload is light.  Basically an easy A but also a good class to take.",07/28/2005,1.0,1.0,,5,Really into it,5.0,5.0,1,N/A,1122538000000,N/A,1040,N/A,,N/A,[],people,people
N/A,average,average,average,0,3599947,0,,good,3,SPN21,"Very sweet, clear, and an easy grader. A solid teacher. Classes can get a little boring, but I enjoyed her and the class for the most part.",04/11/2005,2.0,2.0,,4,Really into it,3.5,3.5,1,N/A,1113228775000,N/A,1040,N/A,,N/A,[],people,people
N/A,good,average,good,0,3594436,0,,awesome,5,SPN21,I have really enjoyed this class. She grades easily and exams are straightforward. She is a nice teacher and she is very helpful. She is always in a good mood which gives a positive energy to the class.,04/10/2005,2.0,2.0,,4,It's my life,4.5,4.5,1,N/A,1113149853000,N/A,1040,N/A,,N/A,[],people,people
N/A,good,average,good,0,2089973,0,,awesome,5,SPN21,"This woman is adorable.  She just had a beautiful little baby, and maybe that was why she was always in such a good mood.",05/04/2004,2.0,2.0,,5,N/A,5.0,5.0,1,N/A,1083712738000,N/A,1040,N/A,,N/A,[],people,people
N/A,average,poor,good,0,1350268,0,,good,3,SPN21,"she is so nice, almost too nice to the point where kids take advantage of her. she is very encouraging, and everything is &quot;bueno.&quot;",11/18/2003,1.0,1.0,,5,N/A,4.0,4.0,1,N/A,1069180458000,N/A,1040,N/A,,N/A,[],people,people
