attendance,clarityColor,easyColor,helpColor,helpCount,id,notHelpCount,onlineClass,quality,rClarity,rClass,rComments,rDate,rEasy,rEasyString,rErrorMsg,rHelpful,rInterest,rOverall,rOverallString,rStatus,rTextBookUse,rTimestamp,rWouldTakeAgain,sId,takenForCredit,teacher,teacherGrade,teacherRatingTags,unUsefulGrouping,usefulGrouping
N/A,good,average,good,0,19979983,0,,awesome,5,BME131,"Great class, very interesting, great professor. Make sure you memorize every equation he writes on the board for quizzes and you'll do fine.",04/01/2012,2.0,2.0,,5,It's my life,5.0,5.0,1,Yes,1333304481000,N/A,1040,N/A,,N/A,[],people,people
N/A,good,poor,good,0,12095840,0,,awesome,4,BME131,"There are few good professors in Tufts BME, but this guy is definitely one. Funny and knowledgable. Well prepared lecture. Workload is resonable. I finally learned something useful from BME!",07/21/2006,1.0,1.0,,5,It's my life,4.5,4.5,1,N/A,1153500536000,N/A,1040,N/A,,N/A,[],people,people
N/A,average,good,average,0,2314872,1,,poor,2,ES3,"If you're not an EE, I don't suggest you take the class with him.",07/14/2004,5.0,5.0,,2,N/A,2.0,2.0,1,N/A,1089800870000,N/A,1040,N/A,,N/A,[],person,people
N/A,average,average,average,0,1945734,0,,good,3,ES3,No Comments,04/13/2004,3.0,3.0,,4,N/A,3.5,3.5,1,N/A,1081841039000,N/A,1040,N/A,,N/A,[],people,people
N/A,good,average,good,0,865265,0,,awesome,5,EE151,No Comments,04/22/2003,3.0,3.0,,5,N/A,5.0,5.0,1,N/A,1051011229000,N/A,1040,N/A,,N/A,[],people,people
