attendance,clarityColor,easyColor,helpColor,helpCount,id,notHelpCount,onlineClass,quality,rClarity,rClass,rComments,rDate,rEasy,rEasyString,rErrorMsg,rHelpful,rInterest,rOverall,rOverallString,rStatus,rTextBookUse,rTimestamp,rWouldTakeAgain,sId,takenForCredit,teacher,teacherGrade,teacherRatingTags,unUsefulGrouping,usefulGrouping
Mandatory,good,average,good,0,31984699,0,,awesome,5,EN1,Professor Hopwood is awesome!,06/01/2019,3.0,3.0,,5,N/A,5.0,5.0,1,No,1559421884000,Yes,1040,Yes,,A,"['Clear grading criteria', 'Accessible outside class', 'Caring']",people,people
Mandatory,good,average,good,0,29974481,0,,awesome,5,EE21,"Prof. Hopwood is so nice you will want to do well in the class. He's a super clear lecturer, the amount of work is just right (not too crazy), and the labs are even fun (once they are working). Assignments and tests are super clear and he is always around to answer questions. Great class.",05/03/2018,3.0,3.0,,5,N/A,5.0,5.0,1,Yes,1525356909000,Yes,1040,Yes,,N/A,"['Clear grading criteria', 'Caring', 'Respected']",people,people
Not Mandatory,good,poor,good,1,29328235,0,,awesome,5,EN01,"EN 01- Music and Art of Engineering with Hopwood is by far one of the easiest introductory engineering classes at Tufts. Hopwood is available on short notice outside of class for help with project. Only problem: all semester homework is collected on last day of class (not periodically), which can be problematic if you procrastinate it.",12/24/2017,1.0,1.0,,5,N/A,5.0,5.0,1,No,1514078155000,Yes,1040,Yes,,A+,"['Accessible outside class', 'Amazing lectures']",people,person
Mandatory,good,average,good,1,27837191,0,,awesome,5,EN1,"Great professor, great introductory engineering course. Made me sure I wanted to be an engineer.",02/17/2017,3.0,3.0,,5,N/A,5.0,5.0,1,No,1487334110000,Yes,1040,Yes,,A,"['Amazing lectures', 'Respected', 'Caring']",people,person
N/A,good,average,good,0,26234283,0,,awesome,5,ES93,"Hopwood is a great teacher. He used slides but didn't rely on them, and would post narrated versions online. It's actually quite hard to be confused in his class, because he goes over concepts until just about everybody gets them, but even if you still have problems he's completely willing to help you one-on-one. Great professor; take his classes.",04/05/2016,2.0,2.0,,4,N/A,4.5,4.5,1,No,1459866479000,N/A,1040,Yes,,B+,"['Inspirational', 'Gives good feedback', 'Respected']",people,people
Not Mandatory,good,poor,good,2,26231668,0,,awesome,5,EE21,God amongst mere mortals,04/05/2016,1.0,1.0,,5,N/A,5.0,5.0,1,No,1459821735000,N/A,1040,Yes,,A+,[],people,people
Not Mandatory,good,average,good,0,23411869,0,,awesome,5,EE21,"Professor Hopwood is the best! Lecture was so helpful. He was always around to answer questions and explain concepts. Also, tests were extremely fair. He taught the material in a way that really helped to understand the concepts. Great guy all around!!",06/30/2014,2.0,2.0,,5,Sorta interested,5.0,5.0,1,Yes,1404121189000,N/A,1040,N/A,,N/A,[],people,people
N/A,good,average,good,0,20030040,0,,awesome,5,EN73,"Fantastic teacher, really enthusiastic about material. Looked forward to going to class every week and I hope to have him again in the future",04/11/2012,3.0,3.0,,5,It's my life,5.0,5.0,1,Yes,1334143002000,N/A,1040,N/A,,N/A,[],people,people
N/A,good,average,good,0,18062977,0,,good,4,ES3,Nice person and very fair with grading unlike most of the ES3 professors.  Ridiculously easy first test.  Pretty easy second test.  DIFFICULT third test.  Make sure to get As on the first and second test b/c 3rd test will kick your butt out of the blue.  VERY FAIR professor though!,12/30/2010,2.0,2.0,,4,Low,4.0,4.0,1,Yes,1293676339000,N/A,1040,N/A,,N/A,[],people,people
N/A,good,average,good,0,17922937,0,,awesome,5,EN73,Professor Hopwood is awesome. By far my favorite professor of the semester.  Extremely helpful with any questions.,12/12/2010,2.0,2.0,,5,It's my life,5.0,5.0,1,No,1292184557000,N/A,1040,N/A,,N/A,[],people,people
N/A,good,poor,good,0,17879569,0,,awesome,5,ES3,Great professor! Very clear and willing to go over whatever the class needs help in.  Great guy and great teacher!,12/07/2010,1.0,1.0,,5,Low,5.0,5.0,1,No,1291746020000,N/A,1040,N/A,,N/A,[],people,people
N/A,good,average,good,1,17752270,0,,awesome,5,ES3,"Prof. Hopwood is by far one of the best Professors I've had.  Lectures are crystal clear and he's very approachable and personable.  I'm not an electrical engineer, but he makes the class enjoyable nonetheless.",11/11/2010,2.0,2.0,,5,Sorta interested,5.0,5.0,1,Yes,1289438688000,N/A,1040,N/A,,N/A,[],people,person
