attendance,clarityColor,easyColor,helpColor,helpCount,id,notHelpCount,onlineClass,quality,rClarity,rClass,rComments,rDate,rEasy,rEasyString,rErrorMsg,rHelpful,rInterest,rOverall,rOverallString,rStatus,rTextBookUse,rTimestamp,rWouldTakeAgain,sId,takenForCredit,teacher,teacherGrade,teacherRatingTags,unUsefulGrouping,usefulGrouping
Mandatory,good,average,good,0,30858850,0,,awesome,5,SP21,"Very accommodating outside of class, responds to emails and will meet with you and help you. Is extremely patient with her students, even if they do not speak Spanish well. The class challenged me, but I never felt like I couldn't handle it. Extremely nice and respectful. Count yourself lucky if you have her.",12/04/2018,3.0,3.0,,5,N/A,5.0,5.0,1,Yes,1543928437000,Yes,1040,Yes,,N/A,"['Accessible outside class', 'Caring', 'Respected']",people,people
Mandatory,good,average,good,0,29237624,0,,awesome,5,SPN0021,"Cantu is amazing, she really genuinely cares about her students. My Spanish improved so much this semester! Very accessible outside class; I went to her office hours probably three or four times and each time was super helpful. Lots of small assignments, but enjoyable and not horribly difficult. Overall, a great class!!",12/16/2017,3.0,3.0,,5,N/A,5.0,5.0,1,Yes,1513448433000,Yes,1040,Yes,,B,"['Caring', 'Accessible outside class', 'Participation matters']",people,people
Mandatory,good,average,good,1,29073200,0,,awesome,5,SPN21,I love her! She is super nice and caring and just wants her students to succeed. She is super willing to go over writing assignments with you and is very approachable outside of class. I would highly recommend taking SPN21 with her.,12/06/2017,3.0,3.0,,5,N/A,5.0,5.0,1,Yes,1512599148000,Yes,1040,Yes,,N/A,"['Caring', 'Accessible outside class', 'Gives good feedback']",people,person
Mandatory,good,good,good,0,26818018,1,,awesome,5,SPN21,"This class was not particularly difficult, although it definitely wasn't one you could slack off in either.  I found the workload manageable, and the lectures engaging.  She did a good job of varying the classes between lectures, small group discussions,  presentations, and debates. She's also very sweet and incredibly helpful during office hours!",07/19/2016,4.0,4.0,,5,N/A,5.0,5.0,1,Yes,1468967473000,Yes,1040,Yes,,A-,"['Participation matters', 'Clear grading criteria', 'Caring']",person,people
Mandatory,good,average,good,1,25466569,0,,awesome,5,SPN21,"At first, I didn't know what to think about Professor Cantú, but after a while I learned that she is a nice, caring lady who just wants her students to improve their level of precision in the Spanish language.  Assignments and their expectations are made clear ahead of time, so that students can plan in advance and put their best effort in. ",11/21/2015,2.0,2.0,,5,Sorta interested,5.0,5.0,1,No,1448116956000,N/A,1040,Yes,,A,"['Clear grading criteria', 'Lots of homework', 'Participation matters']",people,person
N/A,good,good,good,1,24187892,1,,good,5,SPN22,"She speaks very clearly and though she can seem cold at first she is actually very approachable. She is very willing to help go over papers during office hours and gives good feedback on essays. Her grading is, however, pretty hard if you are prone to little grammar mistakes. Not much preparation is needed for her class. Some essays are hard work.",12/26/2014,4.0,4.0,,3,Sorta interested,4.0,4.0,1,Yes,1419565981000,N/A,1040,Yes,,N/A,"['Tough grader', 'Gives good feedback']",person,person
N/A,good,average,good,1,23048905,0,,good,4,SPN21,Cantu is very clear and a nice lady. Ask clarifying questions and you will be fine.,04/16/2014,2.0,2.0,,4,Really into it,4.0,4.0,1,Yes,1397663212000,N/A,1040,N/A,,N/A,[],people,person
N/A,good,average,good,1,21075547,0,,awesome,5,SPAN21,"I'm not super into spanish but Cantu made spanish 21 relatively painless. There's lots of busywork, but that's departmental and not really her fault. She's clear and understanding and you read some interesting stories. No major complaints.",12/14/2012,2.0,2.0,,5,Low,5.0,5.0,1,Yes,1355516808000,N/A,1040,N/A,,N/A,[],people,person
N/A,good,average,good,0,20455900,0,,awesome,5,SPN0021,She's really nice and approachable. Her spanish is crystal clear as are her expectations and assignments. Lots of busy work in 21 though.,06/29/2012,2.0,2.0,,4,Really into it,4.5,4.5,1,Yes,1341010549000,N/A,1040,N/A,,N/A,[],people,people
N/A,good,average,good,1,19491897,0,,good,4,SPN21,"Cantu was a great teacher! She did take off points for grammatical mistakes, especially on the compositions, but if you went to her office hours she was very helpful and told you exactly what you needed to correct to improve your grade. In general, her grading is fair and not as harsh as I thought it would be.",12/13/2011,3.0,3.0,,4,Sorta interested,4.0,4.0,1,Yes,1323801050000,N/A,1040,N/A,,N/A,[],people,person
N/A,good,good,good,0,19340257,0,,awesome,5,SPNB,"She's so nice and helpful.  I was struggling with the grammar quizzes she gave us, and she and I met during her office hours and she gave me really helpful tips.  She's also very clear about what she wants you to do, and she will answer any questions on it.",11/30/2011,4.0,4.0,,5,Really into it,5.0,5.0,1,Yes,1322660408000,N/A,1040,N/A,,N/A,[],people,people
N/A,good,average,good,2,19335273,0,,good,4,SPNBA,My first impression was that she was stern and unfriendly but she is actually very kind and helpful.  She appreciates when you take advantage of her office hours.  The class was interesting and made me more eager to pursue the language.  She does deduct points for minimal mistakes but she is fair overall.,11/29/2011,3.0,3.0,,4,Sorta interested,4.0,4.0,1,Yes,1322604025000,N/A,1040,N/A,,N/A,[],people,people
N/A,good,average,good,1,19251187,0,,awesome,4,SPNAB,Cantu was great! She was very helpful and willing to meet with you outside of class. She made the class interesting and always worked to have everyone engaged. Overall a great teacher!,11/16/2011,2.0,2.0,,5,Sorta interested,4.5,4.5,1,Yes,1321431619000,N/A,1040,N/A,,N/A,[],people,person
N/A,good,good,average,1,16602887,0,,good,4,SPN21,Prof. Cantu was pretty boring and grade-locked like everyone predicted she would.  Exams make it easy to make little mistakes and she'll deduct for every one.  Class is pretty boring too.,12/19/2009,4.0,4.0,,3,Sorta interested,3.5,3.5,1,Yes,1261227042000,N/A,1040,N/A,,N/A,[],people,person
N/A,average,average,average,0,15755162,0,,poor,2,SPAN22XF,"Pretty much everything said so far is accurate. Fairly hard grader, somewhat vague assignments. In this class, History of Mexico, she was clearly passionate about the country but seemed to have a somewhat inflexible point of view which got old. The topics covered were very scattered, which made the tests difficult.",05/03/2009,3.0,3.0,,2,Sorta interested,2.0,2.0,3,No,1241373587000,N/A,1040,N/A,,N/A,[],people,people
N/A,average,good,average,1,14315701,0,,average,3,SPN21,"Eh. I really expect more from the language department. She grades tests/papers way harder than the other spanish 21 teachers, and overall just wasn't very helpful. Avoid her if you can.",04/19/2008,4.0,4.0,,2,Low,2.5,2.5,1,Yes,1208621369000,N/A,1040,N/A,,N/A,[],people,person
N/A,average,good,average,0,14122851,0,,good,3,SPAN22XA,The class was on an interesting subject matter but she was not a very interesting teacher. I think the material was there to foster good class discussions but it was mostly her speaking in spanish the entire class and everyone not paying attention. The tests were pretty hard too. The readings weren't very hard though.,02/26/2008,4.0,4.0,,4,Sorta interested,3.5,3.5,1,Yes,1204068255000,N/A,1040,N/A,,N/A,[],people,people
N/A,average,good,average,0,12352214,1,,poor,3,SP21,not helpful,11/02/2006,4.0,4.0,,1,Really into it,2.0,2.0,1,Yes,1162505236000,N/A,1040,N/A,,N/A,[],person,people
N/A,average,good,average,0,10580025,0,,poor,2,SPANISH3,No Comments,10/12/2005,4.0,4.0,,2,Really into it,2.0,2.0,3,N/A,1129130442000,N/A,1040,N/A,,N/A,[],people,people
N/A,good,average,good,1,10113701,3,,good,4,SPANISH,She's sooo cute,08/11/2005,3.0,3.0,,4,It's my life,4.0,4.0,1,N/A,1123768256000,N/A,1040,N/A,,N/A,[],people,person
N/A,good,average,good,1,2026167,0,,awesome,5,SPAN22X,"Maybe we had different teachers, because I thought she was very enthusiastic about what she teaches and is also very approachable. Also, a sweet woman. =)",04/24/2004,3.0,3.0,,5,N/A,5.0,5.0,1,N/A,1082831435000,N/A,1040,N/A,,N/A,[],people,person
N/A,average,average,average,0,1446933,1,,poor,2,SPAN21,"Poor teaching style, knows very little and is not approachable",12/05/2003,3.0,3.0,,2,N/A,2.0,2.0,1,N/A,1070653358000,N/A,1040,N/A,,N/A,[],person,people
N/A,average,average,average,0,1112046,0,,poor,2,SPAN21,No Comments,09/01/2003,3.0,3.0,,2,N/A,2.0,2.0,1,N/A,1062425967000,N/A,1040,N/A,,N/A,[],people,people
N/A,good,average,good,0,909498,0,,good,4,SPAN21,No Comments,04/30/2003,3.0,3.0,,4,N/A,4.0,4.0,1,N/A,1051744095000,N/A,1040,N/A,,N/A,[],people,people
N/A,poor,good,poor,0,865153,0,,awful,1,SP21,No Comments,04/22/2003,4.0,4.0,,1,N/A,1.0,1.0,1,N/A,1051010185000,N/A,1040,N/A,,N/A,[],people,people
N/A,good,good,average,0,852631,0,,average,4,SPN22,No Comments,04/18/2003,4.0,4.0,,2,N/A,3.0,3.0,1,N/A,1050683775000,N/A,1040,N/A,,N/A,[],people,people
