attendance,clarityColor,easyColor,helpColor,helpCount,id,notHelpCount,onlineClass,quality,rClarity,rClass,rComments,rDate,rEasy,rEasyString,rErrorMsg,rHelpful,rInterest,rOverall,rOverallString,rStatus,rTextBookUse,rTimestamp,rWouldTakeAgain,sId,takenForCredit,teacher,teacherGrade,teacherRatingTags,unUsefulGrouping,usefulGrouping
N/A,good,average,good,0,30111703,0,,good,4,PHIL123,"Excellent class, really changed the way I think about law and society. Three papers, but the last two especially were actually enjoyable to write. Class is mostly discussion based, and like all phil classes, the topics can get very confusing and murky, but Kelly is good at picking up on what people are trying to say and clarifying it for the class.",05/15/2018,3.0,3.0,,4,N/A,4.0,4.0,1,No,1526387310000,Yes,1040,Yes,,A,[],people,people
N/A,good,good,average,1,21720196,0,,good,4,PHIL123,"Hard class, interesting material. Professor Kelly is a good teacher, but doesn't seem all that interested in her students.",05/09/2013,5.0,5.0,,3,Really into it,3.5,3.5,1,No,1368114930000,N/A,1040,N/A,,N/A,[],people,person
N/A,good,poor,average,0,3151711,1,,good,4,PHIL43,meh,01/04/2005,1.0,1.0,,3,It's my life,3.5,3.5,1,N/A,1104817477000,N/A,1040,N/A,,N/A,[],person,people
N/A,good,average,good,1,2778784,0,,awesome,5,PHIL43,"Professor Kelly is brilliant.  Her lectures are clear and easy to follow; she makes sure to repeat concepts and encourage discussion.  The readings are interesting and relevant to the course, and the writing workshop she heads helps exponentially.  Very pleased with course.",11/18/2004,3.0,3.0,,4,Really into it,4.5,4.5,1,N/A,1100775688000,N/A,1040,N/A,,N/A,[],people,person
N/A,average,average,average,0,2671456,0,,poor,2,PHIL43,"An extremely dry and dispassionate lecturer.  I was so interested in the material, and she almost killed it for me.  Maybe she is smart, but she doesn't convey that through her lectures.",11/07/2004,3.0,3.0,,2,It's my life,2.0,2.0,1,N/A,1099867940000,N/A,1040,N/A,,N/A,[],people,people
N/A,good,good,good,1,2637671,0,,good,5,PS43,She speaks clearly and she accepts different opinions.,11/02/2004,4.0,4.0,,3,Really into it,4.0,4.0,1,N/A,1099420162000,N/A,1040,N/A,,N/A,[],people,person
N/A,average,average,average,2,2044257,1,,average,3,PHIL101,hot as hell,04/27/2004,3.0,3.0,,3,N/A,3.0,3.0,1,N/A,1083094040000,N/A,1040,N/A,,N/A,[],person,people
N/A,average,average,average,0,878222,1,,average,3,PHIL,No Comments,04/24/2003,3.0,3.0,,3,N/A,3.0,3.0,1,N/A,1051184519000,N/A,1040,N/A,,N/A,[],person,people
