attendance,clarityColor,easyColor,helpColor,helpCount,id,notHelpCount,onlineClass,quality,rClarity,rClass,rComments,rDate,rEasy,rEasyString,rErrorMsg,rHelpful,rInterest,rOverall,rOverallString,rStatus,rTextBookUse,rTimestamp,rWouldTakeAgain,sId,takenForCredit,teacher,teacherGrade,teacherRatingTags,unUsefulGrouping,usefulGrouping
Mandatory,good,good,good,0,31005255,0,,good,4,ENG114,Really enjoyed his Milton class. There was a lot of reading but lectures were funny and engaging which made the reading more enjoyable. He's not very accessible outside of class (had to wait 1-1.5 hours to see him during office hours because he doesn't schedule appointments) but overall I liked this class and learned a lot,12/13/2018,4.0,4.0,,4,N/A,4.0,4.0,1,Yes,1544717424000,Yes,1040,Yes,,N/A,"['Get ready to read', 'Amazing lectures', 'Hilarious']",people,people
Mandatory,good,average,good,0,28558536,0,,awesome,5,ENG0092,Wonderful professor. I would recommend taking a class with him if you have any interest in the topics he covers in his courses whether you're an English major or not.,07/26/2017,3.0,3.0,,5,N/A,5.0,5.0,1,Yes,1501073757000,Yes,1040,Yes,,A-,"['Clear grading criteria', 'Accessible outside class', 'Get ready to read']",people,people
Mandatory,good,good,good,0,28509974,0,,awesome,5,ENG0119,"Prof. Keiser is awesome! I walked into the course dreading the 18th century novel, but his passion and enthusiasm for the literature is infectious, and you will find yourself deeply engaging in conversations you didn't anticipate being invested in. 10/10!",07/06/2017,4.0,4.0,,5,N/A,5.0,5.0,1,Yes,1499340346000,Yes,1040,Yes,,N/A,"['Gives good feedback', 'Participation matters', 'Get ready to read']",people,people
Mandatory,good,average,good,0,27600204,0,,awesome,5,ENG21,I really enjoyed Professor Keiser. He opens a lot of new avenues of thought within the readings and guides you to new frames of mind without just telling you what to think. Also he's funny. would highly recommend,12/22/2016,3.0,3.0,,5,N/A,5.0,5.0,1,Yes,1482370918000,Yes,1040,Yes,,N/A,"['Participation matters', 'Hilarious', 'Caring']",people,people
