attendance,clarityColor,easyColor,helpColor,helpCount,id,notHelpCount,onlineClass,quality,rClarity,rClass,rComments,rDate,rEasy,rEasyString,rErrorMsg,rHelpful,rInterest,rOverall,rOverallString,rStatus,rTextBookUse,rTimestamp,rWouldTakeAgain,sId,takenForCredit,teacher,teacherGrade,teacherRatingTags,unUsefulGrouping,usefulGrouping
Mandatory,poor,good,poor,0,30909569,0,,awful,1,PSY28,"Tests make up most of your final grade, and anything from his lectures as well as in the textbook are fair game. He doesn't try to bridge the gap between the two, making the content for studying large in volume and extremely disorganized. He's nice and well-intentioned, but should not be in the classroom (especially not for an introductory course).",12/07/2018,4.0,4.0,,1,N/A,1.0,1.0,1,Yes,1544185024000,No,1040,Yes,,N/A,"['Graded by few things', 'Lecture heavy', ""Skip class? You won't pass.""]",people,people
N/A,average,good,average,0,30764092,0,,poor,2,PSY0028,"Professor Chechile is clearly a very smart man, but this doesn't translate to good teaching. Despite not being mentioned one time in our textbook, he spent class talking almost entirely about his own studies, very few of which make much sense. Lectures are disorganized, difficult to follow, and he rarely uses slides. I don't recommend this class",11/20/2018,4.0,4.0,,2,N/A,2.0,2.0,1,Yes,1542733203000,No,1040,Yes,,B+,"['Test heavy', 'Get ready to read', ""Skip class? You won't pass.""]",people,people
Mandatory,good,good,good,0,30307629,0,,good,4,PSY107,"I know others dont like him for psych, but for stats he is amazing. If youre interested in statistics this is the best class you will find at tufts. Be aware that the class is mostly for PhD candidates and the difficulty fits that demographic. That said, if you do the work you will get a good grade and a lot out of the class",06/29/2018,4.0,4.0,,4,N/A,4.0,4.0,1,No,1530263455000,Yes,1040,Yes,,A-,"[""Skip class? You won't pass."", 'Clear grading criteria', 'Graded by few things']",people,people
Mandatory,poor,good,poor,0,27885516,0,,awful,1,PSY0028,"Do yourself a favor, dont take his class",03/07/2017,5.0,5.0,,1,N/A,1.0,1.0,1,No,1488891617000,No,1040,Yes,,N/A,"[""Skip class? You won't pass.""]",people,people
Not Mandatory,poor,good,poor,1,27835117,0,,awful,1,PSY0028,"He is disorganized and almost none of the things he references in class are even online. I'm a good student, my GPA is a 3.8...I'm not someone lazy complaining because they didn't do the work. I promise he sucks. Don't do it.",02/16/2017,5.0,5.0,,1,N/A,1.0,1.0,1,Yes,1487265467000,No,1040,Yes,,N/A,[],people,person
N/A,poor,good,poor,0,26045746,0,,poor,1,PSY0028,"I dropped this class after a few weeks, even though I love the topic. He's a very dull lecturer, and even if you can pay attention he never seems to say much. Also makes an awkward amount of eye contact.",02/10/2016,4.0,4.0,,2,It's my life,1.5,1.5,1,Yes,1455120362000,N/A,1040,Yes,,N/A,[],people,people
Not Mandatory,poor,good,poor,1,22976839,0,,awful,1,PSY0028,"Professor Chechile is extremely bad at explaining concepts, and manages to make even the most basic topics confusing. He is also self-important, and much of the lectures are based on his own research (from 20 plus years ago...) I honestly would not take a class from him. Though I love psychology, this was a deeply unpleasant experience.",04/01/2014,4.0,4.0,,1,Really into it,1.0,1.0,1,No,1396385981000,N/A,1040,N/A,,N/A,[],people,person
N/A,poor,good,poor,0,16984653,0,,poor,1,PSYCH0028,"Long-winded and rambling and very full of himself, over-emphasizing his own importance in the field. Lectures don't match the book and the tests are very hard and graded even harder. Oftentimes he tells you things that are actually the opposite of what he means - names and dates ARE extremely important on tests, regardless of what he says.",04/12/2010,4.0,4.0,,2,Low,1.5,1.5,1,No,1271105201000,N/A,1040,N/A,,N/A,[],people,people
N/A,average,good,average,0,12845370,0,,poor,2,PSY28,he is extremely boring and the lectures have very little to do with the reading,02/05/2007,4.0,4.0,,2,Sorta interested,2.0,2.0,1,Yes,1170695156000,N/A,1040,N/A,,N/A,[],people,people
N/A,average,average,average,0,11110081,1,,good,3,PSY107,"He loves Bayesians!  He goes too fast sometimes, and writes something different from what he says on the board but overall - not bad.  If you pay attn in class and take notes on EVERYTHING he says then you should be fine for hw and quizzes (which you can use your notes on).  The final seems is intimidating but I heard he scales a lot.",12/10/2005,2.0,2.0,,4,Really into it,3.5,3.5,1,N/A,1134212475000,N/A,1040,N/A,,N/A,[],person,people
N/A,average,average,average,0,3516663,0,,poor,2,PSYCH28,"his lectures are confusing and unstructured, and his TA speaks very little English, yet writes all the exams.  He has a lot of trouble explaining concepts in lamens terms. The only plus is the class ends a month and a half early because the last 6 classes are reserved for presentations",03/29/2005,3.0,3.0,,2,It's my life,2.0,2.0,1,N/A,1112055422000,N/A,1040,N/A,,N/A,[],people,people
N/A,average,good,average,0,1055262,0,,poor,2,PSYCH28,No Comments,07/18/2003,4.0,4.0,,2,N/A,2.0,2.0,1,N/A,1058539928000,N/A,1040,N/A,,N/A,[],people,people
N/A,good,good,good,0,953315,0,,good,4,PSY108,"Hard to ask questions of sometimes (goes off on tangents), but otherwise a decent and very understanding guy who I believe is a fair tester and grader.",05/12/2003,5.0,5.0,,4,N/A,4.0,4.0,1,N/A,1052764960000,N/A,1040,N/A,,N/A,[],people,people
N/A,good,average,good,0,879115,0,,awesome,5,PSY108,"Extremely well-organized and knowledgeable. Occasionally has difficulty explaining concepts at a lower (non-expert) level, but his desire for students to learn & understand never fails.",04/24/2003,3.0,3.0,,4,N/A,4.5,4.5,1,N/A,1051195375000,N/A,1040,N/A,,N/A,[],people,people
N/A,good,good,average,0,878842,0,,good,4,PSY108,"Great professor, but hard to get a word in edgewise.",04/24/2003,4.0,4.0,,3,N/A,3.5,3.5,1,N/A,1051192087000,N/A,1040,N/A,,N/A,[],people,people
N/A,average,average,average,0,866798,0,,poor,2,PSY28,No Comments,04/22/2003,3.0,3.0,,2,N/A,2.0,2.0,1,N/A,1051023067000,N/A,1040,N/A,,N/A,[],people,people
