attendance,clarityColor,easyColor,helpColor,helpCount,id,notHelpCount,onlineClass,quality,rClarity,rClass,rComments,rDate,rEasy,rEasyString,rErrorMsg,rHelpful,rInterest,rOverall,rOverallString,rStatus,rTextBookUse,rTimestamp,rWouldTakeAgain,sId,takenForCredit,teacher,teacherGrade,teacherRatingTags,unUsefulGrouping,usefulGrouping
N/A,good,good,good,1,30082299,0,,good,4,MATH150,Good lecturer. Tendency to get bogged down in the abstract instead of using concrete examples. Don't take this specific class without prior experience in 100-level math. One day he wore denim on denim to class and it redefined style for me.,05/12/2018,4.0,4.0,,4,N/A,4.0,4.0,1,No,1526123858000,No,1040,No,,N/A,"['Accessible outside class', 'Lecture heavy']",people,person
Mandatory,good,average,good,1,28313217,0,,awesome,5,MATH010,"Prof. Boghosian is an amazing human being and a great person. He truly wants his students to understand the material and goes out of his way to do this. You can see his passion for wealth inequality (this course), math in general and the history of it. Very knowledgeable and will help you in any means possible for you to understand.",05/15/2017,3.0,3.0,,5,N/A,5.0,5.0,1,No,1494847527000,Yes,1040,Yes,,N/A,"['Respected', 'Accessible outside class', 'Inspirational']",people,person
Not Mandatory,good,average,good,1,28262061,0,,awesome,5,MATH10,He's such a Dad. Once told us about his passion for woodworking. Guy is a genius though and does a pretty job of explaining the material. If you like concrete math like calculus this may not be the best choice because it's econ heavy and can get complex and abstract. Clearly just wants people to understand the material. Great professor.,05/09/2017,2.0,2.0,,5,N/A,5.0,5.0,1,No,1494346647000,Yes,1040,Yes,,A,"['Lecture heavy', 'Caring', 'Accessible outside class']",people,person
Mandatory,good,good,good,2,26926404,0,,awesome,5,MATH34,"Absolutely amazing. Best math professor/class in my life so far. Inspirational. Teaching-wise, he's very clear-cut and succinct. Will clarify concepts as much as you need. Accessible by email and office hours. Very helpful",08/24/2016,4.0,4.0,,5,N/A,5.0,5.0,1,Yes,1472009216000,Yes,1040,Yes,,B,"['Clear grading criteria', 'Respected', 'Amazing lectures']",people,people
N/A,good,good,good,1,21169263,0,,awesome,5,MATH250,He is an amazing lecturer. Things that I learned in his nonlinear PDE class are still useful for my research after years. He is extremely helpful and very nice in interacting with the students. The home works are heavy but that is basically the nature of the course and the only way to learn the material. I rate him as the best professor I've had.,12/26/2012,4.0,4.0,,5,It's my life,5.0,5.0,1,Yes,1356530102000,N/A,1040,N/A,,N/A,[],people,person
N/A,good,average,good,0,16828985,1,,awesome,5,MATH22,"(Same as CS22)  He is a wonderful teacher that goes over the homework before it's due and is extremely helpful in office hours.  He's more interested in you understanding the material than getting everything correct, so the homework is really hard but the tests aren't bad.  Lectures / material a bit boring but he makes it a bit more interesting.",02/25/2010,3.0,3.0,,5,Low,5.0,5.0,1,Yes,1267058642000,N/A,1040,N/A,,N/A,[],person,people
N/A,good,average,good,0,16629845,0,,awesome,4,MATH022,"Not the most interesting class, material wise. Can be VERY dense at times consisting of just proving theorems. Boghosian does his best to make it interesting but it's not great. Homework once a week that can be pretty challenging. Class and office hours are useful for that. Exams are a cake walk compared to HW. 1 midterm and 1 final.",12/23/2009,2.0,2.0,,5,Low,4.5,4.5,1,Yes,1261565333000,N/A,1040,N/A,,N/A,[],people,people
N/A,good,average,good,0,16372028,0,,awesome,5,MATH22,He is an excellent math teacher! He is willing to help you anytime you have questions.,11/15/2009,3.0,3.0,,5,Meh,5.0,5.0,1,Yes,1258309278000,N/A,1040,N/A,,N/A,[],people,people
N/A,good,good,good,0,12803755,0,,awesome,5,MATH151,"Prof. Boghosian is a wonderful professor and a brilliant man but Math 151 is ridiculously difficult. He teaches well, but the subject matter is abstract at times and requires a lot of work to understand. The homework was terribly long, complicated, and difficult. The tests were hard but fair. Great class if you’re willing to put the effort into it.",01/21/2007,5.0,5.0,,4,Really into it,4.5,4.5,1,Yes,1169411787000,N/A,1040,N/A,,N/A,[],people,people
N/A,good,good,good,0,12344359,0,,awesome,5,MATH151,Boghosian is amazing.,11/01/2006,4.0,4.0,,5,It's my life,5.0,5.0,1,No,1162408830000,N/A,1040,N/A,,N/A,[],people,people
Mandatory,good,average,good,0,3300134,0,,awesome,5,MATH11,He was an excellent teacher and was willing to help you any time you were having prolems...,01/30/2005,3.0,3.0,,5,It's my life,5.0,5.0,1,N/A,1107116729000,N/A,1040,N/A,,N/A,[],people,people
N/A,good,good,good,0,3113888,0,,awesome,5,MATH151,The best math class I have taken at Tufts. Boghosian's lectures are clear and inspiring. Would recommend him strongly to anyone willing to put some effort into a class.,12/25/2004,4.0,4.0,,5,It's my life,5.0,5.0,1,N/A,1104017661000,N/A,1040,N/A,,N/A,[],people,people
N/A,good,good,good,0,2811214,0,,good,4,MATH151ME150,Took tremendously complex topics and made them digestable for non math majors (MEs).  Very apporachable.  Good 1 on 1.,11/22/2004,4.0,4.0,,4,Sorta interested,4.0,4.0,1,N/A,1101122324000,N/A,1040,N/A,,N/A,[],people,people
N/A,good,average,good,0,1938229,0,,good,4,MATH13,"i didnt do well in the class, but thats cause it was the hardest class ive taken, hes still a good prof",04/12/2004,3.0,3.0,,4,N/A,4.0,4.0,1,N/A,1081728522000,N/A,1040,N/A,,N/A,[],people,people
N/A,good,good,good,0,1811108,0,,awesome,5,MATH161,"Good professor.  Material is extremely difficult towards the middle and end of the semester.  Although the book was marginal, Prof Boghosian made what could have been a nightmare manageable.",03/16/2004,4.0,4.0,,4,N/A,4.5,4.5,1,N/A,1079422317000,N/A,1040,N/A,,N/A,[],people,people
N/A,good,average,good,0,1463342,0,,good,4,MATH38,"I took his DiffEq class, and though it took me a bit to get into his teaching methods, once I did I really appreciated his teaching.",12/08/2003,3.0,3.0,,4,N/A,4.0,4.0,1,N/A,1070924972000,N/A,1040,N/A,,N/A,[],people,people
N/A,good,average,good,0,1321860,0,,awesome,4,MATH1213,"I had him for both Math 12 (Calc 2) and Math 13 (Calc 3).  He was great.  I is very good at explaining things, and replies to emails very fast!",11/13/2003,3.0,3.0,,5,N/A,4.5,4.5,1,N/A,1068757643000,N/A,1040,N/A,,N/A,[],people,people
N/A,good,good,good,0,875892,0,,awesome,5,MA12,He is the greatest instructor i have ever had!!,04/23/2003,5.0,5.0,,5,N/A,5.0,5.0,1,N/A,1051131950000,N/A,1040,N/A,,N/A,[],people,people
N/A,good,average,good,0,865225,0,,awesome,5,MATH38,He is an amazing Professor!!,04/22/2003,3.0,3.0,,5,N/A,5.0,5.0,1,N/A,1051010987000,N/A,1040,N/A,,N/A,[],people,people
N/A,good,average,good,0,745118,0,,awesome,5,CALC12,excellent math teacher,03/25/2003,3.0,3.0,,5,N/A,5.0,5.0,1,N/A,1048632782000,N/A,1040,N/A,,N/A,[],people,people
N/A,good,average,good,0,544728,0,,awesome,5,MATH38,No Comments,02/05/2003,2.0,2.0,,4,N/A,4.5,4.5,1,N/A,1044489551000,N/A,1040,N/A,,N/A,[],people,people
N/A,average,good,average,0,70653,0,,average,2,MATH12,Nice guy but most helpful one-on-one.,12/13/2001,4.0,4.0,,4,N/A,3.0,3.0,1,N/A,1008254560000,N/A,1040,N/A,,N/A,[],people,people
