attendance,clarityColor,easyColor,helpColor,helpCount,id,notHelpCount,onlineClass,quality,rClarity,rClass,rComments,rDate,rEasy,rEasyString,rErrorMsg,rHelpful,rInterest,rOverall,rOverallString,rStatus,rTextBookUse,rTimestamp,rWouldTakeAgain,sId,takenForCredit,teacher,teacherGrade,teacherRatingTags,unUsefulGrouping,usefulGrouping
Mandatory,good,average,good,0,28070192,0,,awesome,5,ITAS103,literally love her so much she's like the best prof i've ever had,04/18/2017,3.0,3.0,,5,N/A,5.0,5.0,1,No,1492529406000,Yes,1040,Yes,,A,"['Hilarious', 'Caring', 'Participation matters']",people,people
N/A,good,average,good,0,17621505,0,,awesome,4,IT004,"Very nice teacher. If you do the homework and participate, she'll love you. The tests aren't very hard. Just pay attention in class. Helpful outside of class if you need help on compositions.",09/29/2010,3.0,3.0,,5,Really into it,4.5,4.5,1,Yes,1285777360000,N/A,1040,N/A,,N/A,[],people,people
N/A,good,average,good,0,16066259,0,,awesome,5,ITAL004,she is a great teacher. engaging. helpful. encourages you to push yourself. really makes you work. its a lot of work but she is amazing so its worth it. shes also adorable.,07/26/2009,3.0,3.0,,5,Sorta interested,5.0,5.0,1,Yes,1248592565000,N/A,1040,N/A,,N/A,[],people,people
N/A,good,average,good,0,15633564,0,,awesome,5,ITAL04,"Very sweet and passionate teacher. Best when class is small. She wrote the textbook, so obviously she knows what she is talking about. I really feel like my Italian is improving!",04/10/2009,3.0,3.0,,5,Really into it,5.0,5.0,1,Yes,1239350728000,N/A,1040,N/A,,N/A,[],people,people
N/A,good,average,good,0,11580144,0,,awesome,5,IT3,No Comments,03/16/2006,2.0,2.0,,5,Sorta interested,5.0,5.0,1,N/A,1142522867000,N/A,1040,N/A,,N/A,[],people,people
