attendance,clarityColor,easyColor,helpColor,helpCount,id,notHelpCount,onlineClass,quality,rClarity,rClass,rComments,rDate,rEasy,rEasyString,rErrorMsg,rHelpful,rInterest,rOverall,rOverallString,rStatus,rTextBookUse,rTimestamp,rWouldTakeAgain,sId,takenForCredit,teacher,teacherGrade,teacherRatingTags,unUsefulGrouping,usefulGrouping
N/A,good,average,average,0,20289961,0,,good,4,IDEAS101,"Took his ""Ideas That Shaped Mankind"" course in the Modern Scholar series. There are errors in every lecture, from the blooper that only humans can be cannibals (ask any farmer) to the idea that Jews became monotheists only in exile. Don't take this course: you would know less than you know now.",05/15/2012,2.0,2.0,,3,Really into it,3.5,3.5,1,No,1337119885000,N/A,1040,N/A,,N/A,[],people,people
N/A,good,average,good,0,13212822,0,,awesome,5,HIST101,"The best teacher at Tufts. Posesses an amazing wealth of knowledge. Funny, insightful, challenging. Always willing to help shoudl yo seek it. Will make you want to do well and will open up new intellectual worlds for you. The workload is fair and the classes engaging.",05/25/2007,3.0,3.0,,5,Sorta interested,5.0,5.0,1,Yes,1180110353000,N/A,1040,N/A,,N/A,[],people,people
N/A,good,average,good,0,12759406,0,,awesome,5,HIST37,"Don't jaywalk, son!  Bam!",01/11/2007,2.0,2.0,,5,It's my life,5.0,5.0,1,Yes,1168505918000,N/A,1040,N/A,,N/A,[],people,people
N/A,good,average,good,0,12373819,0,,awesome,5,HIST2,"I have taken two classes with him. History of the World since 1500 and Spain and the Atlantic. He is the best teacher i have had at tufts. The only work is one paper about anything you want that somewhat pertains to something in class. He is so intelligent, knows a lot about everything and is hilarious. Take a class with him!",11/07/2006,2.0,2.0,,5,It's my life,5.0,5.0,1,No,1162911025000,N/A,1040,N/A,,N/A,[],people,people
N/A,good,average,average,0,11841128,0,,good,4,HIST1,"His classes are not about learning facts as much as sitting back and listening to him lecture about what he knows, which is EVERYTHING!  Incredibly smart man who has good points even though he can take a while to get to them.  Very easily sidetracked but a great guy.  Only 1 paper for the class and he's helpful with editing drafts.",05/07/2006,3.0,3.0,,3,Really into it,3.5,3.5,1,N/A,1147038736000,N/A,1040,N/A,,N/A,[],people,people
N/A,average,good,average,0,11755148,0,,poor,3,HIST37,Pompous A**HOLE!!!!!!!!  Cares nothing for his students and has a tremendous sense of self-importance.,04/24/2006,5.0,5.0,,1,It's my life,2.0,2.0,1,N/A,1145897295000,N/A,1040,N/A,,N/A,[],people,people
N/A,good,average,good,0,11467004,0,,awesome,5,ENVANDCIV,"Not alot of work for the class, optional readings and only one paper for the whole semester.  Great guy, great class.  One of the funniest and nicest teachers ive had at tufts.",02/08/2006,2.0,2.0,,5,Sorta interested,5.0,5.0,1,N/A,1139423465000,N/A,1040,N/A,,N/A,[],people,people
N/A,average,good,average,0,11365869,0,,poor,3,HIST37,"Great lecturer, but huge ****!  Extremely vague in terms of course requirements.  Plus, he's a harsh, and I mean harsh, grader.  His paper comments are piercing.  He really knows how to go for the jugular.  Do not take one of his course if you suffer from poor self esteem!",01/15/2006,4.0,4.0,,1,Really into it,2.0,2.0,1,N/A,1137287757000,N/A,1040,N/A,,N/A,[],people,people
