attendance,clarityColor,easyColor,helpColor,helpCount,id,notHelpCount,onlineClass,quality,rClarity,rClass,rComments,rDate,rEasy,rEasyString,rErrorMsg,rHelpful,rInterest,rOverall,rOverallString,rStatus,rTextBookUse,rTimestamp,rWouldTakeAgain,sId,takenForCredit,teacher,teacherGrade,teacherRatingTags,unUsefulGrouping,usefulGrouping
N/A,average,average,average,0,30783767,0,,poor,2,CEE25,"Guy is really nice and will answer questions when prompted, but also has trouble realizing his students have not been doing concrete for 30 years and need explanations rather than cropped excerpts from the concrete manual. Also has issues realizing hw due monday and wednesday in one week is really difficult.",11/26/2018,3.0,3.0,,2,N/A,2.0,2.0,1,No,1543248242000,Yes,1040,Yes,,N/A,[],people,people
Mandatory,good,poor,good,0,22649663,0,,awesome,4,ES93,"He is such a great guy. His class was so entertaining. It's not meant to be a hardcore engineering class, but rather an introduction to engineering from the perspective of a practicing engineer. He gave me a sense of what civil engineering is like as a profession. Even though it made me realize I don't want to do civil, I appreciated the class",12/24/2013,1.0,1.0,,5,Sorta interested,4.5,4.5,1,No,1387847594000,N/A,1040,N/A,,A+,[],people,people
N/A,average,average,average,0,16976839,0,,good,3,CE10,"SO GREAT. Hahaha, agreed, not just a man... he's definitely a bridge man! This class is what got me hooked on engineering, and is a big part why I'm majoring in the CEE department. BRENNER IS AWESOME!",04/10/2010,2.0,2.0,,4,Sorta interested,3.5,3.5,1,No,1270938009000,N/A,1040,N/A,,N/A,[],people,people
N/A,good,average,good,0,12944610,0,,awesome,4,CE25,"Great guy, always available. Highly reccommended",03/27/2007,2.0,2.0,,5,It's my life,4.5,4.5,1,Yes,1174988711000,N/A,1040,N/A,,N/A,[],people,people
N/A,good,average,good,0,12212665,0,,awesome,4,CE10,Professor Brenner is always willing to help. In order to get the most out of any of his classes you must go in and talk to him. He also has a good sense of humor.,09/05/2006,3.0,3.0,,5,Really into it,4.5,4.5,1,Yes,1157451530000,N/A,1040,N/A,,N/A,[],people,people
N/A,poor,average,poor,0,11821821,0,,awful,1,CE10,The class has potential to be really fun but brenner is so unorganized you never actually learn anything useful,05/04/2006,3.0,3.0,,1,It's my life,1.0,1.0,1,N/A,1146756575000,N/A,1040,N/A,,N/A,[],people,people
N/A,poor,average,poor,0,11821764,0,,poor,1,CE10,"Very unorganized, Brenner needs to take a class on organization and teaching.  He has great experience from the Big Dig but will never talk about it!",05/04/2006,2.0,2.0,,2,It's my life,1.5,1.5,1,N/A,1146756252000,N/A,1040,N/A,,N/A,[],people,people
N/A,poor,average,average,0,11777339,0,,poor,1,CE10,This was the most unorganized class I have taken at Tufts. Brenner has lots of good real world experience he just doesn't know how to convey it well.,04/27/2006,2.0,2.0,,3,It's my life,2.0,2.0,1,N/A,1146154303000,N/A,1040,N/A,,N/A,[],people,people
N/A,good,poor,good,0,11407415,0,,awesome,4,CEE25,Brenner is the most entertaining professor you will have at Tufts,01/23/2006,1.0,1.0,,5,Sorta interested,4.5,4.5,1,N/A,1138048221000,N/A,1040,N/A,,N/A,[],people,people
N/A,average,average,average,0,3107186,0,,good,3,EN39,Brenner is the man,12/23/2004,2.0,2.0,,4,It's my life,3.5,3.5,1,N/A,1103841253000,N/A,1040,N/A,,N/A,[],people,people
N/A,good,poor,good,0,2032443,0,,awesome,5,EN39,"Bridges are awesome, Brenner, is awesome",04/26/2004,1.0,1.0,,5,N/A,5.0,5.0,1,N/A,1082977262000,N/A,1040,N/A,,N/A,[],people,people
N/A,good,poor,good,1,1133580,0,,awesome,5,EN39,"He's not just a man, he's a bridge man!",09/14/2003,1.0,1.0,,5,N/A,5.0,5.0,1,N/A,1063549361000,N/A,1040,N/A,,N/A,[],people,person
