attendance,clarityColor,easyColor,helpColor,helpCount,id,notHelpCount,onlineClass,quality,rClarity,rClass,rComments,rDate,rEasy,rEasyString,rErrorMsg,rHelpful,rInterest,rOverall,rOverallString,rStatus,rTextBookUse,rTimestamp,rWouldTakeAgain,sId,takenForCredit,teacher,teacherGrade,teacherRatingTags,unUsefulGrouping,usefulGrouping
N/A,average,average,average,0,20937558,0,,average,3,PHYS10,"He rambles a lot, and can be boring. He's a little wacky, but definitely loves the subject. The class he teaches is more about a conceptual understanding than a mathematical one. He grades pretty easy, labs and homework are basically a given 00%. Tests not so much, but he lets you have a cheat sheet for every one.",12/03/2012,2.0,2.0,,3,Really into it,3.0,3.0,1,No,1354545873000,N/A,1040,N/A,,N/A,[],people,people
N/A,good,average,good,0,18262071,0,,awesome,5,PHY02,"I hate physics, but during recitation sections, he makes Physics bearable due to the unbelievable love he shows for the subject.",03/09/2011,2.0,2.0,,5,Sorta interested,5.0,5.0,1,Yes,1299692023000,N/A,1040,N/A,,N/A,[],people,people
N/A,average,average,average,0,17601907,0,,poor,2,PHYS13,"Not good. Doesn't talk about the material in a meaningful way, and doesn't explain anything or talk about how to do problems. He just blabs about nothing.  And he assigned a textbook that isn't published yet, so it's in a binder, but his friend wrote it, so we're basically proofing it, which is a waste of time, since it's not a good book.",09/19/2010,3.0,3.0,,2,It's my life,2.0,2.0,1,No,1284928646000,N/A,1040,N/A,,N/A,[],people,people
N/A,poor,good,poor,0,13526584,0,,awful,1,PHY32,"Worst teacher ever. He shows up about 15 minutes late everyday, not that it matters, because the time that he is there is spent writing illegible nonsense on the board, often unproved equations, then playing with them and arriving at a new equation, which isn't the right answer, cuz there is no answer, he was just playing with it for no reason!",10/15/2007,4.0,4.0,,1,It's my life,1.0,1.0,1,No,1192407502000,N/A,1040,N/A,,N/A,[],people,people
N/A,good,average,good,0,3100557,0,,good,4,QUANTUMPHYSICS,"One of my favorite classes.We did the math & discussed the philosophy.He brings his excitement to the material...sometimes that takes him on a tangent.Very nice guy,shows concern for students. His lectures aren't as structured as some,they are more like discussions...but some learn better that way.",12/22/2004,3.0,3.0,,4,Really into it,4.0,4.0,1,N/A,1103749460000,N/A,1040,N/A,,N/A,[],people,people
N/A,poor,good,poor,0,1863400,0,,awful,1,PHYSICS,"RUN don't walk away from this man's courses. He never teaches the material, is dreadfully boring and is a hard marker in the end. He should not be teaching anymore.",03/29/2004,5.0,5.0,,1,N/A,1.0,1.0,1,N/A,1080568979000,N/A,1040,N/A,,N/A,[],people,people
N/A,poor,poor,poor,0,1725233,0,,poor,1,PHYSICS10,"He is such a nice guy, just too smart for his own good :(.",02/17/2004,1.0,1.0,,2,N/A,1.5,1.5,1,N/A,1077015228000,N/A,1040,N/A,,N/A,[],people,people
N/A,average,average,average,0,1360713,0,,poor,2,PHY10,He digresses a lot and can't explain things in a concise matter.  The subject matter isn't that difficult but his lectures make it confusing.  He is very nice and easy to talk to though.,11/19/2003,3.0,3.0,,2,N/A,2.0,2.0,1,N/A,1069272538000,N/A,1040,N/A,,N/A,[],people,people
N/A,poor,average,poor,0,549005,0,,awful,1,PHY2,A horrible teacher.,02/07/2003,3.0,3.0,,1,N/A,1.0,1.0,1,N/A,1044625397000,N/A,1040,N/A,,N/A,[],people,people
