attendance,clarityColor,easyColor,helpColor,helpCount,id,notHelpCount,onlineClass,quality,rClarity,rClass,rComments,rDate,rEasy,rEasyString,rErrorMsg,rHelpful,rInterest,rOverall,rOverallString,rStatus,rTextBookUse,rTimestamp,rWouldTakeAgain,sId,takenForCredit,teacher,teacherGrade,teacherRatingTags,unUsefulGrouping,usefulGrouping
Mandatory,poor,good,poor,0,31819103,0,,awful,1,ENG0051,"Her Intro to Shakespeare class was actually so bad that it made me, a prospective English minor, never want to take another English class again. No clear grading criteria, no sense of what mattered and what didn't. Lectures were worthless- I would've gotten just as much out of reading Shakespeare on my own.",05/09/2019,4.0,4.0,,1,N/A,1.0,1.0,1,Yes,1557366565000,No,1040,Yes,,A-,"['Tough grader', 'Get ready to read']",people,people
Not Mandatory,poor,good,poor,1,22935515,2,,poor,1,ENG0046,"SO disorganized, scattered, and confusing. She never has time to cover even half of the material she assigns and there is no method to her analysis. She's all over the place and she ruins good books by poorly discussing them. Terrible, stressful class. Do not recommend.",03/22/2014,5.0,5.0,,2,Low,1.5,1.5,1,No,1395498964000,N/A,1040,N/A,,N/A,[],people,person
N/A,average,average,average,1,22756883,0,,average,2,ENG0050,"She is interesting, and really passionate about the subject. When it comes to essays, she is a tough grader. If you like the subject, take the class. The discussions in class were usually fun!",01/15/2014,3.0,3.0,,3,Really into it,2.5,2.5,1,Yes,1389801425000,N/A,1040,N/A,,N/A,[],people,person
N/A,poor,good,poor,0,20740287,1,,awful,1,ENG31,So scattered. She goes off on tangents that are irrelevant to the topic. Assignes waay too much reading and then does not even cover half of it adequately in class. Do not take her class.,10/25/2012,4.0,4.0,,1,Sorta interested,1.0,1.0,1,No,1351203332000,N/A,1040,N/A,,N/A,[],person,people
N/A,good,average,good,1,20560020,1,,awesome,5,ENG102,A wonderful professor.Very Interesting.Very Helpful.Real Interest in students,08/09/2012,3.0,3.0,,5,It's my life,5.0,5.0,1,Yes,1344524158000,N/A,1040,N/A,,N/A,[],person,person
N/A,average,average,average,2,20014679,0,,average,3,ENG029,"She was really upbeat and good at promoting discussion, albeit a little scattered. I can see how she would not do well teaching a large class but for this small class of 12 she did quite well.",04/08/2012,2.0,2.0,,3,Really into it,3.0,3.0,1,Yes,1333924583000,N/A,1040,N/A,,N/A,[],people,people
N/A,average,good,average,2,17679132,1,,poor,2,ENG22,"The WORST professor I've had in the English Department. She is extremely disorganized and seems physically incapable of expressing herself clearly--the archetype for the jumbled, spacey professor who you can't learn from. Impossibly high standards for papers, but if you go to her office hours maybe she'll like you a little.",10/21/2010,4.0,4.0,,2,Really into it,2.0,2.0,1,Yes,1287673624000,N/A,1040,N/A,,N/A,[],person,people
N/A,average,good,poor,1,16587049,0,,poor,2,ENG21,Genster is the worst professor I've ever had. She assigns too much reading to cover in class. No idea about the relevance or work load in relation to her students. More concerned with her disjointed ideas then students' understanding and comprehension of material. She is an awful lecturer - ruined English lit for me.,12/17/2009,5.0,5.0,,1,Really into it,1.5,1.5,1,Yes,1261072633000,N/A,1040,N/A,,N/A,[],people,person
N/A,average,good,average,1,16587027,0,,poor,2,ENG21,No grasp on the capabilities of her students.  Does not cover ANY of the readings effectively.  Avoid General View of English Lit like the plague.,12/17/2009,4.0,4.0,,2,Sorta interested,2.0,2.0,1,Yes,1261072497000,N/A,1040,N/A,,N/A,[],people,person
N/A,average,good,average,1,16181900,0,,good,3,ENG31,"Professor Genster is hilarious. She may be a little scattered but if you're able to keep up its a great class. The reading is a lot, and she does grade pretty hard but it's worth it if you're willing to put in the effort.",09/10/2009,4.0,4.0,,4,Really into it,3.5,3.5,1,Yes,1252591485000,N/A,1040,N/A,,N/A,[],people,person
N/A,average,average,average,2,14842395,0,,poor,2,ENG31,"I tried to like Julia Genster.  She clearly is interested in what she teaches, unfortunately this does nothing to make up for her just not being a very good teacher.  She is highly ineffective, extremely scattered, and while she has some interesting insights, she fails to share them in a cogent manner.  I would never take a class with her again.",09/30/2008,2.0,2.0,,2,Really into it,2.0,2.0,1,No,1222791709000,N/A,1040,N/A,,N/A,[],people,people
N/A,good,average,good,0,12754070,0,,awesome,5,ENG0021,"Professor Genster tackles a difficult task, a survey course which hopes to cover more material than possible, in an energetic and enthusiastic manner.  She truly cares about her students and their progress and is incredibly available to her students at all hours.  She makes time for individual meetings and greatly encourages class participation.",01/10/2007,3.0,3.0,,5,Sorta interested,5.0,5.0,1,Yes,1168431969000,N/A,1040,N/A,,N/A,[],people,people
N/A,average,average,average,0,12073215,0,,average,2,ENG52,"She is really nice but this class is all over the place.  Since it covers such a broad timespan, the reading load is ridiculous.  However, it's easy to sit in class without having done the reading because there's no time to discuss everything in-depth.",07/12/2006,3.0,3.0,,4,Low,3.0,3.0,1,N/A,1152718312000,N/A,1040,N/A,,N/A,[],people,people
N/A,poor,good,average,1,11870193,0,,average,1,ENGLISH52,"Here's the thing about this class.  It's absurd to expect any teacher to condense all of this material into one semester's worth of reading.  And I appreciate JG's effort, but there's so much material, and so little of it is actually discussed in class, that I learned almost nothing from discussions.  She is also a tough grader which isn't fun.",05/11/2006,4.0,4.0,,4,Low,2.5,2.5,1,N/A,1147363213000,N/A,1040,N/A,,N/A,[],people,person
N/A,average,average,average,0,3767249,0,,average,3,ENG92AND192,"She may be a tough grader, but Genster is THE****. She's insanely witty (and kind of insane, but in a good way), entertaining, and sharp as a tack. It's unbelievable how well-rounded this English professor is. She once lectured a bit on Newtonian physics.",05/02/2005,3.0,3.0,,3,Sorta interested,3.0,3.0,1,N/A,1115075875000,N/A,1040,N/A,,N/A,[],people,people
N/A,good,average,good,0,2278535,0,,awesome,5,SHAKEFILM,"She's a bit scattered, yes, but highly intelligent and assertive in her views. Has interesting insights and lively (if not manic), extemporaneous sideshows. She is a great and entertaining instructor if you are only willing to go along with the ride.",06/27/2004,3.0,3.0,,5,N/A,5.0,5.0,1,N/A,1088379161000,N/A,1040,N/A,,N/A,[],people,people
N/A,average,good,average,0,1480873,0,,poor,2,ENGLISH51,"Wow.  She seriously has some serious problems staying focused.  She goes off on way too many tangents, and has really complex ideas that she has trouble communicating.  The reading is also just too much.  Nonetheless, she's a nice woman, and she tries!",12/10/2003,4.0,4.0,,2,N/A,2.0,2.0,1,N/A,1071099836000,N/A,1040,N/A,,N/A,[],people,people
N/A,poor,good,poor,0,937400,0,,poor,1,ENG52,No Comments,05/07/2003,4.0,4.0,,2,N/A,1.5,1.5,1,N/A,1052337604000,N/A,1040,N/A,,N/A,[],people,people
N/A,poor,good,average,0,894272,0,,poor,1,ENG52,"She's all over the place, I totally can't understand what she's talking about. The reading is abundant and not very interesting.",04/27/2003,4.0,4.0,,3,N/A,2.0,2.0,1,N/A,1051486205000,N/A,1040,N/A,,N/A,[],people,people
N/A,good,average,good,0,881599,0,,awesome,4,ENG52,"there actually isn't that much reading relative to most lit. courses. genster moves fast but that's the nature of a survey. some have accused her of being hard to understand, I disagree. despite this she's always been available for help or explanation.",04/24/2003,3.0,3.0,,5,N/A,4.5,4.5,1,N/A,1051219194000,N/A,1040,N/A,,N/A,[],people,people
N/A,average,average,average,0,880602,0,,average,2,ENG52,"soooooo very average. the class is a ton of reading (naturally) and mostly boring. she's fine, just kind of flighty.",04/24/2003,3.0,3.0,,3,N/A,2.5,2.5,1,N/A,1051208286000,N/A,1040,N/A,,N/A,[],people,people
N/A,average,good,average,0,878180,0,,average,3,ENG51,"This was a very hard dry class, it's something you have to do for an english major, but don't get your hopes up: hard grader, more reading than you can imagine, very hard quizzes, final's a killer. Good luck.",04/24/2003,5.0,5.0,,3,N/A,3.0,3.0,1,N/A,1051184027000,N/A,1040,N/A,,N/A,[],people,people
N/A,poor,good,poor,0,874821,0,,poor,1,ENG52,No Comments,04/23/2003,4.0,4.0,,2,N/A,1.5,1.5,1,N/A,1051122164000,N/A,1040,N/A,,N/A,[],people,people
N/A,average,good,average,0,873700,0,,average,3,ENGLISH52,"She was very unorganized. She grades hard, but is willing to help you work on essays and things.",04/23/2003,4.0,4.0,,3,N/A,3.0,3.0,1,N/A,1051112555000,N/A,1040,N/A,,N/A,[],people,people
N/A,average,good,average,0,872435,0,,average,3,ENG52,No Comments,04/23/2003,4.0,4.0,,3,N/A,3.0,3.0,1,N/A,1051100925000,N/A,1040,N/A,,N/A,[],people,people
N/A,average,average,average,0,866018,0,,average,3,ENG51A,"she's all over the place...her high pitched voice alone make you dread going to class...very enthusiastic but on another planet...pretty boring, not the worst ever",04/22/2003,3.0,3.0,,3,N/A,3.0,3.0,1,N/A,1051017165000,N/A,1040,N/A,,N/A,[],people,people
N/A,good,good,good,0,865404,0,,good,4,ENG52,"This was a difficult course, and went very quickly through lots of info, but she's a pretty decent teacher.  I enjoyed the classes.",04/22/2003,4.0,4.0,,4,N/A,4.0,4.0,1,N/A,1051012244000,N/A,1040,N/A,,N/A,[],people,people
N/A,poor,average,poor,0,865364,0,,awful,1,ENG52,Horrible professor... scatterbrained & very difficult to understand.,04/22/2003,3.0,3.0,,1,N/A,1.0,1.0,1,N/A,1051011956000,N/A,1040,N/A,,N/A,[],people,people
N/A,poor,average,poor,0,865003,0,,poor,1,ENG52,No Comments,04/22/2003,3.0,3.0,,2,N/A,1.5,1.5,1,N/A,1051008709000,N/A,1040,N/A,,N/A,[],people,people
N/A,good,poor,average,0,864855,0,,good,4,ENG51,"she's brilliant and hilarious. she's not very organized about lecturing, but that doesn't matter too much because her classes are primarily discussion-based.",04/22/2003,1.0,1.0,,3,N/A,3.5,3.5,1,N/A,1051007006000,N/A,1040,N/A,,N/A,[],people,people
N/A,average,average,average,0,864738,0,,average,2,ENG52,No Comments,04/22/2003,2.0,2.0,,4,N/A,3.0,3.0,1,N/A,1051005432000,N/A,1040,N/A,,N/A,[],people,people
N/A,average,average,average,0,551833,0,,poor,2,ENG51,enthusiastic lecturer but quite boring and dry,02/09/2003,3.0,3.0,,2,N/A,2.0,2.0,1,N/A,1044753264000,N/A,1040,N/A,,N/A,[],people,people
