attendance,clarityColor,easyColor,helpColor,helpCount,id,notHelpCount,onlineClass,quality,rClarity,rClass,rComments,rDate,rEasy,rEasyString,rErrorMsg,rHelpful,rInterest,rOverall,rOverallString,rStatus,rTextBookUse,rTimestamp,rWouldTakeAgain,sId,takenForCredit,teacher,teacherGrade,teacherRatingTags,unUsefulGrouping,usefulGrouping
Mandatory,good,good,good,0,32176978,0,,awesome,5,REL0037,"Heather Curtis is probably the best professor I've had at Tufts. She's smart, respected, and gives amazing lectures. Her papers are on the harder side, but they are interesting to work on and rewarding when you finish. I've taken 2 classes with her, and if you have the opportunity to take a smaller class with her, DO IT, you won't regret it!",08/16/2019,4.0,4.0,,5,N/A,5.0,5.0,1,Yes,1565963838000,Yes,1040,Yes,,A,"['Gives good feedback', 'Participation matters', 'Respected']",people,people
Mandatory,good,average,good,0,31425309,0,,awesome,5,AMER188,Prof. Curtis is one of the best instructor's I've had at Tufts. Definitely take her class,03/11/2019,3.0,3.0,,5,N/A,5.0,5.0,1,Yes,1552339804000,Yes,1040,Yes,,B+,"['Caring', 'Amazing lectures', 'Accessible outside class']",people,people
Mandatory,good,average,good,0,30126771,0,,good,4,RELANDUSPOL42,"Professor Curtis is great; she really cares about her students and is extremely passionate about what she teaches. I found her lectures to get a little dry sometimes, but she's more than willing to talk to you in office hours, as long as you have specific questions and can hold a conversation about the course material.",05/16/2018,3.0,3.0,,4,N/A,4.0,4.0,1,Yes,1526487328000,Yes,1040,Yes,,N/A,[],people,people
Mandatory,good,average,good,0,29674622,0,,awesome,5,RELANDUSPOL42,"Religion and Politics in American History is one of the most interesting classes you will take at Tufts. It is not very hard, but there is a fair amount of reading and the final is a lot of work. Highly recommend, Prof C is the best",03/20/2018,3.0,3.0,,5,N/A,5.0,5.0,1,Yes,1521573772000,Yes,1040,Yes,,A,"['Participation matters', 'Get ready to read', 'Accessible outside class']",people,people
Mandatory,good,good,good,1,29085131,0,,good,4,AMER0015,"Professor Curtis was caring and knowledgable, but I felt she graded my essays a little harshly, and her take home final is monstrous. I highly recommend her to people majoring in history/politics, but not if you are just looking for a fun/interesting history credit as it is a lot of work and getting an A wasn't doable for me.",12/07/2017,4.0,4.0,,4,N/A,4.0,4.0,1,No,1512665621000,Yes,1040,Yes,,B+,"['Accessible outside class', 'Caring', 'Tough grader']",people,person
Mandatory,good,good,good,1,28940466,0,,awesome,5,RELANDUSPOL42,"Professor Curtis is my Religion and Politics in American History teacher and my advisor! She's really caring and knows so much about what she teaches. Definitely take her class if you're interested in the intersection between religion and things like race, wealth, gender, minority groups etc. Definitely wants a high level of writing but fair grader",11/20/2017,4.0,4.0,,5,N/A,5.0,5.0,1,No,1511191692000,Yes,1040,Yes,,N/A,"['Get ready to read', 'Caring', 'Graded by few things']",people,person
Mandatory,good,good,good,0,27672463,0,,awesome,5,REL42,"Prof Curtis is amazing, she really opened up the entire history of the U.S to scrutiny through a religious lens. LOTS of reading, the papers we did were really interesting and allowed for a lot of freedom. You really have to dig in to do well, but Professor Curtis is brilliantly intelligent and so accessible. She really wants you to succeed",01/04/2017,4.0,4.0,,5,N/A,5.0,5.0,1,No,1483553130000,Yes,1040,Yes,,N/A,"['Respected', 'Get ready to read', 'Gives good feedback']",people,people
Mandatory,good,average,good,0,27554790,0,,awesome,5,RELANDUSPOL42,"Professor Curtis was great. She takes feedback seriously and will incorporate suggestions into the class. Two major papers (8 pgs each), participation, weekly posts on reading, and a take-home final exam. Some sections of the class can get a little boring in lecture but for the most part the class is very interesting. She's always available.",12/18/2016,3.0,3.0,,5,N/A,5.0,5.0,1,Yes,1482070424000,Yes,1040,Yes,,A,"['Get ready to read', 'Gives good feedback', 'Participation matters']",people,people
Mandatory,good,good,good,2,27339590,0,,awesome,5,RELANDUSPOL42,"I LOVE Professor Curtis. I want her to be my professor every semester. She is kind, intelligent, respectful, knowledgeable, and so unbelievably organized. I'm Am Studies and Poly Sci so this class was also amazing, but I would take anything with her after having such a great experience. 10/10 recommend.",12/05/2016,4.0,4.0,,5,N/A,5.0,5.0,1,Yes,1480961089000,Yes,1040,Yes,,B+,"['Clear grading criteria', 'Accessible outside class', 'Participation matters']",people,people
N/A,good,good,good,1,23497831,0,,awesome,4,CR35,"Professor Curtis is a lovely woman. She is very helpful and knows a lot about Religion. Thee class is heavy with lectures (although she tries to get discussion in there and there is a lot of material to cover. She grades pretty hard, but fair, on the essays. Final is a take home exam which is not easy but do-able.",08/04/2014,4.0,4.0,,5,Sorta interested,4.5,4.5,1,Yes,1407158170000,N/A,1040,N/A,,N/A,[],people,person
N/A,good,average,good,0,21464086,1,,good,5,RELANDUSPOL42,"The subject matter for this class is really interesting, unfortunately, the actual class (and recitation) was pretty dull. Prof Curtis is very nice (and a very fair grader), but there are a lot of readings. The class is all essays, and the final was a take-home, so its pretty easy to get an A-, but hard to get an A.",03/29/2013,2.0,2.0,,3,Sorta interested,4.0,4.0,1,Yes,1364586729000,N/A,1040,N/A,,N/A,[],person,people
N/A,average,average,average,0,18656738,3,,average,3,AMER188,"Hist. of Relig in America was offered as a history course, religion course, and am. studies course. it relied heavily on primary source analysis, mostly dominant narriative overview of american religion since the 1600s. Prof. curtis is really pretty and she loves class involvement. just don't take everything at face value. ask questions. hard ones.",05/24/2011,3.0,3.0,,3,Really into it,3.0,3.0,1,Yes,1306239130000,N/A,1040,N/A,,N/A,[],people,people
N/A,good,good,good,0,14078865,0,,awesome,5,CR35,Professor Curtis is wonderful.  She presents both the material and her expectations with great clarity.  She also manages to keep a nice balance between lecture and discussion (while covering a VERY large amount of material).  She is very open minded and encourages students to think critically about the various concepts presented.,02/07/2008,4.0,4.0,,5,It's my life,5.0,5.0,1,Yes,1202399428000,N/A,1040,N/A,,N/A,[],people,people
