attendance,clarityColor,easyColor,helpColor,helpCount,id,notHelpCount,onlineClass,quality,rClarity,rClass,rComments,rDate,rEasy,rEasyString,rErrorMsg,rHelpful,rInterest,rOverall,rOverallString,rStatus,rTextBookUse,rTimestamp,rWouldTakeAgain,sId,takenForCredit,teacher,teacherGrade,teacherRatingTags,unUsefulGrouping,usefulGrouping
Mandatory,good,average,good,1,27663264,0,,awesome,5,COMP11,"One of the best professors you can have to introduce you to computer science. He is very clear in his lectures, caring towards his students, and he is always available to answer questions. He made computer science very enjoyable; now I'm a major. All of us at the Tufts CS department miss him.",01/03/2017,3.0,3.0,,5,N/A,5.0,5.0,1,No,1483455903000,Yes,1040,Yes,,N/A,"['Respected', 'Accessible outside class', 'Gives good feedback']",people,person
Not Mandatory,good,good,good,1,27185043,0,,awesome,5,COMP11,"Truly incredible professor, really wants his students to succeed and works for it with them. He treats you like a friend more than a student, and is super accessible and easy going. He once helped me until 11pm on a Saturday for a hard project. Love him, and he will be missed dearly.",11/14/2016,4.0,4.0,,5,N/A,5.0,5.0,1,No,1479153909000,Yes,1040,Yes,,N/A,"['Inspirational', 'Accessible outside class', 'Caring']",people,person
Not Mandatory,good,good,good,0,26724559,0,,awesome,5,COMP11,"He is such a high quality professor.  He has over 300 students (& is in charge of so many TAs), and I'm sure he could tell you a random fact about at least half of each of his students, and knows the name of most of us.  The home works and projects are challenging, and that's a good thing b/c you come out learning so much!",06/14/2016,4.0,4.0,,5,N/A,5.0,5.0,1,Yes,1465912238000,Yes,1040,Yes,,A,"['Amazing lectures', 'Lots of homework', 'Inspirational']",people,people
Not Mandatory,good,good,good,0,26706274,0,,awesome,5,COMP11,"He is a good person, and an even better teacher. My friend had to fly back to Korea before the final, and he allowed her to take the exam over the break. He personally graded her final project and paper. Funny, and enthralling.",06/08/2016,4.0,4.0,,5,N/A,5.0,5.0,1,No,1465384641000,Yes,1040,Yes,,A,"['Respected', 'Caring', 'Amazing lectures']",people,people
Not Mandatory,good,good,good,0,26623649,0,,awesome,4,COMP11,"Amazing person, always supportive and is genuinely there is see his students succeed. He is passionate about what he does and is probably one of the best to be teaching an intro-level compsci course. Course is definitely a challenge to newcomers, and you need to put the time in for projects. He is amazingly helpful and does his best to explain",05/20/2016,4.0,4.0,,5,N/A,4.5,4.5,1,No,1463745181000,Yes,1040,Yes,,B+,"['Respected', 'Caring']",people,people
N/A,good,average,good,1,26594204,0,,awesome,5,COMP11,"Quite possibly the best lecturer I've ever had. He had two sections of COMP11 (not to mention other classes), and yet knew my name by day 2. Great, engaging lectures; fun guy; really knows his topic and he basically tells you how to get an A in his class. Stanford kids, you are getting an excellent professor.",05/17/2016,3.0,3.0,,5,N/A,5.0,5.0,1,No,1463446938000,N/A,1040,Yes,,A,"['Hilarious', 'Respected', 'Amazing lectures']",people,person
Not Mandatory,good,average,good,0,26518918,0,,awesome,5,COMP11,"An awesome human being, Idk how else to describe. Is very clear in his lectures/lab sessions, always on piazza to help(almost literally 24-7), cares about students and cares what we have to say about the class, and the class in general is well structured. Very sad that he's leaving. He's the reason why I'm going to major in comp sci",05/09/2016,3.0,3.0,,5,N/A,5.0,5.0,1,Yes,1462828086000,N/A,1040,Yes,,A,"['Hilarious', 'Respected', 'Inspirational']",people,people
Not Mandatory,good,average,good,0,26333277,0,,awesome,5,COMP11,"He's incredibly sweet and helpful, while also being excellent at teaching. Makes endearingly bad jokes. If you're afraid of comp sci (or if you're not), there's no one better to take your first course with.",04/19/2016,3.0,3.0,,5,N/A,5.0,5.0,1,No,1461107818000,Yes,1040,Yes,,A,"['Gives good feedback', 'Caring']",people,people
Not Mandatory,good,average,good,0,26274449,0,,awesome,4,COMP11,Chris Gregg is by far my favorite professor at Tufts. He truly cares about his students and I am convinced that he lives in Halligan. He is always there when you need help and is hilarious in lectures (you should actually go to those! They are very helpful!). I definitely recommend taking COMP11 with him.,04/11/2016,3.0,3.0,,5,N/A,4.5,4.5,1,No,1460410485000,N/A,1040,Yes,,N/A,"['Respected', 'Caring', 'Gives good feedback']",people,people
Not Mandatory,good,average,good,2,26038138,1,,awesome,4,COMP11,"One of the best teachers out there.  Any class taken with him is amazing, he makes Comp11 so much fun",02/08/2016,3.0,3.0,,5,It's my life,4.5,4.5,1,No,1454940039000,Yes,1040,Yes,,N/A,"['Inspirational', 'Respected']",person,people
Not Mandatory,good,good,good,2,25910457,0,,awesome,4,COMP11,"Amazing professor who really cares about his students. Learned everyone's names within 2 weeks of the semester, in a class of over 100 students. Definitely can't pass the course without putting a lot of time in, but he will help you until you succeed. Fun lectures, informative labs, great guy.",01/10/2016,4.0,4.0,,5,Sorta interested,4.5,4.5,1,Yes,1452384372000,N/A,1040,Yes,,C,"['Respected', 'Caring', 'Amazing lectures']",people,people
Not Mandatory,good,good,good,2,25621723,0,,awesome,5,COMP11,Literally made me love Computer Science again. Best teacher I've ever had.,12/10/2015,4.0,4.0,,5,It's my life,5.0,5.0,1,No,1449714061000,N/A,1040,Yes,,N/A,"['Inspirational', 'Gives good feedback', 'Respected']",people,people
Not Mandatory,good,average,good,0,25621044,0,,awesome,5,COMP11,"Really wants to see you succeed, a diligent and clear lecturer. You will learn a lot if you take comp11 with Chris Gregg and that's a guarantee!",12/10/2015,3.0,3.0,,5,It's my life,5.0,5.0,1,No,1449709890000,N/A,1040,Yes,,N/A,"['Gives good feedback', 'Amazing lectures', 'Caring']",people,people
Not Mandatory,good,average,good,2,25578074,0,,awesome,4,COMP11,"Chris Gregg was an amazing instructor. He works with you on just about everything, and was frequently up answering questions for people on Piazza late into the night. He really cares about all the students in this class- if you work hard, even if comp sci doesn't come naturally to you, it will be recognized.",12/07/2015,2.0,2.0,,5,Sorta interested,4.5,4.5,1,No,1449514386000,N/A,1040,Yes,,A-,"['Respected', 'Inspirational', 'Caring']",people,people
Not Mandatory,good,poor,good,3,25355479,0,,awesome,5,COMP11,"He is the best professor in my first semester of freshman year. His class was well organized, and homework was reasonably graded. He uploads all the classes to youtube, which is super helpful. So sad he is not going to teach Comp15 next semester. As someone who has no previous experience in CS, I learnt a lot through his lectures and assignments.",11/05/2015,1.0,1.0,,5,It's my life,5.0,5.0,1,No,1446762711000,N/A,1040,Yes,,N/A,"['Inspirational', 'Hilarious', 'Amazing lectures']",people,people
N/A,good,average,good,1,25311627,0,,awesome,5,COMP15,"This man is just a gem. I'm inherently not a great coder, but under his supervision (and awesome sense of humor) I was given several opportunities to work on specific skills and get feedback. He's approachable and really tries to connect with his hundreds of students. Seriously. Take a class from this man.",10/29/2015,3.0,3.0,,5,It's my life,5.0,5.0,1,No,1446134070000,Yes,1040,Yes,,N/A,"['Caring', 'Respected']",people,person
Not Mandatory,good,good,good,2,25289428,0,,awesome,5,CS11,"Chris Gregg is amazing!!! If you're in Halligan and having trouble with an assignment, he will sit with you for like 30 minutes and look at your code and make sure you understand what to do.  He's so supportive and is also a great lecturer.  Take his class! ",10/25/2015,4.0,4.0,,5,Sorta interested,5.0,5.0,1,No,1445780306000,Yes,1040,Yes,,N/A,"['Caring', 'Respected']",people,people
Not Mandatory,good,good,good,1,25088038,1,,awesome,5,COMP15,"Like any compsci course, you have to work for your grade, but Chris Gregg is amazing! He's a great professor and such an interesting guy. I'm looking forward to see how he'll inspire comp11 students to pursue the major!",08/03/2015,4.0,4.0,,4,Really into it,4.5,4.5,1,No,1438612626000,Yes,1040,Yes,,A,"['EXTRA CREDIT', 'Caring']",person,person
Not Mandatory,good,good,good,2,25057610,0,,awesome,4,COMP15,"Chris is the first professor at Tufts who I feel actually cared about how I did in the class, and cared about getting to know all his students. Not only is he a really cool guy, he's very helpful and will sit with you 1-1 to help you figure out solutions to problems you are having in class. He's the best! ",07/22/2015,4.0,4.0,,5,Really into it,4.5,4.5,1,No,1437554891000,N/A,1040,Yes,,N/A,[],people,people
N/A,good,average,good,1,24894495,0,,awesome,5,COMP15,"Professor Gregg is pretty awesome. He's super nice and funny, and really wants you to do well in the class. He takes the effort to learn your name, and will help you in labs, or on your homework at 7PM on a Friday night, when it's due at midnight! He records all of the lectures, but going to class helps you.",05/24/2015,2.0,2.0,,5,Sorta interested,5.0,5.0,1,No,1432431708000,Yes,1040,N/A,,N/A,['Caring'],people,person
Not Mandatory,good,poor,good,0,24725232,0,,awesome,5,COMP15,"Super nice guy, great lecturer. I really enjoyed his class. ",05/03/2015,1.0,1.0,,5,It's my life,5.0,5.0,1,No,1430649264000,N/A,1040,Yes,,N/A,[],people,people
N/A,good,average,good,1,24651291,0,,awesome,5,COMP15,"Chris is amazing. Hands down one of the best professors I have ever had! He cares for each student and takes the time to help you no matter what. He never dismissed 'stupid' questions and explains stuff marvelously. If he could teach every CS class, it'd be a dream come true. ",04/22/2015,2.0,2.0,,5,It's my life,5.0,5.0,1,No,1429744038000,N/A,1040,Yes,,N/A,"['Caring', 'Amazing lectures', 'Inspirational']",people,person
Not Mandatory,good,average,good,0,24583539,1,,awesome,5,COMP15,Great professor!! Good at explaining things and always willing to help. Very understanding.,04/13/2015,3.0,3.0,,5,Really into it,5.0,5.0,1,No,1428883525000,N/A,1040,Yes,,A+,"['Respected', 'Amazing lectures', 'Inspirational']",person,people
Not Mandatory,good,average,good,1,24571222,0,,awesome,5,COMP15,"Very easy-going. He is not too serious about deadlines as long as you have a good reason. I once accidentally deleted my homework file, so I went to him and he allowed me to redo the homework with extra time. He also records every single lecture so if you miss a class or just don't feel like going you can always find the lecture video on youtube.",04/09/2015,3.0,3.0,,5,It's my life,5.0,5.0,1,No,1428603238000,N/A,1040,Yes,,A+,"['Respected', 'Gives good feedback', 'Clear grading criteria']",people,person
N/A,good,average,good,1,24543749,0,,awesome,4,COMP15,"Fantastic. Lectures are good and there aren't too many assignments (although the final project was pretty killer). But he is available to help students and overall really, really wants everyone to do well and motivates students. Once I posted a Piazza question and someone answered but Chris found me in Halligan on his way out to make sure I was set",04/04/2015,2.0,2.0,,5,Really into it,4.5,4.5,1,No,1428153668000,N/A,1040,Yes,,N/A,"['Caring', 'Gives good feedback']",people,person
N/A,good,poor,good,0,24537911,0,,awesome,5,COMP15,"He was in navy, and definitely the best computer scientist among his comrade-in-arms. The lecture is crystal clear, and the assignment is considerably easy(as he provided you IO and other stuff, you only need to implement the data structure). The only flaw is that he is not good at debugging. But a good lecturer is all what you want!",04/02/2015,1.0,1.0,,5,It's my life,5.0,5.0,1,Yes,1427995807000,N/A,1040,Yes,,N/A,"['Amazing lectures', 'Clear grading criteria', 'Gives good feedback']",people,people
N/A,good,average,good,0,24461934,1,,awesome,5,COMP15,"Hands down he is the God after prof Sheldon. GREAT teacher, very easy to approach and ask a question, explains the material great, puts the lecture videos on youtube, assignments except the last one are straightforward; however the tests are tough. Prepare well for them. Thanks to him I loved programming and now pursuing a minor in CS  ",03/14/2015,2.0,2.0,,5,Really into it,5.0,5.0,1,Yes,1426371804000,N/A,1040,Yes,,N/A,['Tough grader'],person,people
Not Mandatory,good,average,good,0,24399601,1,,awesome,5,COMP15,"Awesome professor, so many students would have quit the Comp Sci major if they didn't have such a supportive professor.",02/20/2015,2.0,2.0,,5,It's my life,5.0,5.0,1,No,1424444043000,N/A,1040,Yes,,B,"['Respected', 'Caring', 'Clear grading criteria']",person,people
N/A,good,average,good,0,24249540,0,,awesome,5,COMP15,"Great Professor, great class! Professor Gregg makes lectures interesting and still communicates the material well. Assignments were challenging but easy to do well on, and help is always available. ",01/07/2015,2.0,2.0,,5,It's my life,5.0,5.0,1,No,1420657905000,Yes,1040,Yes,,A,"['Respected', 'Gives good feedback']",people,people
N/A,average,average,average,0,24211482,0,,good,3,COMP15,"Extremely helpful on homework assignments and labs, and will often take time in class to help with difficult parts of assignments. Very few projects (6) throughout semester, which are easy, given 1-2 weeks to do each, and labs are simple. Exams are a bit challenging but fine if you went to class.",12/31/2014,2.0,2.0,,4,It's my life,3.5,3.5,1,No,1420062158000,N/A,1040,Yes,,N/A,"['Respected', 'Caring', 'EXTRA CREDIT']",people,people
N/A,good,poor,good,0,24187883,0,,awesome,5,COMP15,"He is a really nice and charismatic guy. He is clear during lectures and happily takes questions (although sometimes seems like he just reads from Wikipedia, not much depth). He gets the material across clearly, sometimes shows up at labs, is always available after class to talk, and cares that every person does well. Funny too, in a quirky way.",12/26/2014,1.0,1.0,,5,It's my life,5.0,5.0,1,No,1419565670000,Yes,1040,Yes,,N/A,['Caring'],people,people
Not Mandatory,good,poor,good,0,24170522,0,,awesome,5,COMP15,The class is informative and interesting. The only negative is that is does not provide a great preparation for Comp40,12/22/2014,1.0,1.0,,4,Really into it,4.5,4.5,1,No,1419272318000,N/A,1040,Yes,,A-,['Respected'],people,people
Not Mandatory,good,poor,good,0,23745127,0,,awesome,4,15,"Great teacher! He's not a jaded, old guy so he really cares and is passionate about what he teachers. Sorta funny. Liked the class so much he's my advisor (he's an excellent advisor, too).",11/04/2014,1.0,1.0,,5,It's my life,4.5,4.5,1,No,1415142007000,Yes,1040,Yes,,B+,"['EXTRA CREDIT', 'Caring']",people,people
N/A,good,poor,good,0,23597960,0,,awesome,4,COMP15,Great guy connects material to current topics in computer science and makes you feel like you understand data structures beyond the classroom. Very understanding and approachable quite easy much easier than 11 with sheldon for me but I could have just understood material better.,09/17/2014,1.0,1.0,,5,It's my life,4.5,4.5,1,No,1410953187000,N/A,1040,Yes,,N/A,['Caring'],people,people
Not Mandatory,good,poor,good,0,23185220,0,,awesome,4,COMP15,"Very nice will help with any question you have, class or non class related. Lectures are a little easy and he has a tendency to spend too long on the same example.",05/07/2014,1.0,1.0,,5,Really into it,4.5,4.5,1,No,1399459578000,N/A,1040,N/A,,N/A,[],people,people
Not Mandatory,good,poor,good,0,23185195,0,,awesome,4,COMP15,"Could not make the class much easier. Puts lots of time and effort into helping students debug, and understand concepts. Tries to make himself available when in Halligan",05/07/2014,1.0,1.0,,5,Really into it,4.5,4.5,1,No,1399459385000,N/A,1040,N/A,,B+,[],people,people
Not Mandatory,good,average,good,0,23046782,0,,awesome,5,COMP15,"Awesome professor and great guy. Not a difficult class or assignments, and really great and engaging lectures. I've learned so much from this class",04/16/2014,2.0,2.0,,5,It's my life,5.0,5.0,1,No,1397645405000,N/A,1040,N/A,,A,[],people,people
Not Mandatory,good,average,good,0,23021831,0,,awesome,5,COMP15,He is an amazing professor who clearly understands and personally likes the material he is teaching.  He is always open and ready to talk for office hours and is a generally nice guy which is often underrated when it comes to professors.,04/10/2014,2.0,2.0,,5,It's my life,5.0,5.0,1,No,1397162843000,N/A,1040,N/A,,N/A,[],people,people
Not Mandatory,good,average,average,0,22934210,0,,good,4,COMP15,"He's not amazing by any means, but he does his job well. I can understand his lectures and he explains topics as well as he can in the time allotted. Also, I have found the keynotes to be very informative if I have trouble keeping up in class.",03/21/2014,2.0,2.0,,3,Really into it,3.5,3.5,1,No,1395435150000,N/A,1040,N/A,,A,[],people,people
Not Mandatory,poor,average,poor,0,22835563,5,,poor,1,COMP15,"I haven't finished the class yet, but so far he's been a struggle. He messes up a lot during lecture. I can forgive him a bit since this is his first semester here and he's a great person, but so far he's been an ok at best professor.",02/11/2014,2.0,2.0,,2,Really into it,1.5,1.5,1,No,1392159026000,N/A,1040,N/A,,N/A,[],people,people
