attendance,clarityColor,easyColor,helpColor,helpCount,id,notHelpCount,onlineClass,quality,rClarity,rClass,rComments,rDate,rEasy,rEasyString,rErrorMsg,rHelpful,rInterest,rOverall,rOverallString,rStatus,rTextBookUse,rTimestamp,rWouldTakeAgain,sId,takenForCredit,teacher,teacherGrade,teacherRatingTags,unUsefulGrouping,usefulGrouping
N/A,average,average,average,0,16129677,0,,average,3,EC35,If you are an independent student and really can teach yourself with the book go for it. If you'd like to have an interesting professor to bring the material to life ...not so much. He is nice though.,08/18/2009,2.0,2.0,,2,Really into it,2.5,2.5,1,Yes,1250561902000,N/A,1040,N/A,,N/A,[],people,people
N/A,good,average,good,0,15504209,0,,good,4,EC35,"knowledgeable about economic development, pretty helpful outside of class",03/03/2009,3.0,3.0,,4,Really into it,4.0,4.0,1,Yes,1236122764000,N/A,1040,N/A,,N/A,[],people,people
N/A,good,poor,good,0,14936044,0,,awesome,5,EC1,one of the best teachers i've ever had! take him!,11/04/2008,1.0,1.0,,5,It's my life,5.0,5.0,1,Yes,1225791051000,N/A,1040,N/A,,N/A,[],people,people
N/A,poor,good,poor,0,14923228,0,,awful,1,ANYEC,"oh god please don't take ANY class with this professor. if you have to graduate a semester late to avoid his classes, do it. seriously. he is soo apathetic-he doesn't want to explain things, he doesn't want to grade homework, he doesn't want to make reviews... please save yourself the pain, pick another professor.",10/31/2008,4.0,4.0,,1,It's my life,1.0,1.0,1,Yes,1225454042000,N/A,1040,N/A,,N/A,[],people,people
