attendance,clarityColor,easyColor,helpColor,helpCount,id,notHelpCount,onlineClass,quality,rClarity,rClass,rComments,rDate,rEasy,rEasyString,rErrorMsg,rHelpful,rInterest,rOverall,rOverallString,rStatus,rTextBookUse,rTimestamp,rWouldTakeAgain,sId,takenForCredit,teacher,teacherGrade,teacherRatingTags,unUsefulGrouping,usefulGrouping
Mandatory,average,good,average,0,23774308,0,,poor,2,41,Nice person outside of class but overall terrible at teaching. Obviously knows a lot about the subject but clearly has had very little training in pedagogy. You'll really need to teach yourself most of the concepts.,11/09/2014,4.0,4.0,,2,Really into it,2.0,2.0,1,Yes,1415560178000,N/A,1040,Yes,,B+,"['Lecture heavy', 'Tough grader']",people,people
Mandatory,good,good,good,0,23113587,1,,awesome,4,BIO50,"Dr Gaudette has been teaching for years and has this class down pat. There are a few variations between years when she tries something different, but it's definitely a valuable class. If you mess up a sample she works hard to find a way you can still complete the lab. The overall class is hard but do the reading and it's so worth it!",04/28/2014,4.0,4.0,,5,Really into it,4.5,4.5,1,Yes,1398689574000,N/A,1040,N/A,,N/A,[],person,people
N/A,poor,good,poor,3,22618598,0,,awful,1,BIO41,"Worst teacher I have ever had the displeasure of having. Incapable of transmitting information to students, so if you can't teach yourself material, this professor is out of the question. Her exams are meant to trick you instead of testing comprehension of material, while she has a very condescending manner for those who don't understand. AVOID.",12/19/2013,5.0,5.0,,1,Meh,1.0,1.0,1,No,1387475785000,N/A,1040,N/A,,N/A,[],people,people
N/A,poor,good,poor,2,21549585,0,,awful,1,BIO13,Avoid her at any cost. Don't even bother.,04/17/2013,5.0,5.0,,1,Really into it,1.0,1.0,1,Yes,1366166684000,N/A,1040,N/A,,N/A,[],people,people
N/A,poor,good,poor,1,21174047,0,,poor,1,BIO41,"Dr. Gaudette is extremely smart and knowledgeable about genetics, but she simply cannot teach. She's all over the place and she is unable to explain simple concepts succinctly.",12/27/2012,4.0,4.0,,2,Really into it,1.5,1.5,1,Yes,1356611810000,N/A,1040,N/A,,N/A,[],people,person
N/A,average,good,average,0,19651159,0,,good,2,BIO0041,"Just going to lectures isn't a very good strategy for this class. It's a hard class, it seems like she strives to make it more difficult, but with a lot of outside prep work and going to office hours every week, it is possible to do very well. She doesn't really believe in curves, but does adjust the final grades minutely.",01/02/2012,5.0,5.0,,5,Really into it,3.5,3.5,3,Yes,1325470966000,N/A,1040,N/A,,N/A,[],people,people
N/A,average,good,average,0,19598246,0,,average,2,BIO41,"Difficult grader.  you could understand all of the content of the class and find it really interesting, but still not do well on her badly written exams.  She wants to help her students  ( and goes to great lengths to learn all of their names), but she is incapable of giving clear concise explanations.    The textbook was clearer than her lectures.",12/21/2011,5.0,5.0,,3,Sorta interested,2.5,2.5,1,Yes,1324501763000,N/A,1040,N/A,,N/A,[],people,people
N/A,average,average,poor,0,18505846,0,,poor,2,BIO152,Ugh.,05/02/2011,3.0,3.0,,1,Really into it,1.5,1.5,1,No,1304332971000,N/A,1040,N/A,,N/A,[],people,people
N/A,poor,good,poor,0,17610075,1,,awful,1,BIO41,"The most boring professor ever.  I know people always say this about their prof, but  I really mean it.  Think of the most boring professor you ever had and then multiply it by 5.  Whole rows of people were falling asleep in class.  Besides that she cannot teach.  She often messes up problems in class. She couldn't add 18+13.",09/23/2010,5.0,5.0,,1,It's my life,1.0,1.0,1,No,1285253976000,N/A,1040,N/A,,N/A,[],person,people
N/A,average,good,average,0,16602938,0,,average,3,BIO41,"Prof. Gaudette drove me crazy.  She speaks down to the students, as if we are idiots, but gets hopelessly confused when we ask questions.  The material she taught was interesting, but it was too painful to pay attention.",12/19/2009,5.0,5.0,,2,It's my life,2.5,2.5,1,Yes,1261227586000,N/A,1040,N/A,,N/A,[],people,people
N/A,poor,good,poor,0,16389045,0,,awful,1,BIO0041,"horrible professor- She goes into advanced genetics stuff without going over the basics- all powerpoint w/ just about no sample problems, and if she does a sample problem, she's likely to mess it up- worst prof I've had so far",11/18/2009,5.0,5.0,,1,Sorta interested,1.0,1.0,1,Yes,1258515974000,N/A,1040,N/A,,N/A,[],people,people
N/A,good,average,good,0,16376833,0,,good,4,BIO41,I had gaudette for genetics and her lectures are pretty clear and straightforward. Seems pretty approachable too. Tests are fair. Id take her over Siegel anyday.,11/16/2009,3.0,3.0,,4,Sorta interested,4.0,4.0,3,Yes,1258387710000,N/A,1040,N/A,,N/A,[],people,people
N/A,average,average,average,0,12726914,0,,good,3,BIO3,"It is very possible to get an A in this course without beating yourself over the head. Take advantage of weekly quizzes to help your final grade. Show effort by attending help sessions and it will boost grade a bit. If you attend class and take notes on the slides, you dont need to open your book. Tip: Print out slides and take notes in margins",01/05/2007,3.0,3.0,,4,Sorta interested,3.5,3.5,1,No,1168009604000,N/A,1040,N/A,,N/A,[],people,people
N/A,good,average,good,0,12435316,0,,good,4,BIO3,"She was nice.  She really made an attempt to help everyone out and get to know everyone in the class.  It was a little hard, but it's Bio... of course it's at least a little hard.",11/16/2006,3.0,3.0,,4,Really into it,4.0,4.0,1,Yes,1163707916000,N/A,1040,N/A,,N/A,[],people,people
N/A,poor,good,poor,0,10665204,0,,awful,1,BIO3,"Gaudette is a really nice woman but as a professor, she is absolutely atrocious.  She makes a ton of mistakes mixing definitions, etc. up which makes learning biology practically impossible for someone who knows absolutely nothing about it.  She complicates everything and is horrible at clarification!",10/30/2005,4.0,4.0,,1,Meh,1.0,1.0,1,N/A,1130691445000,N/A,1040,N/A,,N/A,[],people,people
N/A,poor,good,poor,0,3955623,0,,awful,1,BIO41,"boring lecturer, does not teach anything. awful.",06/02/2005,5.0,5.0,,1,Really into it,1.0,1.0,1,N/A,1117743788000,N/A,1040,N/A,,N/A,[],people,people
N/A,poor,good,poor,0,3889466,2,,awful,1,BIO3,The worst professor that I have ever taken at Tufts. Relies on boring powerpoint presentations too much and talks about her kids all the time. Her exams do not make any reference to the material on lectures nor the book whatsoever. Studying for her class seems almost pointless since all the material arbitrary. Very misleading with students' grades.,05/19/2005,5.0,5.0,,1,Really into it,1.0,1.0,1,N/A,1116499938000,N/A,1040,N/A,,N/A,[],people,people
N/A,average,good,average,0,3221160,0,,good,3,BIO3,"Professor Gaudette is actually very nice when you talk to her outside of class, which was surprising because she gives the impression of being  a bit mean at times. Her class is hard, but at least there is no lab. I wouldn't recommend to fill a science credit, but if needed as a requirement, it's ok",01/14/2005,4.0,4.0,,4,Sorta interested,3.5,3.5,1,N/A,1105694864000,N/A,1040,N/A,,N/A,[],people,people
N/A,average,good,average,0,3062804,0,,average,3,BIO3,"This class wasn't much easier than Bio 13! Although it's definitely a lot of work, at the end, I was proud of myself for getting thru it. Though Gaudette can be ****y, other times she's quite nice, and she does make herself available for office hours & review sessions.",12/17/2004,5.0,5.0,,3,Low,3.0,3.0,1,N/A,1103323903000,N/A,1040,N/A,,N/A,[],people,people
N/A,poor,good,poor,0,2757238,0,,awful,1,BIO3,No Comments,11/16/2004,5.0,5.0,,1,Meh,1.0,1.0,1,N/A,1100633237000,N/A,1040,N/A,,N/A,[],people,people
N/A,poor,good,poor,0,2756398,0,,awful,1,BIO3,"The tests are hard-and don't need to be. avoid this class and go to bio 13 even if u think that you dont know enough because she is not good. she is really condescending and boring. However, she does make herself available for office hours and time outside class.",11/16/2004,5.0,5.0,,1,Sorta interested,1.0,1.0,1,N/A,1100629905000,N/A,1040,N/A,,N/A,[],people,people
N/A,poor,good,poor,0,2755108,0,,poor,1,BIO3,"horrible teacher, discouraged me from ever taking a biology course again.  Try your hardest to avoid her",11/16/2004,4.0,4.0,,2,Sorta interested,1.5,1.5,1,N/A,1100624822000,N/A,1040,N/A,,N/A,[],people,people
N/A,poor,good,poor,0,2631736,0,,poor,1,BIO3,one of the worst teachers i've had here so far,11/01/2004,4.0,4.0,,2,It's my life,1.5,1.5,1,N/A,1099345699000,N/A,1040,N/A,,N/A,[],people,people
N/A,poor,average,poor,0,2226130,0,,awful,1,BIO152,"Pretty horrendous teacher, especially compared to Feldberg who taught with her.  He makes her seem stupid, and she is.  She's also belligerent.",06/07/2004,3.0,3.0,,1,N/A,1.0,1.0,1,N/A,1086620126000,N/A,1040,N/A,,N/A,[],people,people
N/A,average,good,average,0,866162,0,,poor,3,BIO152,No Comments,04/22/2003,5.0,5.0,,1,N/A,2.0,2.0,1,N/A,1051018192000,N/A,1040,N/A,,N/A,[],people,people
N/A,average,good,poor,0,865479,0,,poor,2,BIO53,"seems nice at first, but talks down to students and seems to try to make them look and feel stupid to make up for her own inadiquicies",04/22/2003,4.0,4.0,,1,N/A,1.5,1.5,1,N/A,1051012910000,N/A,1040,N/A,,N/A,[],people,people
