attendance,clarityColor,easyColor,helpColor,helpCount,id,notHelpCount,onlineClass,quality,rClarity,rClass,rComments,rDate,rEasy,rEasyString,rErrorMsg,rHelpful,rInterest,rOverall,rOverallString,rStatus,rTextBookUse,rTimestamp,rWouldTakeAgain,sId,takenForCredit,teacher,teacherGrade,teacherRatingTags,unUsefulGrouping,usefulGrouping
N/A,good,average,good,0,24462447,0,,awesome,4,EC12,"Incredibly engaging and helpful. Not every econ. prof. actually gets the class engaged in a conversation. Macro with Prof. Chiang was one of the best courses I took as an undergrad. He definitely boosted my interest in economics. (And to boot, he wasn't a stickler about due dates.)",03/15/2015,2.0,2.0,,5,It's my life,4.5,4.5,1,Yes,1426401914000,N/A,1040,Yes,,N/A,[],people,people
N/A,good,good,good,0,20982845,0,,awesome,4,EC12,"Overall a really friendly guy. Goes through the lecture pretty fast, and the material is somewhat difficult. You can tell he has a big math background, because he gets lost in explaining mathematical concepts I feel like many of us don't understand. However, overall a solid teacher",12/07/2012,4.0,4.0,,5,Really into it,4.5,4.5,1,Yes,1354889607000,N/A,1040,N/A,,N/A,[],people,people
N/A,average,good,average,0,20767707,0,,good,2,EC24,"His p-sets are near impossible to do unless you go to office hours, where he ends up having to give you the answers because it's so difficult (everyone else in the class is in the same boat so OH ends up being extended class time). His tests are somewhat easier compared to the psets but are by no means easy. Def a hard class but you'll learn a lot.",11/02/2012,4.0,4.0,,5,Really into it,3.5,3.5,1,Yes,1351825940000,N/A,1040,N/A,,N/A,[],people,people
N/A,good,average,average,0,20681197,0,,good,4,EC12,"had him for the spring. quite a new professor, but overall good. goes a little fast",10/05/2012,2.0,2.0,,3,Sorta interested,3.5,3.5,1,Yes,1349410564000,N/A,1040,N/A,,N/A,[],people,people
