attendance,clarityColor,easyColor,helpColor,helpCount,id,notHelpCount,onlineClass,quality,rClarity,rClass,rComments,rDate,rEasy,rEasyString,rErrorMsg,rHelpful,rInterest,rOverall,rOverallString,rStatus,rTextBookUse,rTimestamp,rWouldTakeAgain,sId,takenForCredit,teacher,teacherGrade,teacherRatingTags,unUsefulGrouping,usefulGrouping
Not Mandatory,average,good,average,1,31494984,0,,poor,2,MATH34,"I really wanted to like Kropholler as a teacher because he is an incredibly kind person, but I just had a lot of trouble understanding him and his lectures, and so did many other people I knew in the class. He is very smart and clearly understands the math, I think he just has trouble conveying this information.",03/28/2019,4.0,4.0,,2,N/A,2.0,2.0,1,Yes,1553800025000,No,1040,Yes,,N/A,[],people,person
N/A,good,good,good,1,31417869,0,,awesome,5,MATH145,"This class is incredibly demanding. The concepts are difficult and the class is fast-paced. After having taken numerous math classes, what stands out to me about Professor Kropholler is his genuineness. He cares about you, and he wants you to succeed. I struggled in this class greatly, but he wanted me to succeed, which makes all the difference.",03/08/2019,5.0,5.0,,5,N/A,5.0,5.0,1,No,1552076532000,Yes,1040,Yes,,N/A,"['Lots of homework', 'Caring', 'Test heavy']",people,person
N/A,good,average,good,1,31407424,0,,awesome,5,MATH168,"Rob is a great professor for algebraic topology. He made the class appeal to a wide range of skills and interests, and sparked discussion after nearly every class meeting. Lots of pictures too!",03/06/2019,3.0,3.0,,5,N/A,5.0,5.0,1,Yes,1551833196000,Yes,1040,Yes,,N/A,"['Accessible outside class', 'Caring', 'Hilarious']",people,person
N/A,good,average,good,1,31407415,0,,awesome,5,MATH215,"Professor Kropholler's calm demeanor made for a relaxing class environment that was easy to learn in. He'd make mistakes on homework assignments from time to time, but fixing these errors helped me learn even more! Easy to talk to in and out of class - would definitely take a course with him again!",03/06/2019,3.0,3.0,,5,N/A,5.0,5.0,1,Yes,1551833014000,Yes,1040,Yes,,N/A,"['Accessible outside class', 'Gives good feedback']",people,person
N/A,average,average,average,1,31399413,1,,poor,2,MATH0034,I just want to give him a hug and tell him it's ok to hate your job sometimes.,03/03/2019,3.0,3.0,,2,N/A,2.0,2.0,1,No,1551640563000,No,1040,Yes,,N/A,[],person,person
Not Mandatory,good,average,good,1,31397330,0,,awesome,5,MATH215,Lots of examples keep things motivated. Maybe not functional enough for everyone. Would happily take this with Rob again.,03/02/2019,3.0,3.0,,5,N/A,5.0,5.0,1,No,1551511598000,Yes,1040,Yes,,N/A,"['Get ready to read', 'Accessible outside class']",people,person
Not Mandatory,good,average,good,1,31345577,0,,awesome,5,MATH168,"Very conversational lectures where questions were always welcome and answered. Professor Kropholler was also very accessible in office hours and was willing to break down difficult problems. Homework was difficult but there was lots of support, exams were take-home and reasonable.",02/08/2019,3.0,3.0,,5,N/A,5.0,5.0,1,No,1549595035000,Yes,1040,Yes,,N/A,"['Caring', 'Accessible outside class', 'Hilarious']",people,person
Not Mandatory,poor,average,poor,0,31239035,1,,awful,1,MATH145,"Poor job of motivating proofs, just starts writing stuff on the board. Will often talk at the board and mutter under breath. It isn't always clear what direction we're going in.",01/10/2019,3.0,3.0,,1,N/A,1.0,1.0,1,No,1547148133000,No,1040,Yes,,N/A,"['Graded by few things', 'Accessible outside class']",person,people
