attendance,clarityColor,easyColor,helpColor,helpCount,id,notHelpCount,onlineClass,quality,rClarity,rClass,rComments,rDate,rEasy,rEasyString,rErrorMsg,rHelpful,rInterest,rOverall,rOverallString,rStatus,rTextBookUse,rTimestamp,rWouldTakeAgain,sId,takenForCredit,teacher,teacherGrade,teacherRatingTags,unUsefulGrouping,usefulGrouping
Mandatory,good,average,good,1,31021809,0,,awesome,5,JAPN1,"I am glad I took 001 with Kagawa sensei. She really knows what she is doing and is so excited about it. There are many quizzes and homework but they are designed to help you learn, and I am amazed at how much I learned in the end of the semester. She does have high expectations but if you put in enough effort you will definitely get an A.",12/14/2018,2.0,2.0,,5,N/A,5.0,5.0,1,Yes,1544763485000,Yes,1040,Yes,,N/A,"['Participation matters', ""Skip class? You won't pass."", 'Accessible outside class']",people,person
Mandatory,poor,average,poor,0,30046751,2,,awful,1,JAPN1,Lack of communication skills.,05/09/2018,3.0,3.0,,1,N/A,1.0,1.0,1,Yes,1525901143000,No,1040,Yes,,A+,['Beware of pop quizzes'],people,people
Mandatory,good,good,good,0,25311711,0,,awesome,5,JPN003,"I've taken 3 Kagawa classes for a reason. She's is a nutball and it's awesome. Her energy makes you forget she's almost 60. She'll always thoroughly answer questions you have in class, and if you have more, you can always email or go to office hours. Having said that, she can be intimidating. You need to really work to do well in a Kagawa class.",10/29/2015,4.0,4.0,,5,It's my life,5.0,5.0,1,Yes,1446134922000,N/A,1040,Yes,,A-,"['Hilarious', 'Tough grader', 'Participation matters']",people,people
Mandatory,good,average,good,0,25291312,0,,awesome,5,JPN1,"Very good teacher!! So energetic and funny, and knows exactly how to motivate her students to work harder. Personally I do not think she is that harsh, and I received 5/5 for almost all my assignments. If you are serious with Japanese, definitely take her class! (also she is very helpful and friendly during office hours)",10/25/2015,2.0,2.0,,5,It's my life,5.0,5.0,1,Yes,1445816997000,N/A,1040,Yes,,N/A,"['Hilarious', 'Gives good feedback', 'Participation matters']",people,people
Mandatory,good,average,good,0,23073821,0,,awesome,5,JPN004,"Just like the rest of the Japanese professors at Tufts, Kagawa-sensei is absolutely great! Don't be afraid of her, she may come off as strict, but she really wants you to succeed! She definitely helped me perfect certain  tricky grammar nuances. HOWEVER: unlike other sensei, Kagawa gives you 0 for attendance if you skip a class due to sickness.",04/22/2014,2.0,2.0,,5,It's my life,5.0,5.0,1,Yes,1398129730000,N/A,1040,N/A,,A-,[],people,people
N/A,good,good,good,0,21762660,0,,awesome,5,JPN22,"I was nervous about taking a class with Kagawa-sensei because of everything I had heard about her, and my brief previous interactions with her.  She was very helpful and very good at teaching Japanese.  I really learned a lot in her class.  While she was a tough grader, as long as you did the work and kept up, you would do well.",05/15/2013,4.0,4.0,,5,It's my life,5.0,5.0,1,Yes,1368581139000,N/A,1040,N/A,,N/A,[],people,people
N/A,good,average,good,0,20990868,0,,awesome,5,JPN21,"Very good professor. The hardest Japanese lecturer I've had yet, but I've learned so much in this semester that it was all worth it. She's hilarious and caring. Most people's complaints about her is her relatively harsh grading, but she goes over what you have to have answered, and if you just remember to keep that in mind, it's not too bad.",12/08/2012,2.0,2.0,,5,It's my life,5.0,5.0,1,Yes,1354974797000,N/A,1040,N/A,,N/A,[],people,people
N/A,good,good,good,0,18146523,0,,awesome,4,JPN3,"AWESOME teacher but she grades homework so, so harshly! It became really frustrating, even though her tests aren't hard. She's not so good at explaining grammar concepts in English so seek outside help for that, but the exercises and drills we did in class were great.",01/16/2011,5.0,5.0,,5,It's my life,4.5,4.5,1,Yes,1295205124000,N/A,1040,N/A,,N/A,[],people,people
N/A,good,good,good,0,14642216,0,,awesome,5,JPN21,Probably the best lecturer in the department.  Highly expressive and entertaining.  Tough grader.,07/08/2008,4.0,4.0,,5,It's my life,5.0,5.0,1,Yes,1215495063000,N/A,1040,N/A,,N/A,[],people,people
N/A,good,average,good,0,13193374,0,,awesome,4,JPN2,"She's a really great professor. Be careful, though--she doesn't tend to remind you about assignments or quizzes, and there sure are a lot of them so check your syllabus every day! Also, she should've told us in class that there was a (short) Kanji section on the final. Still, her comments are helpful and she's fairly clear.",05/21/2007,2.0,2.0,,5,Really into it,4.5,4.5,1,Yes,1179716241000,N/A,1040,N/A,,N/A,[],people,people
N/A,good,average,good,0,12228628,0,,awesome,5,JAPN1,"Enthusiastic, fun teacher.  You will have to do work if you are not experienced in writing Asian characters, but I wasn't and I put in some effort and got an A.",09/12/2006,3.0,3.0,,5,It's my life,5.0,5.0,1,Yes,1158091889000,N/A,1040,N/A,,N/A,[],people,people
N/A,good,poor,good,0,11399357,0,,awesome,5,JPN,"GREAT TEACHER Take class with this teacher if you want to learn Japanese. She's very cute at teaching, Kind of like an anime character. Very Humorous at times. Covers material VERY VERY well. You will learn EVERYTHING there is to be learned and the pace at which she sets the class is reasonable. You will learn alot and have fun doing it as well.",01/21/2006,1.0,1.0,,5,It's my life,5.0,5.0,1,N/A,1137855939000,N/A,1040,N/A,,N/A,[],people,people
N/A,good,good,good,0,2164348,0,,awesome,5,JPN4,No Comments,05/19/2004,5.0,5.0,,4,N/A,4.5,4.5,1,N/A,1084981745000,N/A,1040,N/A,,N/A,[],people,people
N/A,good,good,good,0,1963620,0,,good,4,JPN122,"Great sense of humor.  She is a tough grader, but she really wants you to understand the material and pushes you learn as much as possible.",04/15/2004,4.0,4.0,,4,N/A,4.0,4.0,1,N/A,1082012454000,N/A,1040,N/A,,N/A,[],people,people
N/A,good,average,good,0,1288699,0,,good,4,JAP0003,"She is a great teacher. She is funny and she cares about her students. I was in her class and I liked her a lot. She grades homework harshly I think. I use to get 5 out of 5 before I got into her class, now I am averaging abour 4 out of 5.",11/09/2003,3.0,3.0,,4,N/A,4.0,4.0,1,N/A,1068392234000,N/A,1040,N/A,,N/A,[],people,people
N/A,good,good,good,0,864948,0,,awesome,5,JPN21,No Comments,04/22/2003,4.0,4.0,,5,N/A,5.0,5.0,1,N/A,1051007931000,N/A,1040,N/A,,N/A,[],people,people
N/A,good,good,good,0,550839,0,,awesome,5,JPN,No Comments,02/08/2003,4.0,4.0,,5,N/A,5.0,5.0,1,N/A,1044715081000,N/A,1040,N/A,,N/A,[],people,people
