attendance,clarityColor,easyColor,helpColor,helpCount,id,notHelpCount,onlineClass,quality,rClarity,rClass,rComments,rDate,rEasy,rEasyString,rErrorMsg,rHelpful,rInterest,rOverall,rOverallString,rStatus,rTextBookUse,rTimestamp,rWouldTakeAgain,sId,takenForCredit,teacher,teacherGrade,teacherRatingTags,unUsefulGrouping,usefulGrouping
Mandatory,average,poor,average,0,29428062,0,,average,3,COMP111,"Professor Couch's lecture style is disorganized and confusing. Regularly goes off on tangents, goes way too far in-depth on some things and not enough on others. Very unclear about assignments and nuances of the subject matter. At the same time, incredibly caring, gives extensions, grades fairly and willing to help. Read the book.",01/10/2018,1.0,1.0,,3,N/A,3.0,3.0,1,Yes,1515584646000,No,1040,Yes,,N/A,"['Accessible outside class', 'Caring']",people,people
N/A,poor,good,poor,1,24496754,0,,awful,1,COMP115,"Can solidly say that Couch is the worst professor I've had while at Tufts.  He is incredibly unclear and disorganized and leaves students to sort through a mess of half-thoughts while ignoring clarifying questions.  He is definitely excited about what he is teaching, but has little ability to get past that excitement in sharing with students.",03/24/2015,5.0,5.0,,1,Meh,1.0,1.0,1,No,1427223846000,N/A,1040,Yes,,N/A,[],people,person
Mandatory,good,good,good,0,22562530,0,,awesome,5,COMP111,"Fantastic teacher. Really the only practical teacher in Tufts CS that really teaches you. Ridiculous amount of material covered but you'll know Linux (and lots of hardware specifics) pretty well at the end. Don't take this class if you don't like low level C and OS in general though (unless it's required, of course, for us COMP Es).",12/15/2013,5.0,5.0,,5,It's my life,5.0,5.0,1,Yes,1387128210000,N/A,1040,N/A,,N/A,[],people,people
N/A,good,good,good,0,20797388,0,,awesome,5,COMP15,"I was an EE major way back in 1989 and took this course when it was called ""Data Structures in C.""  He was fantastic then and as I understand fantastic now.  His projects were very difficult and molded my skill set to compete anyone. The tools learned have provided a solid foundation throughout my career.  Dr. Couch is THE best.",11/08/2012,5.0,5.0,,5,Really into it,5.0,5.0,1,Yes,1352339044000,N/A,1040,N/A,,N/A,[],people,people
N/A,good,good,good,0,17896775,0,,awesome,5,COMP111,"Couch's enthusiasm is infectious, like a glorious disease. Except good for you. Seriously, though, he's very fair, if difficult, and very willing to help anyone out with any problems. Assignments are very well-related to material, and exams are actually relevant (a rarity in comp sci exams)",12/09/2010,5.0,5.0,,5,It's my life,5.0,5.0,1,No,1291903056000,N/A,1040,N/A,,N/A,[],people,people
N/A,good,average,good,0,14269131,0,,awesome,4,COMP20,"Excellent professor. Gives helpful examples and explains topics well; really knows the material. Always willing to help on assignments (which tend to be fairly hard) and answer questions in class. Tests aren't too bad; labs, quizzes, and projects always have extra credit. Kind of a weird guy - laughs at almost nothing probably a dozen times a class",04/10/2008,3.0,3.0,,5,Really into it,4.5,4.5,1,No,1207788225000,N/A,1040,N/A,,N/A,[],people,people
N/A,good,good,good,0,10272497,0,,awesome,4,COMP150PPP,No Comments,08/30/2005,5.0,5.0,,5,It's my life,4.5,4.5,1,N/A,1125431129000,N/A,1040,N/A,,N/A,[],people,people
N/A,good,good,good,0,3971973,0,,awesome,4,COMP80,"Exceptional teacher.  Assignments are challenging yet interesting and rewarding.  His tests were very hard and only a true mastery of the class concepts will net an A.  However, it's still possible to do well in the course through dilligence on assignments and extra-credit.  I highly recommend Couch if you want to learn and get your money's worth.",06/07/2005,4.0,4.0,,5,Sorta interested,4.5,4.5,1,N/A,1118155936000,N/A,1040,N/A,,N/A,[],people,people
N/A,good,good,good,0,3938641,0,,awesome,5,CS100,Excellent professor.  Couch obviously understands Computer Science extremely well and can also explain the difficult topics so the class can understand.  His armpits always seem to be swetty though...,05/29/2005,5.0,5.0,,5,Really into it,5.0,5.0,1,N/A,1117396555000,N/A,1040,N/A,,N/A,[],people,people
N/A,good,good,good,0,2752052,0,,awesome,4,1520111150NT,"I've taken virtually every class he's taught at Tufts and he's a great professor.  Sometimes a little strange, but always willing to help.  Exams and projects are challenging as they should be in this field.",11/16/2004,4.0,4.0,,5,Really into it,4.5,4.5,1,N/A,1100612631000,N/A,1040,N/A,,N/A,[],people,people
N/A,good,poor,good,0,2508393,0,,awesome,5,COMP1115,Good teacher.  Loves the subject matter.  Cares about the students.  A bit absent-minded.,09/30/2004,1.0,1.0,,5,It's my life,5.0,5.0,1,N/A,1096556548000,N/A,1040,N/A,,N/A,[],people,people
N/A,good,good,good,0,2420439,0,,awesome,5,COMP20,"Awesome, awesome, awesome",08/26/2004,4.0,4.0,,5,N/A,5.0,5.0,1,N/A,1093509977000,N/A,1040,N/A,,N/A,[],people,people
N/A,good,good,good,0,1530499,0,,awesome,5,COMP150PPP,Best professor ever!,12/18/2003,4.0,4.0,,5,N/A,5.0,5.0,1,N/A,1071750611000,N/A,1040,N/A,,N/A,[],people,people
N/A,good,good,good,0,1126141,0,,awesome,4,COMP1520,Excellent teacher if you can get past his inherent geek-ness. Easily one of the most brilliant minds on campus.,09/09/2003,5.0,5.0,,5,N/A,4.5,4.5,1,N/A,1063138102000,N/A,1040,N/A,,N/A,[],people,people
N/A,good,good,good,0,875515,0,,awesome,5,COMP150PPP,No Comments,04/23/2003,5.0,5.0,,5,N/A,5.0,5.0,1,N/A,1051128564000,N/A,1040,N/A,,N/A,[],people,people
N/A,good,good,good,0,870615,0,,good,4,20150PPP,"He is wonderfully enthusiastic and knowledgable, but assignments are hard and exams are even more difficult.  However, you actually learn new things from his classes and get what you paid for in Tufts tuition.",04/22/2003,4.0,4.0,,4,N/A,4.0,4.0,1,N/A,1051055139000,N/A,1040,N/A,,N/A,[],people,people
N/A,good,good,good,0,868593,0,,awesome,5,COMP20,No Comments,04/22/2003,5.0,5.0,,5,N/A,5.0,5.0,1,N/A,1051038254000,N/A,1040,N/A,,N/A,[],people,people
N/A,good,good,good,0,866412,0,,good,4,COMP150PP,"Enormously hard, but genuinely enthusiastic about the subject and students' understanding of it.",04/22/2003,5.0,5.0,,4,N/A,4.0,4.0,1,N/A,1051020285000,N/A,1040,N/A,,N/A,[],people,people
N/A,good,good,good,0,865185,0,,awesome,5,COMP150PPP,"fantastically energetic, possessed of expert knowledge, creative, genuinely concerned, helpful and personally involved in the education of a class with over 100 students.  don't expect easy assignments.",04/22/2003,4.0,4.0,,5,N/A,5.0,5.0,1,N/A,1051010585000,N/A,1040,N/A,,N/A,[],people,people
