attendance,clarityColor,easyColor,helpColor,helpCount,id,notHelpCount,onlineClass,quality,rClarity,rClass,rComments,rDate,rEasy,rEasyString,rErrorMsg,rHelpful,rInterest,rOverall,rOverallString,rStatus,rTextBookUse,rTimestamp,rWouldTakeAgain,sId,takenForCredit,teacher,teacherGrade,teacherRatingTags,unUsefulGrouping,usefulGrouping
Mandatory,good,average,good,1,30295061,0,,awesome,5,PHIL41,"Extremely engaged and in touch professor. Knows the material very well, and does a good job explaining if you ask questions. Must be an active participant to get the most out of this course.",06/25/2018,3.0,3.0,,5,N/A,5.0,5.0,1,Yes,1529942615000,Yes,1040,Yes,,N/A,"['Get ready to read', ""Skip class? You won't pass."", 'Participation matters']",people,person
Mandatory,good,average,good,5,27145629,0,,awesome,5,PS41,"Excellent professor.  Dry, witty, and downright hilarious, but also one of the most intelligent people you will ever meet in your life.  Fair grader too, as long as you do the readings and participate, you will be fine.",11/07/2016,3.0,3.0,,5,N/A,5.0,5.0,1,Yes,1478549184000,Yes,1040,Yes,,A,"['Respected', 'Amazing lectures', 'Get ready to read']",people,people
Not Mandatory,good,good,good,1,26277560,0,,good,4,PS0041,"Professor Evrigenis is amazing. Went to every lecture and looked forward to every discussion session. He is engaging, funny, and reveals lessons through discussion, like Socrates himself. Yes, readings are tough, but you only need a basic understanding to follow along and do well. Would recommend to all PS majors, as well as all students!",04/12/2016,4.0,4.0,,4,N/A,4.0,4.0,1,Yes,1460458951000,Yes,1040,Yes,,A+,"['Get ready to read', 'Amazing lectures']",people,person
N/A,average,good,average,2,23704455,1,,average,2,WPTI,"Intense reading, extremely fast-paced lectures, harsh grading",10/28/2014,5.0,5.0,,3,Really into it,2.5,2.5,1,Yes,1414500811000,N/A,1040,Yes,,N/A,['Tough grader'],person,people
Mandatory,good,average,good,5,23590704,1,,awesome,5,WESTERNTHOUGHT,"Totally unassuming, mild mannered guy, but secretly very intense and thoughtful.  I took his Western Thought I class. It was like taking a class with Socrates himself. He had a great way of leading students to conclusions without telling us what to think.  Highly recommended.",09/12/2014,3.0,3.0,,5,Sorta interested,5.0,5.0,1,Yes,1410533412000,N/A,1040,N/A,,N/A,[],person,people
N/A,average,good,good,0,23038544,0,,good,3,PLATOSREP,"He was a very clear and straight forward guy that will give help if you need it. He expects a lot from students, but grades fairly. overall good guy.",04/14/2014,4.0,4.0,,5,Really into it,4.0,4.0,1,Yes,1397518445000,N/A,1040,N/A,,N/A,[],people,people
N/A,good,average,good,4,22702275,0,,awesome,5,PLATOSSOC,Best professor at Tufts. Probably one of the most intelligent people you will ever meet. Always gives crystal clear lectures (even though topics are often difficult to comprehend).,01/06/2014,3.0,3.0,,5,Sorta interested,5.0,5.0,1,Yes,1388969274000,N/A,1040,N/A,,N/A,[],people,people
N/A,good,average,good,1,21476072,1,,awesome,4,PS0158,"The comment that he's a Greek James Bond basically says it all, but not only is he a great dresser but also an excellent teacher. Do what you can of the readings, but mainly go to discussion based class. He knows it all and keeps it interesting and fun.",04/02/2013,3.0,3.0,,5,Really into it,4.5,4.5,1,Yes,1364917881000,N/A,1040,N/A,,N/A,[],person,person
N/A,good,good,good,1,21384329,0,,good,4,PS41,"Knows it all backwards and exudes that. Can be captivating, but not necessarily always crystal clear. Definitely not an easy course.",03/04/2013,4.0,4.0,,4,Really into it,4.0,4.0,1,Yes,1362439544000,N/A,1040,N/A,,N/A,[],people,person
N/A,good,average,good,0,21077997,0,,awesome,5,PS0041,"Great professor, smart man but challenging class unless you are into all that philosophy stuff. Lots of reading, first exam are passages from the texts studied so far, second exam is a take-home essay. Both are fairly challenging but his marks are somewhat generous.",12/15/2012,3.0,3.0,,5,Sorta interested,5.0,5.0,1,Yes,1355532351000,N/A,1040,N/A,,N/A,[],people,people
N/A,good,average,good,0,20971601,0,,awesome,5,PS45,"Definitely one of the best professors I've had at Tufts, possibly ever. After a few weeks of his class I decided to major in PS because of it. He's a very intelligent and inspiring teacher, yet still approachable, friendly, and wants to help you understand. Highest recommendations.",12/06/2012,2.0,2.0,,5,Meh,5.0,5.0,1,Yes,1354806145000,N/A,1040,N/A,,N/A,[],people,people
N/A,good,average,good,1,18406404,0,,awesome,5,PS1,"Evrigenis was one of my favorite professors last semester. He is a really helpful lecturer and, in my large Western Pol. Thought I class, managed to facilitate a lot of class discussion. His lectures helped me get a lot more out of the complex philosophies of the readings. Also dresses like he's the Greek James Bond, which he might as well be.",04/13/2011,3.0,3.0,,4,Sorta interested,4.5,4.5,1,Yes,1302731281000,N/A,1040,N/A,,N/A,[],people,person
N/A,good,average,good,1,18095296,0,,awesome,5,PS41,"Evrigenis is, simply put, an amazing professor. Knows his material very well, he engages his students and throughly explains any and all doubts the students might have about the extensive reading.",01/07/2011,2.0,2.0,,5,It's my life,5.0,5.0,1,Yes,1294360419000,N/A,1040,N/A,,N/A,[],people,person
N/A,average,average,average,0,17922133,1,,average,3,PS41,"Meh, he's just allright. Class isn't anything special just a standard intro level poli sci class with a smart professor who sometimes isn't very clear with regards to what is the take away message. Overall not too bad but don't go out of your way to take the class.",12/12/2010,3.0,3.0,,3,Sorta interested,3.0,3.0,1,Yes,1292178618000,N/A,1040,N/A,,N/A,[],person,people
N/A,good,good,good,4,16788425,0,,good,4,PS41,"so brilliant, so hot.",02/06/2010,5.0,5.0,,4,Low,4.0,4.0,1,Yes,1265489450000,N/A,1040,N/A,,N/A,[],people,people
N/A,good,good,good,1,16738095,0,,awesome,5,PS41,"Evrigenis, first of all, definitely knows the material like the back of his hand. The man is brilliant. The most important part, though, is that he cares about his students' understanding. You will learn so much in this class, and if you don't understand ASK A QUESTION. Evrigenis' whole method is making you think by making you ask questions.",01/20/2010,4.0,4.0,,5,It's my life,5.0,5.0,1,Yes,1263949461000,N/A,1040,N/A,,N/A,[],people,person
N/A,average,good,average,2,16679882,4,,poor,2,PS157,"Grades in an incredibly harsh manner to the degree of absurdity.  Lessons are generally incoherent and assignments highly unclear.  Clearly an intelligent person, however lacks the ability to teach competently.",01/05/2010,5.0,5.0,,2,Really into it,2.0,2.0,1,Yes,1262683592000,N/A,1040,N/A,,N/A,[],people,people
N/A,good,good,average,1,16306364,0,,good,4,PHIL41,"Knows his subject incredibly thoroughly.  Great class.  His lectures are interesting and he does a good job of getting students involved in the lectures (asking questions, etc.)  Reading can be heavy, but material is gone over in class intensively enough that if you skip a bit of reading it's okay.",11/03/2009,4.0,4.0,,3,Sorta interested,3.5,3.5,1,Yes,1257259042000,N/A,1040,N/A,,N/A,[],people,person
N/A,good,good,good,1,14057784,0,,awesome,5,PS0045,"The guy knows the books he's teaching inside and out, and his lectures are always extremely well organized and easy to follow. He tries to encourage class involvement, but he can be intimidating, as he expects you to be able to answer correctly all the time. Good class though.",01/30/2008,4.0,4.0,,4,Really into it,4.5,4.5,1,Yes,1201706692000,N/A,1040,N/A,,N/A,[],people,person
N/A,good,average,good,1,12698620,0,,awesome,5,PS45,"Excellent. Evrigenis is more or less an authority on half the texts we read in the class, and it shows. Good lecturer, very well organized, but not the best at encouraging class involvement- his Socratic method is a little intimidating. He's more than willing to discuss and explain anything if you bother to seek him out, though. Lots of reading.",12/30/2006,2.0,2.0,,4,It's my life,4.5,4.5,1,Yes,1167437357000,N/A,1040,N/A,,N/A,[],people,person
