attendance,clarityColor,easyColor,helpColor,helpCount,id,notHelpCount,onlineClass,quality,rClarity,rClass,rComments,rDate,rEasy,rEasyString,rErrorMsg,rHelpful,rInterest,rOverall,rOverallString,rStatus,rTextBookUse,rTimestamp,rWouldTakeAgain,sId,takenForCredit,teacher,teacherGrade,teacherRatingTags,unUsefulGrouping,usefulGrouping
Not Mandatory,good,average,good,0,31857582,0,,good,4,PS125,"this class was great, mainly because it was so relevant (as Brexit was changing day by day) and David art was so enthusiastic about the events unfolding. beginning of the course was very European history heavy with 2 fairly tough quizzes, however, grade could be redeemed with the 2 papers (1 was final) that had a lot of freedom. he's a character",05/13/2019,3.0,3.0,,4,N/A,4.0,4.0,1,No,1557763714000,Yes,1040,Yes,,A-,"['Graded by few things', 'Respected']",people,people
N/A,good,average,good,0,31360106,0,,good,4,PS0138,Professor Art is great! His lectures are engaging and he really works to get to know his students.,02/16/2019,2.0,2.0,,4,N/A,4.0,4.0,1,No,1550344728000,Yes,1040,Yes,,N/A,"['Participation matters', 'Amazing lectures', 'Caring']",people,people
Mandatory,good,good,good,0,29761373,0,,awesome,5,PS138,"Professor Art is one of those magnificent teachers where they can be challenging and assign you about 100 pages a week of reading, but it doesn't even bother you (well, a little). Policing in the US and Europe was an amazing class, packed with diverse, engaging, and thoughtfully curated material, from films, to books,to pop-culture analysis. 9.5/10",04/08/2018,4.0,4.0,,5,N/A,5.0,5.0,1,No,1523186152000,Yes,1040,Yes,,A,"[""Skip class? You won't pass."", 'Inspirational', 'Participation matters']",people,people
Not Mandatory,average,average,good,1,26152503,0,,good,3,PS0138,"His ""Democracy and Dictatorship in Europe"" class was really interesting in terms of the topics and papers assigned. Class was lecture-based, so you only need to do the readings for the midterm. It's a theoretical class, so get ready to be confused sometimes!",03/17/2016,2.0,2.0,,5,Really into it,4.0,4.0,1,No,1458178320000,Yes,1040,Yes,,A,"['Amazing lectures', 'Get ready to read']",people,person
N/A,good,good,good,1,23456353,0,,awesome,5,PS21,"This course has a meticulously crafted curriculum led and created by an exceptional, passionate, and thought provoking professor. Not an easy A; be ready to read a lot, apply the material, and retain it (you will need all of it at test time). Plan on engaging in class and  recitation. It's a lot of work, but such a good course!",07/18/2014,4.0,4.0,,5,Sorta interested,5.0,5.0,1,No,1405727912000,N/A,1040,N/A,,N/A,[],people,person
N/A,average,good,average,0,23210812,0,,average,3,PS21,"D.Art's class is great. As a freshman it was so hard to understand the whole concept of comp pol at first, but his readings are truly exceptional at clarifying how it's all relevant and united.  Study hard from section notes (AKA know it front and back- exams/quizzes are very specific and TAs are tough graders) and talk to TAs.",05/09/2014,4.0,4.0,,3,Sorta interested,3.0,3.0,1,No,1399661220000,N/A,1040,N/A,,N/A,[],people,people
Not Mandatory,average,average,average,1,22688850,0,,good,3,PS0021,"David Art is brilliant, passionate, and a nice guy. His lectures can be discursive, and with zero visual aid in his class it can be hard to stay on track for very visual learners. The reading is doable but not easy, and often pretty dry. the TAs are incredibly helpful though - don't skip recitation unless you have to.",01/03/2014,3.0,3.0,,4,Sorta interested,3.5,3.5,1,Yes,1388713730000,N/A,1040,N/A,,N/A,[],people,person
Not Mandatory,good,good,good,0,22479947,0,,good,5,PS0021,"Professor Art is an amazing professor. His lectures are very clear and interesting. The workload is fair, exams and assignments are graded by TAs, so it all depends on them.",12/09/2013,4.0,4.0,,3,Really into it,4.0,4.0,1,Yes,1386607471000,N/A,1040,N/A,,N/A,[],people,people
N/A,good,good,good,0,21120930,0,,awesome,5,PS21,"Davit Art is a genius. He has two quizzes, a midterm, a paper, and a final as the only grades in his class. Go to the optional sections. They are incredibly helpful. The readings are dense, but if you stay caught up, he goes over them in class. Otherwise, you may be kind of lost. The readings are also really interesting...My favorite class ever.",12/19/2012,4.0,4.0,,5,It's my life,5.0,5.0,1,Yes,1355879130000,N/A,1040,N/A,,N/A,[],people,people
N/A,good,good,good,0,19481674,0,,awesome,5,PS21,"Art is a great professor. He manages an intro class very well; if you're interested in poli sci, you'll enjoy this class. Do the readings, go to the sections, and you'll do well. There are two quizzes, a midterm, a paper and a final. There's a lot to read and it's not easy stuff, especially if you're a freshman, but it's certainly worth it.",12/13/2011,4.0,4.0,,5,It's my life,5.0,5.0,1,Yes,1323740244000,N/A,1040,N/A,,N/A,[],people,people
N/A,good,good,good,0,19246209,0,,awesome,5,COMPA1,"Art is a fantastic teacher. I had him for Comparative Politics and it was a lot of fun. There are a lot of readings in the class, but he also gives a chance for students to participate and have a discussion. The midterm does not require to do all the readings. The midterm includes to write about one reading in length. HE IS AWESOME &lt;3",11/15/2011,4.0,4.0,,5,Really into it,5.0,5.0,1,Yes,1321384582000,N/A,1040,N/A,,N/A,[],people,people
N/A,good,average,average,0,18766614,0,,good,4,PS21,"Prof. Art is a very solid professor.  He knows a bunch about what he teaches and he expresses general enthusiasm for the course material.  He is a pretty nice guy.  There are a lot of readings, and most of it is essential to doing well in the course.  Lectures summarize the readings.  I didn't go to a single recitation and still did well.",06/26/2011,3.0,3.0,,3,Really into it,3.5,3.5,1,Yes,1309046649000,N/A,1040,N/A,,N/A,[],people,people
N/A,good,average,good,0,18723703,0,,awesome,5,PS21,"Art is such a bro. The class has so much reading and lectures go fast, but you'll learn so much about politics. He is an awesome guy who really cares about PS. The exams are extremely fair. The TAs are so helpful; go to the non-mandatory recitations and you're good.",06/12/2011,3.0,3.0,,4,Sorta interested,4.5,4.5,1,Yes,1307870320000,N/A,1040,N/A,,N/A,[],people,people
N/A,good,good,good,0,18275903,0,,awesome,5,PS21,"Prepare to take a ton of notes and to do a lot of reading, but his class is extremely good, and you definitely learn a lot. Not much graded material, so exams/quizzes are very important, and you can't do well on them without doing the readings. He teaches well and is highly knowledgeable. I'd definitely recommend him as a professor.",03/14/2011,4.0,4.0,,5,Really into it,5.0,5.0,1,Yes,1300130880000,N/A,1040,N/A,,N/A,[],people,people
N/A,good,good,good,0,17028838,0,,awesome,5,HIST021,"Professor Art is an amazing teacher. He really likes what he is teaching, and he tries to pass that on to his students. Most importantly though, he doesn't force anything on people. He encourages students to think for themselves. The last day of class he asks everyone &quot;Does this course have any value&#63; Decide for yourself!&quot; Awesome professor.",04/20/2010,4.0,4.0,,5,It's my life,5.0,5.0,1,Yes,1271795299000,N/A,1040,N/A,,N/A,[],people,people
N/A,good,good,average,0,16975782,1,,average,4,PS138,"Art is a very solid teacher. He's passionate about the material, and it shows. There's a fair amount of reading, but nothing outrageous, and it's mostly interesting. The class is based on a lot of discussion, which really helps to understand the material. Work consisted of 2 exams, a short paper (5 pages) and a longer paper (15 pages). Recommended.",04/10/2010,4.0,4.0,,1,Really into it,2.5,2.5,1,Yes,1270915096000,N/A,1040,N/A,,N/A,[],person,people
N/A,good,good,good,0,16710769,1,,good,4,PS21,Class was interesting but a lot of reading. Prof Art is a nice guy and his lectures are usually very helpful in that he directly summarizes the reading. He seemed a little out of his comfort zone and his lectures were less clear in discussing Political Economy. Grading seemed too focused on spewing facts rather than good arguments/writing.,01/11/2010,4.0,4.0,,4,It's my life,4.0,4.0,1,Yes,1263232362000,N/A,1040,N/A,,N/A,[],person,people
N/A,good,good,good,0,16707693,0,,good,5,PS21,"This is a difficult but rewarding course. Professor Art is really passionate about his subject. He packs a ton of information into his lectures, but they're very organized. There is a TON of (dense) reading and almost all of it is necessary to do well in the course. Quizzes and exams are all essays based on the reading. Irina, his TA, is amazing.",01/11/2010,5.0,5.0,,3,Sorta interested,4.0,4.0,1,Yes,1263203415000,N/A,1040,N/A,,N/A,[],people,people
N/A,good,good,good,0,16627944,0,,awesome,5,PS021,Great teacher.  Very clear and explicit with what he wants.  Tests were straightforward and depended entirely on readings.  Grading was ok with class average usually a B/B+.,12/22/2009,4.0,4.0,,5,Sorta interested,5.0,5.0,1,Yes,1261526287000,N/A,1040,N/A,,N/A,[],people,people
N/A,good,good,good,0,13889259,0,,awesome,4,PS125,Such a nice guy! Prof Art is a great teacher w/ extensive knowledge and credibility in his field yet respects and addresses even the most basic questions/comments from students. Knew all of the students by name and encouraged discussion without letting the ramblers get out of hand. tough but fair grader. don't leave Tufts w/out taking his class!,12/21/2007,4.0,4.0,,5,Sorta interested,4.5,4.5,1,Yes,1198203800000,N/A,1040,N/A,,N/A,[],people,people
N/A,good,average,good,0,13572221,0,,awesome,5,PS31,"Fantastic professor, makes difficult material engaging.  He's extremely personable, and will know your name very quickly.  Highly advise his courses for anyone, whether you're just fulfilling a  social science requirement, or intend on majoring in poli sci.",10/29/2007,3.0,3.0,,5,Really into it,5.0,5.0,1,Yes,1193678336000,N/A,1040,N/A,,N/A,[],people,people
N/A,good,average,good,0,12952712,0,,awesome,5,POLS233,"As one of Prof. Art's former students at Holy Cross, I can tell you that this man knows his stuff.  Extremely helpful, very clear in lectures and in the time he was at HC, he was one of the easier graders in the Poli Sci dept.  Highly Recommended. Take his classes if at all possible.",03/30/2007,2.0,2.0,,5,Really into it,5.0,5.0,1,Yes,1175218122000,N/A,1040,N/A,,N/A,[],people,people
N/A,good,good,good,0,12754162,0,,awesome,5,PS0138,"One of the best PS professors at Tufts.  He is very enthusiastic, engaging and accessible to students.  Incredibly interesting and really cares about students' opinions.  He encourages student participation and tries to tailor the class to students' interests.",01/10/2007,4.0,4.0,,5,Sorta interested,5.0,5.0,1,Yes,1168432917000,N/A,1040,N/A,,N/A,[],people,people
N/A,good,good,good,0,12745196,0,,awesome,5,PS103,"Great Professor, Great Class.",01/09/2007,4.0,4.0,,5,Really into it,5.0,5.0,1,Yes,1168301282000,N/A,1040,N/A,,N/A,[],people,people
N/A,average,good,average,0,12710976,0,,good,3,PS21,"Interesting class, interesting teacher.  Readings often start out very interesting and become long and repetitive.  Art knows the topic very well and the exams are very fair.  Readings are not mandatory but make sure you understand the gist of all of them.  Paper only requires detailed knowledge of one reading.  Overall, good class but pretty hard.",01/02/2007,4.0,4.0,,4,Really into it,3.5,3.5,1,No,1167767837000,N/A,1040,N/A,,N/A,[],people,people
N/A,good,average,good,0,12456487,0,,awesome,5,POLS103,"Great guy, amazing credentials he knows what hes tlkaing about",11/21/2006,2.0,2.0,,5,It's my life,5.0,5.0,1,Yes,1164085046000,N/A,1040,N/A,,N/A,[],people,people
