attendance,clarityColor,easyColor,helpColor,helpCount,id,notHelpCount,onlineClass,quality,rClarity,rClass,rComments,rDate,rEasy,rEasyString,rErrorMsg,rHelpful,rInterest,rOverall,rOverallString,rStatus,rTextBookUse,rTimestamp,rWouldTakeAgain,sId,takenForCredit,teacher,teacherGrade,teacherRatingTags,unUsefulGrouping,usefulGrouping
Mandatory,good,average,good,0,31033045,0,,awesome,5,HIST59,"Picked her as my advisor which I think shows that she left a positive impact on me! Learned so much about 20th century Europe and her lectures were always engaging. She knows so much and when she doesn't know the answer to a question, she will always research it and answer the next class which I really respect.",12/14/2018,3.0,3.0,,5,N/A,5.0,5.0,1,No,1544825397000,Yes,1040,Yes,,N/A,"['Gives good feedback', 'Get ready to read', 'Accessible outside class']",people,people
Mandatory,good,good,good,0,30965296,0,,awesome,5,HIST59,Professor Foster is a FANTASTIC teacher. She pushes her students but works with them wherever she can. Cannot recommend her enough.,12/11/2018,4.0,4.0,,5,N/A,5.0,5.0,1,No,1544537908000,Yes,1040,Yes,,Not sure yet,"['Amazing lectures', 'Participation matters', 'Gives good feedback']",people,people
Mandatory,good,average,good,0,30764570,0,,awesome,5,HIST160,"Foster is an exciting lecturer and is good at communicating certain trends in history she sees as important. Pretty insightful and fun, grades fairly and no homework.",11/20/2018,3.0,3.0,,5,N/A,5.0,5.0,1,No,1542738142000,Yes,1040,Yes,,N/A,"['Hilarious', 'Gives good feedback']",people,people
Mandatory,good,average,good,1,28509926,0,,good,4,HIST59,A very solid history professor- I enjoyed the selection of primary source materials she had available for us.,07/06/2017,3.0,3.0,,4,N/A,4.0,4.0,1,No,1499339582000,Yes,1040,Yes,,N/A,"['Gives good feedback', 'Graded by few things']",people,person
Mandatory,good,good,good,0,25980150,0,,good,4,HIS59,"Really amazing. Took a class with her on 20th century Europe. When asked questions not in her expertise - she's a French historian - she always gets back to us after checking with the relevant experts. Tough grader, but my writing's improved a lot under her as well. Readings largely are primary source materials, which makes the class more organic.",01/22/2016,4.0,4.0,,4,It's my life,4.0,4.0,1,Yes,1453460260000,N/A,1040,Yes,,A-,"['Participation matters', 'Gives good feedback', 'Tough grader']",people,people
Mandatory,good,good,average,0,25939980,0,,good,4,HIST59,"I loved professor Foster! By far one of my favorite classes as a history major, although probably one of the classes I had to work the hardest for. She is a tough grader but gives a lot of feedback on your essays. Her lectures and readings are so interesting that it is easy to do the large workload.",01/14/2016,4.0,4.0,,3,It's my life,3.5,3.5,1,Yes,1452769336000,N/A,1040,Yes,,B+,"['Participation matters', 'Gives good feedback', 'Tough grader']",people,people
Mandatory,good,average,good,0,24787609,0,,awesome,4,HIST4HIST96,I took both a large course and a small seminar with Professor Foster. She is passionate about French and French colonial history and is eager to engage with students. Helpful during office hours and her papers come back with great feedback. Energetic professor who doesn't take herself too seriously. Great for writing improvement. ,05/09/2015,2.0,2.0,,5,It's my life,4.5,4.5,1,Yes,1431211945000,N/A,1040,Yes,,N/A,[],people,people
N/A,good,good,average,0,17796976,0,,good,4,HIST160,"She is an ok professor. She clearly knows a lot about her subject and will make a point of finding the answers to any questions she doesn't know. She is a tough grader for papers though, and is a real stickler for grammar. And sometimes her lectures are a bit boring.",11/20/2010,5.0,5.0,,3,Sorta interested,3.5,3.5,1,Yes,1290259078000,N/A,1040,N/A,,N/A,[],people,people
