attendance,clarityColor,easyColor,helpColor,helpCount,id,notHelpCount,onlineClass,quality,rClarity,rClass,rComments,rDate,rEasy,rEasyString,rErrorMsg,rHelpful,rInterest,rOverall,rOverallString,rStatus,rTextBookUse,rTimestamp,rWouldTakeAgain,sId,takenForCredit,teacher,teacherGrade,teacherRatingTags,unUsefulGrouping,usefulGrouping
Not Mandatory,average,good,average,0,31630110,0,,poor,2,PS42,"Devigne is a funny guy. However, his lectures are impossible to understand and he illegible takes notes on a legal pad and projects them onto the screen. He abbreviates EVERY word on his notes, so unless you hear him read the notes out loud, you can't make heads or tails of them. The entire class is graded on 2 papers which you're 7 days to write.",04/19/2019,4.0,4.0,,2,N/A,2.0,2.0,1,Yes,1555690511000,No,1040,Yes,,N/A,"['Tough grader', 'Lecture heavy', 'Graded by few things']",people,people
Not Mandatory,average,good,average,7,30229942,0,,average,3,COS126,"WPT II with Devigne was one of the hardest classes I've taken at Tufts, with frenzied, unfollowable lectures and two very strictly graded take-home exams. While Devigne is a crazy genius and is very funny, his feedback was never useful, writing things like &quot;awful&quot; in sections that needed improvement. Would be cautious before taking this class.",06/04/2018,5.0,5.0,,3,N/A,3.0,3.0,1,No,1528131841000,No,1040,Yes,,B,"[""Skip class? You won't pass."", 'Graded by few things', 'Tough grader']",people,people
Not Mandatory,average,good,average,3,30084450,0,,average,3,PS42,"Nice guy but you either understand the material or you dont. If you dont, just take the L and try your best.",05/12/2018,5.0,5.0,,3,N/A,3.0,3.0,1,Yes,1526140249000,No,1040,Yes,,C,"['Tough grader', 'Lecture heavy', 'Graded by few things']",people,people
Mandatory,good,good,good,0,29080929,0,,awesome,5,PS158,"I love Devigne. Rise &amp; Decay of the West was a challenging but really interesting class. He really knows his stuff and really wants the class to understand the material. The whole grade is the midterm and the final, no other assignments besides reading. He's also hilarious!",12/07/2017,4.0,4.0,,5,N/A,5.0,5.0,1,Yes,1512652931000,Yes,1040,Yes,,N/A,"['Gives good feedback', 'Graded by few things']",people,people
Not Mandatory,good,good,good,0,26775754,0,,awesome,5,PS42,Someone earlier compared Devigne to Lewis Black--could not agree more. There was no daily work and the entire grade was based on the midterm take-home paper and the final take-home. Lectures were entertaining and the readings were incredible.,07/02/2016,4.0,4.0,,5,N/A,5.0,5.0,1,Yes,1467418842000,Yes,1040,Yes,,B+,"['Hilarious', 'Respected', 'Amazing lectures']",people,people
Mandatory,good,good,good,2,23061524,2,,awesome,5,PS42ETAL,"By far the best professor at Tufts. He knows the material inside and out and makes sure you understand some very dense readings. You'll do fine if you read, listen, and take notes. It is impossible to get bored during his lectures thanks to his hysterical personal anecdotes and guided class discussions. You will find yourself look forward to class.",04/18/2014,4.0,4.0,,4,Sorta interested,4.5,4.5,1,Yes,1397852323000,N/A,1040,N/A,,N/A,[],people,people
Not Mandatory,good,good,good,0,23014158,0,,awesome,4,PS41,"Devigne is one of the professors that made choosing what i want to study at tufts clear to me. Takes a heavy subject like political theory and makes it relatable to noobies. Very funny, very charismatic, and allows discussion of the material frequently in class. Papers are difficult, but allow room for your own interpretation.",04/09/2014,4.0,4.0,,5,Sorta interested,4.5,4.5,1,Yes,1397065520000,N/A,1040,N/A,,N/A,[],people,people
N/A,good,good,average,0,20186425,0,,good,4,PS42,"Decent lecturer and funny.  The only problem is the tests.  Grades are based solely on two papers and there is no room for your own ideas - don't write it if he didn't say it in class, unless you're ok getting a C.",05/03/2012,4.0,4.0,,3,Really into it,3.5,3.5,1,Yes,1336049951000,N/A,1040,N/A,,N/A,[],people,people
N/A,good,good,good,0,18371563,0,,good,4,PS42,"Western Political Thought is the hardest class I've ever taken at Tufts - and it is by far the best one. Both lectures and readings challenge your world view in a way that will make you a different person when you finish the class. He is a complete genius, a complete nut, and one of the most interesting teachers I've ever had.",04/07/2011,5.0,5.0,,4,It's my life,4.0,4.0,1,Yes,1302174457000,N/A,1040,N/A,,N/A,[],people,people
N/A,good,good,good,0,17766151,0,,good,4,PS41,"Devigne is a genius. He is a crazy teacher with so much charisma, never a dull moment in class. He is engaging and exciting and makes the class very relevant. Hardest class I've ever taken, but got the most out of it.",11/14/2010,5.0,5.0,,4,Really into it,4.0,4.0,1,Yes,1289735363000,N/A,1040,N/A,,N/A,[],people,people
N/A,average,good,average,0,17245779,0,,average,3,WPT2,"just like all the polisci professors, hes an arrogant genius",05/21/2010,4.0,4.0,,2,Really into it,2.5,2.5,1,Yes,1274401042000,N/A,1040,N/A,,N/A,[],people,people
N/A,average,good,average,0,15412472,0,,average,3,PS42,Have you ever wanted to take a class with Lewis Black as your professor but unable to as Lewis Black is not actually a teacher&#63;  Well you're in luck!  This man screams all his material much like Mr. Black and comes complete with shoulder shrug and hand waving action!,01/25/2009,4.0,4.0,,3,Low,3.0,3.0,1,Yes,1232903991000,N/A,1040,N/A,,N/A,[],people,people
N/A,good,good,good,1,14267314,0,,awesome,5,PS046,"He is such a good teacher! He goes through everything you need to know for the midterm and finals. He seems intimidating and scary at first, but he's actually a really nice guy!!",04/09/2008,4.0,4.0,,4,Really into it,4.5,4.5,1,Yes,1207768966000,N/A,1040,N/A,,N/A,[],people,person
N/A,good,good,average,0,12687560,0,,good,4,PS46,"Knows his stuff, but you must know his stuff on papers or else you won't do well. Has lead an interesting life, and he will tell you all about it in class.",12/27/2006,4.0,4.0,,3,It's my life,3.5,3.5,1,Yes,1167219566000,N/A,1040,N/A,,N/A,[],people,people
N/A,average,good,poor,2,11694250,0,,poor,2,PHIL0046,"Professor Devigne is cold, arrogant and very unhelpful. In office hours, he's downright insulting, as if you are only there to try and raise your grade. If you are confused, it's your fault, according to him, no matter how much effort you put in and he's not responsible.",04/11/2006,5.0,5.0,,1,It's my life,1.5,1.5,1,N/A,1144784919000,N/A,1040,N/A,,N/A,[],people,people
N/A,average,good,average,1,11218304,1,,poor,2,PS146,"I loved PS46 but this class is totally different. He is an awesome prof. when you have him for a big class, but not a small class. He comes off as way more abrasive and not so helpful. I often left confused and unhappy, and even though he encourages coming to office hours, I found him intimidating.",12/19/2005,4.0,4.0,,2,It's my life,2.0,2.0,1,N/A,1135035730000,N/A,1040,N/A,,N/A,[],person,person
N/A,good,average,good,1,3941398,0,,awesome,5,PS46,"I learned a dickload of material in this class and changed my major to Philosophy because the material and Devigne are SO INSPIRING!!!  Plus he's from the Bronx (my parents are from the Bronx too), so that alone seperates him from the rest of the vanilla waffer, suburbian rabble at Tufts.",05/30/2005,2.0,2.0,,5,Sorta interested,5.0,5.0,1,N/A,1117484091000,N/A,1040,N/A,,N/A,[],people,person
N/A,good,average,good,0,3915088,0,,awesome,5,PS46,"He comes off as loud and intimidating but is actually soft and approachable. Loves his work. Difficult readings at times, but not difficult to do well",05/24/2005,3.0,3.0,,5,Sorta interested,5.0,5.0,1,N/A,1116943854000,N/A,1040,N/A,,N/A,[],people,people
N/A,good,average,good,0,3713438,0,,good,4,PS46,"great professor, great class.  I learned alot and did well without really working that hard (as long as you go to class, doing the readings isnt too important). leectures are always amusing, if unorganized at times",04/26/2005,2.0,2.0,,4,Low,4.0,4.0,1,N/A,1114524650000,N/A,1040,N/A,,N/A,[],people,people
N/A,good,average,good,0,3596011,0,,awesome,5,PS45PS46,best professor at Tufts!!,04/10/2005,2.0,2.0,,5,Low,5.0,5.0,1,N/A,1113170052000,N/A,1040,N/A,,N/A,[],people,people
N/A,good,poor,good,1,2844906,0,,good,4,ALLHISCLASSES,devigne is neoconservative ****,11/28/2004,1.0,1.0,,4,It's my life,4.0,4.0,1,N/A,1101605380000,N/A,1040,N/A,,N/A,[],people,person
N/A,good,good,good,0,2677468,0,,good,4,PS46,Awesome,11/08/2004,4.0,4.0,,4,It's my life,4.0,4.0,1,N/A,1099932856000,N/A,1040,N/A,,N/A,[],people,people
N/A,good,good,good,0,2638915,0,,awesome,4,PS45,"Devigne is one of the most interesting and intriguing professors I have ever encountered.  His lectures and their enthusiasm make the intense reading assignments worth it! He is funny and quirky. Hard material, lots of reading, devigne makes it worth it.",11/02/2004,4.0,4.0,,5,Really into it,4.5,4.5,1,N/A,1099431167000,N/A,1040,N/A,,N/A,[],people,people
N/A,good,average,good,0,2622664,0,,good,4,WPTII,"Good guy, knows his politics, and pretty helpful despite the most scattered class notes I've ever seen.  Huge class, don't need to go to all the lectures, but in lecture he tells you what parts of the books are important.  Grade consisted of a Midterm and a Final, like 10 pgs each.",10/31/2004,2.0,2.0,,4,Sorta interested,4.0,4.0,1,N/A,1099234513000,N/A,1040,N/A,,N/A,[],people,people
N/A,good,good,good,0,2388103,0,,awesome,4,WPT2,"Fantastic course!  The lectures are very interesting, but can be difficult to follow.  Office hours and study sessions are helpful.",08/13/2004,4.0,4.0,,5,N/A,4.5,4.5,1,N/A,1092413452000,N/A,1040,N/A,,N/A,[],people,people
N/A,good,poor,good,0,2307310,0,,good,4,PS46,hardcore dude.,07/11/2004,1.0,1.0,,4,N/A,4.0,4.0,1,N/A,1089516443000,N/A,1040,N/A,,N/A,[],people,people
N/A,average,good,good,0,2061135,0,,good,3,WPTII,"good class, devigne isn't necessarily the clearest professor in the world (scattered board notes) but he's very enthusiastic and funny",04/29/2004,4.0,4.0,,5,N/A,4.0,4.0,1,N/A,1083276856000,N/A,1040,N/A,,N/A,[],people,people
N/A,poor,average,average,0,2005563,0,,poor,1,PS46,"Knows his stuff, but doesn't relay it well.  You'll come out of class and not know the most important parts of lectures.  If I hadn't taken good notes, I would have done poorly.  Definetly amusing, though.",04/21/2004,2.0,2.0,,3,N/A,2.0,2.0,1,N/A,1082564714000,N/A,1040,N/A,,N/A,[],people,people
N/A,good,good,good,0,1536347,0,,good,5,PS45,Best class I have ever taken!,12/19/2003,4.0,4.0,,3,N/A,4.0,4.0,1,N/A,1071836995000,N/A,1040,N/A,,N/A,[],people,people
N/A,good,average,good,0,1337862,0,,awesome,5,PS46,"Devigne's notes are an adventure, don't expect to be able to look at the board for help, it's like a Pollock, but he's brilliant, one of my favorite classes yet.",11/17/2003,3.0,3.0,,5,N/A,5.0,5.0,1,N/A,1069070029000,N/A,1040,N/A,,N/A,[],people,people
N/A,good,good,good,0,1057663,0,,awesome,5,WPT2,Professor Devigne is a superb teacher.,07/21/2003,5.0,5.0,,5,N/A,5.0,5.0,1,N/A,1058788856000,N/A,1040,N/A,,N/A,[],people,people
N/A,average,poor,average,0,1038995,0,,poor,3,PS46,"Perhaps he should stop letting his TAs grade papers -- they only think something is &quot;right&quot; if it came from the mouth of The Great Devigne.  Oh, and if you think swearing isn't appropriate for a college prof, avoid King Robert.",07/06/2003,1.0,1.0,,1,N/A,2.0,2.0,1,N/A,1057529739000,N/A,1040,N/A,,N/A,[],people,people
N/A,good,average,good,0,1038288,0,,awesome,5,WESTPOLTH,He is the best.,07/05/2003,3.0,3.0,,5,N/A,5.0,5.0,1,N/A,1057448619000,N/A,1040,N/A,,N/A,[],people,people
N/A,good,average,good,0,943311,0,,awesome,5,PS46,Best lecturer I've ever had. He's hilarious and so clear with the material. Too bad I wasn't that interested in Western Political Thought :(,05/09/2003,2.0,2.0,,5,N/A,5.0,5.0,1,N/A,1052442651000,N/A,1040,N/A,,N/A,[],people,people
N/A,good,average,good,0,893751,0,,awesome,4,WESTPOLTH,"Devigne is amazing, he is brilliant and funny. He grades fairly and his classes deal with fundamental topics. He is humble and confident, and really cares that his students care.",04/27/2003,3.0,3.0,,5,N/A,4.5,4.5,1,N/A,1051479773000,N/A,1040,N/A,,N/A,[],people,people
N/A,good,average,good,0,878797,0,,awesome,5,PS46,No Comments,04/24/2003,3.0,3.0,,5,N/A,5.0,5.0,1,N/A,1051191470000,N/A,1040,N/A,,N/A,[],people,people
N/A,good,average,average,0,873657,0,,good,4,PS46,No Comments,04/23/2003,3.0,3.0,,3,N/A,3.5,3.5,1,N/A,1051112141000,N/A,1040,N/A,,N/A,[],people,people
N/A,good,good,good,0,867319,0,,awesome,5,PS46,No Comments,04/22/2003,4.0,4.0,,5,N/A,5.0,5.0,1,N/A,1051026836000,N/A,1040,N/A,,N/A,[],people,people
N/A,good,good,good,0,866807,0,,awesome,5,PS46,No Comments,04/22/2003,4.0,4.0,,5,N/A,5.0,5.0,1,N/A,1051023129000,N/A,1040,N/A,,N/A,[],people,people
N/A,good,good,good,0,866790,0,,awesome,5,PS46,No Comments,04/22/2003,4.0,4.0,,5,N/A,5.0,5.0,1,N/A,1051023022000,N/A,1040,N/A,,N/A,[],people,people
N/A,good,average,good,0,866458,0,,awesome,5,POLYSCHI,"fabulous teacher, swears a lot, really funny",04/22/2003,3.0,3.0,,5,N/A,5.0,5.0,1,N/A,1051020663000,N/A,1040,N/A,,N/A,[],people,people
N/A,good,average,good,0,866435,0,,awesome,4,46,No Comments,04/22/2003,3.0,3.0,,5,N/A,4.5,4.5,1,N/A,1051020476000,N/A,1040,N/A,,N/A,[],people,people
N/A,good,average,good,0,794151,0,,awesome,5,PS,No Comments,04/06/2003,3.0,3.0,,4,N/A,4.5,4.5,1,N/A,1049631706000,N/A,1040,N/A,,N/A,[],people,people
N/A,good,average,good,0,540948,0,,good,5,PS46,No Comments,02/04/2003,3.0,3.0,,3,N/A,4.0,4.0,1,N/A,1044393937000,N/A,1040,N/A,,N/A,[],people,people
