attendance,clarityColor,easyColor,helpColor,helpCount,id,notHelpCount,onlineClass,quality,rClarity,rClass,rComments,rDate,rEasy,rEasyString,rErrorMsg,rHelpful,rInterest,rOverall,rOverallString,rStatus,rTextBookUse,rTimestamp,rWouldTakeAgain,sId,takenForCredit,teacher,teacherGrade,teacherRatingTags,unUsefulGrouping,usefulGrouping
Mandatory,good,average,good,0,31557116,0,,awesome,5,SOC11,I took Sociology of Race and Ethnicity with Professor Gordon and she was absolutely amazing! Super accessible outside of class and very sensitive when the material was difficult to learn as a student of color. She's the reason I'm majoring in Sociology and will for sure be taking Criminology with her next semester! :),04/09/2019,3.0,3.0,,5,N/A,5.0,5.0,1,Yes,1554826268000,Yes,1040,Yes,,A,"['Respected', 'Gives good feedback', 'Accessible outside class']",people,people
Mandatory,good,average,good,2,31081610,0,,good,4,SOC11,SOC 11 was a really awesome class overall! Prof Gordon is very knowledgeable and gives really great essays and readings. Sometimes she reads off of sheets for lectures which can be bothersome but she has so many experiences and lots of information that I wish she would have adlibbed more. Really awesome person and professor!,12/18/2018,3.0,3.0,,4,N/A,4.0,4.0,1,Yes,1545153473000,Yes,1040,Yes,,N/A,"['Caring', 'Clear grading criteria', 'Get ready to read']",people,people
Mandatory,good,average,good,2,30993780,0,,awesome,5,SOC0011,"Amazing teacher, flexible and nice grader, discussion heavy class, lots of reading to do in preparation for class, only allowed one absence that doesn't count against your grade, amazing officer hour. Caring, understanding, accessible, inclusive, positive",12/12/2018,3.0,3.0,,5,N/A,5.0,5.0,1,Yes,1544637834000,Yes,1040,Yes,,N/A,"[""Skip class? You won't pass."", 'Participation matters', 'Amazing lectures']",people,people
Mandatory,good,average,good,1,30760984,0,,awesome,5,AFR0011,"I was in Professor Gordon's class &quot;Sociology of Race and Ethnicity&quot; and loved it! The subject matter is very interesting, the grading is fair, and the class structure varies to include lectures, discussions, and group work. She is also a great teacher! I would recommend going to her office hours because she is very sweet and always ready to help.",11/20/2018,3.0,3.0,,5,N/A,5.0,5.0,1,Yes,1542708523000,Yes,1040,Yes,,N/A,"['Accessible outside class', 'Caring', 'Clear grading criteria']",people,person
