attendance,clarityColor,easyColor,helpColor,helpCount,id,notHelpCount,onlineClass,quality,rClarity,rClass,rComments,rDate,rEasy,rEasyString,rErrorMsg,rHelpful,rInterest,rOverall,rOverallString,rStatus,rTextBookUse,rTimestamp,rWouldTakeAgain,sId,takenForCredit,teacher,teacherGrade,teacherRatingTags,unUsefulGrouping,usefulGrouping
N/A,average,good,poor,0,21874272,0,,poor,2,ENG135,"She changed my life, no doubt about it. Now I'm a professor, and can only aspire to do what she did.",06/08/2013,4.0,4.0,,1,Low,1.5,1.5,1,Yes,1370649666000,N/A,1040,N/A,,N/A,[],people,people
N/A,average,good,average,0,17515579,0,,poor,2,ENG0034,"Professor Emerson is a super nice woman who really cares about her students and is interested in their work in and outside of class, but if you don't share her interests, it is difficult to really connect to her and get a lot out of her class. Her class was pretty unstructured and I don't feel like I actually learned anything from it.",08/16/2010,4.0,4.0,,2,Low,2.0,2.0,1,Yes,1281919004000,N/A,1040,N/A,,N/A,[],people,people
N/A,good,good,good,0,10913702,0,,awesome,5,VICTORIANLIT,"Sheila is a kind, open, caring teacher and person. I can't say how many times she let me into her office to ask questions, to seek advice, to simply talk. One of the best classes I've had anywhere, both at Tufts and in graduate school, and one of the best teachers. Sheila is beautiful, smart, dedicated, sure.",11/15/2005,4.0,4.0,,5,It's my life,5.0,5.0,1,N/A,1132079424000,N/A,1040,N/A,,N/A,[],people,people
N/A,good,average,good,0,10308584,0,,awesome,5,A,Such a lovely person and a dedicated teacher and advisor.,08/31/2005,3.0,3.0,,5,It's my life,5.0,5.0,1,N/A,1125493753000,N/A,1040,N/A,,N/A,[],people,people
N/A,good,average,good,0,3325857,0,,good,4,SCIENCEASPECTS,"The whole of her class was greater than the parts.  Although I didn't leave the class appreciating Ruskin the way she does, class time was a pleasure, and her support of my research interests made her class a winner.",02/05/2005,2.0,2.0,,4,Really into it,4.0,4.0,1,N/A,1107607884000,N/A,1040,N/A,,N/A,[],people,people
N/A,good,average,good,0,1019470,0,,awesome,5,ENG135,"Professor Emerson is up there with Edelman, no doubt about it.  If you really want to learn, to think for yourself, to be stimulated (seriosly), take a class with Professor Emerson.  She's wonderful.",06/19/2003,3.0,3.0,,5,N/A,5.0,5.0,1,N/A,1056029069000,N/A,1040,N/A,,N/A,[],people,people
N/A,good,good,good,0,991398,0,,awesome,5,ENG,No Comments,05/30/2003,4.0,4.0,,5,N/A,5.0,5.0,1,N/A,1054278896000,N/A,1040,N/A,,N/A,[],people,people
N/A,good,average,good,0,989834,0,,awesome,5,ENG,"I had Sheila for a grad course and she was brilliant. One of the best professors I've had. Witty, unconventional, compelling, and dare I say she is the hottest hottie on campus. --M.S.",05/29/2003,3.0,3.0,,5,N/A,5.0,5.0,1,N/A,1054219414000,N/A,1040,N/A,,N/A,[],people,people
N/A,good,average,good,0,891889,0,,awesome,5,ENGLISH192,"Professor Emerson is the sweetest person.  She really knows her material, and gets really into it, which makes it really fun.",04/27/2003,3.0,3.0,,5,N/A,5.0,5.0,1,N/A,1051446175000,N/A,1040,N/A,,N/A,[],people,people
N/A,good,average,good,0,875361,0,,awesome,5,ENG191,No Comments,04/23/2003,3.0,3.0,,5,N/A,5.0,5.0,1,N/A,1051127229000,N/A,1040,N/A,,N/A,[],people,people
N/A,good,good,good,0,870990,0,,awesome,4,ENG,Professor Emerson is so brilliant that I remembered watching her get lost in her own sentences because of their complexity. She really makes you feel smart when she appreciates your work -- she knows her stuff.,04/23/2003,4.0,4.0,,5,N/A,4.5,4.5,1,N/A,1051059047000,N/A,1040,N/A,,N/A,[],people,people
N/A,good,good,good,0,864845,0,,awesome,5,ENG135,"Prof. Emerson is one of the best professors I have ever had in any department at Tufts. It doesn't matter what she's teaching, her classes are always amazing.",04/22/2003,4.0,4.0,,5,N/A,5.0,5.0,1,N/A,1051006931000,N/A,1040,N/A,,N/A,[],people,people
N/A,good,average,good,0,539110,0,,awesome,4,ENG,Very congenial,02/04/2003,3.0,3.0,,5,N/A,4.5,4.5,1,N/A,1044352348000,N/A,1040,N/A,,N/A,[],people,people
