attendance,clarityColor,easyColor,helpColor,helpCount,id,notHelpCount,onlineClass,quality,rClarity,rClass,rComments,rDate,rEasy,rEasyString,rErrorMsg,rHelpful,rInterest,rOverall,rOverallString,rStatus,rTextBookUse,rTimestamp,rWouldTakeAgain,sId,takenForCredit,teacher,teacherGrade,teacherRatingTags,unUsefulGrouping,usefulGrouping
Not Mandatory,average,poor,average,0,28651788,0,,average,3,COMP61,"She's definitely not the best lecturer around for not using class time wisely. And she jumps among topics a lot and leaves out some.  Fortunately, the grading is fair,  exams are quite easy and straight forward. She also drops the lowest score from the three exams, so that's great.",08/31/2017,1.0,1.0,,3,N/A,3.0,3.0,1,Yes,1504184976000,No,1040,Yes,,A,[],people,people
N/A,average,average,average,0,22724122,0,,good,3,COMP61,She's pretty decent. Discrete Math is nobody's favorite class but the grading is fair and she was nice enough.,01/09/2014,3.0,3.0,,4,Low,3.5,3.5,1,Yes,1389250143000,N/A,1040,N/A,,N/A,[],people,people
N/A,average,good,average,1,20889438,0,,poor,2,MATH61,"She's a nice lady, but she does not use class time to its full advantage, and she leaves a lot of material out. Ex: HW due Monday, covers material on that HW the Monday it's due in class. Very frustrating. Good grading policy, though. TA's marks on HW are useless. Cowen needs to provide solutions.",11/26/2012,4.0,4.0,,2,Low,2.0,2.0,1,Yes,1353962737000,N/A,1040,N/A,,N/A,[],people,person
N/A,average,average,average,0,20156762,0,,good,3,MATH22,"Professor Cowen is reasonably good at teaching Discrete Math, although her handwriting is incredibly difficult to read. A problem set per week, takes about 2-4 hours to finish. Exams are fair, and usually much easier than the homework.",04/30/2012,3.0,3.0,,4,Sorta interested,3.5,3.5,1,Yes,1335806521000,N/A,1040,N/A,,N/A,[],people,people
N/A,good,average,good,0,17356495,0,,awesome,4,MATH22,Prof. Cowen is a good professor in my opinion. I discrete math is not the most comprehensive subject in the world but in my opinion she did a good job at teaching it. She was available during office hours and by appointment when I needed her to further explain something to me. I think she was great and know she knows her stuff.,06/22/2010,2.0,2.0,,5,Really into it,4.5,4.5,1,Yes,1277183856000,N/A,1040,N/A,,N/A,[],people,people
N/A,average,average,average,0,17118518,0,,average,3,MATH22,"In a discipline that is all about clarity, Professor Cowen is not as clear as she could be. The homework is also excessively difficult.",05/04/2010,3.0,3.0,,3,Really into it,3.0,3.0,1,Yes,1272986014000,N/A,1040,N/A,,N/A,[],people,people
N/A,average,average,average,0,17092295,0,,poor,3,COMP22,Prof. is not at all helpful. The test questions look nothing like the homework. The homework is intense and the lecture notes are not very helpful.  It was necessary to utilize numerous other books to complete the homework.  Take any other class taught by another professor she is the worst professor I have ever had.,04/30/2010,3.0,3.0,,1,Sorta interested,2.0,2.0,1,No,1272628058000,N/A,1040,N/A,,N/A,[],people,people
N/A,average,good,poor,0,12261954,0,,poor,2,COMP160,"Only covers 10% of the material in class, leaving out the harder topics (which end up in homeworks and exams anyways). You're basically on your own, and you'll spend countless hours trying to decipher things which really should have been covered in class. She's also INCREDIBLY rude. Take COMP160 with Blumer instead, he can't possibly be any worse.",10/02/2006,4.0,4.0,,1,It's my life,1.5,1.5,1,No,1159803213000,N/A,1040,N/A,,N/A,[],people,people
N/A,good,average,good,0,866907,0,,good,4,COMP170,No Comments,04/22/2003,3.0,3.0,,4,N/A,4.0,4.0,1,N/A,1051024161000,N/A,1040,N/A,,N/A,[],people,people
N/A,average,good,average,0,866417,0,,average,3,COMP150BIO,Made a class that I thought would be extremely entertaining very boring.,04/22/2003,4.0,4.0,,3,N/A,3.0,3.0,1,N/A,1051020340000,N/A,1040,N/A,,N/A,[],people,people
N/A,average,good,poor,0,865585,0,,poor,2,COMP170,No Comments,04/22/2003,4.0,4.0,,1,N/A,1.5,1.5,1,N/A,1051013704000,N/A,1040,N/A,,N/A,[],people,people
N/A,good,good,good,0,865190,0,,awesome,5,COMP170,No Comments,04/22/2003,4.0,4.0,,5,N/A,5.0,5.0,1,N/A,1051010680000,N/A,1040,N/A,,N/A,[],people,people
N/A,poor,average,average,0,856516,0,,average,1,CS15,"Good teacher for some subjects, not all.  Very obvious strengths/weaknesses.  Take her for cryptology and higher level stuff.  Avoid her for basic programming.",04/20/2003,2.0,2.0,,4,N/A,2.5,2.5,1,N/A,1050801275000,N/A,1040,N/A,,N/A,[],people,people
N/A,average,good,average,0,792621,0,,average,3,COMP170,No Comments,04/05/2003,5.0,5.0,,2,N/A,2.5,2.5,1,N/A,1049566767000,N/A,1040,N/A,,N/A,[],people,people
