attendance,clarityColor,easyColor,helpColor,helpCount,id,notHelpCount,onlineClass,quality,rClarity,rClass,rComments,rDate,rEasy,rEasyString,rErrorMsg,rHelpful,rInterest,rOverall,rOverallString,rStatus,rTextBookUse,rTimestamp,rWouldTakeAgain,sId,takenForCredit,teacher,teacherGrade,teacherRatingTags,unUsefulGrouping,usefulGrouping
N/A,poor,poor,poor,0,18275937,0,,poor,1,ML92,"I took his Romance Linguistics class. For a linguistics professor, he forgets to finish sentences, forgets accents, and misspells foreign words sometimes. He is quite old and probably should be retired, but it's clear that he's still teaching because he loves the subject so much. He does know his stuff, but he just can't get it out so well.",03/14/2011,1.0,1.0,,2,It's my life,1.5,1.5,1,Yes,1300131478000,N/A,1040,N/A,,N/A,[],people,people
N/A,average,poor,average,0,18175811,0,,good,3,FR02,I really enjoyed having John Julian as a French teacher.Though some of his directions weren't always clear he was always willing to give extra help if you needed it. He was flexible with handing in hw and his quizzes were pretty fair. Overall I really liked the class.,01/24/2011,1.0,1.0,,4,Really into it,3.5,3.5,1,Yes,1295887584000,N/A,1040,N/A,,N/A,[],people,people
N/A,good,average,average,0,16992747,0,,good,4,FR1,"Descent and easy teacher. Partial immersion method, so you don't learn grammar or basics but learn conversational french really fast.",04/14/2010,2.0,2.0,,3,Really into it,3.5,3.5,1,Yes,1271240371000,N/A,1040,N/A,,N/A,[],people,people
N/A,poor,average,poor,0,16942373,0,,awful,1,FRNCH1,Useless.  Avoid.  Too old to still be teaching.,04/02/2010,2.0,2.0,,1,Meh,1.0,1.0,1,Yes,1270221202000,N/A,1040,N/A,,N/A,[],people,people
N/A,poor,average,poor,0,16735436,0,,poor,1,FR1,"It's bittersweet with Julian. Half of you hates him, because he plays favorites and will not teach you any practical French (esp if you've never had it), but then he's such a cute old man that you love him. All in all, a good guy, but a terrible French professor. Take only if you've had French before.",01/16/2010,3.0,3.0,,2,Really into it,1.5,1.5,1,Yes,1263677559000,N/A,1040,N/A,,N/A,[],people,people
N/A,poor,good,poor,0,10870117,0,,awful,1,FRENCHONE,"Not interested in you at all. always say how easy the material is when its clearly not. doesnt help explain just claims how easy it is. awful teacher, not excited about material. isnt flexible about meeting outside of class. pick another section!",11/10/2005,4.0,4.0,,1,It's my life,1.0,1.0,1,N/A,1131581883000,N/A,1040,N/A,,N/A,[],people,people
N/A,good,average,good,0,10235190,0,,awesome,4,FRENCH2,No Comments,08/24/2005,3.0,3.0,,5,Really into it,4.5,4.5,1,N/A,1124917381000,N/A,1040,N/A,,N/A,[],people,people
N/A,good,average,good,0,3608074,0,,awesome,5,SPANISH1,very good guy doesn't put pressure on you for small things. easy going and fun to be with in class,04/12/2005,2.0,2.0,,5,Sorta interested,5.0,5.0,1,N/A,1113309851000,N/A,1040,N/A,,N/A,[],people,people
N/A,good,average,good,0,3600059,0,,awesome,4,FRENCH2,loved this man! he made me like french again. isn't picky about the homeworks but if you want to do well in the class you should do all the homework,04/11/2005,2.0,2.0,,5,Really into it,4.5,4.5,1,N/A,1113229603000,N/A,1040,N/A,,N/A,[],people,people
N/A,good,poor,good,0,3598370,0,,good,4,FRENCH2,Funny and nice guy. Is not an ass about homeworks. Tests are easy and class on fridays is fun.,04/11/2005,1.0,1.0,,4,It's my life,4.0,4.0,1,N/A,1113217454000,N/A,1040,N/A,,N/A,[],people,people
N/A,average,average,average,0,554915,0,,average,3,FRENCH4,not especially organized,02/10/2003,3.0,3.0,,3,N/A,3.0,3.0,1,N/A,1044912165000,N/A,1040,N/A,,N/A,[],people,people
