attendance,clarityColor,easyColor,helpColor,helpCount,id,notHelpCount,onlineClass,quality,rClarity,rClass,rComments,rDate,rEasy,rEasyString,rErrorMsg,rHelpful,rInterest,rOverall,rOverallString,rStatus,rTextBookUse,rTimestamp,rWouldTakeAgain,sId,takenForCredit,teacher,teacherGrade,teacherRatingTags,unUsefulGrouping,usefulGrouping
N/A,average,average,average,0,20828303,0,,average,3,ENG001,"Meh. He gives a lot of weird abstract assignments. Once I pointed out a bunch of flaws in an essay we were reading and he told me I was right, but that he was going to ""ignore that and continue to enjoy the essay."" Kind of tough grader. Incomprehensible handwriting. Doesn't give many coments on drafts. That said he is always available to meet .",11/13/2012,3.0,3.0,,3,Sorta interested,3.0,3.0,1,Yes,1352837120000,N/A,1040,N/A,,N/A,[],people,people
N/A,good,average,good,0,20191268,0,,awesome,4,ENG2,"Good teacher, good class. He is really helpful and open to many ideas as long as they're supported. I think we wrote a new paper every week though, so stay on top of your reading. He's a fair grader. Overall, this is a nice way to finish the English requirement!",05/03/2012,3.0,3.0,,5,Sorta interested,4.5,4.5,1,Yes,1336076980000,N/A,1040,N/A,,N/A,[],people,people
N/A,good,average,good,0,16678239,0,,awesome,4,ENG001,"I really liked him. He is extremely helpful After every essay, he lets you assign yourself a time to meet him personally and work on the essay. He gives very useful comments and suggestions. He gives a lot of freedom with writing the essays as well which allow you to explore topics which truly interest you.",01/04/2010,3.0,3.0,,5,Low,4.5,4.5,1,Yes,1262644190000,N/A,1040,N/A,,N/A,[],people,people
N/A,average,good,average,0,16606572,0,,average,2,ENG1,"Prof Karlins is a tough grader, caring prof, off-beat guy, and overall good eng 1  prof. He assigns interesting readings and gives a lot of freedom in the papers. The discussions in class were also interesting and covers a huge variety of topics. He also writes children's books in his spare time.",12/19/2009,4.0,4.0,,4,Sorta interested,3.0,3.0,1,Yes,1261262692000,N/A,1040,N/A,,N/A,[],people,people
N/A,good,average,good,0,16340914,0,,awesome,4,ENG02,"One of the gems of the English department. Knows his stuff, and really cares about the improvement students make in their papers. Absolutely take a course with him if you have the option to.",11/10/2009,3.0,3.0,,5,Sorta interested,4.5,4.5,1,No,1257842783000,N/A,1040,N/A,,N/A,[],people,people
N/A,good,good,good,0,15428396,0,,awesome,4,ENG2,"Terrific guy. No other way to put it. Monumentally helpful in office hours, and actually cares about your improvement.",01/30/2009,4.0,4.0,,5,Low,4.5,4.5,1,No,1233276687000,N/A,1040,N/A,,N/A,[],people,people
N/A,good,average,good,0,14385674,0,,awesome,5,ENG2,"I loved this class.  I thought he was a great professor, he really cared about his students and their progress and the assignments and class discussions were really interesting.",05/01/2008,2.0,2.0,,5,Sorta interested,5.0,5.0,1,Yes,1209679163000,N/A,1040,N/A,,N/A,[],people,people
N/A,good,good,good,0,14017788,0,,awesome,4,ENG1,I loved the class. Papers were graded tough but he is more then willing to sit down with you and go over what he thinks needs work. Class discussions were awesome.,01/18/2008,4.0,4.0,,5,Sorta interested,4.5,4.5,1,Yes,1200650199000,N/A,1040,N/A,,N/A,[],people,people
N/A,average,average,average,0,13181328,0,,average,3,ENGLSECT,very strange.  and says things about film that are not always right.,05/17/2007,3.0,3.0,,3,Really into it,3.0,3.0,1,Yes,1179425766000,N/A,1040,N/A,,N/A,[],people,people
N/A,average,average,good,0,11910669,0,,good,3,ENG1,"cool guy, a little off-beat but discussions are great. accept that at times you will not understand where he is coming from. very helpful, good feedback.",05/18/2006,2.0,2.0,,5,Sorta interested,4.0,4.0,1,N/A,1147975381000,N/A,1040,N/A,,N/A,[],people,people
N/A,average,average,average,0,3605228,0,,good,3,ENG1,"Interesting man with great ideas.  The class is a little scattered and he does tend to get scattered.  He cares about improvement a lot, so you might not want to turn it up all the way too early.",04/12/2005,2.0,2.0,,4,It's my life,3.5,3.5,1,N/A,1113265007000,N/A,1040,N/A,,N/A,[],people,people
N/A,average,average,average,0,3600087,0,,average,3,ENG1,"strange and spacey guy, however he really does care about your improvement. will meet with each student individually to go over each and ever paper. assignments are...different and very ambiguous but if you go with it and be creative you'll do well",04/11/2005,2.0,2.0,,3,Sorta interested,3.0,3.0,1,N/A,1113229814000,N/A,1040,N/A,,N/A,[],people,people
N/A,average,good,average,0,3599860,0,,average,2,ENG1,"Strange man.  The readings and discussions are interesting, but the assignments are unclear, too broad, and arbitrary.  He's a tough grader too, it's rare to get an A.  But he's willing to meet and give help.",04/11/2005,4.0,4.0,,4,Low,3.0,3.0,1,N/A,1113228253000,N/A,1040,N/A,,N/A,[],people,people
N/A,good,average,good,0,2708492,0,,good,4,ENG1,"Cool guy, kind of strange, but interesting professor. Obsessed with Elvis",11/11/2004,3.0,3.0,,4,Sorta interested,4.0,4.0,1,N/A,1100173440000,N/A,1040,N/A,,N/A,[],people,people
N/A,average,average,average,0,2487901,0,,average,2,ENG1,"so spacey. but interesting classroom dynamic and conversation. helps student to think on the edge, but has a very unsystematic way of grading. easy to do well if you show improvement over the semester and if are creative with ideas.",09/22/2004,2.0,2.0,,4,Sorta interested,3.0,3.0,1,N/A,1095863118000,N/A,1040,N/A,,N/A,[],people,people
N/A,good,average,average,0,2075590,0,,good,4,ENG01,"Professor Karlins is a good guy, but is a pretty tough grader when it comes to essays.  Grades against your own potential which is good in a way, but incredibly annoying if you want to pass out of English for the next semester.",05/03/2004,3.0,3.0,,3,N/A,3.5,3.5,1,N/A,1083543955000,N/A,1040,N/A,,N/A,[],people,people
N/A,good,average,good,0,2028966,0,,good,4,DR50,Cool professor. Nice and easy-going.,04/25/2004,3.0,3.0,,4,N/A,4.0,4.0,1,N/A,1082911534000,N/A,1040,N/A,,N/A,[],people,people
N/A,good,average,good,0,1357227,0,,awesome,4,ENG1,"Very great to talk to, good classroom mediator, just very spacey and hippie-ish",11/19/2003,3.0,3.0,,5,N/A,4.5,4.5,1,N/A,1069252893000,N/A,1040,N/A,,N/A,[],people,people
N/A,good,average,good,0,1305681,0,,good,4,ENG1,"good guy.  charming, a little spacy, but funny.  very good teacher, open mind, plans classes, dyanmic ideas.  excellent to talk to.",11/12/2003,2.0,2.0,,4,N/A,4.0,4.0,1,N/A,1068595313000,N/A,1040,N/A,,N/A,[],people,people
