attendance,clarityColor,easyColor,helpColor,helpCount,id,notHelpCount,onlineClass,quality,rClarity,rClass,rComments,rDate,rEasy,rEasyString,rErrorMsg,rHelpful,rInterest,rOverall,rOverallString,rStatus,rTextBookUse,rTimestamp,rWouldTakeAgain,sId,takenForCredit,teacher,teacherGrade,teacherRatingTags,unUsefulGrouping,usefulGrouping
Mandatory,average,average,good,0,26262319,0,,good,3,ENG0002,Very caring,04/09/2016,2.0,2.0,,5,N/A,4.0,4.0,1,Yes,1460231381000,N/A,1040,Yes,,A-,"['Gives good feedback', 'Participation matters', 'Caring']",people,people
N/A,good,average,good,0,22688836,0,,awesome,4,ENG0002,"Good guy, rambles often but at least it's interesting usually. you dont have to read anything he assigns but class is awkward if no one else does either. i wouldn't recommend his class if you have zero interest in the environment/nature. his essay feedback is helpful but you'll have to do more than what he put in order to get that A normally",01/03/2014,2.0,2.0,,5,Sorta interested,4.5,4.5,1,No,1388713462000,N/A,1040,N/A,,N/A,[],people,people
N/A,good,average,good,0,19549200,0,,awesome,5,ENG0002,"I took his Nature in Writing class. The class does get boring sometimes, but the books he chooses are generally good and he is clear about what he wants. The final grade is composed of 4 essays basically but he gives good feedback on the drafts. Generally a pretty good class.",12/17/2011,2.0,2.0,,4,Sorta interested,4.5,4.5,1,Yes,1324091935000,N/A,1040,N/A,,N/A,[],people,people
N/A,average,average,average,0,18163500,0,,good,3,ENG2,Has a tendency to ramble but very well intentioned. I thought he was mostly interesting but not everybody did. The final grade is entirely based on four six-page essays but you have to write six two-page papers as well. He gives a lot of feedback so I thought the class was pretty easy if not the most riveting.,01/20/2011,3.0,3.0,,4,Really into it,3.5,3.5,1,Yes,1295531820000,N/A,1040,N/A,,N/A,[],people,people
N/A,good,average,good,0,16969539,0,,awesome,4,ENG2,"I took his nature and writing class. I'm interested in that topic, which is why i chose to take this class over all the other English 2 courses offered. I enjoyed his assignments very much, even though i had to put a lot of time and thought into it--isn't that the nature of writing&#63; Prof. Gardner is a very understanding, kind, and open teacher.",04/08/2010,3.0,3.0,,5,It's my life,4.5,4.5,1,Yes,1270770529000,N/A,1040,N/A,,N/A,[],people,people
N/A,good,good,good,0,16369388,0,,good,4,ENG2,"I took Nature and Writing. In class, he just rambles about random things. Although you have to go, you really don't need to be paying attention. You have to write about five 2 page essays about strange topics and then four 6 pagers about the environment. You don't get your grade until the end of the semester though.",11/14/2009,4.0,4.0,,4,Sorta interested,4.0,4.0,1,No,1258229675000,N/A,1040,N/A,,N/A,[],people,people
N/A,good,good,good,0,14303020,0,,awesome,5,ENG01,"His feedback is extensive and very helpful.  You will always be able to find a topic that interests you.  There is alot of writing, about 40 pages over the semester, but you will come out a much better writer.  Be warned, he does not give out many grades but he is a very fair grader and is very flexible with final draft deadlines.",04/16/2008,4.0,4.0,,5,Low,5.0,5.0,1,No,1208386884000,N/A,1040,N/A,,N/A,[],people,people
N/A,average,average,average,0,12355694,0,,average,2,ENG01,"We spend most of class discussing his random thoughts.  Also Geoff is very vague about the essays and what he actually wants.  If you want to be able to track your grade, avoid him.",11/03/2006,3.0,3.0,,3,Low,2.5,2.5,1,No,1162566455000,N/A,1040,N/A,,N/A,[],people,people
N/A,average,good,average,0,11460329,0,,good,3,ENG1,"His questions are thought-provoking and he is a great guy, however you'd better adapt to his ideas of what 'correct' english is. Also, be pepared fr a surprise when you get your grade.",02/07/2006,4.0,4.0,,4,Low,3.5,3.5,1,N/A,1139270772000,N/A,1040,N/A,,N/A,[],people,people
N/A,average,good,average,0,11188079,0,,average,2,ENG001,"So random... interesting, but if you care about your GPA avoid this guy.",12/16/2005,4.0,4.0,,4,Sorta interested,3.0,3.0,1,N/A,1134749509000,N/A,1040,N/A,,N/A,[],people,people
N/A,good,average,good,0,3602145,0,,awesome,5,ENG001,"Good class, and he was always clear about what he expected. doesnt give letter grades until the last day, somewhat annoying, but if you want a good laid back, thought provoking class, take his.",04/11/2005,3.0,3.0,,5,Low,5.0,5.0,1,N/A,1113244181000,N/A,1040,N/A,,N/A,[],people,people
N/A,good,good,good,0,2541257,0,,awesome,5,ENGLISH2K,No Comments,10/12/2004,5.0,5.0,,5,It's my life,5.0,5.0,1,N/A,1097606979000,N/A,1040,N/A,,N/A,[],people,people
N/A,good,average,good,0,2172186,0,,good,4,ENG01,He does a great job looking over your work and improving it.,05/21/2004,2.0,2.0,,4,N/A,4.0,4.0,1,N/A,1085133466000,N/A,1040,N/A,,N/A,[],people,people
N/A,good,average,good,0,1973745,0,,awesome,5,ENGLISH01,"He is an interesting teacher.  He looks at your work carefully and provides you with feedback, but you won't master the principles of english.  His topics and course outline is intriguing but it's a little difficult to improve your writing.",04/16/2004,2.0,2.0,,5,N/A,5.0,5.0,1,N/A,1082118949000,N/A,1040,N/A,,N/A,[],people,people
N/A,good,average,average,0,874402,0,,good,5,ENG001,"Gardner is a very unbiased english teacher, hard to find these days.  Take anything and everything he teaches.  He doesnt help you write any better, but who needs to that goes to Tufts.  Fortunately his topics are well thought out and interesting.",04/23/2003,2.0,2.0,,2,N/A,3.5,3.5,1,N/A,1051118380000,N/A,1040,N/A,,N/A,[],people,people
N/A,good,poor,good,0,46059,0,,awesome,5,ENG001,"good teacher, recommend taking anything he teaches",10/01/2001,1.0,1.0,,5,N/A,5.0,5.0,1,N/A,1001900673000,N/A,1040,N/A,,N/A,[],people,people
