attendance,clarityColor,easyColor,helpColor,helpCount,id,notHelpCount,onlineClass,quality,rClarity,rClass,rComments,rDate,rEasy,rEasyString,rErrorMsg,rHelpful,rInterest,rOverall,rOverallString,rStatus,rTextBookUse,rTimestamp,rWouldTakeAgain,sId,takenForCredit,teacher,teacherGrade,teacherRatingTags,unUsefulGrouping,usefulGrouping
N/A,good,average,good,0,19965273,0,,awesome,5,PHIL01,"Professor Kober is fantastic. The reading can often be dense, but she is determined to help everyone understand it. Her way of making the material unintimidating fostered a great atmosphere for discussion. Highly recommended!",03/28/2012,3.0,3.0,,5,Really into it,5.0,5.0,1,Yes,1332968862000,N/A,1040,N/A,,N/A,[],people,people
N/A,good,average,good,0,19654376,0,,awesome,5,PHIL0001,"An absolutely great professor. It is quite clear that she cares about student understanding, and won't move on until concepts are understood. At the same time, Professor Kober won't waste class time on material that isn't pertinent to the essays, or boring. Fantastic class, fantastic professor.",01/02/2012,2.0,2.0,,5,It's my life,5.0,5.0,1,Yes,1325531291000,N/A,1040,N/A,,N/A,[],people,people
N/A,good,average,good,0,19471244,0,,awesome,5,PHIL1,Excellent teacher. She is very good at conveying concepts in a way that her students will understand. She truly cares about all of her students.,12/12/2011,3.0,3.0,,5,Really into it,5.0,5.0,1,No,1323701115000,N/A,1040,N/A,,N/A,[],people,people
N/A,good,average,good,0,18265395,0,,awesome,5,PHIL1,If you want to use you're mind in class rather than regurgitate information like the majority of other classes than take phil 1 with her!,03/10/2011,2.0,2.0,,5,Really into it,5.0,5.0,1,Yes,1299772493000,N/A,1040,N/A,,N/A,[],people,people
N/A,good,average,good,0,17762876,0,,awesome,5,PHIL001,"Gal is one of the best professors I've had at Tufts. Her teaching style is extremely co-operative, and she cares so much about what her students think and feel. If you're taking Intro Philosophy, take it with her. She is so lovely. Even though she's like the busiest person on Earth, she always has time for her students. Incredible prof.",11/13/2010,3.0,3.0,,5,Really into it,5.0,5.0,1,No,1289643283000,N/A,1040,N/A,,N/A,[],people,people
N/A,good,average,good,0,17408455,0,,awesome,5,PHIL001,"Extremely helpful, accessible explanation, easygoing, fun, nice, enjoyed her class thoroughly an learned a lot",07/11/2010,3.0,3.0,,5,Sorta interested,5.0,5.0,1,No,1278836427000,N/A,1040,N/A,,N/A,[],people,people
N/A,good,good,good,0,16410321,0,,awesome,5,PHIL1,She is as clear as a Philosophy Prof can be. She is extremely helpful on papers if you go talk to her about them. She will help you think through everything you need to,11/21/2009,4.0,4.0,,5,Sorta interested,5.0,5.0,1,Yes,1258821352000,N/A,1040,N/A,,N/A,[],people,people
