attendance,clarityColor,easyColor,helpColor,helpCount,id,notHelpCount,onlineClass,quality,rClarity,rClass,rComments,rDate,rEasy,rEasyString,rErrorMsg,rHelpful,rInterest,rOverall,rOverallString,rStatus,rTextBookUse,rTimestamp,rWouldTakeAgain,sId,takenForCredit,teacher,teacherGrade,teacherRatingTags,unUsefulGrouping,usefulGrouping
Mandatory,good,average,average,0,26280366,0,,good,4,SPN003,"He's nice, and pretty good at engaging the class, but Spanish just isn't that interesting",04/12/2016,3.0,3.0,,3,N/A,3.5,3.5,1,Yes,1460475744000,N/A,1040,Yes,,N/A,"['Participation matters', 'Tough grader']",people,people
N/A,average,average,average,0,23762798,0,,average,3,003,"Don Carlos is not the greatest teacher, but he is an easy grader and he's really sweet. ",11/06/2014,2.0,2.0,,3,Sorta interested,3.0,3.0,1,Yes,1415313062000,N/A,1040,Yes,,N/A,"['Participation matters', 'Hilarious']",people,people
Mandatory,average,average,average,0,23685524,0,,average,3,SPN3,"First of all, Don Carlos is absolutely hilarious. And if you laugh at his jokes and participate, he'll like you. He gives a ton of homework though, but you never know which assignment he'll actually check in class. His grading is alright. ",10/23/2014,3.0,3.0,,3,Sorta interested,3.0,3.0,1,Yes,1414027777000,N/A,1040,Yes,,N/A,"['Lots of homework', 'Participation matters', 'Hilarious']",people,people
N/A,poor,average,poor,0,20585530,0,,poor,1,SPN03,"I had Dietrick for spanish 3/4. He is really boring, but you can learn a decent amount. Not a terrible prof but not superb either.",08/18/2012,3.0,3.0,,2,Sorta interested,1.5,1.5,1,Yes,1345291457000,N/A,1040,N/A,,N/A,[],people,people
N/A,average,good,average,0,18163866,0,,good,3,SPAN4,"Don Carlos is a difficult but relatively fair teacher. You have to come to class every time and be prepared to speak Spanish. He also assigns a lot of daily homework, some of which is collected. The tests are pretty easy if you payed attention in class and know the vocabulary. He covers a lot of material in the semester.",01/20/2011,4.0,4.0,,4,Sorta interested,3.5,3.5,1,Yes,1295537671000,N/A,1040,N/A,,N/A,[],people,people
N/A,average,average,average,0,17032354,0,,poor,3,SPN003,"just because you receive a's on all tests and a's on all compositions DOES NOT MEAN he'll give you an A. if you're not his favorite, watch out!",04/21/2010,3.0,3.0,,1,Really into it,2.0,2.0,3,Yes,1271850055000,N/A,1040,N/A,,N/A,[],people,people
N/A,good,average,average,0,12512994,1,,good,4,SP21,"It's hit or miss with him. If he likes you, you're all set. If you end up not being his favorite, then heads up. You'll definitely have to put in some extra effort to get the grades.",12/03/2006,2.0,2.0,,3,Sorta interested,3.5,3.5,1,Yes,1165188298000,N/A,1040,N/A,,N/A,[],person,people
N/A,good,good,good,0,3622871,1,,awesome,4,SPAN4,"this class was a lot of work, and there is always homework, some of it busy work. but you will get a lot out of this class, don carlos is a wonderful teacher who cares about his students. my spanish has improved so much just from this one semester",04/13/2005,4.0,4.0,,5,Really into it,4.5,4.5,1,N/A,1113428240000,N/A,1040,N/A,,N/A,[],person,people
N/A,good,good,good,0,3313848,0,,good,4,SPAN003,He's an awesome teacher; he's funny and wears cowboy boots to class.  I really learned a lot in his class and he's available for extra help.,02/02/2005,4.0,4.0,,4,Really into it,4.0,4.0,1,N/A,1107361497000,N/A,1040,N/A,,N/A,[],people,people
N/A,good,average,good,0,3023732,0,,awesome,5,SPANISH3,"Awesome teacher! Very helpful, let me into the class even though it was full...loves to teach and easy to get along with.",12/14/2004,2.0,2.0,,5,It's my life,5.0,5.0,1,N/A,1103061828000,N/A,1040,N/A,,N/A,[],people,people
N/A,average,good,average,0,1222688,0,,average,3,SPAN21,Cool guy. Wears cowboy boots.,10/26/2003,4.0,4.0,,3,N/A,3.0,3.0,1,N/A,1067182788000,N/A,1040,N/A,,N/A,[],people,people
N/A,good,average,good,0,1022478,0,,awesome,4,SPAN3,he's the man,06/21/2003,3.0,3.0,,5,N/A,4.5,4.5,1,N/A,1056238677000,N/A,1040,N/A,,N/A,[],people,people
N/A,good,good,average,0,866710,0,,good,4,SPN004,No Comments,04/22/2003,4.0,4.0,,3,N/A,3.5,3.5,1,N/A,1051022316000,N/A,1040,N/A,,N/A,[],people,people
N/A,good,good,good,0,548525,0,,awesome,5,SP22,No Comments,02/07/2003,4.0,4.0,,4,N/A,4.5,4.5,1,N/A,1044614965000,N/A,1040,N/A,,N/A,[],people,people
