attendance,clarityColor,easyColor,helpColor,helpCount,id,notHelpCount,onlineClass,quality,rClarity,rClass,rComments,rDate,rEasy,rEasyString,rErrorMsg,rHelpful,rInterest,rOverall,rOverallString,rStatus,rTextBookUse,rTimestamp,rWouldTakeAgain,sId,takenForCredit,teacher,teacherGrade,teacherRatingTags,unUsefulGrouping,usefulGrouping
N/A,good,good,good,0,18686193,0,,awesome,5,DR112,Best. Class. Ever.,06/01/2011,4.0,4.0,,5,Really into it,5.0,5.0,1,Yes,1306893287000,N/A,1040,N/A,,N/A,[],people,people
N/A,good,average,good,0,16706693,0,,awesome,5,DR10,This class rocked my world!,01/11/2010,3.0,3.0,,5,Really into it,5.0,5.0,1,Yes,1263169582000,N/A,1040,N/A,,N/A,[],people,people
N/A,good,poor,good,1,15773610,0,,awesome,5,DRAMA10,"Strange dude, but he is the man. Awesome class to mix up your schedule and let loose. Decent time commitment, but easy A.",05/05/2009,1.0,1.0,,5,Really into it,5.0,5.0,1,No,1241567450000,N/A,1040,N/A,,N/A,[],people,person
N/A,good,average,good,0,11312460,0,,awesome,5,INTROTOACTING,Meron is an amazing teacher!  I had the best time in his class!,01/06/2006,3.0,3.0,,5,It's my life,5.0,5.0,1,N/A,1136512241000,N/A,1040,N/A,,N/A,[],people,people
N/A,good,average,good,0,11251556,0,,awesome,5,DR10,No Comments,12/23/2005,3.0,3.0,,5,Really into it,5.0,5.0,1,N/A,1135366899000,N/A,1040,N/A,,N/A,[],people,people
N/A,good,average,good,1,11064665,0,,awesome,5,DRAMA10INTRO,"Meron was really the greatest teacher, especially in a class of novices.  He makes it so that everyone shines, not just the drama queens, and helps the not so confident kids out of their shells.  Definitely worth taking a class from Meron.",12/06/2005,2.0,2.0,,5,It's my life,5.0,5.0,1,N/A,1133874338000,N/A,1040,N/A,,N/A,[],people,person
