attendance,clarityColor,easyColor,helpColor,helpCount,id,notHelpCount,onlineClass,quality,rClarity,rClass,rComments,rDate,rEasy,rEasyString,rErrorMsg,rHelpful,rInterest,rOverall,rOverallString,rStatus,rTextBookUse,rTimestamp,rWouldTakeAgain,sId,takenForCredit,teacher,teacherGrade,teacherRatingTags,unUsefulGrouping,usefulGrouping
Mandatory,good,average,good,0,22862218,0,,awesome,5,SSDISNEY,"A great course by a great prof who actually teaches critical thinking, close reading and all those other skills we're supposed to learn but no one else bothers to teach.",02/24/2014,3.0,3.0,,5,It's my life,5.0,5.0,1,No,1393230220000,N/A,1040,N/A,,A,[],people,people
N/A,good,average,good,0,22109364,0,,awesome,5,ENGSS,Amazing class with a prof who really teaches and values critical thinking and is engaged with her subject. Not a course for students who don't care about literature and film.,09/07/2013,3.0,3.0,,5,Really into it,5.0,5.0,1,Yes,1378524983000,N/A,1040,N/A,,N/A,[],people,people
N/A,good,good,good,0,17581522,0,,awesome,5,FAS103,"I had her 15 years ago, and I still remember the class. One of my best profs ever.",09/08/2010,4.0,4.0,,5,Really into it,5.0,5.0,1,Yes,1283966377000,N/A,1040,N/A,,N/A,[],people,people
N/A,good,average,good,0,15705585,0,,awesome,5,ENGSS,I took her Disney course. It changed the way I look at all films and literature. I wish I had found her before my last year and skipped all the other Tufts English Dept courses where the professors don't want students to learn to think critically at all. As of 2008 Sarah King is still teaching this course in Summer School. It's awesome!!,04/24/2009,2.0,2.0,,5,It's my life,5.0,5.0,1,Yes,1240608263000,N/A,1040,N/A,,N/A,[],people,people
Not Mandatory,good,average,good,0,10653140,0,,awesome,5,DISNEY,Great teacher. I love her classes. The readings are always interesting and she is a very fair grader.,10/27/2005,2.0,2.0,,5,Low,5.0,5.0,1,N/A,1130437067000,N/A,1040,N/A,,N/A,[],people,people
N/A,good,good,average,0,3767222,0,,average,4,ENG192,"I had her for Toni Morrison. I don't recommend taking a class solely about one author to begin with. The dullness and repetition of Morrison's texts, combined with Prof. King's rather snide attitude toward the vast majority of the population was a bad mix.",05/02/2005,4.0,4.0,,2,Really into it,3.0,3.0,1,N/A,1115075714000,N/A,1040,N/A,,N/A,[],people,people
