attendance,clarityColor,easyColor,helpColor,helpCount,id,notHelpCount,onlineClass,quality,rClarity,rClass,rComments,rDate,rEasy,rEasyString,rErrorMsg,rHelpful,rInterest,rOverall,rOverallString,rStatus,rTextBookUse,rTimestamp,rWouldTakeAgain,sId,takenForCredit,teacher,teacherGrade,teacherRatingTags,unUsefulGrouping,usefulGrouping
Mandatory,poor,good,poor,0,24679054,0,,awful,1,SOC0020,"Prof. Aymer is a sweet person, but honestly doesn't run a classroom well. I took Sociology 20 and all lectures were very boring. She is very disorganized, grades intensely, and you won't know your grade until the end of the semester. She has a hard time accepting other view points, and can be stubborn in conversation. Wouldn't recommend her class",04/27/2015,4.0,4.0,,1,Low,1.0,1.0,1,Yes,1430150304000,N/A,1040,Yes,,N/A,"['So many papers', 'Get ready to read']",people,people
N/A,average,average,average,0,22424707,0,,good,3,SOC110,"I took Racial and Ethnic Minorities with her. The class hit on the the key points as well as answering big questions about the sociology and conception of racial identities in America. Overall, a great class worth taking.",12/03/2013,3.0,3.0,,4,Really into it,3.5,3.5,1,No,1386097419000,N/A,1040,N/A,,N/A,[],people,people
N/A,average,average,average,0,21554289,0,,average,2,SOC070,Took intro to Immigration with her... shes very unorganized and very unclear with her syllabus. every week was a guessing game. she gets a bit miffed when the students point out certain things that are wrong about the syllabus. To be fair though she knows her stuff and she will help you if you ask,04/17/2013,3.0,3.0,,3,Low,2.5,2.5,1,Yes,1366226163000,N/A,1040,N/A,,N/A,[],people,people
N/A,good,average,good,0,21361473,0,,awesome,5,SO1431,I found her lectures stimulating and thematically organized.  I have a limited background in the subject matter and found her lectures illuminating in a scholarly way.  You have to pull your wieght as a student and come prepared and willing to absorb a whole new worldview.  I found her analysis helpful.  analutiticalk wrob ling dn dupuhoxturaet,02/23/2013,3.0,3.0,,5,It's my life,5.0,5.0,1,Yes,1361647535000,N/A,1040,N/A,,N/A,[],people,people
N/A,average,average,average,0,20286594,0,,average,2,SOC143,Aymer is a sweetheart but if you are looking for a class that surveys a variety of religions with clear lectures that follow a logical flow- do not take this. I learned a lot about fundamentalist religions and I was able to absorb a lot from her lectures if I was in the right mindset (honestly smoke a j before it helps). She's great but unorganized,05/15/2012,3.0,3.0,,3,Sorta interested,2.5,2.5,1,No,1337095890000,N/A,1040,N/A,,N/A,[],people,people
N/A,good,good,average,0,20212409,0,,good,4,SOC20,"Professor Aymer is... well, she was okay. The assignments were someone unclear sometimes, and as a result, they made the class harder than they should have been. She made us do grammar exercises during class which was not cool. Overall, the class was fine, and she knows her material, but somewhat of a boring lecturer.",05/06/2012,5.0,5.0,,3,Sorta interested,3.5,3.5,1,Yes,1336346700000,N/A,1040,N/A,,N/A,[],people,people
N/A,average,average,average,0,18656534,0,,poor,2,SOC20,"Aymer as a professor is aggressively average. The subject matter was  dulled through boring lecture and little classroom involvement. She knows her subject, but is resistant to hearing other opinions and incorporating them into class discussion. makes sweeping generalizations about &quot;young folks&quot;Syllabus unclear. each week is a guessing game.",05/24/2011,3.0,3.0,,2,Sorta interested,2.0,2.0,1,Yes,1306236558000,N/A,1040,N/A,,N/A,[],people,people
N/A,good,average,good,0,18041348,0,,good,4,SOC143,"Sociology of Religion, Spring '10. This class was interesting, although I think that a more apt title would be &quot;Fundamentalism in the Modern World.&quot; She was a fair grader, although somewhat vague on prompts. If you enjoy anecdotes told with a Caribbean accent, then you'll enjoy this class.",12/25/2010,3.0,3.0,,4,Sorta interested,4.0,4.0,1,No,1293290360000,N/A,1040,N/A,,N/A,[],people,people
N/A,good,average,average,0,17015119,0,,good,4,SOC0020,"I learned quite a bit in this class. However, lectures tend to go slowly, and she repeats a lot of the material because she is convinced that we aren't getting it, which is frustrating. Sometimes she isn't very clear as to what she wants. 2 in class papers, several reading responses, and a final 8-10 page research paper",04/18/2010,3.0,3.0,,3,Really into it,3.5,3.5,1,Yes,1271610397000,N/A,1040,N/A,,N/A,[],people,people
N/A,average,poor,average,0,12754150,0,,average,2,SOC0187,"Fabulously interesting material, but she can be all over the place.  Gives assignments at the last minute and assignments are not very clear.  She's a little crazy, but the class is very interesting.",01/10/2007,1.0,1.0,,3,It's my life,2.5,2.5,1,Yes,1168432743000,N/A,1040,N/A,,N/A,[],people,people
N/A,average,good,average,0,11897868,0,,average,3,SOC185,not helpful,05/16/2006,4.0,4.0,,2,Low,2.5,2.5,1,N/A,1147802356000,N/A,1040,N/A,,N/A,[],people,people
N/A,good,average,average,0,3752060,0,,good,4,SOCIOLOGY20,"Prof. Aymer is a solid teacher. Course load is manageable: 2page paper due every week, 2 quizes, 1 final paper. Material is interesting, expanding our view of what is a family. She's very articulate, and funny when she slips up and hints at her own opinion on material or tells anecdotal stories.",04/30/2005,3.0,3.0,,3,Really into it,3.5,3.5,1,N/A,1114894179000,N/A,1040,N/A,,N/A,[],people,people
N/A,poor,average,poor,0,3539483,0,,awful,1,CR143,she enjoys what she is teaching but surprisingly has very little grasp on the material.  a course that should have focused on the 3rd world stayed mostly in the contiguous states.  she has also has no tolerance for views that don't coincide with her own,04/01/2005,2.0,2.0,,1,Really into it,1.0,1.0,1,N/A,1112348525000,N/A,1040,N/A,,N/A,[],people,people
N/A,average,good,average,0,2587234,0,,average,3,SOC143,"Prof Aymer is fun and passionate but a bit nutty, and can be harsh when you don't do well on assignments (though that's usually because the assignment was unclear or didn't reflect course material) and she can be a tough grader. I like her, but she's hard to deal with. Class material is interesting.",10/24/2004,4.0,4.0,,3,Really into it,3.0,3.0,1,N/A,1098657250000,N/A,1040,N/A,,N/A,[],people,people
N/A,poor,average,poor,0,2430180,0,,awful,1,SOC20,No Comments,08/29/2004,2.0,2.0,,1,N/A,1.0,1.0,1,N/A,1093818915000,N/A,1040,N/A,,N/A,[],people,people
N/A,good,average,good,0,1929188,0,,awesome,5,SOC143,No Comments,04/09/2004,2.0,2.0,,5,N/A,5.0,5.0,1,N/A,1081516949000,N/A,1040,N/A,,N/A,[],people,people
N/A,good,average,good,0,1252634,0,,good,4,SOC,No Comments,11/03/2003,2.0,2.0,,4,N/A,4.0,4.0,1,N/A,1067826508000,N/A,1040,N/A,,N/A,[],people,people
N/A,average,average,average,0,877536,0,,average,2,SOC20,"Very boring class, the prof is not good at keeping things interesting, and is pretty unclear about grading.  It was pretty easy, however, if you can stay awake.",04/24/2003,3.0,3.0,,3,N/A,2.5,2.5,1,N/A,1051159851000,N/A,1040,N/A,,N/A,[],people,people
N/A,good,average,good,0,541164,0,,awesome,5,SOC188,No Comments,02/04/2003,2.0,2.0,,5,N/A,5.0,5.0,1,N/A,1044396975000,N/A,1040,N/A,,N/A,[],people,people
