attendance,clarityColor,easyColor,helpColor,helpCount,id,notHelpCount,onlineClass,quality,rClarity,rClass,rComments,rDate,rEasy,rEasyString,rErrorMsg,rHelpful,rInterest,rOverall,rOverallString,rStatus,rTextBookUse,rTimestamp,rWouldTakeAgain,sId,takenForCredit,teacher,teacherGrade,teacherRatingTags,unUsefulGrouping,usefulGrouping
Mandatory,average,good,average,0,29812599,1,,poor,2,ENG80,"English majors think that the class is not a well-structured English class and film majors think that it's not a well-structured film class. Either way, it's a lose-lose situation. I'm an English major and I find this class more challenging and less insightful and analytical than the seminars I've taken.",04/16/2018,4.0,4.0,,2,N/A,2.0,2.0,1,No,1523885133000,No,1040,Yes,,N/A,"['Lecture heavy', 'Tough grader', 'Graded by few things']",person,people
Mandatory,good,good,good,0,29390979,0,,awesome,5,HITCH1,"he is AMAZING. Hitchcock is the best class that I have taken at Tufts. He is not only genius, but also learns students names who talk and is open for personalized discussion. He blew my mind! Would recommend to everyone. Basically there was no work as the readings are completely unnecessary, however the 2 papers were graded toughly pretty.",01/04/2018,4.0,4.0,,5,N/A,5.0,5.0,1,No,1515098954000,Yes,1040,Yes,,B+,"['Inspirational', 'Respected', 'Amazing lectures']",people,people
Mandatory,good,average,good,0,29255447,0,,awesome,5,ENG0080,"Professor Edelman is a fantastic lecturer. I had him for a Hitchcock film class, and every class was absolutely fascinating. He brings a very interesting perspective to the discussions of film, including questions of gender, queerness, power, and sexuality. Plus, he's very funny. You will learn so much from his class and your mind will be blown!",12/18/2017,3.0,3.0,,5,N/A,5.0,5.0,1,No,1513593803000,Yes,1040,Yes,,N/A,"['Amazing lectures', 'Lecture heavy', 'Inspirational']",people,people
Mandatory,good,good,good,0,28509886,0,,awesome,5,ENG80,I've never had a professor quite on Edelman's level- an outstanding lecturer and a leading theorist in his field. If you're looking for a course to really twist your brain (in a good way) go for Postmodern and Film.,07/06/2017,4.0,4.0,,5,N/A,5.0,5.0,1,No,1499338860000,Yes,1040,Yes,,N/A,"['Amazing lectures', 'Respected']",people,people
Mandatory,good,average,good,0,27765361,0,,awesome,5,ENG81,"You think the lectures are so good because he must practice them, and then he answers questions with the same level of intelligence. Also has the rare ability to turn any student comment, even the most banal and stupid, into valid and thought provoking points, using them later in the lecture.",01/23/2017,3.0,3.0,,5,N/A,5.0,5.0,1,No,1485164959000,Yes,1040,Yes,,N/A,"['Inspirational', 'Amazing lectures', 'Graded by few things']",people,people
Mandatory,average,average,average,0,27690820,0,,average,3,ENG81,"Edelman's nice and caring, but his class is not structured well. The texts assigned are very heavy and require long discussions for someone to fully comprehend it, but he barely mentions them in class. Also, even though he is a good lecturer, it's sometimes difficult to take notes as he is a fast talker. Not the best English prof.",01/07/2017,3.0,3.0,,3,N/A,3.0,3.0,1,No,1483816152000,No,1040,Yes,,N/A,"['Graded by few things', 'Accessible outside class', ""Skip class? You won't pass.""]",people,people
Mandatory,good,good,good,0,27677787,0,,good,4,ENG81,"Incredibly articulate, intelligent, and charismatic. But beware: do not EVER skip class as there is no textbook or any kind of reference except what he says in lectures. He talks fast and it's often hard to take notes bc the content is so dense. You should be fine if you pay close attention, watch all the movies, and review with other students.",01/05/2017,4.0,4.0,,4,N/A,4.0,4.0,1,No,1483622859000,Yes,1040,Yes,,N/A,"['Graded by few things', 'Amazing lectures', ""Skip class? You won't pass.""]",people,people
Mandatory,good,good,good,0,27677775,0,,good,4,ENG81,"Incredibly articulate, intelligent, and charismatic. But beware: do not EVER skip class as there is no textbook or any kind of reference except for the things he says. He talks fast and it's often hard to take notes bc the content is so dense. You should be fine if you pay close attention, watch all the movies, and review with other students.",01/05/2017,4.0,4.0,,4,N/A,4.0,4.0,1,No,1483622796000,Yes,1040,Yes,,N/A,"['Amazing lectures', ""Skip class? You won't pass."", 'Graded by few things']",people,people
Mandatory,good,good,good,0,27316401,0,,good,4,ENG81,"Readings are from philosophers & theorists - tough to understand, but Prof Edelman breaks down the essentials for you during lectures. Very knowledgeable about the subject, responsive to questions during lectures. Only gripe is that he has both a final exam and a final paper.",12/02/2016,5.0,5.0,,4,N/A,4.0,4.0,1,No,1480710366000,Yes,1040,Yes,,N/A,"['Get ready to read', 'Respected', 'Amazing lectures']",people,people
Mandatory,good,average,good,1,23731789,1,,awesome,4,ENGLISH80,"I had Professor Edelman for Hitchcock: Gender, Cinema, Ideology. This was one of the best classes I have ever taken at Tufts. Professor Edelman is a really great lecturer and is super engaging. He allows students even in a fairly big lecture to get an opportunity to participate and is very responsive and receptive to students' answers. ",11/03/2014,3.0,3.0,,5,It's my life,4.5,4.5,1,Yes,1415019223000,N/A,1040,Yes,,A-,"['Inspirational', 'Respected']",person,person
N/A,good,good,good,1,23606167,1,,awesome,5,SEMINAR,"His classes were the education I dreamed of, and most needed. Not for the faint of heart. Definitely for those that are after it.",09/22/2014,5.0,5.0,,5,It's my life,5.0,5.0,1,Yes,1411396733000,N/A,1040,Yes,,N/A,[],person,person
N/A,good,good,good,1,22552270,1,,awesome,5,ENG80,"Edelman is a bro. He is clear, poignant, concise, intriguing, and insurmountably intelligent. His lectures don't disappoint and you will undoubtedly learn so much from this class. I don't care if you're a film major or an engineer, this class is enlightening and definitely worth taking, The grading is nowhere near easy, but it's worth it 100%.",12/14/2013,5.0,5.0,,5,It's my life,5.0,5.0,1,Yes,1387027854000,N/A,1040,N/A,,N/A,[],person,person
N/A,good,average,good,0,21075532,1,,awesome,5,ENG81,"Postmodernism + Film with Edelman was fantastic. He gives extremely deep and complex lectures with ample student contributions. He manages to elucidate complex texts and bring life to even the driest of theory. Loved the class and love Prof Edelman, he's my man.",12/14/2012,3.0,3.0,,5,Really into it,5.0,5.0,1,No,1355516738000,N/A,1040,N/A,,N/A,[],person,people
N/A,good,good,good,1,19373045,2,,good,5,ENG80,"LITERALLY the most amazing professor I have had through my entire academic career. He is charismatic, beyond intelligent and extremely engaging. He is a phenomenal speaker and super nice although he can be intimidating at first. The course is hard, but I found myself looking forward to class and enjoying every assignment. A MUST take class.",12/03/2011,5.0,5.0,,3,Sorta interested,4.0,4.0,1,No,1322952501000,N/A,1040,N/A,,N/A,[],people,person
N/A,good,good,good,1,17869129,1,,awesome,5,ENGPOMO,"Possibly the single most brilliant man I've ever met - certainly the most eloquent. His lectures are almost emotionally moving. He's also quite funny, and as my prof, advisor, and chair of department, he is extremely helpful every time I seek him out, but he will not hunt you down (which may be good or bad for you, depending). The work is worth it.",12/06/2010,5.0,5.0,,5,It's my life,5.0,5.0,1,No,1291605432000,N/A,1040,N/A,,N/A,[],person,person
N/A,good,good,good,0,14974935,2,,good,4,HITCH1,"Really intelligent, focused, demands a lot from you.",11/11/2008,4.0,4.0,,4,Sorta interested,4.0,4.0,1,Yes,1226430794000,N/A,1040,N/A,,N/A,[],people,people
N/A,good,good,good,0,14910556,1,,good,4,ENG80,"Professor Edelman is incredibly intelligent, well-spoken, and full of fascinating insight (especially in regard to Hitchcock films). He is, however, rather intimidating and although probably really appraochable...it's scary to make that first step.",10/28/2008,5.0,5.0,,4,Really into it,4.0,4.0,1,No,1225209051000,N/A,1040,N/A,,N/A,[],person,people
N/A,good,good,good,0,14432614,2,,awesome,4,ENGENG,"A class with him is worth the extra time you'll have to put into it.  As other people have noted, his lectures are amazing.  He is not pretentious, just incredibly well spoken...which can put some people off.  If you ever need help, Prof. Edelman is extremely approachable and listens with an open ear.  You will not regret the experience!",05/08/2008,5.0,5.0,,5,Really into it,4.5,4.5,1,Yes,1210276651000,N/A,1040,N/A,,N/A,[],people,people
N/A,good,good,good,0,14257152,1,,good,4,ENG81,"Without a doubt the most articulate person I have ever known. Postmodernism is a hard class to get an A in, but definitely worth it, if only because you get an opportunity analyze fairly popular movies through a completely new lens. Edelman is an amazing lecturer, although the content can be overwhelming at times. Overall, a fantastic course.",04/08/2008,4.0,4.0,,4,It's my life,4.0,4.0,1,Yes,1207616198000,N/A,1040,N/A,,N/A,[],person,people
N/A,poor,good,poor,3,12587276,2,,poor,1,ENGSECT,"Very into himself, wanders away from actual material and into the realm of his own pretentious head often. He's an **** and actually and will shut down people who talk and present things differently than he does. Actually saw him recall something incorrectly while shutting down a student and then never apologized, pretty weak, stay away",12/13/2006,4.0,4.0,,2,Meh,1.5,1.5,1,No,1165968018000,N/A,1040,N/A,,N/A,[],people,people
N/A,good,good,good,0,11430548,2,,awesome,5,POMO,"Oh do I love this man. The workload is extremely easy, but its heavy on your mind. Best class I've ever had. If you care about what he is saying, you'll get an easy A.",01/29/2006,5.0,5.0,,5,It's my life,5.0,5.0,1,N/A,1138496847000,N/A,1040,N/A,,N/A,[],people,people
N/A,average,average,average,3,11256340,1,,poor,2,ENG81,"Incredibly self-enamored, and carried away with his own cleverness. His lectures are flashy but low on content.",12/24/2005,3.0,3.0,,2,Sorta interested,2.0,2.0,1,N/A,1135463127000,N/A,1040,N/A,,N/A,[],person,people
N/A,good,good,good,1,10484926,1,,awesome,5,HITCHCOCK,"The best public speaker I have ever heard in person, read, seen in film or on tape, living or dead.  Lectures as if he practiced ever word and gesture in a mirror, yet answers off the cuff questions with the same errorless form, even quoting whole sections of texts.  Uses no notes.  Possibly an alien.  Intimidating yet always pleasant polite and fair.  The only teacher I've had at Tufts who was worth the price of admission.  Only class where I couldn't have learned more in 15 minutes on wikipedia.",09/11/2005,5.0,5.0,,5,It's my life,5.0,5.0,1,N/A,1126437111000,N/A,1040,N/A,,N/A,[],person,person
N/A,good,good,good,0,10393776,1,,awesome,5,HITCHCOCK,No Comments,09/07/2005,4.0,4.0,,4,It's my life,4.5,4.5,1,N/A,1126076365000,N/A,1040,N/A,,N/A,[],person,people
N/A,good,good,good,0,2211662,0,,awesome,5,ENGLISH81,He takes the material and the students in his classes seriously and puts on a hell of a show. He's amazing.,06/02/2004,5.0,5.0,,5,N/A,5.0,5.0,1,N/A,1086172391000,N/A,1040,N/A,,N/A,[],people,people
N/A,good,good,good,0,2084703,0,,awesome,5,ENG81,"When the postmodernism and film class burst into applause after Edelman's final lecture, I knew that they appreciated as much as I did the brilliance and enthusiasm he brought to every class. He;s one of three profs at Tufts you've GOT to take.",05/04/2004,4.0,4.0,,5,N/A,5.0,5.0,1,N/A,1083673038000,N/A,1040,N/A,,N/A,[],people,people
N/A,good,good,good,0,2021156,0,,awesome,5,80,How this professor can talk with such eloquence and humor and intelligence WITHOUT USING ANY NOTES is beyond me. The best lecturer you'll ever hear. And hot.,04/23/2004,4.0,4.0,,5,N/A,5.0,5.0,1,N/A,1082730720000,N/A,1040,N/A,,N/A,[],people,people
N/A,average,good,average,0,1951720,0,,poor,3,ENGLISH,No Comments,04/13/2004,5.0,5.0,,1,N/A,2.0,2.0,1,N/A,1081887121000,N/A,1040,N/A,,N/A,[],people,people
N/A,good,good,good,0,1926928,0,,awesome,5,ENG292,"The highlight of my academic career.  This professor is simply the most rigorous, committed, and fantastic pedagogue I have ever met.  I cannot recommend him highly enough.",04/08/2004,5.0,5.0,,5,N/A,5.0,5.0,1,N/A,1081465362000,N/A,1040,N/A,,N/A,[],people,people
N/A,good,good,good,0,1796070,0,,awesome,5,ENG81,Possibly one of the most intelligent people i've ever met. You don't have to agree with him to enjoy his extremely well crafted lectures. He will always explain it again if asked. Extremely hard to get an A but an absolutely wonderful experience.,03/10/2004,4.0,4.0,,4,N/A,4.5,4.5,1,N/A,1078959293000,N/A,1040,N/A,,N/A,[],people,people
N/A,good,average,good,0,1509128,0,,awesome,5,ENG80,"hardest course, hottest prof--most challenging and most impressive. fantastic lectures.",12/15/2003,3.0,3.0,,5,N/A,5.0,5.0,1,N/A,1071494848000,N/A,1040,N/A,,N/A,[],people,people
N/A,good,good,good,0,1380301,0,,awesome,5,ENG171,"Brilliant. Shapely. He can be intimidating, but is always fair and helpful.",11/22/2003,4.0,4.0,,5,N/A,5.0,5.0,1,N/A,1069516498000,N/A,1040,N/A,,N/A,[],people,people
N/A,good,good,good,0,1197111,0,,awesome,5,171,the most sophisticated theorist at Tufts,10/17/2003,5.0,5.0,,5,N/A,5.0,5.0,1,N/A,1066369254000,N/A,1040,N/A,,N/A,[],people,people
N/A,good,good,good,0,1141348,0,,good,5,ENG91,"This guy is very very hard. If getting in to a top 20 school didnt make you feel smart, if you feel you need to proove yourself, take this class and work your butt off to get a B; yeah im serious.",09/18/2003,5.0,5.0,,3,N/A,4.0,4.0,1,N/A,1063929227000,N/A,1040,N/A,,N/A,[],people,people
N/A,poor,poor,poor,0,1059975,0,,awful,1,ENG91A,The only people guilty of ignorance are those who toe his party line too closely. The only 'Invisible Spectacles' are the Emperor's New Clothes imbeciles like those 4 reviewers before choose to see. Pomp and crap.,07/22/2003,1.0,1.0,,1,N/A,1.0,1.0,1,N/A,1058904024000,N/A,1040,N/A,,N/A,[],people,people
N/A,good,average,good,0,1019459,0,,awesome,5,AMERPOETRY,This man is brilliant.  I feel smarter simlpy for having spent time w/the guy.  The people who tend not to like his style also tend to prefer ignorance to any other state of mind.,06/19/2003,3.0,3.0,,5,N/A,5.0,5.0,1,N/A,1056028548000,N/A,1040,N/A,,N/A,[],people,people
N/A,good,good,good,0,962852,0,,awesome,5,ENG91A,"Every class was a masterful performance. Amazing energy, passion, and insight. Its intellectual nectar for those who care more about rigorous thought than an easy grade.",05/15/2003,5.0,5.0,,5,N/A,5.0,5.0,1,N/A,1053025508000,N/A,1040,N/A,,N/A,[],people,people
N/A,good,poor,good,0,962290,0,,awesome,5,ENG91,"As a senior who has taken a lot of classes at Tufts, I can say that no one has impressed me more. No one knows more about theory or film. And he's sexy too.",05/15/2003,1.0,1.0,,5,N/A,5.0,5.0,1,N/A,1053013079000,N/A,1040,N/A,,N/A,[],people,people
N/A,good,poor,good,0,962269,0,,awesome,5,ENG91,brilliant lecturer...and those biceps,05/15/2003,1.0,1.0,,5,N/A,5.0,5.0,1,N/A,1053012751000,N/A,1040,N/A,,N/A,[],people,people
N/A,good,good,good,0,953896,0,,awesome,5,ENG91,If you can't understand his point of view you're obviously missing a lot of important stuff in life. This guy digs deep into everything and challenges our society's simple explanations. HIGHLY recommend his classes-if you're intelligent enough.,05/12/2003,4.0,4.0,,5,N/A,5.0,5.0,1,N/A,1052776340000,N/A,1040,N/A,,N/A,[],people,people
N/A,poor,good,poor,0,886560,0,,awful,1,ENG91,Worst teacher ever. Ever.,04/25/2003,5.0,5.0,,1,N/A,1.0,1.0,1,N/A,1051291131000,N/A,1040,N/A,,N/A,[],people,people
N/A,poor,good,poor,0,882155,0,,awful,1,ENG91A,This guy is a suckah!  But man is he one hot chili!,04/24/2003,5.0,5.0,,1,N/A,1.0,1.0,1,N/A,1051224402000,N/A,1040,N/A,,N/A,[],people,people
N/A,poor,good,poor,0,880449,0,,awful,1,ENG91,Worst professor I have ever had (at Tufts or high-school). Certain forms of torture are more enjoyable than being told you're wrong by this man.,04/24/2003,5.0,5.0,,1,N/A,1.0,1.0,1,N/A,1051206377000,N/A,1040,N/A,,N/A,[],people,people
N/A,good,average,good,0,876271,0,,awesome,5,ENG91,Amazing amazing amazing.  He will change your perspective of the world.  People who are convinced that their ideas are always right should steer clear though.  The best professor I know.,04/23/2003,3.0,3.0,,4,N/A,4.5,4.5,1,N/A,1051135392000,N/A,1040,N/A,,N/A,[],people,people
N/A,poor,good,poor,0,874555,0,,awful,1,ENG91,"Terrible. Oh, and if he turned your mind around 360 degrees, it would end up right where it started. My guess is that's not such a good thing...",04/23/2003,5.0,5.0,,1,N/A,1.0,1.0,1,N/A,1051120060000,N/A,1040,N/A,,N/A,[],people,people
N/A,poor,good,poor,0,874500,0,,awful,1,ENG91,I agree. Wasted my time.,04/23/2003,5.0,5.0,,1,N/A,1.0,1.0,1,N/A,1051119651000,N/A,1040,N/A,,N/A,[],people,people
N/A,poor,poor,poor,0,874046,0,,awful,1,ENG91,Ugh...my time has never been so wasted. Every word that comes out of the man's mouth is false.,04/23/2003,1.0,1.0,,1,N/A,1.0,1.0,1,N/A,1051115551000,N/A,1040,N/A,,N/A,[],people,people
N/A,good,good,good,0,872158,0,,good,5,ENG91,"Blew me away.  I refused to miss a lecture.  A little out there on some stuff, but made my mind do a 360 every class.",04/23/2003,4.0,4.0,,3,N/A,4.0,4.0,1,N/A,1051097846000,N/A,1040,N/A,,N/A,[],people,people
N/A,poor,average,poor,0,869280,0,,awful,1,ENG91,No Comments,04/22/2003,3.0,3.0,,1,N/A,1.0,1.0,1,N/A,1051044254000,N/A,1040,N/A,,N/A,[],people,people
N/A,poor,good,poor,0,869261,0,,awful,1,ENG91,Wasted my time with his brand of psychoanalytic analysis of movies...why are we criticising movies with something now psychologist would believe in anwyas&#63;,04/22/2003,4.0,4.0,,1,N/A,1.0,1.0,1,N/A,1051044136000,N/A,1040,N/A,,N/A,[],people,people
N/A,poor,average,poor,0,869246,0,,awful,1,ENG91,Bad.,04/22/2003,3.0,3.0,,1,N/A,1.0,1.0,1,N/A,1051044026000,N/A,1040,N/A,,N/A,[],people,people
N/A,poor,poor,poor,0,869216,0,,awful,1,ENG91,Bad teacher. Will listen to your opinion only if it is his. Stay clear.,04/22/2003,1.0,1.0,,1,N/A,1.0,1.0,1,N/A,1051043822000,N/A,1040,N/A,,N/A,[],people,people
N/A,poor,average,poor,0,869178,0,,awful,1,ENG91,"Pretentious braggart. Needs to be fired (or silenced) for the sake of mankind, if not those who listen to him.",04/22/2003,3.0,3.0,,1,N/A,1.0,1.0,1,N/A,1051043545000,N/A,1040,N/A,,N/A,[],people,people
N/A,poor,good,poor,0,869162,0,,awful,1,ENG91,"Pompous and pretentious (hearing him try to speak French is almost worth taking his class -- ALMOST), and an idiot who loves his own 'voix'. On the Gospel according to Edelman: never have I been a party to such an awful case of the Emperor's New Clothes.",04/22/2003,5.0,5.0,,1,N/A,1.0,1.0,1,N/A,1051043437000,N/A,1040,N/A,,N/A,[],people,people
N/A,poor,poor,poor,0,868987,0,,awful,1,ENG91A,"He will provide you with answers to his questions early on in the semester and a vocab to use, and then the rest of your time will be wasted inflating his (large) ego. Terrible terrible teacher operating under the guise of a cunning speaker- so was Hitler",04/22/2003,1.0,1.0,,1,N/A,1.0,1.0,1,N/A,1051042142000,N/A,1040,N/A,,N/A,[],people,people
N/A,good,good,good,0,865986,0,,awesome,5,ENG91A,One of the smartest men I've ever heard speak..brilliant...not much class discussion but it doesnt matter...take this class,04/22/2003,4.0,4.0,,4,N/A,4.5,4.5,1,N/A,1051016906000,N/A,1040,N/A,,N/A,[],people,people
N/A,good,average,good,0,733394,0,,awesome,5,ENG91A,"Great class...brilliant speaker, tons of fun...(and biceps)",03/22/2003,3.0,3.0,,4,N/A,4.5,4.5,1,N/A,1048296706000,N/A,1040,N/A,,N/A,[],people,people
N/A,good,good,good,0,555835,0,,good,5,ENG,Hot stuff; stellar lectures (and biceps),02/11/2003,4.0,4.0,,3,N/A,4.0,4.0,1,N/A,1044930474000,N/A,1040,N/A,,N/A,[],people,people
N/A,good,good,good,0,543979,0,,awesome,5,ENG91,amazing lecturer: very effective and engaging; very knowledgeable,02/05/2003,5.0,5.0,,5,N/A,5.0,5.0,1,N/A,1044476284000,N/A,1040,N/A,,N/A,[],people,people
N/A,good,good,good,0,539107,0,,awesome,5,ENG292,Brilliant and sexy,02/04/2003,5.0,5.0,,5,N/A,5.0,5.0,1,N/A,1044352291000,N/A,1040,N/A,,N/A,[],people,people
N/A,good,good,good,0,539100,0,,awesome,5,ENG91A,Take one of his classes.,02/04/2003,4.0,4.0,,5,N/A,5.0,5.0,1,N/A,1044352028000,N/A,1040,N/A,,N/A,[],people,people
N/A,good,good,good,0,534371,0,,awesome,5,ENG,No Comments,02/02/2003,4.0,4.0,,4,N/A,4.5,4.5,1,N/A,1044186256000,N/A,1040,N/A,,N/A,[],people,people
