attendance,clarityColor,easyColor,helpColor,helpCount,id,notHelpCount,onlineClass,quality,rClarity,rClass,rComments,rDate,rEasy,rEasyString,rErrorMsg,rHelpful,rInterest,rOverall,rOverallString,rStatus,rTextBookUse,rTimestamp,rWouldTakeAgain,sId,takenForCredit,teacher,teacherGrade,teacherRatingTags,unUsefulGrouping,usefulGrouping
Mandatory,good,average,good,0,30975122,0,,good,4,CH0001,"Took CH1, it was boring and wasn't good at explaining concepts, although is caring",12/11/2018,3.0,3.0,,4,N/A,4.0,4.0,1,Yes,1544562885000,No,1040,Yes,,N/A,"['Get ready to read', 'Caring', 'Lots of homework']",people,people
Not Mandatory,average,average,average,0,30893236,0,,average,3,CH0001,"Allen is wonderfully caring and wants her students to succeed, but not so great of a lecturer. Sometimes gets confused by her own slides. Recitation can be pointless but is mandatory. She really wants her students to do well, though, and if you see her during office hours, she's an angel.",12/06/2018,2.0,2.0,,3,N/A,3.0,3.0,1,No,1544101780000,Yes,1040,Yes,,A,"['Inspirational', 'Caring', 'Participation matters']",people,people
N/A,good,average,good,1,30324105,0,,awesome,5,CH0001,"Although CH1 is not the best class I've taken so far, Professor Allen is by far my favourite professor! She is the chair of one of the best majors at Tufts, she advocates for students to no end, and she has been so incredibly kind to me. Seriously, don't let CH1 cloud your vision on her, she is way underrated and is such a gem!!",07/06/2018,3.0,3.0,,5,N/A,5.0,5.0,1,Yes,1530867211000,Yes,1040,Yes,,N/A,"['Accessible outside class', 'Caring']",people,person
Mandatory,poor,average,poor,3,29518816,3,,awful,1,CH0001,"I absolutely hated this class. I was considering a community health major and this class completely ruined that for me. It was disorganized, there were two main papers, the quizzes were filled with trick questions, and all three lecturers, Matt, Professor Allen and Stransky turned out to be three of my least favorite professors of all time.",01/30/2018,3.0,3.0,,1,N/A,1.0,1.0,1,No,1517319197000,No,1040,Yes,,B+,"['Participation matters', 'So many papers']",people,people
N/A,good,average,good,1,28708535,0,,awesome,5,CH0001,"GO TO OFFICE HOURS!!!!! Jennifer Allen is an incredibly caring professor is extremely experienced in her field. She relates her experience to classes, making the material more approachable. She is genuinely concerned with making sure you are happy at Tufts, and is the most genuinely kind women when you are having a hard time (personal or academic)",10/02/2017,3.0,3.0,,5,N/A,5.0,5.0,1,Yes,1506928360000,Yes,1040,Yes,,N/A,"['Respected', 'Inspirational', 'Caring']",people,person
Not Mandatory,good,average,average,1,25964472,0,,good,4,CH0001,"This is a relatively easy class to take at Tufts, although Professor Allen is not a great lecturer, her and the TA's give a clear grading criteria for their papers.",01/19/2016,2.0,2.0,,3,Really into it,3.5,3.5,1,No,1453224309000,N/A,1040,Yes,,B+,"['Gives good feedback', 'Clear grading criteria', 'Lecture heavy']",people,person
Not Mandatory,average,average,average,1,25962270,0,,good,3,CH1,"Professor Allen is very sweet and enthusiastic... but it doesn't always translate into engaging lectures. She is very knowledgeable about PH and passionate, but (in part because it's a survey course) classes felt disjointed and a little disorganized. She is still a great mentor and inspired me to take more CH classes in the future. (s/o to Matt!)",01/19/2016,2.0,2.0,,4,Really into it,3.5,3.5,1,No,1453206206000,N/A,1040,Yes,,A-,"['Clear grading criteria', 'So many papers']",people,person
Mandatory,poor,average,poor,0,25938234,1,,poor,1,CH0001,"Two big papers, quizzes every recitation Recitation is mandatory.",01/13/2016,2.0,2.0,,2,Really into it,1.5,1.5,1,No,1452727371000,N/A,1040,Yes,,A-,"['So many papers', 'Lecture heavy']",person,people
Not Mandatory,average,average,average,0,25932919,1,,good,3,CH0001,"Although Allen is good, the head TA Matt was most competent in teaching the class. Allen reads off the powerpoints that Matt creates and although she is competent in her field, she tries to be too politically correct and teaches too slowly.  The material is interesting, though, and I recommend taking the class.",01/13/2016,2.0,2.0,,4,It's my life,3.5,3.5,1,No,1452683977000,N/A,1040,Yes,,N/A,['Participation matters'],person,people
Not Mandatory,average,average,average,1,24732421,0,,average,3,CH30,"Jennifer Allen is fantastic as a person and very kind, however she is a bit disorganized which sometimes made her class feel all over the place.  The class could've been structured better and assignments could have been clearer but if you attend her office hours she is there for you.",05/04/2015,3.0,3.0,,3,Sorta interested,3.0,3.0,1,Yes,1430742533000,N/A,1040,Yes,,A-,"['Group projects', 'Hilarious']",people,person
N/A,average,average,average,0,24412481,0,,average,2,CH1,"Professor Allen is a really nice woman but ultimately very confusing and disorganized, making her class not very engaging. ",02/25/2015,2.0,2.0,,4,Meh,3.0,3.0,1,No,1424882209000,N/A,1040,Yes,,N/A,[],people,people
N/A,good,poor,average,0,24231362,0,,good,4,CH1,"easy class, TA wasnt very helpful nor responded to emails. Great lady, interesting subject matter, but poor organization.",01/05/2015,1.0,1.0,,3,It's my life,3.5,3.5,1,No,1420470265000,N/A,1040,Yes,,N/A,"['Participation matters', 'Clear grading criteria', 'So many papers']",people,people
N/A,average,average,average,0,24219986,2,,average,2,CH000101,"The class was very unorganized, making it difficult to stay interested. Jennifer's lectures were seldom gripping. No need to rent the textbook. The essays were very difficult, but midterm and final exams were very easy (A+). Community Health is interesting, but not when Jennifer teaches it. ",01/03/2015,2.0,2.0,,3,Sorta interested,2.5,2.5,1,No,1420275931000,N/A,1040,Yes,,N/A,"['So many papers', 'Participation matters']",people,people
Mandatory,good,average,good,0,24219793,0,,awesome,5,CH0001,"The class was cool because we had a lot of guest lecturers that kept content interesting, Prof Allen tries to be really engaging but it often falls flat when she tries. She is really helpful in office hours though! There are 2 papers but they are not bad and TAs gave back good feedback. ",01/03/2015,2.0,2.0,,5,Sorta interested,5.0,5.0,1,Yes,1420259241000,N/A,1040,Yes,,A+,"['Caring', 'Participation matters', 'Lecture heavy']",people,people
Not Mandatory,good,poor,good,0,24055499,0,,awesome,5,CH01,"As far the class itself is concerned, Intro Community Health is ridiculously easy. There is really no necessity to go to class or recitation other than participation credit in recitations (which isn't even participation, it's just attendance). As for Dr. Allen, she's really approachable but lectures are incredibly boring. Overall: incredibly easy.",12/12/2014,1.0,1.0,,4,Really into it,4.5,4.5,1,No,1418401064000,N/A,1040,Yes,,A-,"['Caring', 'Clear grading criteria']",people,people
Mandatory,average,poor,average,0,24037765,0,,good,3,CH0001,"Professor Allen does care about helping her students and the subject matter at hand. However, she could be more organized and convey the material better. Peer-reviewed literature (which makes up the majority of outside reading) isn't easy to get through or terribly informative and the essays are not cakewalks. The tests aren't too bad.",12/11/2014,1.0,1.0,,4,Sorta interested,3.5,3.5,1,No,1418312628000,N/A,1040,Yes,,N/A,['So many papers'],people,people
N/A,average,average,average,2,23951729,2,,good,3,CH0001,"Oh, Jenny, Jenny, Jenny, what are we going to do with you? Good intentions, bad execution. She didn't even read the assigned readings. The paper is a disaster without a rocking TA. Love me some social determinants.",12/04/2014,2.0,2.0,,4,It's my life,3.5,3.5,1,No,1417717728000,N/A,1040,Yes,,N/A,['So many papers'],people,people
Mandatory,average,average,average,0,23719110,0,,average,2,0001,"Professor Allen is a little bit all over the place in her lectures, and every class begins with a fifteen minute technology struggle. She's smart, but not cut out well for teaching students. Writing assignments are confusing. ",10/30/2014,2.0,2.0,,3,Sorta interested,2.5,2.5,1,No,1414691007000,N/A,1040,Yes,,A,[],people,people
Not Mandatory,average,poor,poor,0,22920542,2,,poor,2,CH0001,"Nice lady but really a pretty terrible teacher. She is SO unorganized. She rushes through everything and we never learn any real material. She let the TA or guest speakers teach most of the time, who were just as bad. Tests were a joke and I'm pretty sure they didn't even read our final, 15 page papers. Super easy class, awful to sit through.",03/18/2014,1.0,1.0,,1,Really into it,1.5,1.5,1,No,1395140259000,N/A,1040,N/A,,A+,[],people,people
Not Mandatory,good,poor,good,1,22770154,0,,awesome,5,CH0001,"Jennifer is really sweet and understanding. She also has a lot of public health experience and tells stories in class that help the information to stick. The only downside to CH1 was the organization of the class. Seeing as how it was Jen and Matt's first time teaching the course, I would think that next year it'll be much better.",01/19/2014,1.0,1.0,,5,It's my life,5.0,5.0,1,No,1390090650000,N/A,1040,N/A,,N/A,[],people,person
