attendance,clarityColor,easyColor,helpColor,helpCount,id,notHelpCount,onlineClass,quality,rClarity,rClass,rComments,rDate,rEasy,rEasyString,rErrorMsg,rHelpful,rInterest,rOverall,rOverallString,rStatus,rTextBookUse,rTimestamp,rWouldTakeAgain,sId,takenForCredit,teacher,teacherGrade,teacherRatingTags,unUsefulGrouping,usefulGrouping
Mandatory,good,average,good,0,31346561,0,,awesome,5,ENG005,"Genuinely considers every word you write, and gives deeply thoughtful feedback. Usually serious, but never condescending or intimidating, and has a dry wit that pokes out at times. Low time commitment, easy to get an A if you spend a few minutes each week revising your stories, and if you offer thought-out criticism in class.",02/08/2019,3.0,3.0,,5,N/A,5.0,5.0,1,No,1549643697000,Yes,1040,Yes,,A,"['Participation matters', 'Clear grading criteria', 'Gives good feedback']",people,people
Mandatory,good,average,good,0,26568588,0,,awesome,4,ENG005,"Very dedicated to helping students improve. The class itself consists almost entirely of peer editing. Workload is usually low, but he expects you to give good feedback. No talent required for an A, just take revisions seriously. Fun and easy way to complete the fine arts requirement.",05/13/2016,2.0,2.0,,5,N/A,4.5,4.5,1,No,1463161362000,N/A,1040,Yes,,A,"['Gives good feedback', 'Participation matters']",people,people
Mandatory,good,average,good,0,26277815,0,,awesome,5,ENG05,"He had a really amazing way of getting his class to get excited to share their writing and give feedback on everyone else's writing. Going into this class, I was scared about speaking up a lot and sharing my writing (which I don't do often) but this class was a positive and comfortable experience for me and helped me open up about my writing!",04/12/2016,3.0,3.0,,5,N/A,5.0,5.0,1,No,1460460633000,Yes,1040,Yes,,A-,"['Respected', 'Gives good feedback']",people,people
Mandatory,good,average,good,0,22852978,2,,awesome,5,ENG0005,Great class. Downing has a great teaching style which focuses on improving your writing rather than the content of that writing. Technically it was a no fantasy/scifi class but he allowed it without any issues and guided discussions toward useful feedback on content for those styles of stories. Very strongly recommend.,02/19/2014,2.0,2.0,,5,It's my life,5.0,5.0,1,No,1392840605000,N/A,1040,N/A,,A,[],people,people
N/A,good,average,good,0,22401145,0,,awesome,5,ENG005,Michael Downing is a wonderful teacher. He helped my writing enormously and takes everyone's work seriously. A treasure.,11/28/2013,3.0,3.0,,5,Sorta interested,5.0,5.0,1,No,1385653245000,N/A,1040,N/A,,N/A,[],people,people
Mandatory,good,average,good,0,22269574,0,,awesome,5,ENG5,"One of the most intelligent and kind teachers at Tufts. His comments on stories are always constructive, and he leads discussions without manhandling them.",11/06/2013,2.0,2.0,,5,Really into it,5.0,5.0,1,No,1383766154000,N/A,1040,N/A,,N/A,[],people,people
N/A,good,average,good,0,20844777,0,,awesome,5,ENG5,"Basically everything he says is insightful and constructive. And he's also a funny, nice guy in general. Great class.",11/15/2012,3.0,3.0,,5,Sorta interested,5.0,5.0,1,No,1353000050000,N/A,1040,N/A,,N/A,[],people,people
N/A,poor,good,poor,2,14787855,18,,awful,1,ENGLISLFK,good teach,08/30/2008,5.0,5.0,,1,Meh,1.0,1.0,3,No,1220084554000,N/A,1040,N/A,,N/A,[],people,people
N/A,good,average,good,0,12363389,1,,awesome,5,ENG5,"Brilliant. What everyone else said is completely true. If you've ever thought about writing before, no matter how good or bad you think you are, you can learn a lot in his class.",11/05/2006,3.0,3.0,,5,It's my life,5.0,5.0,1,No,1162760329000,N/A,1040,N/A,,N/A,[],person,people
N/A,good,average,good,0,11423171,0,,awesome,5,ENG5,"This class is so fun and laid-back.  Reading and criticizing each others' work is really interesting, and he is an amazing professor.  His comments are so helpful.",01/26/2006,2.0,2.0,,5,It's my life,5.0,5.0,1,N/A,1138306759000,N/A,1040,N/A,,N/A,[],people,people
N/A,good,average,good,0,3257104,0,,awesome,5,ENG5,Michael Downing has helped my creative writing in such an amazing way. He is insightful and smart and gives notes that challenge in a way that inspires you to achieve what he sees in your writing. So basically take the class.,01/21/2005,3.0,3.0,,5,Really into it,5.0,5.0,1,N/A,1106271794000,N/A,1040,N/A,,N/A,[],people,people
N/A,good,average,good,0,3215217,0,,awesome,5,ENG6,"Amazing, amazing man. I looked forward to coming to class. He had some whacked out assignments at the beginning, but it was a great class. For everything you wrote, he would type out a full page of comments and helpful criticisms. TAKE HIS CLASS.",01/13/2005,2.0,2.0,,5,It's my life,5.0,5.0,1,N/A,1105617715000,N/A,1040,N/A,,N/A,[],people,people
N/A,good,average,good,1,2399876,0,,awesome,5,ENG06,He was one of the best teachers I've had at Tufts. His criticism was never harsh and his comments were extremely helpful. Definitely take this class before you graduate.,08/18/2004,3.0,3.0,,5,N/A,5.0,5.0,1,N/A,1092862329000,N/A,1040,N/A,,N/A,[],people,person
N/A,good,average,good,0,2394560,0,,awesome,5,ENG05,One word describes this man: god.,08/16/2004,3.0,3.0,,5,N/A,5.0,5.0,1,N/A,1092694355000,N/A,1040,N/A,,N/A,[],people,people
N/A,good,average,good,0,1814119,0,,awesome,5,ENG,"this man is AMAZING... he is Tufts' best kept secret-- what a resource, if you have a choice of ANY teacher to take for creative writing-- Michael is *BY FAR* the recommended choice.",03/16/2004,3.0,3.0,,5,N/A,5.0,5.0,1,N/A,1079472689000,N/A,1040,N/A,,N/A,[],people,people
N/A,good,average,good,0,1381613,0,,awesome,5,ENG6,absolutely love him. downing could have my children any day. seriously best professor i have ever had and will worship him until the day i do.,11/22/2003,3.0,3.0,,5,N/A,5.0,5.0,1,N/A,1069543179000,N/A,1040,N/A,,N/A,[],people,people
N/A,good,average,good,0,877236,0,,awesome,5,ENG006,Michael Downing is a master in the art of constructive criticism.  He always finds a friendly way to improve your writing and engage you in class discussions.  A pleasure.,04/24/2003,3.0,3.0,,5,N/A,5.0,5.0,1,N/A,1051146127000,N/A,1040,N/A,,N/A,[],people,people
N/A,good,average,good,0,868811,0,,awesome,5,ENG5,"Mr Downing is funny, friendly, and takes everyone's work seriously - no matter how bad it is.",04/22/2003,3.0,3.0,,5,N/A,5.0,5.0,1,N/A,1051040426000,N/A,1040,N/A,,N/A,[],people,people
N/A,good,average,good,0,868536,0,,awesome,5,ENG006,No Comments,04/22/2003,2.0,2.0,,5,N/A,5.0,5.0,1,N/A,1051037678000,N/A,1040,N/A,,N/A,[],people,people
N/A,good,average,good,0,865967,0,,awesome,5,ENG5,"One of my favorite professors at Tufts..makes for great class discussion, always made me feel comfortable with my work, assignments are helpful and extremely enjoyable, really improved my writing",04/22/2003,3.0,3.0,,5,N/A,5.0,5.0,1,N/A,1051016757000,N/A,1040,N/A,,N/A,[],people,people
N/A,good,average,good,0,750799,0,,awesome,5,ENG5,Very friendly and helpful. Takes a real interest in your work.,03/27/2003,2.0,2.0,,5,N/A,5.0,5.0,1,N/A,1048732466000,N/A,1040,N/A,,N/A,[],people,people
N/A,good,average,good,0,541614,0,,awesome,5,ENG5,No Comments,02/05/2003,3.0,3.0,,5,N/A,5.0,5.0,1,N/A,1044403760000,N/A,1040,N/A,,N/A,[],people,people
