attendance,clarityColor,easyColor,helpColor,helpCount,id,notHelpCount,onlineClass,quality,rClarity,rClass,rComments,rDate,rEasy,rEasyString,rErrorMsg,rHelpful,rInterest,rOverall,rOverallString,rStatus,rTextBookUse,rTimestamp,rWouldTakeAgain,sId,takenForCredit,teacher,teacherGrade,teacherRatingTags,unUsefulGrouping,usefulGrouping
N/A,good,average,good,0,16697824,0,,good,4,ECON11,"Though this class is not a walk in the park, Dehejia is more than willing to help you in and out of class whenever you have questions. Micro is inherently a dense subject, but Dehejia has a unique wittiness that allows him to convey the subject matter in a more appealing manner than most professors. I would definitely take another class with him.",01/08/2010,3.0,3.0,,4,Really into it,4.0,4.0,1,No,1262972206000,N/A,1040,N/A,,N/A,[],people,people
N/A,good,average,good,0,16697818,0,,good,4,ECON11,"I have to disagree with most of the other reviews. Though this class is not a walk in the park, Dehejia is more than willing to help you in and out of class whenever you have questions. Micro is inherently a dense subject, but Dehejia has a unique wittiness that allows him to convey the subject matter in a more appealing manner than most professors",01/08/2010,3.0,3.0,,4,Really into it,4.0,4.0,1,No,1262972117000,N/A,1040,N/A,,N/A,[],people,people
N/A,good,good,average,0,16038025,0,,average,4,EC11,"A really good professor. Make no mistake: this is hard class - but the prof did a good job of bringing in real examples and applying the theory to real world examples. I would say this section is not the easy way out, but the way to really learn something useful. And, yes, he's a sharp dresser.",07/14/2009,4.0,4.0,,1,Really into it,2.5,2.5,1,Yes,1247578187000,N/A,1040,N/A,,N/A,[],people,people
N/A,poor,good,poor,0,15578679,0,,poor,1,EC11,One of the hardest classses I've taken at Tufts and turned me off from majoring in economics. The textbook was horrible and examples in class were completely unrelated. Online problem sets (which counted for 10% of the grade) were not too difficult but were nothing like the exams. The final exam counted for 60% of the grade and was nearly impossibl,03/28/2009,5.0,5.0,,2,Really into it,1.5,1.5,1,No,1238251842000,N/A,1040,N/A,,N/A,[],people,people
N/A,average,good,average,0,15343686,0,,poor,2,EC11,He makes the subject impossible  by using examples that are extremely difficult to follow in class. He is very smart but is incapable of communicating key concepts. His problem sets and readings do not prepare you for the level of difficulty in tests.,01/08/2009,4.0,4.0,,2,Really into it,2.0,2.0,1,No,1231451538000,N/A,1040,N/A,,N/A,[],people,people
N/A,average,average,average,0,15267553,0,,poor,2,ECON11,"Professor Dehejia is probably the least effective professor I've encountered at Tufts. He's obviously smart, but only communicates the necessary material at the most cursory, elementary level, making it difficult for students to extrapolate their knowledge - especially on exams. I would not take another class with him. Well-dressed.",12/23/2008,3.0,3.0,,2,Really into it,2.0,2.0,1,Yes,1229991939000,N/A,1040,N/A,,N/A,[],people,people
