attendance,clarityColor,easyColor,helpColor,helpCount,id,notHelpCount,onlineClass,quality,rClarity,rClass,rComments,rDate,rEasy,rEasyString,rErrorMsg,rHelpful,rInterest,rOverall,rOverallString,rStatus,rTextBookUse,rTimestamp,rWouldTakeAgain,sId,takenForCredit,teacher,teacherGrade,teacherRatingTags,unUsefulGrouping,usefulGrouping
Not Mandatory,average,average,average,0,23676775,0,,good,3,ENG0165,Class was all discussion-based. She's a little absent-minded and has a quirky sense of humor but often throws out little nuggets of amazing analysis. She can spend a long time talking about a very short poem so be prepared for that. Good feedback on my papers. I looked forward to this class every week. ,10/21/2014,2.0,2.0,,4,Really into it,3.5,3.5,1,No,1413894377000,N/A,1040,Yes,,A,"['Group projects', 'Gives good feedback', 'Participation matters']",people,people
N/A,good,average,good,0,18155852,0,,good,4,ENG58,"Prof. Bamber is a great professor, meet with her when you don't know what to write a paper on she is extremely helpful.",01/18/2011,2.0,2.0,,4,Really into it,4.0,4.0,1,Yes,1295380496000,N/A,1040,N/A,,N/A,[],people,people
N/A,good,good,good,0,17570957,0,,awesome,5,ENG0165,"One of the best profs I've ever had. Always open to unexpected ideas in class, but also always has her eye on managing the time and gently steering the conversation in productive directions. Excellent in smaller settings. Perspectives on American Poetry and her Women in Fiction courses were both great! Occasional difficult/challenging readings.",09/02/2010,4.0,4.0,,5,Really into it,5.0,5.0,1,Yes,1283450557000,N/A,1040,N/A,,N/A,[],people,people
N/A,good,average,average,0,17408457,0,,good,4,ENG71,"She's a little absent minded and crazy, but she's a lot of fun. She has great insights and is good at motivating an interesting discussion.",07/11/2010,3.0,3.0,,3,Really into it,3.5,3.5,1,Yes,1278836693000,N/A,1040,N/A,,N/A,[],people,people
N/A,good,good,good,0,15535317,0,,good,4,ENGL171,"Probably one of my favorite classes at Tufts so far. She's well versed and intelligent - the class  runs off of discussion so it's really important to do all the reading and be as insightful as possible. It's challenging, but students are able to surmount it.",03/16/2009,4.0,4.0,,4,Sorta interested,4.0,4.0,1,Yes,1237173239000,N/A,1040,N/A,,N/A,[],people,people
N/A,average,average,average,0,15015608,0,,average,2,ENG0067,"Do not take Perspectives in American Poetry as a freshman, even if you placed out of the English requirement.  It is esoteric.  The course material is interesting and Bamber, albeit exceedingly quirky and in her own little world, is a good teacher.  Grading is a mystery.  Not too much work.",11/18/2008,2.0,2.0,,4,Sorta interested,3.0,3.0,1,Yes,1227005029000,N/A,1040,N/A,,N/A,[],people,people
N/A,good,average,good,0,10213546,0,,awesome,5,ENG67,an amazing professor.  cares so much about her students.  lets students voice their opinions but always reins in the conversation to touch on the important points.  i've taken her twice and would take all her classes if i could.,09/07/2005,2.0,2.0,,5,It's my life,5.0,5.0,1,N/A,1126093933000,N/A,1040,N/A,,N/A,[],people,people
N/A,poor,average,poor,0,10189866,0,,awful,1,ENG067SHAKES,Horribly dull professor who ran discussions with no direction whatsoever. A ridiculous grading system rendered class pointless. Relied on TA's to interact with students. Don't ruin Shakespeare by having her as a teacher.,08/31/2005,2.0,2.0,,1,Really into it,1.0,1.0,1,N/A,1125495073000,N/A,1040,N/A,,N/A,[],people,people
N/A,poor,average,poor,0,4047973,0,,poor,1,ENG132,Bamber is very flaky and only cares about her own opinions. I would not take another class with her. She is difficult to get a hold of outside of class and is just not a good professor overall.,06/30/2005,2.0,2.0,,2,Really into it,1.5,1.5,1,N/A,1120131893000,N/A,1040,N/A,,N/A,[],people,people
N/A,average,average,average,0,3266359,0,,average,3,ENG67SHAKES,"Randomness in lectures, lack of direction in analyzing readings, frequently dull, eccentric TAs to spice it up a little, complete lack of grading (plus an absurd final exam). Shakespeare is great to read, but this prof didn't do it well",01/23/2005,2.0,2.0,,3,Really into it,3.0,3.0,1,N/A,1106503231000,N/A,1040,N/A,,N/A,[],people,people
N/A,average,average,average,0,2081807,0,,average,3,ENG132,"instead of letting the class discover things for ourselves, she constantly said, &quot;let me tell you what i think.&quot; i found that annoying.",05/03/2004,3.0,3.0,,2,N/A,2.5,2.5,1,N/A,1083623798000,N/A,1040,N/A,,N/A,[],people,people
N/A,good,average,good,0,2074905,0,,awesome,5,ENG,"perspectives on american poetry was amazing, the readings and discussions are very interesting and bamber always has insightful comments, very laid back... awesome!",05/02/2004,3.0,3.0,,5,N/A,5.0,5.0,1,N/A,1083535929000,N/A,1040,N/A,,N/A,[],people,people
N/A,good,average,good,0,2007274,0,,good,4,ENG61,"Very concerned with our viewpoints, intelligent and an excellent prof",04/21/2004,3.0,3.0,,4,N/A,4.0,4.0,1,N/A,1082576659000,N/A,1040,N/A,,N/A,[],people,people
N/A,average,average,average,0,1910515,0,,average,2,ENG61,Her lectures consist of telling the kids to say what they thought about a story and then commenting (maybe).  She doesn't put grades on papers and forces students to do peer teaching for ~4 classes total (laziness&#63;).  She is generally unenthused.,04/06/2004,3.0,3.0,,3,N/A,2.5,2.5,1,N/A,1081268015000,N/A,1040,N/A,,N/A,[],people,people
N/A,good,good,good,0,1126539,0,,good,4,EN199,Class was Buddhism its influences on Modern American Poets.  Course material was very interesting (although she probably gave me a better grade than I deserved).,09/09/2003,4.0,4.0,,4,N/A,4.0,4.0,1,N/A,1063148461000,N/A,1040,N/A,,N/A,[],people,people
N/A,good,average,good,0,877119,0,,awesome,5,SHORTFICT,No she wasn't.  She was cool.,04/24/2003,3.0,3.0,,5,N/A,5.0,5.0,1,N/A,1051144831000,N/A,1040,N/A,,N/A,[],people,people
N/A,good,average,good,0,866974,0,,awesome,5,ENGLISH61,No Comments,04/22/2003,3.0,3.0,,4,N/A,4.5,4.5,1,N/A,1051024694000,N/A,1040,N/A,,N/A,[],people,people
N/A,poor,average,poor,0,865852,0,,poor,1,SHORTFICT,"Random, boring, very strange teaching style",04/22/2003,3.0,3.0,,2,N/A,1.5,1.5,1,N/A,1051015798000,N/A,1040,N/A,,N/A,[],people,people
