attendance,clarityColor,easyColor,helpColor,helpCount,id,notHelpCount,onlineClass,quality,rClarity,rClass,rComments,rDate,rEasy,rEasyString,rErrorMsg,rHelpful,rInterest,rOverall,rOverallString,rStatus,rTextBookUse,rTimestamp,rWouldTakeAgain,sId,takenForCredit,teacher,teacherGrade,teacherRatingTags,unUsefulGrouping,usefulGrouping
Mandatory,good,average,good,0,28888959,0,,good,4,EDU105,"Professor Gugino is a very understanding and will always help you if needed. She really cares about teaching her students on the best tips to be good teachers. We have homework almost every night but its not very difficult. She knows what she's talking about and if you have the opportunity to take EDU 105 with her, do it!",11/13/2017,2.0,2.0,,4,N/A,4.0,4.0,1,Yes,1510610015000,Yes,1040,Yes,,N/A,"['Group projects', 'Inspirational', 'So many papers']",people,people
N/A,average,poor,average,0,10893399,0,,average,3,COMPRELIGION,"pretty easy, pretty boring, has quiet voice and its a big class so hard to stay awake sometimes..she means well and knows her stuff but lectures on and on- the quizzes are straight forward and you dont have to do the reading, just memorize a bunch of terms. overview of religions.",11/13/2005,1.0,1.0,,2,Low,2.5,2.5,1,N/A,1131902186000,N/A,1040,N/A,,N/A,[],people,people
N/A,average,average,average,0,10832944,0,,poor,2,R1,No Comments,09/25/2005,3.0,3.0,,2,Meh,2.0,2.0,1,N/A,1127677586000,N/A,1040,N/A,,N/A,[],people,people
N/A,good,average,good,0,10253185,0,,awesome,5,CR1,Pretty good professor although easily distracted.,08/30/2005,2.0,2.0,,5,Really into it,5.0,5.0,1,N/A,1125419505000,N/A,1040,N/A,,N/A,[],people,people
N/A,good,average,good,0,10068296,0,,good,4,CR01,"Very nice professor...funny and sweet.  Also, very knowledgeable and poses interesting questions.  Workload is pretty light and class is very interesting and a good overview of religion.",07/28/2005,3.0,3.0,,4,Really into it,4.0,4.0,1,N/A,1122537915000,N/A,1040,N/A,,N/A,[],people,people
N/A,good,average,good,0,3240019,0,,awesome,5,CR1,This was one of the best courses I've ever taken. She is so nice and I learned a lot in this class. Exams are general and pretty easy.,01/18/2005,2.0,2.0,,5,Really into it,5.0,5.0,1,N/A,1106063999000,N/A,1040,N/A,,N/A,[],people,people
