attendance,clarityColor,easyColor,helpColor,helpCount,id,notHelpCount,onlineClass,quality,rClarity,rClass,rComments,rDate,rEasy,rEasyString,rErrorMsg,rHelpful,rInterest,rOverall,rOverallString,rStatus,rTextBookUse,rTimestamp,rWouldTakeAgain,sId,takenForCredit,teacher,teacherGrade,teacherRatingTags,unUsefulGrouping,usefulGrouping
Mandatory,good,average,good,0,30380536,0,,good,4,BIO152,"Good class, very lecture-heavy. Definitely learned a lot!",07/27/2018,3.0,3.0,,4,N/A,4.0,4.0,1,No,1532726832000,Yes,1040,Yes,,A,"['Lecture heavy', ""Skip class? You won't pass.""]",people,people
N/A,average,average,average,1,30111573,0,,average,3,BIO152,"Overall, class is fine. Much easier than taking bio171 (probably about half the work). Fuchs is fine, and the tests are okay if you study. Personally, I didnt use the textbook at all. Only thing is that once you notice that Fuchs uses the word sorta as a filler phrase, youll never be able to unhear it.",05/15/2018,3.0,3.0,,3,N/A,3.0,3.0,1,No,1526386670000,Yes,1040,Yes,,A-,[],people,person
Mandatory,good,average,good,1,29841885,1,,awesome,5,BIO152,"A certain chemistry professor really instilled in me a fear of anything with the word &quot;chemistry&quot; in it, so I was terrified of taking biochem with Dr. Fuchs. I didn't have to worry, everything comes from the lectures and he lets you know exactly what he's going to test you on. For once I understood and actually liked the material.",04/19/2018,3.0,3.0,,5,N/A,5.0,5.0,1,No,1524140040000,Yes,1040,Yes,,A-,"[""Skip class? You won't pass."", 'Lecture heavy']",person,person
Mandatory,poor,good,poor,2,29699580,1,,awful,1,BIO152,"I found this class to be unreasonably difficult, unclear, and disorganized. I feel that I did not learn anything from lecture and had to teach myself biochemistry. During review sessions, he was not super helpful. Lots of memorization.",03/26/2018,4.0,4.0,,1,N/A,1.0,1.0,1,No,1522094036000,No,1040,Yes,,A,"['Lecture heavy', 'Graded by few things']",person,people
N/A,good,good,good,1,29614131,4,,awesome,5,BIO152,"Prof. Fuchs is an excellent teacher. He really knows the material and really tries to give his lectures examples that students would find interesting (like examples from medicine or industry). His exams are not easy, but he is a very fair grader and really wants students to master the material - not just memorize a list of facts. Great Prof!",03/02/2018,4.0,4.0,,5,N/A,5.0,5.0,1,Yes,1519994756000,Yes,1040,Yes,,N/A,"['Accessible outside class', 'Amazing lectures', 'Clear grading criteria']",people,person
Mandatory,good,good,good,1,29412041,4,,awesome,5,BIO152,"Okay I really had to work for this class but it was a great class. When I was doing my MCAT prep I thought back to this class all the time. Put the effort in, if you don't understand something either make the hike/take the shuttle to 200 Boston to get help or the grad students were really great.",01/08/2018,4.0,4.0,,5,N/A,5.0,5.0,1,No,1515422836000,Yes,1040,Yes,,A-,"['Lecture heavy', ""Skip class? You won't pass.""]",people,person
Mandatory,good,average,good,1,28835822,4,,awesome,5,BIO152,Good class. Not difficult if you show up and use office hours or piazza to clear questions up.,11/05/2017,3.0,3.0,,5,N/A,5.0,5.0,1,No,1509881059000,Yes,1040,Yes,,A,"['Lecture heavy', ""Skip class? You won't pass.""]",people,person
Mandatory,good,average,good,2,28634312,1,,good,4,BIO152,"All you need to know: go to class, don't read the book, take good notes, go to office hours. Helps to have a group of friends in the class to study with. Straighforward tests.",08/22/2017,2.0,2.0,,4,N/A,4.0,4.0,1,No,1503440542000,Yes,1040,Yes,,A,"[""Skip class? You won't pass.""]",person,people
Mandatory,good,average,good,5,28457409,1,,awesome,5,BIOCHEMISTRY152,"Fuchs is really knowledgeable about his field of biology. Some of his students have nicknamed him ""The Protein Man"". Biochemistry is not the most interesting class, but Fuchs makes it bearable. He tries to cater to his students, even in a 150+ person class. He makes himself available and is great at explaining things.  Keep drinking that Coca-Cola",06/15/2017,3.0,3.0,,5,N/A,5.0,5.0,1,No,1497545472000,Yes,1040,Yes,,B+,"['Accessible outside class', 'Inspirational', ""Skip class? You won't pass.""]",person,people
Mandatory,poor,good,poor,1,28450261,2,,awful,1,BIO152,"I found his lectures to be very disorganized. He often doesn't have answers for questions asked in class. Office hours and review sessions were held off-campus where he works. It's convenient for him but not the 150+ students in the class. Also, the final exam had multiple (5+) errors that he had to correct during the exam.",06/13/2017,4.0,4.0,,1,N/A,1.0,1.0,1,No,1497376700000,No,1040,N/A,,N/A,"['Lecture heavy', 'Tough grader']",people,person
N/A,good,average,good,4,28447256,2,,good,4,BIO152,There;s lots of content and he moves quickly through lectures but if u go to office hours he's super helpful. He uses piazza too so if u have questions outside of class/office hours he's usually on top of that,06/12/2017,3.0,3.0,,4,N/A,4.0,4.0,1,No,1497304191000,Yes,1040,Yes,,A-,[],people,people
Not Mandatory,good,good,good,5,28442994,2,,good,4,BIO152,"I think he normally does research and this was his first teaching semester, and it kind of showed because he wasn't always prepared. But overall, I thought it was well taught, the tests can be difficult but he lets you know exactly what will and won't be tested which is great. He's a really smart guy, I think his teaching just needs some practice.",06/11/2017,4.0,4.0,,4,N/A,4.0,4.0,1,No,1497188765000,Yes,1040,Yes,,B+,"['Graded by few things', ""Skip class? You won't pass.""]",people,people
N/A,good,average,good,3,28442984,2,,awesome,5,BIO152,"This class went very well with my learning style because he uses tons of real-world examples from medicine and research (including his own). This class is lecture heavy (don't buy the book) and he'll hit you with a lot of info at once, so you have to get good at picking out what's important. He holds tons of office hours, would recommend going!",06/11/2017,3.0,3.0,,5,N/A,5.0,5.0,1,No,1497188379000,Yes,1040,Yes,,A,"[""Skip class? You won't pass."", 'Accessible outside class', 'Lecture heavy']",people,people
N/A,poor,good,poor,3,28242216,4,,awful,1,BIO152,"Stephen Fuchs' lectures are rambly, disorganized, and extremely difficult to gain any knowledge from. He puts almost no effort into trying to facilitate learning and still expects you to understand exactly what he wants from you anyway. He makes it clear that he cares more about his research than the success of his students.",05/07/2017,4.0,4.0,,1,N/A,1.0,1.0,1,No,1494200397000,No,1040,Yes,,N/A,[],people,people
