attendance,clarityColor,easyColor,helpColor,helpCount,id,notHelpCount,onlineClass,quality,rClarity,rClass,rComments,rDate,rEasy,rEasyString,rErrorMsg,rHelpful,rInterest,rOverall,rOverallString,rStatus,rTextBookUse,rTimestamp,rWouldTakeAgain,sId,takenForCredit,teacher,teacherGrade,teacherRatingTags,unUsefulGrouping,usefulGrouping
Mandatory,good,good,good,0,29639737,0,,awesome,5,CHEM52,Guest lecturer. I liked what he did with some cyclic reactions. Entertaining and good with Thomas as a guest lecturer.,03/09/2018,4.0,4.0,,5,N/A,5.0,5.0,1,No,1520635996000,Yes,1040,Yes,,N/A,[],people,people
Mandatory,good,good,good,0,29512537,0,,awesome,5,CHEM12,Proteins as infectious agents. Mad cow disease. It was awesome...,01/28/2018,4.0,4.0,,5,N/A,5.0,5.0,1,No,1517173622000,Yes,1040,Yes,,N/A,['Inspirational'],people,people
Not Mandatory,good,good,good,3,27896097,0,,awesome,5,CHEM171,Professor Kumar was a guset lecturer.  But he blew everyone away!  He was excellent!  I ha d him for three lectures and wished he had taught the entire class.  Awesome...,03/10/2017,4.0,4.0,,5,N/A,5.0,5.0,1,No,1489113451000,Yes,1040,Yes,,N/A,[],people,people
Not Mandatory,good,good,good,3,27870871,0,,awesome,5,CHEM171,It is the middle of the semester and Prof Kumar was grate!  I wish he will do more lectures.  He can be funny but also probing what the class knows.  I liked it overall.,03/02/2017,5.0,5.0,,5,N/A,5.0,5.0,1,No,1488422065000,Yes,1040,Yes,,N/A,[],people,people
N/A,good,average,good,4,23346812,0,,awesome,5,CHEM52,One lecture was given by Kumar on peptide syntehsis and followed up by Prion Diseases.  Superb lecture and entertaining.,06/05/2014,3.0,3.0,,4,Really into it,4.5,4.5,1,Yes,1401931470000,N/A,1040,N/A,,N/A,[],people,people
N/A,good,good,good,2,20586641,0,,awesome,5,CHEM0157,I decided to go into Biotech or Pharma as a med chemist after this class.  Great class.exams assignments were compressed in the end.  Did not like that.,08/18/2012,4.0,4.0,,4,Really into it,4.5,4.5,1,No,1345334059000,N/A,1040,N/A,,N/A,[],people,people
N/A,good,good,good,0,19981909,0,,awesome,5,CHEM0157,Cool class.   Workload is deceiving if you don't pay attention it will going to cost you.,04/02/2012,4.0,4.0,,4,It's my life,4.5,4.5,1,Yes,1333334274000,N/A,1040,N/A,,N/A,[],people,people
N/A,good,good,good,0,19317851,1,,awesome,5,BIO171,The protease and eznmye inhibtion types was very good.  One lecture was short but the clarity was very good.,11/27/2011,4.0,4.0,,4,Really into it,4.5,4.5,1,Yes,1322434541000,N/A,1040,N/A,,N/A,[],person,people
N/A,good,good,good,5,18958515,0,,awesome,5,CHEM52,I took 51 with another prof. this was way better.  nice lectures and use of blackboard instead of powerppt.,08/28/2011,4.0,4.0,,4,It's my life,4.5,4.5,1,Yes,1314500031000,N/A,1040,N/A,,N/A,[],people,people
N/A,good,average,good,0,18810748,0,,awesome,5,CHEM52,The first semester was ok and disorganized.  Second semester was better.,07/12/2011,3.0,3.0,,4,Really into it,4.5,4.5,1,Yes,1310454844000,N/A,1040,N/A,,N/A,[],people,people
N/A,good,good,good,0,18806858,0,,awesome,5,CHEM52,High level stuff...  Im a philosophy maj and discussed Nietzsche during office hours instead of umpolung,07/11/2011,4.0,4.0,,5,Really into it,5.0,5.0,1,Yes,1310349226000,N/A,1040,N/A,,N/A,[],people,people
N/A,good,good,good,0,18556357,0,,awesome,5,CHEM52,Brainy.. and a bit arrogant.  Knows a lot and knows what question a student is going to ask before they finish.  Enjoyed the two semesters and finished with A.  Gradning scheme is transparent.,05/09/2011,5.0,5.0,,5,Really into it,5.0,5.0,1,Yes,1304902356000,N/A,1040,N/A,,N/A,[],people,people
N/A,good,good,good,2,18471902,0,,good,5,CHEM0051,Good professor.,04/26/2011,4.0,4.0,,3,Really into it,4.0,4.0,1,Yes,1303841169000,N/A,1040,N/A,,N/A,[],people,people
N/A,good,good,good,0,18409727,0,,awesome,5,CHEM52,Last semester this course did not do anything for me.  I like it now and the conncetion with biology is good.  Lectures are sometime too fast for a normal person to understand.,04/14/2011,4.0,4.0,,4,Really into it,4.5,4.5,1,Yes,1302784976000,N/A,1040,N/A,,N/A,[],people,people
N/A,good,average,good,0,18342883,0,,awesome,5,CHEM12,Kumar gave a lecture on prions and it was great.  He is awesome ...  He quikly made us understand the overall probelm of mad cow disease and scientific basis.,04/01/2011,2.0,2.0,,4,It's my life,4.5,4.5,1,Yes,1301644687000,N/A,1040,N/A,,N/A,[],people,people
N/A,good,good,good,0,16370177,0,,good,5,BIO172,He's busy so a TA gives half the lectures. They were both good but I woud prefer that the Prof took the time to teach the class.,11/15/2009,4.0,4.0,,3,Really into it,4.0,4.0,1,No,1258246928000,N/A,1040,N/A,,N/A,[],people,people
N/A,good,good,good,0,16192097,0,,awesome,5,CHEM171,"This was a good class.  Kumar is organized although this class was taught by him, half the lectures given by a grad student.  All in all I learned a grate deal.",09/17/2009,5.0,5.0,,4,Really into it,4.5,4.5,1,Yes,1253154646000,N/A,1040,N/A,,N/A,[],people,people
N/A,good,average,good,0,11936783,0,,awesome,5,CHE5152,Prof kumar is clear articulate and fun. I have enjoyed this year of chemistry soooo much. the exams are not your average exam and the poor sophomore who never took orgo is in so much trouble!,05/24/2006,3.0,3.0,,5,Really into it,5.0,5.0,1,N/A,1148484182000,N/A,1040,N/A,,N/A,[],people,people
N/A,good,good,good,0,11929528,0,,awesome,5,ORGANICCHEM,"hands down the best science teacher i've ever had. the true measure of a teacher is not general brilliance, but the ability to convey difficult material to the average person.  kumar easily possesses both qualities.",05/23/2006,4.0,4.0,,4,Really into it,4.5,4.5,1,N/A,1148349441000,N/A,1040,N/A,,N/A,[],people,people
N/A,good,good,good,0,11841112,0,,awesome,5,CHEM5152,"Awesome teacher, he knows soooooooo much and is very clear about teaching it.  His tests are very fair, even though they are hard, although nothing in organic chemistry is ever easy!  I can't imagine how hard the class would be without someone awesome like kumar.",05/07/2006,4.0,4.0,,4,Really into it,4.5,4.5,1,N/A,1147038621000,N/A,1040,N/A,,N/A,[],people,people
N/A,good,average,good,0,11606228,0,,awesome,5,CH5152,Professor Kumar is THE MAN.,03/23/2006,3.0,3.0,,4,It's my life,4.5,4.5,1,N/A,1143141634000,N/A,1040,N/A,,N/A,[],people,people
N/A,good,good,good,0,2665070,0,,good,5,171,No Comments,11/06/2004,5.0,5.0,,3,Really into it,4.0,4.0,1,N/A,1099755974000,N/A,1040,N/A,,N/A,[],people,people
N/A,good,good,good,0,1143279,0,,awesome,5,CHEM52,"This guy is so intense, he is downright intimidating.  But he knows his stuff.  Cold!!  I would recommend learning from him.  Never have to learn it again.  Hard as nails though..",09/20/2003,5.0,5.0,,5,N/A,5.0,5.0,1,N/A,1064064812000,N/A,1040,N/A,,N/A,[],people,people
N/A,good,good,average,0,549018,0,,average,4,CHEM52,No Comments,02/07/2003,5.0,5.0,,2,N/A,3.0,3.0,1,N/A,1044625738000,N/A,1040,N/A,,N/A,[],people,people
