attendance,clarityColor,easyColor,helpColor,helpCount,id,notHelpCount,onlineClass,quality,rClarity,rClass,rComments,rDate,rEasy,rEasyString,rErrorMsg,rHelpful,rInterest,rOverall,rOverallString,rStatus,rTextBookUse,rTimestamp,rWouldTakeAgain,sId,takenForCredit,teacher,teacherGrade,teacherRatingTags,unUsefulGrouping,usefulGrouping
Mandatory,good,average,good,0,31022554,0,,awesome,5,FAM93,"Only good things to say about Kate! She is always so open minded to people's individual styles, and when she gives critique it is always very justified and actually helps you improve. She teaches you some foundation techniques, and honestly they really help your skills. I learnt so much about my own style and felt it develop as the class went on.",12/14/2018,2.0,2.0,,5,N/A,5.0,5.0,1,No,1544765900000,Yes,1040,Yes,,A,"['Respected', 'Inspirational', 'Caring']",people,people
N/A,good,poor,good,0,18374379,0,,good,4,FAM93,"Kate is great! So sweet, really eager to get to know students and see them improve. I am an artist and still got something out of the class and I know the non-artists liked it too. She has really interesting stories and is flexible with attendance and projects. We also got to go to her studio and a show in Boston on a field trip.",04/07/2011,1.0,1.0,,4,Really into it,4.0,4.0,1,No,1302201295000,N/A,1040,N/A,,N/A,[],people,people
N/A,average,average,average,0,18163540,0,,average,3,FAM93,"Professor Finnegan is incredibly sweet and tries to get to know her students. I had no experience in watercolors and am now at least competent. That said, three hours is a long time to sit on a stool and paint. Professor Finnegan has preferences for certain aesthetics and techniques so that can be frustrating but generally she is very helpful.",01/20/2011,2.0,2.0,,3,Really into it,3.0,3.0,1,No,1295532272000,N/A,1040,N/A,,N/A,[],people,people
N/A,good,average,good,0,11910617,0,,good,4,FAM93,"this class was more than just a watercolor course, she is very well versed in painting and everything else that comes along with it - lovely woman, concerned with improvement, doesn't discriminate based on talent. very fair.",05/18/2006,2.0,2.0,,4,Really into it,4.0,4.0,1,N/A,1147974792000,N/A,1040,N/A,,N/A,[],people,people
